t,x,y,y_lat,roll,pitch,yaw,alpha,beta,airspeed,stall_speed
0.01,0.8480448995855983,0.05892888589224571,0.0,0.0,4.0,0.0,0.0,0.0,85.0,70.14257172847928
0.02,1.6962058891286027,0.11749524141718143,-1.1765112429608416e-21,0.0,4.001374310857397,0.0,0.0263987110204188,0.0,85.00898571949017,70.14277013914446
0.03,2.544483587945656,0.17570073030340044,-2.371296507890398e-21,-5.548186094891349e-21,4.004115000807401,-7.94820555797175e-20,0.05405478662209915,0.0,85.0180617387883,70.1429673300051
0.04,3.3928786016667254,0.23354709290015718,-3.585833350738616e-21,-1.1411880771361892e-20,4.008214108996782,-1.58346758257329e-19,0.08295496569688891,7.744792375899046e-20,85.02722700681463,70.1431633066478
0.05,4.24139152232078,0.29103614549249546,-4.8215894799824554e-21,-1.7578804563977488e-20,4.013663646260218,-2.3658719787634114e-19,0.11308600938272027,1.5417154982942087e-19,85.03648046411895,70.14335807491737
0.060000000000000005,5.090022928417829,0.3481697796165065,-6.08002253645163e-21,-2.403691761834049e-20,4.020455595891878,-3.141966412137797e-19,0.14443470182775048,2.301638860105922e-19,85.04582104282592,70.14355164091447
0.07,5.938773385027364,0.4049499613747368,-7.362579878926966e-21,-3.077441447463243e-20,4.02858191441219,-3.9116853082556158e-19,0.1769878509467213,3.0541812380951427e-19,85.05524766658858,70.14374401099327
0.08,6.787643443853219,0.4613787307517661,-9.847978762357214e-21,-3.7779718968082524e-20,4.038034532329837,-4.674964838933496e-19,0.21073228916955164,3.7992763953502106e-19,85.06475925054937,70.14393519175927
0.09,7.636633643304902,0.5174582009299752,-1.3556063940775522e-20,-5.0646259711769356e-20,4.048805354898975,-6.226607100351184e-19,0.24565487418218196,4.536859952874536e-19,85.07435470130918,70.14412519006692
0.09999999999999999,8.48574450856542,0.5731905576055242,-1.6153073604568908e-20,-6.969496088165709e-20,4.060886262871697,-8.5603993986063695e-19,0.2817424896596859,6.041325001269583e-19,85.08403291690375,70.14431401301731
0.10999999999999999,9.334976551655647,0.6285780583045609,-1.880262628663266e-20,-8.395991746787676e-20,4.07426911324575,-1.0080285906518696e-18,0.3189820459916675,8.305336518800178e-19,85.09379278678774,70.1445016679559
0.11999999999999998,10.184330271495256,0.6836230316996786,-2.1507569865018643e-20,-9.872852002968657e-20,4.088945740007503,-1.1587123705370003e-18,0.35736048099996165,9.772596156295612e-19,85.10363319182606,70.14468816247019
0.12999999999999998,11.033806153960263,0.7383278769266439,-2.3092791757299684e-20,-1.1397878233160407e-19,4.1049079548702005,-1.3080793685873548e-18,0.39686476064865706,1.122463156048677e-18,85.11355300429246,70.14487350438746
0.13999999999999999,11.88340467193723,0.7926950629014137,-2.472073654123617e-20,-1.2398681834889498e-19,4.122147548007496,-1.3766243291545058e-18,0.4374818797464595,1.266132311378166e-18,85.12355108787523,70.1450577017725
0.15,12.733126285374142,0.8467271276374613,-2.639269105864162e-20,-1.3411748545787896e-19,4.140656288782291,-1.444445391591605e-18,0.4791988626414159,1.330812994925433e-18,85.13362629768999,70.14524076292514
0.16,13.582971441328036,0.9004266775634312,-2.810992890592545e-20,-1.443620617365206e-19,4.160425926470863,-1.5115385690068382e-18,0.5220027639080185,1.3946658985569334e-18,85.1437774802992,70.14542269637822
0.17,14.432940574009386,0.9537963868411413,-2.987371029879741e-20,-1.5471199697343224e-19,4.181448190982351,-1.5779000324573082e-18,0.565880669026709,1.457687280525535e-18,85.1540034737387,70.14560351089507
0.18000000000000002,15.283034104823317,1.0068389966839533,-3.168528194073482e-20,-1.6515890895744694e-19,4.203714793573538,-1.6435261097367615e-18,0.6108196950558034,1.5198735869563166e-18,85.16430310755054,70.14578321546732
0.19000000000000003,16.133252442407674,1.0595573146755288,-3.354587689511042e-20,-1.7569457986332714e-19,4.227217427559008,-1.7084132841575102e-18,0.6568069912958596,1.5812214515992708e-18,85.17467520282261,70.1459618193126
0.20000000000000004,16.983595982668,1.1119542140889929,-3.545671446088171e-20,-1.8631095273204555e-19,4.251947769016653,-1.772558193326278e-18,0.7038297399465069,1.6417276955099882e-18,85.18511857223467,70.14613933187223
0.21000000000000005,17.834065108809458,1.164032633206521,-3.7419000051746007e-20,-1.9700012804407798e-19,4.277897477488549,-1.8359576279137677e-18,0.7518751567557608,1.7013893266602256e-18,85.19563202011045,70.14631576280895
0.22000000000000006,18.68466019136577,1.2157955746393718,-3.943392507866851e-20,-2.077543603841523e-19,4.305058196677226,-1.898608530417751e-18,0.8009304916618432,1.760203539480181e-18,85.20621434247613,70.14649112200458
0.23000000000000007,19.535381588225167,1.2672461046483823,-4.150266683569362e-20,-2.185660551958989e-19,4.333421555137334,-1.960507993919515e-18,0.8509830294275327,1.818167714334293e-18,85.21686432712471,70.14666541955779
0.24000000000000007,20.386229644653472,1.3183873524649456,-4.362638838895288e-20,-2.294277656248532e-19,4.362979166962716,-2.0216532608335384e-18,0.9020200902670652,1.8752794169323022e-18,85.22758075368645,70.14683866578183
0.25000000000000006,21.237204693314283,1.3692225096124906,-4.580623846878569e-20,-2.40332189448265e-19,4.393722632468919,-2.0820417216502918e-18,0.9540290304656087,1.9315363976773034e-18,85.23836239370499,70.14701087120213
0.26000000000000006,22.08830705428638,1.4197548292284805,-4.80433513648921e-20,-2.5127216609017127e-19,4.42564353887112,-2.1416709136720594e-18,1.0069972429913343,1.9869365909524546e-18,85.24920801071913,70.14718204655416
0.2700000000000001,22.93953703507834,1.4699876253869524,-5.033884682443942e-20,-2.622406737201981e-19,4.458733460957528,-2.2005385197417565e-18,1.0609121581001089,2.0414781143479884e-18,85.2601163603503,70.14735220278106
0.2800000000000001,23.790894930640484,1.5199242724216124,-5.269382995304755e-20,-2.7323082643455887e-19,4.492983961758241,-2.258642366964688e-18,1.1157612439328286,2.0951592678301112e-18,85.27108619039541,70.14752135103139
0.2900000000000001,24.642381023374103,1.5695682042495096,-5.510939111858043e-20,-2.8423587151772117e-19,4.52838659320957,-2.3159804254232356e-18,1.171532007105423,2.1479785328533733e-18,85.28211624092495,70.14768950265682
0.3000000000000001,25.493995583138144,1.618922913695304,-5.758660585767388e-20,-2.952491867832233e-19,4.564932896813864,-2.372550806884498e-18,1.2282119932915487,2.199934571418021e-18,85.29320524438636,70.1478566692099
0.3100000000000001,26.34573886725328,1.6679919518161492,-6.012653478493243e-20,-3.0626427799212677e-19,4.602614404294847,-2.428351763500912e-18,1.2857887877979972,2.251026225073835e-18,85.30435192571244,70.14802286244176
0.3200000000000001,27.197611120503527,1.716778927227208,-6.273022350473077e-20,-3.172747763475919e-19,4.641422638248456,-2.48338168650389e-18,1.3442500161328454,2.301252513871919e-18,85.31555500243479,70.14818809429988
0.3300000000000001,28.04961257513536,1.7652875054278194,-6.539870252555767e-20,-3.282744360640808e-19,4.681349112789207,-2.5376391048905653e-18,1.4035833445663661,2.350612635265861e-18,85.32681318480205,70.1483523769257
0.34000000000000014,28.901743450854475,1.813521408128336,-6.695229585035662e-20,-3.392571320096887e-19,4.722385334192121,-2.5911226841037277e-18,1.4637764806847307,2.3991059629636815e-18,85.33812517590272,70.14851572265252
0.35000000000000014,29.75400395482018,1.8614844125776502,-6.737355449016848e-20,-3.43637449319031e-19,4.7645228015301955,-2.564268261168067e-18,1.5248171739365235,2.4467320457319303e-18,85.34948967179287,70.14867814400309
0.36000000000000015,30.60639428163751,1.9091803508914285,-6.782441791184893e-20,-3.4103689265474463e-19,4.807753007307442,-2.4576821683044887e-18,1.586693216172095,2.4160806955055337e-18,85.36090536162807,70.14883965368742
0.37000000000000016,31.458914613347094,1.9566131093810712,-6.830279355119299e-20,-3.3778756143515844e-19,4.852067438087502,-2.351550572486186e-18,1.6493924421757769,2.3078964590665327e-18,85.37237092779984,70.14900026460052
0.38000000000000017,32.311565119412855,2.0037866278834193,-6.88065929825286e-20,-3.3390721524870896e-19,4.897457575117871,-2.245886225840523e-18,1.7129027301909887,2.2003363456185912e-18,85.38388504607624,70.14915998982009
0.3900000000000002,33.164345956707585,2.050704899091222,-6.933373228291021e-20,-3.294133550131694e-19,4.9439148949497165,-2.1407016653642733e-18,1.7772120024382536,2.093414470905892e-18,85.39544638574674,70.14931884260436
0.4000000000000002,34.017257269496426,2.0973719678843907,-6.988213239078768e-20,-3.2432322784051424e-19,4.991430870053307,-2.036009213694114e-18,1.8423082256261583,1.987144688860905e-18,85.40705360977087,70.14947683638968
0.4100000000000002,34.87029918941836,2.143791930662051,-7.044971945930553e-20,-3.18653831786403e-19,5.039996969429095,-1.9318209798898403e-18,1.9081794114552737,1.8815405903117102e-18,85.41870537493102,70.14963398478847
0.4200000000000002,35.72347183546576,2.1899689346754188,-7.103442520438285e-20,-3.124219204857743e-19,5.089604659214422,-1.8281488602307387e-18,1.9748136171150668,1.7766155017986976e-18,85.43040033198878,70.14979030158676
0.4300000000000002,36.57677531396198,2.2359071773615105,-7.163418724771947e-20,-3.056440076760482e-19,5.14024540328589,-1.725004539025493e-18,2.0421989457738294,1.6723824844986803e-18,85.44213712584519,70.14994580074212
0.4400000000000002,37.43020971853716,2.2816109056777183,-7.224694945486894e-20,-2.983363716094476e-19,5.191910663857384,-1.6223994894359894e-18,2.110323547061646,1.5688543332545181e-18,85.45391439570433,70.15010049638133
0.45000000000000023,38.28377513010219,2.3270844154372563,-7.28706622685145e-20,-2.9051505935595425e-19,5.244591902073793,-1.520344974315339e-18,2.179175617546429,1.4660435757083698e-18,85.46573077524043,70.1502544027981
0.46000000000000024,39.137471616821024,2.372332050645508,-7.232119400299557e-20,-2.821958909984222e-19,5.2982805786004095,-1.4188520470603972e-18,2.24874340120305,1.363962471536749e-18,85.47758489276832,70.15040753445099
0.47000000000000025,39.9912992340812,2.417358202837286,-7.294245717222282e-20,-2.660030389376033e-19,5.352968154208019,-1.2382962283235898e-18,2.3190151898755844,1.2626230117855668e-18,85.48947537141706,70.15055990596095
0.48000000000000026,40.84525802446283,2.462167310415031,-7.356700260025715e-20,-2.565029163502431e-19,5.408646090353731,-1.1385761621795321e-18,2.3899793237327067,1.084668120442293e-18,85.50140082930659,70.1507115321093
0.49000000000000027,41.69934801770605,2.506763857987959,-7.419282249940811e-20,-2.46562445639436e-19,5.465305849757488,-1.0394566493874838e-18,2.4616241917162482,9.85592819370529e-19,85.51335987972759,70.1508624278354
0.5000000000000002,42.55356923067686,2.5511523757121886,-7.481791748823828e-20,-2.361964024970081e-19,5.522938896974365,-9.409477460778345e-19,2.5339382319829618,8.872997396374001e-19,85.52535113132389,70.15101260823438
0.5100000000000002,43.407921667331614,2.5953374386318577,-7.425769885416526e-20,-2.254193570420722e-19,5.581536698962548,-8.430593042421408e-19,2.6069099323394966,7.897995813854979e-19,85.53737318827788,70.15116208855504
0.5200000000000002,44.262405318680095,2.639323666021256,-7.249174904371434e-20,-2.0645521182435466e-19,5.641090725647128,-6.661271034285932e-19,2.6805278306706337,6.931027752304593e-19,85.54942465049854,70.15131088419751
0.5300000000000002,45.11702016274724,2.6831157207279888,-7.068087149231781e-20,-1.7892761593486207e-19,5.701592450479607,-4.107611686309983e-19,2.7547805153607845,5.198743252549749e-19,85.56150411381184,70.15145901071115
0.5400000000000003,45.971766164533605,2.7267183085171935,-6.881995754010451e-20,-1.5043057118203082e-19,5.763033350993214,-1.5726848492717928e-19,2.8296566257087976,2.7088339041315044e-19,85.57361017015384,70.15160648379222
0.5500000000000003,46.82664327597463,2.770136177416832,-6.808689415502978e-20,-1.2100132802408488e-19,5.82540490935398,9.43284305791146e-20,2.9051448523360888,2.4241164573794588e-20,85.58574140776581,70.15175331928175
0.5600000000000003,47.681651435898715,2.813374117064072,-6.731201004057616e-20,-9.881063335386728e-20,5.888698612907638,2.642989626575919e-19,2.981233937588122,-2.200294690052476e-19,85.59789641139183,70.15189953316336
0.5700000000000003,48.5367905699842,2.8564369580527855,-6.767501035481753e-20,-7.606533562508787e-20,5.952905954722273,4.3293825219687014e-19,3.057912675929272,-3.8458321469478624e-19,85.61007376247834,70.15204514156095
0.5800000000000003,49.392060590715325,2.8993295712821814,-6.800769616304298e-20,-6.110296359956338e-20,6.018018434126833,5.205048007605683e-19,3.1351699143310876,-5.47478766580302e-19,85.62227203937574,70.15219016073658
0.5900000000000003,50.24746139733719,2.9420568673065888,-6.830827406010168e-20,-4.593699618790199e-20,6.084027557245428,6.073196986525611e-19,3.2129945526539836,-6.313912004087374e-19,85.63448981754193,70.15233460708829
0.6000000000000003,51.10299287580977,2.9846237956864208,-6.857496393557375e-20,-3.057877855903097e-20,6.1509248375274765,6.933763699623071e-19,3.2913755440224,-7.143766401984306e-19,85.64672566974754,70.15247849714788
0.6100000000000003,51.95865489876106,3.027035344340332,-6.880599920615818e-20,-1.5039497628485127e-20,6.218701796273671,7.786684251353997e-19,3.370301895193426,-7.96428964145032e-19,85.65897816628289,70.1526218475787
0.6200000000000003,52.81444733299031,3.069296385992579,-6.899962694877446e-20,6.698156209043078e-22,6.287349963157799,8.631896597522768e-19,3.449762666918945,-8.775423058952648e-19,85.6712458751667,70.15276467517356
0.6300000000000003,53.67037005530686,3.1114113516231683,-6.915410807860079e-20,1.6538276194342814e-20,6.35685063960155,9.469340509177265e-19,3.529746974301309,-9.577110534590402e-19,85.68352736235596,70.15290699633744
0.6400000000000003,54.52642292789614,3.153384723286683,-6.926771795893533e-20,3.255512380196323e-20,6.427153091523007,1.0298957320644368e-18,3.6102337520354357,-1.0369298481134478e-18,85.69582118795779,70.15304882598797
0.6500000000000004,55.38260579871111,3.1952210307392988,-6.933874661685364e-20,4.870974014186528e-20,6.498207645947226,1.1120689775298874e-18,3.691169993798732,-1.1151935849648207e-18,85.70812590397469,70.15319017921496
0.6600000000000004,56.2389185018613,3.2369248481362587,-6.9365498958264e-20,6.499164605433982e-20,6.569965682378398,1.193448201998836e-18,3.772503974972514,-1.1924974168039235e-18,85.72044008859483,70.15333107126905
0.6700000000000004,57.09536085799933,3.278500790799257,-6.934629498233849e-20,8.139049887387619e-20,6.64237962398427,1.2740279600138734e-18,3.854185238892116,-1.2688367529785332e-18,85.73276234683347,70.15347151755059
0.6800000000000004,57.95193267470504,3.319953512053185,-6.927946999528832e-20,9.789608997235384e-20,6.715402928600877,1.353802945550368e-18,3.936164582957639,-1.3442072581119174e-18,85.74509131114058,70.15361153359875
0.6900000000000004,58.80863374686709,3.3612877001316686,-6.916337482344264e-20,1.1449834248687674e-19,6.788990079565563,1.4327679916521925e-18,4.018394044614155,-1.4186048506754083e-18,85.75742564197432,70.15375113508092
0.7000000000000004,59.66546385706211,3.4025080751508274,-6.899637602558217e-20,1.3118730922576457e-19,6.863096576386145,1.5109180701246709e-18,4.100826887210033,-1.4920257014229128e-18,85.76976402833978,70.15389033778222
0.7100000000000004,60.52242277593134,3.4436193861506688,-6.87768561044702e-20,1.479531707462704e-19,6.937678925253879,1.5882482912812168e-18,4.183417585741857,-1.5644662316948647e-18,85.78210518829265,70.15402915759535
0.7200000000000004,61.37951026255472,3.4846264082035256,-6.850321371751634e-20,1.647862335976515e-19,7.012694629407817,1.6647539037402065e-18,4.266121812494299,-1.6359231115988068e-18,85.79444786940759,70.15416761051056
0.7300000000000004,62.23672606482239,3.5255339395889345,-6.81738638865009e-20,1.81676928723278e-19,7.088102179358053,1.740430294268672e-18,4.348896422583093,-1.7063932580734864e-18,85.80679084921111,70.15430571260606
0.7400000000000004,63.09406991980361,3.566346799034343,-6.7787238206281e-20,1.986158100155187e-19,7.163861042975066,1.81527298766942e-18,4.431699439409128,-1.775873832843063e-18,85.8191329355789,70.15444348003834
0.7500000000000004,63.95154155411296,3.60706982302103,-6.734178505239287e-20,2.155935530172071e-19,7.239931655452461,1.8892776467082796e-18,4.514490040031519,-1.8443622402677605e-18,85.83147296709762,70.15458092903296
0.7600000000000005,64.8091406842739,3.6477078631546074,-6.683596978745921e-20,2.326009537635471e-19,7.316275409150099,1.9624400720781864e-18,4.5972285404673405,-1.911856125097036e-18,85.84380981339116,70.15471807587548
0.7700000000000005,65.6668670170795,3.688265783599471,-6.626827496630428e-20,2.4962892775838324e-19,7.392854643324601,2.0347562023968827e-18,4.679876380925568,-1.9783533701310978e-18,85.85614237541176,70.15485493690258
0.7800000000000005,66.52472024995039,3.7287484585765625,-6.563720053967459e-20,2.666685090788203e-19,7.469632633753996,2.106222114235048e-18,4.762396110982603,-2.043852093796371e-18,85.86846958569592,70.15499152849345
0.7900000000000005,67.3827000712898,3.7691607699237846,-6.494126405645818e-20,2.837108496022483e-19,7.546573582263255,2.1768340221717537e-18,4.844751374706631,-2.108350647640301e-18,85.88079040858564,70.15512786706131
0.8000000000000005,68.24080616083569,3.8095076047184224,-6.417900086429091e-20,3.0074721834989044e-19,7.623642606157255,2.246588278874146e-18,4.926906895737849,-2.1718476137506662e-18,85.89310384041532,70.15526396904521
0.8100000000000005,69.0990381900098,3.849793852960904,-6.216462189670375e-20,3.177690009410656e-19,7.7008057275675785,2.3154813751983463e-18,5.0088284623315324,-2.2343418021043874e-18,85.90540890966459,70.1553998509021
0.8200000000000005,69.9573958222637,3.890024405319235,-6.006266946030547e-20,3.455444003239215e-19,7.778029862719556,2.463534185655004e-18,5.090482912370686,-2.2958322478506215e-18,85.91770467707774,70.15553552909891
0.8300000000000005,70.81587871342175,3.930204150933429,-5.787006565379176e-20,3.735757221468867e-19,7.855282811125708,2.6101161756927473e-18,5.171838118354903,-2.4334263045585816e-18,85.92999023575015,70.15567102010502
0.8400000000000005,71.67448651202062,3.9703379752792607,-5.558376100389763e-20,4.018421892044051e-19,7.932533244711632,2.755217014545138e-18,5.252862972371917,-2.5692390756776815e-18,85.94226471118255,70.15580634038488
0.8500000000000005,72.53321885964577,4.010430758090651,-5.320073494492103e-20,4.3032328282193625e-19,8.009750696880378,2.898826647062076e-18,5.333527371058171,-2.7032640086160004e-18,85.95452726130316,70.15594150639075
0.8600000000000005,73.39207539126447,4.050487371339999,-5.0717996294404985e-20,4.589987415929006e-19,8.086905551521092,3.040935293726825e-18,5.413802200554579,-2.835495010493714e-18,85.96677707645907,70.15607653455578
0.8700000000000006,74.2510557355554,4.090512677275766,-4.813258372478824e-20,4.878485603105476e-19,8.163969031967676,3.1815334507361705e-18,5.493659321463512,-2.9659264435614638e-18,85.97901337937715,70.15621144128711
0.8800000000000006,75.11015951523476,4.1305115265166075,-4.5441566230824985e-20,5.168529890845593e-19,8.240913189913094,3.3206118901366743e-18,5.573071553812913,-3.0945531204730355e-18,85.99123542509517,70.15634624295939
0.8900000000000006,75.9693863473788,4.1704887562013635,-4.3826490605609145e-20,5.459925326323227e-19,8.317710894284762,3.458161660010188e-18,5.652012662033274,-3.2213702994216827e-18,86.00344250086421,70.15648095590822
0.9000000000000006,76.82873584374276,4.210449188194186,-4.211842355025109e-20,5.636007427408653e-19,8.394335820086443,3.514027447846622e-18,5.730457339953076,-3.3463736791491587e-18,86.01563392602283,70.15661559642405
0.9100000000000006,77.68820761107605,4.250397627344103,-4.0316222552827835e-20,5.810247565423657e-19,8.47076243721188,3.568950572001044e-18,5.8083811958181775,-3.3925376736233175e-18,86.02780905184397,70.15675018074597
0.9200000000000006,78.54780125143364,4.290338859798309,-3.841876723837529e-20,5.982586905865158e-19,8.546965999235361,3.6229303191105135e-18,5.885760737340445,-3.4376622436109332e-18,86.03996726135544,70.15688472505609
0.9300000000000006,79.40751636248366,4.330277651368454,-3.642495950161188e-20,6.152967677442975e-19,8.62292253218411,3.675966114221841e-18,5.962573356780836,-3.481750381124594e-18,86.05210796913472,70.15701924547358
0.9400000000000006,80.26735253781106,4.370218745949224,-3.4333723635939524e-20,6.32133317880735e-19,8.698608823297628,3.728057520914359e-18,6.038797316071963,-3.524805251044902e-18,86.06423062107899,70.1571537580494
0.9500000000000006,81.12730936721728,4.410166863988491,-3.214400645858225e-20,6.48762778552144e-19,8.774002409778596,3.7792042413948184e-18,6.114411731985061,-3.5668301877012935e-18,86.07633469415144,70.15728827876082
0.9600000000000006,81.98738643701586,4.450126701008304,-2.9854777431725795e-20,6.65179695723532e-19,8.849081567540125,3.829406116562974e-18,6.189396561346115,-3.6078286914549826e-18,86.08841969610447,70.15742282350634
0.9700000000000006,82.84758333032399,4.490102926176,-2.746502877952451e-20,6.813787245019237e-19,8.92382529995394,3.878663126046399e-18,6.263732586305824,-3.6478044252862596e-18,86.1004851651808,70.15755740810067
0.9800000000000006,83.70789962734985,4.530100180924711,-2.6158233228951724e-20,6.973546298815024e-19,8.998213326603901,3.926975388203142e-18,6.33740139966786,-3.686761211388281e-18,86.11253066979356,70.15769204826996
0.9900000000000007,84.56833490567575,4.570123077622531,-2.4767368504556384e-20,7.004930343211239e-19,9.072226072049286,3.894050720508565e-18,6.410385390279832,-3.72470302776944e-18,86.12455580818593,70.15782675964714
1.0000000000000007,85.42888874053698,4.610176198289633,-2.4477671576513147e-20,7.031243398087709e-19,9.145844654602069,3.860786060289549e-18,6.482667728491196,-3.6847149207000715e-18,86.1365602080716,70.15796155776738
1.0100000000000007,86.28956070509625,4.65026409336258,-2.4123891949403505e-20,6.924386625714832e-19,9.21905087512229,3.746863962956875e-18,6.554232351682217,-3.644507498806147e-18,86.14854352625669,70.15809645806385
1.0200000000000007,87.15035037071387,4.690391280505126,-2.4893015185561756e-20,6.809903683310035e-19,9.291827205835611,3.633222593495726e-18,6.62506394986796,-3.527194971673574e-18,86.16050544824421,70.15823147586349
1.0300000000000007,88.01125730721337,4.730562243464763,-2.6805986784459043e-20,6.557760782898424e-19,9.36415677917695,3.4395188396553482e-18,6.69514795138121,-3.410471710147254e-18,86.17244568782193,70.15836662638307
1.0400000000000007,88.87228108314272,4.770781430974285,-2.7516630810577136e-20,6.164441436995693e-19,9.436023376664044,3.166356500449898e-18,6.7644705086380075,-3.217480539058664e-18,86.18436398663451,70.15850192472529
1.0500000000000007,89.73342126603093,4.811053255697646,-2.819698911032974e-20,5.891164454020775e-19,9.507411417804589,2.9751316206823707e-18,6.8330184839894486,-2.949037806091312e-18,86.19626011374083,70.15863738587504
1.0600000000000007,90.59467742264013,4.851382093219378,-2.8851314064658394e-20,5.608804889665566e-19,9.578305949040674,2.7848770949250473e-18,6.900779435663205,-2.7596648668190414e-18,86.2081338651575,70.15877302469599
1.0700000000000007,91.45604911921302,4.891772281076837,-2.9483846404430533e-20,5.317700844781927e-19,9.648692632733889,2.5956152813691923e-18,6.967741603798166,-2.57174689957167e-18,86.21998506338927,70.15890885592702
1.0800000000000007,92.31753592171565,4.932228117834562,-3.0098814296964104e-20,5.018186859033561e-19,9.71855773619467,2.407368236528084e-18,7.033893896575414,-2.3853029936654315e-18,86.23181355694729,70.15904489417906
1.0900000000000007,93.1791373960755,4.972753862200008,-3.070043243680115e-20,4.710593915648078e-19,9.787888120759018,2.2201577130183627e-18,7.0992258764486795,-2.200351662839511e-18,86.24361921985617,70.15918115393194
1.1000000000000008,94.04085310841494,5.013353732179939,-3.1292901141077253e-20,4.395249444568381e-19,9.85667123091591,2.034005157301394e-18,7.163727746477293,-2.0169108504061696e-18,86.25540195115053,70.15931764953142
1.1100000000000008,94.90268262527977,5.054031904276748,-3.3064802363412095e-20,4.07247732410184e-19,9.924895083488495,1.8489317073936396e-18,7.227390336764499,-1.8349979345349095e-18,86.26716167436204,70.15945439518634
1.1200000000000008,95.76462551386311,5.094792512723991,-3.4854330305257715e-20,3.603366146247114e-19,9.992548256872006,1.5844488754335966e-18,7.2902050910039415,-1.6546297336611705e-18,86.27889833699768,70.1595914049659
1.1300000000000008,96.62668134222449,5.135639648760418,-3.6667404831372186e-20,3.124829869617337e-19,10.059619880331411,1.321693841477735e-18,7.352164053136969,-1.3990529759055274e-18,86.29061191000999,70.15972869279715
1.1400000000000008,97.48884967950404,5.176577359941776,-3.732552977064037e-20,2.6373210077611674e-19,10.126099623361482,1.0606946273107435e-18,7.413259854123329,-1.1458471884639336e-18,86.30230238726018,70.1598662724624
1.1500000000000008,98.35113009613193,5.217609649489677,-3.800052495975193e-20,2.283377989978281e-19,10.191977685112148,8.820379953971e-19,7.473485698827664,-8.950328341449796e-19,86.31396978497506,70.16000415759706
1.1600000000000008,99.21352216403288,5.25874047567682,-3.8696442757578734e-20,1.9239626021868327e-19,10.257244783881609,7.04583448134668e-19,7.532835353024203,-7.233655850028254e-19,86.32561414119795,70.16014236168738
1.1700000000000008,100.07602545682592,5.299973751247858,-3.941731402799865e-20,1.5593705838363329e-19,10.32189214667983,5.283497238499074e-19,7.591303130521806,-5.533326477645274e-19,86.33723551523515,70.16028089806834
1.1800000000000008,100.93863955001913,5.341313342875205,-4.13515317798219e-20,1.1898941513086547e-19,10.385911498864843,3.533552361037742e-19,7.648883880411548,-3.849469911391047e-19,86.348833987098,70.16041977992175
1.1900000000000008,101.80136402119969,5.3827630706490845,-4.333713436416605e-20,6.700345540866205e-20,10.449295053854156,9.899294930141357e-20,7.70557297443882,-2.182210716734444e-19,86.36040965694158,70.1605590202744
1.2000000000000008,102.66419845021885,5.424326707601122,-4.5379873206645734e-20,1.4328398037536627e-20,10.512035502913577,-1.534843907851179e-19,7.761366294501891,2.3525460315362474e-20,86.37196264450071,70.16069863199638
1.2100000000000009,103.52714241937218,5.466007979260785,-4.748546381639842e-20,-3.899331375055261e-20,10.574126005025576,-4.0405143494381367e-19,7.816260220278713,2.627912830564264e-19,86.38349308852372,70.16083862779934
1.2200000000000009,104.39019551357488,5.507810563243983,-4.8475187349496243e-20,-9.291978086568543e-20,10.635560176839288,-6.526833233498731e-19,7.870251616983736,4.995603725946952e-19,86.395001146205,70.16097902023517
1.2300000000000009,105.2533573205322,5.549738088873148,-4.9520634547865926e-20,-1.3247532853486584e-19,10.696332082704158,-8.186656526001734e-19,7.923337823256302,7.338174263481268e-19,86.40648699261658,70.16111982169453
1.2400000000000009,106.11662743090506,5.591794136828103,-5.062560400592854e-20,-1.7229844100466844e-19,10.756436224789095,-9.832760926819787e-19,7.975516639182177,8.888977707936552e-19,86.41795082013961,70.16126104440548
1.2500000000000009,106.98000543847073,5.6339822388270555,-5.1793865086536795e-20,-2.1236334081682473e-19,10.815867533288994,-1.1464992399907164e-18,8.026786314449614,1.0422369089977992e-18,86.4293928378962,70.16140270043255
1.260000000000001,107.8434909402788,5.676305877337036,-5.3029157183741714e-20,-2.526446028560095e-19,10.874621356720358,-1.3083200318160072e-18,8.07714553664133,1.1938265895826102e-18,86.44081327118234,70.16154480167536
1.270000000000001,108.70708353680219,5.7187684853131175,-5.433518899644138e-20,-2.93117155487587e-19,10.932693452307648,-1.4687237479395098e-18,8.126593419663601,1.3436590142516021e-18,86.45221236090204,70.16168735986787
1.280000000000001,109.57078283208344,5.761373445965757,-5.571563781321578e-20,-3.337562816910287e-19,10.990079976461994,-1.6276960121515884e-18,8.17512949231364,1.4917268315105279e-18,86.46359036300393,70.1618303865774
1.290000000000001,110.43458843387623,5.804124092555599,-5.717414880864363e-20,-3.7453762018260637e-19,11.04677747535369,-1.7852227936832635e-18,8.222753686986348,1.6380231303888627e-18,86.47494754792008,70.16197389320389
1.300000000000001,111.29849995378207,5.847023708215096,-5.871433435138834e-20,-4.154371665211892e-19,11.102782875579956,-1.941290408550137e-18,8.269466328521375,1.7825414341666005e-18,86.48628420000807,70.16211789097918
1.310000000000001,112.16251700738229,5.8900755257962985,-5.915526939036281e-20,-4.564312741912089e-19,11.158093474929307,-2.095885520805256e-18,8.315268123191434,1.9252756941107687e-18,86.4976006169964,70.16226239096632
1.320000000000001,113.0266392143654,5.9332827277441655,-6.085105768090909e-20,-4.818167174849419e-19,11.21270693324372,-2.1681642225498795e-18,8.360160147832657,2.066220283225852e-18,86.50889710943403,70.16240740405931
1.330000000000001,113.89086619864963,5.976648445994785,-6.382187397881995e-20,-5.227599520255477e-19,11.266621263379903,-2.320406479815262e-18,8.404143839117713,2.1288082373820516e-18,86.52017400014417,70.1625529409824
1.340000000000001,114.75519758850096,6.020175761897853,-6.808970440828429e-20,-5.79578225932979e-19,11.319834822270687,-2.5520069266170405e-18,8.447220982972384,2.266951943334025e-18,86.53143162368293,70.16269901228986
1.350000000000001,115.61963301664647,6.063867706162805,-7.130914940809018e-20,-6.52572299033953e-19,11.372346302087672,-2.8623516964142518e-18,8.489393704136122,2.479839432584133e-18,86.54267032580312,70.16284562836573
1.360000000000001,116.48417212038316,6.107727258827972,-7.346877728986702e-20,-7.100541941734655e-19,11.42415472150601,-3.08903726993593e-18,8.53066445586712,2.766654044759502e-18,86.5538904629236,70.16299279942366
1.370000000000001,117.3488145416822,6.151757349252171,-7.455525189513587e-20,-7.516524338446666e-19,11.475259417072355,-3.2326392879554136e-18,8.571036009792318,2.973522837418596e-18,86.56509240160457,70.16314053550668
1.380000000000001,118.2135599272887,6.195960856128107,-7.455334055533372e-20,-7.77013109358299e-19,11.525660034676703,-3.2937428133045515e-18,8.610511445902674,3.101246277029524e-18,86.57627651802898,70.16328884648736
1.390000000000001,119.07840792881707,6.240340607517004,-7.344592256908436e-20,-7.857996988771358e-19,11.57535652112895,-3.272942176855706e-18,8.64909414269401,3.150630409152381e-18,86.58744319749056,70.16343774206766
1.400000000000001,119.94335820284195,6.284899380903863,-7.35834959965221e-20,-7.776928825855526e-19,11.624349115840936,-3.1708408210234548e-18,8.686787767453623,3.1224865921886213e-18,86.59859283388869,70.16358723177916
1.410000000000001,120.80841041098472,6.329639903272791,-7.261267833059235e-20,-7.850840853744403e-19,11.672638342614455,-3.1499758765293107e-18,8.723596266692805,3.0176312358395656e-18,86.60972582923026,70.16373732498323
1.420000000000001,121.67356421999585,6.374564851201785,-7.169926869960358e-20,-7.754790646864248e-19,11.720225001536043,-3.0478033131267173e-18,8.759523856725353,2.9898544027024938e-18,86.62084259313905,70.16388803087129
1.430000000000001,122.53881930183282,6.419676850976438,-7.084090651187568e-20,-7.650625149469408e-19,11.767110160978826,-2.9459267862014543e-18,8.7945750143921,2.8854011060213325e-18,86.63194354237257,70.16403935846503
1.440000000000001,123.40417533373392,6.464978478721984,-7.003522895104954e-20,-7.538602256817438e-19,11.813295149712113,-2.8443610152122664e-18,8.828754467931363,2.781561425540643e-18,86.64302910034674,70.16419131661698
1.450000000000001,124.26963199828792,6.510472260553143,-6.927987168030671e-20,-7.418976602839827e-19,11.858781549118943,-2.743120553025866e-18,8.862067187995263,2.678346925578945e-18,86.6540996966687,70.16434391401076
1.460000000000001,125.13518898349957,6.556160672741193,-6.857246954049752e-20,-7.291999572427134e-19,11.903571185522091,-2.6422197836873097e-18,8.894518378811695,2.5757688778306596e-18,86.66515576667763,70.16449715916167
1.470000000000001,126.00084598285105,6.602046141897763,-6.79106572419504e-20,-7.157919313312257e-19,11.947666122618712,-2.5416729202410066e-18,8.926113469491733,2.473838265146465e-18,86.67619775099425,70.16465106041731
1.480000000000001,126.86660269535948,6.648131045174783,-6.729207004974053e-20,-7.016980747595541e-19,11.991068654023929,-2.441494002604964e-18,8.956858105482196,2.372565785291739e-18,86.68722609507844,70.16480562595808
1.490000000000001,127.73245882563043,6.694417710480081,-6.789950339555091e-20,-6.869425582953981e-19,12.03378129592351,-2.341696895500688e-18,8.986758140163019,2.271961854680892e-18,86.69824124879604,70.16496086379792
1.500000000000001,128.59841408390764,6.7409084167081,-6.856395431976034e-20,-6.884830204169981e-19,12.075806779835801,-2.3233775341440398e-18,9.015819626589026,2.1720366120855944e-18,86.70924366599405,70.16511678178503
1.5100000000000011,129.46446818611878,6.78760539398524,-7.04702105873464e-20,-6.896461546901079e-19,12.117148045482923,-2.304842067690993e-18,9.0440488093757,2.149219466763801e-18,86.72023380408498,70.16527338760264
1.5200000000000011,130.33062085391765,6.8345108239292935,-7.245102539137528e-20,-7.074929128332962e-19,12.15780823377137,-2.367202849453145e-18,9.0714521167284,2.1262918493031656e-18,86.73121212364008,70.1654306887698
1.5300000000000011,131.19687181472244,6.881626839922502,-7.569316881615054e-20,-7.2521309693335575e-19,12.197790679881905,-2.4287316846265748e-18,9.098036152614513,2.1796657676571316e-18,86.74217908799186,70.16558869264234
1.5400000000000011,132.0632208017506,6.9289555273977355,-8.021658529754886e-20,-7.599675372669929e-19,12.237098906468727,-2.5705570430946144e-18,9.123807689077942,2.2321302240448266e-18,86.75313516284557,70.1657474064137
1.5500000000000012,132.92966755404987,6.976498924137312,-8.367201975182841e-20,-8.120391513456311e-19,12.2757366169678,-2.7920607053513547e-18,9.148773658695292,2.3600809430925453e-18,86.76408081590009,70.1659068371159
1.5600000000000012,133.79621181652615,7.024259020583983,-8.723152512374593e-20,-8.471313131505326e-19,12.313707689014162,-2.930305683854248e-18,9.17294114717307,2.5627034552137445e-18,86.77501651647806,70.16606699162061
1.5700000000000012,134.66285333996754,7.072237760163627,-8.971254898747922e-20,-8.822523267636517e-19,12.351016167968094,-3.067056898278136e-18,9.196317386085173,2.686412154395502e-18,86.78594273516529,70.16622787664016
1.5800000000000012,135.52959188106527,7.120437039619174,-9.228530940232198e-20,-8.999901672650465e-19,12.38766626054978,-3.1211265032141287e-18,9.218909745749905,2.808394038862957e-18,86.79685994345951,70.16638949872858
1.5900000000000012,136.39642720243123,7.1688587093553355,-9.495096462057389e-20,-9.174794654233436e-19,12.423662328582328,-3.1743125021623985e-18,9.240725728245721,2.8522741596846104e-18,86.80776861342856,70.16655186428281
1.6000000000000012,137.2633590726122,7.217504573793669,-9.65247427354385e-20,-9.347144436268507e-19,12.459008882842722,-3.2266138827505463e-18,9.261772960564832,2.895234258591023e-18,86.81866921737789,70.16671497954381
1.6100000000000012,138.13038726610094,7.266376391737562,-9.81751070739787e-20,-9.341449059055707e-19,12.49371057702037,-3.19681866693598e-18,9.282059187903812,2.9372769072132053e-18,86.82956222752743,70.16687885059771
1.6200000000000012,138.99751156334426,7.315475876746689,-1.0108731702801216e-19,-9.330790693104292e-19,12.527772201782952,-3.166768501136239e-18,9.301592267090303,2.9020468301457322e-18,86.84044811569774,70.16704348337713
1.6300000000000012,139.8647317507478,7.364804697520545,-1.0527919261754236e-19,-9.491712652676703e-19,12.561198678948967,-3.217703409374714e-18,9.320380160144822,2.8667162437236594e-18,86.85132735300556,70.16720888366237
1.6400000000000012,140.7320476206781,7.41436447829061,-1.1077044676716639e-19,-9.827102716979893e-19,12.593995055766667,-3.3490090913052732e-18,9.338430927976734,2.9076409248846082e-18,86.86220040956856,70.1673750570828
1.6500000000000012,141.59945897146147,7.464156799220768,-1.1758267396206513e-19,-1.0339671983329403e-18,12.626166499298812,-3.560062371280383e-18,9.35575272421336,3.024011496536831e-18,86.87306775421942,70.16754200911797
1.6600000000000013,142.4669656073803,7.514183196815562,-1.2455290942284796e-19,-1.1031957454855466e-18,12.657718290912685,-3.850231387511476e-18,9.372353789161165,3.215014493184204e-18,86.88392985422894,70.16770974509923
1.6700000000000013,143.33456733866635,7.564445164335906,-1.3168780978544965e-19,-1.1728020345285732e-18,12.688655820874915,-4.13760290345872e-18,9.388242443897967,3.4798325762188556e-18,86.89478717503842,70.1678782702109
1.6800000000000013,144.20226398149146,7.614944152221861,-1.3899396496376403e-19,-1.2427331679786058e-18,12.718984583050409,-4.422153026179526e-18,9.403427084495076,3.741312202700287e-18,86.90564018000097,70.16804758949174
1.6900000000000013,145.07005535795557,7.665681568522113,-1.4766461813545292e-19,-1.312937262541504e-18,12.748710169704799,-4.7038585879859634e-18,9.417916176368196,3.999445389996195e-18,86.91648933013191,70.16821770783638
1.7000000000000013,145.93794129607213,7.716658779329762,-1.5653808020759805e-19,-1.4013248416011328e-18,12.77783826640981,-5.063998616433995e-18,9.431718248755988,4.2542248322899505e-18,86.92733508386797,70.16838862999671
1.7100000000000013,146.80592162975103,7.767877109224087,-1.6680957130486705e-19,-1.4901113169484244e-18,12.806374647050795,-5.420613837720102e-18,9.444841889325085,4.5819658086246166e-18,86.93817789683541,70.16856036058346
1.7200000000000013,147.67399619877907,7.8193378417179105,-1.7613192414477964e-19,-1.5972758337940135e-18,12.834325168935798,-5.854994828997302e-18,9.457295738900381,4.9055270063021186e-18,86.94901822162667,70.16873290406758
1.7300000000000013,148.54216484879805,7.871042219710233,-1.8687075885181861e-19,-1.6868511246951925e-18,12.861695768005397,-6.20382799145474e-18,9.469088486319347,5.301214858413678e-18,86.95985650758594,70.16890626478177
1.7400000000000013,149.41042743128057,7.9229914459437865,-1.9905279508792437e-19,-1.7947413769139612e-18,12.888492454142568,-6.6303813997720646e-18,9.480228863409181,5.615578981882933e-18,86.97069320060288,70.16908044692202
1.7500000000000013,150.2787838035035,7.975186683467177,-2.1033185361904763e-19,-1.9211490352654287e-18,12.914721306581786,-7.133999182467123e-18,9.49072564008547,6.002044579075253e-18,86.98152874291507,70.16925545454916
1.7600000000000013,151.14723382851938,8.0276290561013,-2.218883551002518e-19,-2.0298591426951373e-18,12.94038846941663,-7.551309296677716e-18,9.50058761957115,6.459788234481701e-18,86.99236357291865,70.1694312915904
1.7700000000000014,152.0157773751256,8.080319648909702,-2.3373191275779753e-19,-2.138756610549147e-18,12.965500147205033,-7.964264734795199e-18,9.509823633734422,6.835374139065141e-18,87.00319812498694,70.16960796184087
1.7800000000000014,152.88441432236928,8.133259434217877,-2.470597441147718e-19,-2.2477684707520618e-18,12.990062600671273,-8.372834481582093e-18,9.518442538544342,7.205909267314243e-18,87.0140328292975,70.16978546896524
1.7900000000000014,153.7531445458663,8.186449497552395,-2.6071213683961816e-19,-2.3751322085934605e-18,13.014077231430598,-8.858366665078354e-18,9.526453209642751,7.57138616620998e-18,87.0248681116668,70.16996381624851
1.8000000000000014,154.62196793521278,8.239890750055633,-2.73512330424099e-19,-2.5026919666090978e-18,13.037555450628265,-9.338813592108734e-18,9.533859627904485,8.008096307337671e-18,87.03570440082123,70.17014300735711
1.8100000000000014,155.4908843781774,8.293584188060267,-2.854526579140346e-19,-2.6119851926877194e-18,13.060499693140248,-9.732745713082531e-18,9.540675766020211,8.438920931910309e-18,87.04654211079597,70.17032304537008
1.8200000000000014,156.35989377512215,8.347530657043674,-2.977115986516189e-19,-2.702673346415937e-18,13.082920481656762,-1.004076305394055e-17,9.546906563797869,8.787557414603349e-18,87.05738165940018,70.17050393365356
1.8300000000000014,157.22899602540022,8.401731072852908,-3.1148446661433894e-19,-2.7928801865944693e-18,13.104820840051163,-1.0344883458134099e-17,9.55256502737978,9.05481562102812e-18,87.0682234511545,70.17068567506554
1.8400000000000014,158.09819104034506,8.456186211037044,-3.244199338020545e-19,-2.901033538322225e-18,13.126210828747872,-1.0726506261699626e-17,9.557656611250021,9.317801157000017e-18,87.07906789305295,70.17086827270124
1.8500000000000014,158.96747873032305,8.51089691540823,-3.3650792499685055e-19,-2.990329621009279e-18,13.147093632643664,-1.1022135371366297e-17,9.562193782922138,9.652805473204795e-18,87.08991537942765,70.17105172918325
1.8600000000000014,159.83685901783386,8.565863887535842,-3.4892504427859145e-19,-3.06045646047392e-18,13.167479260496991,-1.123238557933359e-17,9.566182083658354,9.906437263160681e-18,87.1007663066205,70.1712360473642
1.8700000000000014,160.70633182368292,8.621087907394326,-3.628647661769713e-19,-3.129685927346627e-18,13.187370646169834,-1.1439316609417207e-17,9.569633854680287,1.0079513483146737e-17,87.11162105811508,70.17142122961772
1.8800000000000014,161.57589708172065,8.676569598727246,-3.7597232880143014e-19,-3.2165865273538747e-18,13.20677814212638,-1.1724366310336652e-17,9.572554312112512,1.0249141613665679e-17,87.12248001981948,70.17160727858152
1.8900000000000015,162.44555472261519,8.732309685619192,-3.8823528558770436e-19,-3.2841394284150303e-18,13.225704034678296,-1.1923995085774768e-17,9.574956067998265,1.0491615038648296e-17,87.1333435637247,70.17179419636716
1.9000000000000015,163.31530469174226,8.788308710340564,-3.996391314071707e-19,-3.3320576834646937e-18,13.24415940049984,-1.2038831601388927e-17,9.57684361701461,1.0653556334912392e-17,87.14421206557333,70.1719819854243
1.9100000000000015,164.18514692905472,8.844567348788795,-4.1254622350497643e-19,-3.3600731878595436e-18,13.262145497007152,-1.2069513434677882e-17,9.578230224275535,1.0735788617692876e-17,87.15508588523736,70.17217064759011
1.9200000000000015,165.05508139161878,8.901086058306074,-4.2578600465676545e-19,-3.4053388086467676e-18,13.27967449108118,-1.2179620927390487e-17,9.579119281931227,1.0739139222300916e-17,87.16596538860736,70.1723601851521
1.9300000000000015,165.92510802809286,8.957865474064517,-4.381708483496424e-19,-3.4493849750296095e-18,13.296746244696681,-1.2287054998979094e-17,9.579525075909048,1.081700472551501e-17,87.17685092282889,70.17255059966149
1.9400000000000015,166.79522680738967,9.014905965209028,-4.520637460183669e-19,-3.473456914224738e-18,13.313374366788475,-1.2310345397078524e-17,9.579449529609333,1.0892302746139583e-17,87.18774284429436,70.17274189326871
1.9500000000000015,167.6654376862936,9.07220813341171,-4.674835312968252e-19,-3.514858707124329e-18,13.32955697177371,-1.2413108029299227e-17,9.578908303365578,1.0888765340698198e-17,87.19864148683588,70.172934067228
1.9600000000000015,168.53574064571103,9.129772256530812,-4.832607104362593e-19,-3.5738455792035126e-18,13.34530944869552,-1.2594716187489364e-17,9.577901500089107,1.0959788373204006e-17,87.20954719773742,70.17312712357709
1.9700000000000015,169.40613564997264,9.187598909731587,-4.982086884266549e-19,-3.631833711599653e-18,13.36062782635927,-1.2773039877938902e-17,9.576446494317482,1.1104572135547946e-17,87.22046029695214,70.17332106326282
1.9800000000000015,170.27662269211746,9.245688276669808,-5.135027805546852e-19,-3.6699606534720176e-18,13.375529598532662,-1.286658159368012e-17,9.574541230847109,1.1246031450341341e-17,87.23138112307697,70.17351588823374
1.9900000000000015,171.14720174344316,9.304040912769333,-5.291446108818876e-19,-3.706833215880245e-18,13.39000838405157,-1.2957490088730431e-17,9.572205124775769,1.1307895519040171e-17,87.24230998164316,70.17371159911946
2.0000000000000013,172.0178728092523,9.362656904735108,-5.451357022681184e-19,-3.742450543031929e-18,13.404084092938689,-1.304577591884663e-17,9.569433638903968,1.1367276443719601e-17,87.25324720300956,70.17390819780216
2.010000000000001,172.88863587017116,9.421536751316976,-5.626685074680599e-19,-3.776811706661951e-18,13.417747623036224,-1.3131448089387449e-17,9.566248542154977,1.1424189853445838e-17,87.26419307776585,70.17410568458496
2.020000000000001,173.75949092170947,9.480680767403515,-5.805721141722954e-19,-3.8288418984695835e-18,13.431018738793137,-1.3296035442881714e-17,9.56264250483156,1.1478651579600973e-17,87.27514792850569,70.17430406115922
2.0300000000000007,174.63043797294668,9.540089106269464,-5.976584502982534e-19,-3.8798321234803495e-18,13.44390688157677,-1.345737996162748e-17,9.558637090158248,1.1606961566639565e-17,87.28611203557267,70.17450332859696
2.0400000000000005,175.5014770248381,9.599762080056863,-6.162947660576911e-19,-3.910802653188781e-18,13.4564125488298,-1.3533958272868923e-17,9.554243448906192,1.1732033402306739e-17,87.29708567790786,70.17470348742576
2.0500000000000003,176.37260809869466,9.659699739852977,-6.353093919472528e-19,-3.959465835559752e-18,13.46854833371169,-1.3689483342440243e-17,9.549463742773447,1.1777594745229701e-17,87.30806914143398,70.17490453870846
2.06,177.24383120035472,9.719902400988857,-6.5589713638706e-19,-4.007057948205862e-18,13.480311291520833,-1.3841783748043438e-17,9.544312218206416,1.1897049484120255e-17,87.31906268967423,70.17510648262852
2.07,178.1151463634754,9.780370010103661,-6.78079766295502e-19,-4.072579587885397e-18,13.491717435065429,-1.4072403030424734e-17,9.538787526694483,1.2013309423778657e-17,87.33006660217322,70.17530932025964
2.0799999999999996,178.98655359930208,9.841102875894142,-6.994966175459026e-19,-4.1562477361328665e-18,13.502760110716487,-1.438069568234845e-17,9.53290727985645,1.2202676588018239e-17,87.34108112658552,70.17551305143344
2.0899999999999994,179.8580529348722,9.902101111356524,-7.201353907278646e-19,-4.220167228016704e-18,13.513457984604184,-1.4602918879362845e-17,9.526666352787485,1.2464346872130525e-17,87.35210653660637,70.17571767720145
2.099999999999999,180.72964440761157,9.963364714288312,-7.42366710303638e-19,-4.2640609391418395e-18,13.52381838245253,-1.4739714050573837e-17,9.5200849577922,1.2644932219053088e-17,87.36314306552177,70.17592319795584
2.109999999999999,181.60132804796837,10.024893815858745,-7.650192631390688e-19,-4.325826888517465e-18,13.533842503108314,-1.495483670496851e-17,9.513171883188708,1.2745259264727951e-17,87.37419094882472,70.1761296137008
2.1199999999999988,182.4731039056542,10.086688305282351,-7.880973589531697e-19,-4.3865913687656565e-18,13.543541724164252,-1.516608764522771e-17,9.50592975467056,1.291874477570679e-17,87.38525042624507,70.17633692488984
2.1299999999999986,183.34497201398628,10.148748337082083,-8.116052151952605e-19,-4.446327356365923e-18,13.552912918708762,-1.537346678931285e-17,9.49837136396529,1.3088291989227755e-17,87.39632171704976,70.17654513116138
2.1399999999999983,184.21693243506445,10.211073690044499,-8.355469197434735e-19,-4.505009174222224e-18,13.561971745289025,-1.557697623465782e-17,9.490494947086026,1.3253913976066927e-17,87.40740505663825,70.17675423304772
2.149999999999998,185.08898520727743,10.273664508858172,-8.59926474163222e-19,-4.562611624182871e-18,13.570710523667456,-1.5776616898392265e-17,9.482317529793377,1.341562428145862e-17,87.41850064767183,70.17696422981533
2.159999999999998,185.96113038224453,10.336520779804763,-8.847477627741575e-19,-4.61911097248431e-18,13.579146903472688,-1.5972392426845564e-17,9.473832731498447,1.35734369007664e-17,87.42960872176658,70.17717512196347
2.1699999999999977,186.83336802581883,10.399642319424283,-9.08820790477931e-19,-4.674484235287692e-18,13.587289433875753,-1.6164306424068696e-17,9.465059524168932,1.3727366293012254e-17,87.44072946949376,70.1773869094578
2.1799999999999975,187.7056981910732,10.463029150517569,-9.3213028172034e-19,-4.70953989463969e-18,13.595136744425055,-1.627078867173761e-17,9.456007700412947,1.3877427357231055e-17,87.45186308089696,70.17759959169209
2.1899999999999973,188.57812095616856,10.52668097599788,-9.546588683875353e-19,-4.724032390672501e-18,13.602702206076804,-1.6292499471771714e-17,9.446677093827883,1.3947331124213504e-17,87.46300975662609,70.1778131687551
2.199999999999997,189.4506363768185,10.59059783641221,-9.775814614646077e-19,-4.717734618347235e-18,13.609979370346748,-1.6230106418153997e-17,9.437082277597098,1.3937912290949957e-17,87.47416966988776,70.1780276396578
2.209999999999997,190.32324452234297,10.654779608961555,-1.0008955652852816e-18,-4.709640270180667e-18,13.616985096723718,-1.6165869015320532e-17,9.427217947604154,1.385000943273336e-17,87.485343019112,70.17824300454888
2.2199999999999966,191.1959454744897,10.719226026290496,-1.024598615632347e-18,-4.6997820279655764e-18,13.623726668884851,-1.6099817027160633e-17,9.417102126105357,1.3760774950267266e-17,87.49652996337974,70.17845926302665
2.2299999999999964,192.06873922364935,10.783936994869867,-1.0486879794568931e-18,-4.6881922127095356e-18,13.63020295781989,-1.6031979526687684e-17,9.406743184698401,1.3670235599014479e-17,87.50773066331405,70.1786764142024
2.239999999999996,192.94162536821725,10.848912010609594,-1.0743559029820582e-18,-4.674903211267949e-18,13.636426550770725,-1.5962386757220053e-17,9.396141917688935,1.3578419317101574e-17,87.51893726655057,70.17889445777314
2.249999999999996,193.8146037875045,10.914150974152376,-1.100423330730818e-18,-4.6791866149131456e-18,13.642390776378349,-1.5972657309885686e-17,9.385316547436407,1.348535923887707e-17,87.53010762297758,70.17911339205256
2.259999999999996,194.68767418763466,10.979653592729383,-1.1268893335492732e-18,-4.682047074226234e-18,13.648111757501193,-1.5980571901048586e-17,9.374258115063078,1.3467395755997762e-17,87.54127271780986,70.1793332167181
2.2699999999999956,195.56083636145604,11.045419429098605,-1.1537529236096897e-18,-4.683498772227027e-18,13.653596921083484,-1.598615250039686e-17,9.362985812919623,1.3447418075338591e-17,87.55241382302765,70.17955393079558
2.2799999999999954,196.43409005247406,11.111448257050526,-1.181013048236534e-18,-4.683555856641827e-18,13.658844046185264,-1.59894204606595e-17,9.351507249348304,1.3425448081176569e-17,87.56353847497316,70.17977553282398
2.289999999999995,197.30743488365138,11.177739475860974,-1.2074725008452757e-18,-4.6822329318667235e-18,13.663866262593483,-1.5990398613929938e-17,9.339821520243603,1.340150941493703e-17,87.57464330485759,70.17999802205347
2.299999999999995,198.18087075263824,11.244292902749509,-1.2343073546399957e-18,-4.6602652454714386e-18,13.668655442163061,-1.5907509139686448e-17,9.327944310383494,1.3375627550456209e-17,87.58571343749736,70.18022139647218
2.3099999999999947,199.05439738576501,11.311108194977532,-1.2627107916525828e-18,-4.636734925371966e-18,13.673227029577758,-1.5823035853868877e-17,9.315865134454903,1.3271490608320404e-17,87.59677938505797,70.18044565547669
2.3199999999999945,199.92801459595748,11.378184812376194,-1.29150194785427e-18,-4.630966935911368e-18,13.677589778389944,-1.5818611703803882e-17,9.303602312615672,1.3166277082029556e-17,87.6078228274925,70.18067079792449
2.3299999999999943,200.80172214370376,11.44552248729742,-1.3206794750637264e-18,-4.623912538955003e-18,13.681739260564937,-1.581200225974866e-17,9.291164699077003,1.3136348172237517e-17,87.61885085677177,70.18089682200795
2.339999999999994,201.67551967774165,11.513120516558791,-1.3502418997886019e-18,-4.615586301123653e-18,13.685690258883774,-1.5803230931433428e-17,9.278549022702991,1.3104573479580405e-17,87.62986029046239,70.18112372683767
2.349999999999994,202.54940711096077,11.580978644025565,-1.3801877895955011e-18,-4.60600242082738e-18,13.689432127552895,-1.5792319171606185e-17,9.265772443089356,1.3070978402786385e-17,87.64083660319085,70.18135151005669
2.3599999999999937,203.42338418834214,11.649096502753963,-1.4117129755372244e-18,-4.595175719427857e-18,13.692979672425396,-1.5779290691768215e-17,9.252821929939143,1.3035581796314236e-17,87.65180953075551,70.18158017081448
2.3699999999999934,204.29745074130932,11.717473443708297,-1.4436373092649168e-18,-4.602441717139344e-18,13.696344006684429,-1.5845777682086196e-17,9.239714953237929,1.2998409633118652e-17,87.66276144782516,70.18180970788718
2.3799999999999932,205.1716065482977,11.786109134450822,-1.4759610977617118e-18,-4.608705749824876e-18,13.699517507330468,-1.5909530302935605e-17,9.226462686210727,1.303583307984756e-17,87.67369873971329,70.1820401191003
2.389999999999993,206.04585125818016,11.855003099292581,-1.5086845281582556e-18,-4.6139653482041184e-18,13.702514464949722,-1.5970564837151564e-17,9.21305849780296,1.3070704920095792e-17,87.68461854482766,70.18227140334629
2.399999999999993,206.92018481924202,11.924154725289512,-1.5418077805142459e-18,-4.618218388077451e-18,13.705342726449405,-1.6028897367583922e-17,9.199518879927906,1.3103047408053673e-17,87.69550679191569,70.18250355903483
2.4099999999999926,207.7946069936684,11.993563636335775,-1.576529279250985e-18,-4.621462951984326e-18,13.707997315635401,-1.6084543235951406e-17,9.185849305684073,1.3132876594367073e-17,87.70639220587934,70.18273658411317
2.4199999999999924,208.6691176098786,12.063229324740329,-1.611669536203234e-18,-4.643039953060668e-18,13.710492028990776,-1.621913321793507e-17,9.172047169034395,1.316021551384961e-17,87.71725805456921,70.18297047732663
2.429999999999992,209.54371648224523,12.13315115123,-1.6472304332186645e-18,-4.66381769954599e-18,13.712831823912788,-1.6350405965093246e-17,9.158126315284994,1.3261446712375232e-17,87.72810986253288,70.18320523697714
2.439999999999992,210.41840327564552,12.203328652706057,-1.6844126698295288e-18,-4.683777984485682e-18,13.715014016625432,-1.6478370167795786e-17,9.144092530317904,1.3359406089587935e-17,87.73894513638825,70.1834408609232
2.4499999999999917,211.293177953929,12.273761103026194,-1.722037910787818e-18,-4.722255631627878e-18,13.71705016660458,-1.6684652052863533e-17,9.129945099553202,1.3454113443786385e-17,87.74975032797977,70.18367734761705
2.4599999999999915,212.16804029905418,12.344448076640093,-1.7589104136222594e-18,-4.7600929427319494e-18,13.718930844263264,-1.688697959412591e-17,9.115693247784785,1.362195388510229e-17,87.76055308759481,70.18391469462448
2.4699999999999913,213.04299014436646,12.415389089257708,-1.796214119810388e-18,-4.7778992772931565e-18,13.720669300988652,-1.7003739446190183e-17,9.101329690229418,1.3785753985385853e-17,87.77133764257208,70.1841529005243
2.479999999999991,213.91802732489057,12.486583385717177,-1.8339504305708055e-18,-4.794789002318534e-18,13.722274774760526,-1.7117218576071186e-17,9.086867734805464,1.3869151153930013e-17,87.78210860324576,70.1843919636973
2.489999999999991,214.79315152316792,12.558030485172111,-1.8721206378526176e-18,-4.81074844217988e-18,13.723739587633263,-1.7227428068676012e-17,9.072317310524847,1.39493616808198e-17,87.79286389837996,70.18463188161155
2.4999999999999907,215.66836269110456,12.629729878101656,-1.9107260191837724e-18,-4.825765085723736e-18,13.725076538192686,-1.7334381234007462e-17,9.057672536337467,1.40264072159565e-17,87.80359049783294,70.18487265265948
2.5099999999999905,216.54366065234404,12.701680807226769,-1.949767707728043e-18,-4.83982702142034e-18,13.726292870243572,-1.7438091367324637e-17,9.042943926496125,1.4100303371769464e-17,87.81431497355582,70.18511427513695
2.5199999999999902,217.41904524503528,12.773882802033954,-1.9892467768902007e-18,-4.8529227508894375e-18,13.727382357862192,-1.7538571040485125e-17,9.028140662726798,1.4171072671103726e-17,87.82502246808426,70.1853567465049
2.52999999999999,218.29451630059415,12.846335277667535,-2.0291642017255595e-18,-4.865041865325392e-18,13.72835736444255,-1.7635834881882405e-17,9.013256514068404,1.4238734936190827e-17,87.83571672021272,70.18560006519056
2.53999999999999,219.17007354114835,12.919037451234164,-2.069520822483992e-18,-4.876174489807413e-18,13.729223445570677,-1.7729897366646408e-17,8.998304411516138,1.4303311134241785e-17,87.8463960755822,70.18584422923595
2.5499999999999896,220.0457169198961,12.99198885563694,-2.110317486497933e-18,-4.886311186663528e-18,13.729975541801318,-1.7820772465343182e-17,8.983291552325328,1.4364824292964088e-17,87.85704795451498,70.18608923601566
2.5599999999999894,220.9214462632327,13.065188865950565,-2.1503536280133033e-18,-4.8954435394201896e-18,13.73062559954637,-1.790847605748091e-17,8.968210577495565,1.442329146385126e-17,87.86769794122857,70.18633508396854
2.569999999999989,221.79726143777626,13.138636732361643,-2.190812248278987e-18,-4.88418993245383e-18,13.731177777858505,-1.7911402998906138e-17,8.95307519737074,1.4478736432378093e-17,87.87833204440236,70.18658177100153
2.579999999999989,222.67316227898507,13.212331933151864,-2.2316919452544775e-18,-4.871705791704199e-18,13.731627917454688,-1.791185715792052e-17,8.937889559438231,1.4454773119125383e-17,87.88895317621464,70.1868292946007
2.5899999999999888,223.5491485326127,13.286273567321576,-2.2729911922006917e-18,-4.858002349953088e-18,13.731987269060198,-1.7909863283789742e-17,8.92264990163307,1.442865470002132e-17,87.89956008136988,70.18707765302081
2.5999999999999885,224.42522015894195,13.360461138397241,-2.3147084920058097e-18,-4.843090597968991e-18,13.73224448871765,-1.7905444335722817e-17,8.907368998403301,1.4400408801877056e-17,87.91014058731962,70.18732684323842
2.6099999999999883,225.30137699031874,13.434894095130336,-2.3568422402005466e-18,-4.8269822206664965e-18,13.732411086595816,-1.7898625447654694e-17,8.892033234473871,1.437005709882278e-17,87.92071941023349,70.18757686359336
2.619999999999988,226.17761890959542,13.50957156445105,-2.399390756326938e-18,-4.809689088141406e-18,13.732497354529094,-1.7889431813168223e-17,8.876655737385756,1.4337627569543316e-17,87.93128329646147,70.1878277122409
2.629999999999988,227.05394576262046,13.584493003991318,-2.4423523124323714e-18,-4.791222843076334e-18,13.732492434889972,-1.787788696128115e-17,8.861246797548366,1.4303145735716058e-17,87.94183449995863,70.18807938625167
2.6399999999999877,227.93035728158773,13.659657815660506,-2.4845222449723006e-18,-4.771595777308143e-18,13.732407453561478,-1.786401648200896e-17,8.845795841242255,1.4266637718493822e-17,87.95237207918463,70.18833188381085
2.6499999999999875,228.8068534618047,13.735065146800883,-2.5270826220051185e-18,-4.731444602230656e-18,13.732252000082061,-1.7766224849376294e-17,8.830315419768333,1.4228131470717127e-17,87.9628841893997,70.1885852029158
2.6599999999999873,229.68343414657784,13.810714438788478,-2.571232798902758e-18,-4.6899465232596004e-18,13.73201546996333,-1.7666826515065067e-17,8.814812886933765,1.4111217196951724e-17,87.9733948148335,70.18883934070597
2.669999999999987,230.56009919993915,13.886605109348034,-2.6157845863233446e-18,-4.66650724762412e-18,13.731708621907215,-1.7647476111189985e-17,8.799279050567637,1.3993179205458456e-17,87.98389126968263,70.18909429531175
2.679999999999987,231.43684850511147,13.962736270535864,-2.660735969434875e-18,-4.641992933549255e-18,13.731340584162458,-1.7625916530811298e-17,8.78372466716987,1.3950485068911492e-17,87.9943753692807,70.18935006478374
2.6899999999999866,232.31368180414717,14.039107325697564,-2.706084858358414e-18,-4.6164155603337635e-18,13.73090078263949,-1.7602171826057318e-17,8.76815907475147,1.3905902089732393e-17,88.00484633382105,70.18960664614245
2.6999999999999864,233.19059907310103,14.115717709007068,-2.7518291764567075e-18,-4.589787689849488e-18,13.730399623795192,-1.757626792713601e-17,8.752572962217416,1.3859458127559015e-17,88.01529255557396,70.18986403739007
2.709999999999986,234.0676001928497,14.192566522527748,-2.799170928551445e-18,-4.562122015619954e-18,13.729846007643935,-1.7548230749752643e-17,8.736974527864872,1.3811175551826511e-17,88.02573756693793,70.19012223663267
2.719999999999986,234.94468503336117,14.269653189724927,-2.8469226656962673e-18,-4.552802634425118e-18,13.729229181310728,-1.7599704787036342e-17,8.721373994079366,1.3761082441517652e-17,88.03616894095327,70.19038124085702
2.7299999999999858,235.82185345992775,14.346977112585575,-2.8950840635429614e-18,-4.542681809568355e-18,13.72855921355997,-1.76484257520282e-17,8.705760503027653,1.3785658355100604e-17,88.0465883333688,70.19064104813309
2.7399999999999856,236.69910525179108,14.424537357586805,-2.9448594444155935e-18,-4.531754826905224e-18,13.727844995840254,-1.7694412194628913e-17,8.69014429017844,1.3807651509648737e-17,88.05699504365612,70.19090165645845
2.7499999999999853,237.57644039044536,14.502333366116515,-2.9950625845195086e-18,-4.53938567522272e-18,13.727075393703736,-1.7819300663779513e-17,8.674535448986425,1.3827086495466978e-17,88.06737749768992,70.19116306269989
2.759999999999985,238.45385873689497,14.580364538798557,-3.045694899702877e-18,-4.546413050783966e-18,13.726260153709717,-1.794082014773652e-17,8.658920559497073,1.3920445465811293e-17,88.07775908029541,70.19142526498777
2.769999999999985,239.33136019797672,14.658629961188982,-3.0967577098613787e-18,-4.5528159138208e-18,13.725408370989525,-1.805898242311394e-17,8.643310648192916,1.4010466028023904e-17,88.08812738369102,70.19168826131502
2.7799999999999847,240.2089446450562,14.737129040723206,-3.148252264093439e-18,-4.558573681082213e-18,13.72450833853935,-1.8173798054408734e-17,8.627714660299707,1.409716772665834e-17,88.09848412671856,70.1919520486127
2.7899999999999845,241.0866118359827,14.815861151354621,-3.1989739653279825e-18,-4.563667063595389e-18,13.723569491126675,-1.8285279812850805e-17,8.612120948317099,1.4180570810646284e-17,88.10882857259416,70.1922166248967
2.7999999999999843,241.96436176893954,14.894825621372533,-3.2501106611472766e-18,-4.548715468283998e-18,13.722600951767506,-1.8311823153310382e-17,8.596540122539945,1.4260697599147447e-17,88.11914906950014,70.19248198807003
2.809999999999984,242.8421943291694,14.974021622818608,-3.3016613851457574e-18,-4.53285224059999e-18,13.721605208598831,-1.8335730615846737e-17,8.580979000097756,1.4261086911636014e-17,88.12946909694514,70.19274813588181
2.819999999999984,243.72010940352862,15.053448557148526,-3.353625122048189e-18,-4.516078194580791e-18,13.720576497024695,-1.8357022809244748e-17,8.565441254936307,1.4259064798626378e-17,88.1397759496089,70.19301506555455
2.8299999999999836,244.59810687736604,15.133105736886376,-3.4060007830718335e-18,-4.498394845548688e-18,13.719523653918309,-1.837572177661774e-17,8.549920855367096,1.425465573053558e-17,88.15007179147707,70.19328277508387
2.8399999999999834,245.4761865334206,15.212992294623062,-3.458787169180058e-18,-4.479804004674087e-18,13.718449849500413,-1.8391849338054286e-17,8.534426697931355,1.4247884822456736e-17,88.16035562250536,70.19355126216576
2.849999999999983,246.3543483690922,15.293107656022963,-3.511983103630707e-18,-4.460307689485415e-18,13.717348321876184,-1.8405426747490283e-17,8.518963037736077,1.4238779082541926e-17,88.17061554077323,70.19382052388963
2.859999999999983,247.23259225739133,15.373451146262335,-3.5655873002976875e-18,-4.4399086004755235e-18,13.716227635670023,-1.8416476719272486e-17,8.503520709889742,1.422735985072493e-17,88.18087552084982,70.19409055833276
2.869999999999983,248.11091811715497,15.454021915167852,-3.619598410421074e-18,-4.4186097285530406e-18,13.715091830597018,-1.8425021821451318e-17,8.488109504218436,1.4213654613512944e-17,88.19112221525553,70.19436136323367
2.8799999999999826,248.98932583140316,15.534819359421316,-3.674015030114329e-18,-4.396414207797581e-18,13.713932978913434,-1.843108388601848e-17,8.472733084568295,1.4197688350917605e-17,88.20135853440976,70.19463293573985
2.8899999999999824,249.86781516695447,15.6158427979003,-3.730043268510629e-18,-4.373325839433896e-18,13.712759381846913,-1.843468624167318e-17,8.457383546540301,1.4179486845642357e-17,88.21158310837923,70.1949052738308
2.899999999999982,250.74638615471883,15.69709138998564,-3.7864930355857406e-18,-4.368694846627638e-18,13.711576132366702,-1.8517466098540238e-17,8.442070300646252,1.4159077741803125e-17,88.22178360588336,70.19517837522376
2.909999999999982,251.6250386608893,15.778564528130389,-3.842156692395149e-18,-4.363390641945424e-18,13.710373970830801,-1.859715894397924e-17,8.426795951423202,1.4212990711085958e-17,88.23198480466698,70.19545223709841
2.9199999999999817,252.50377259412596,15.860261589105649,-3.898223482746901e-18,-4.338057497872281e-18,13.709160948482184,-1.8592167901513544e-17,8.411552473298492,1.4263920703702273e-17,88.24217239159366,70.19572685741991
2.9299999999999815,253.38258786843656,15.942181684790173,-3.954691655044975e-18,-4.311814136412596e-18,13.707943387588436,-1.8584795707550107e-17,8.396347435713828,1.4235375785281186e-17,88.25235040459879,70.19600223410063
2.9399999999999813,254.26148424489384,16.02432418292607,-4.0103508213109485e-18,-4.284666460285339e-18,13.706710533302058,-1.857506555869273e-17,8.381187217087586,1.420471805478423e-17,88.26251687090014,70.19627836416001
2.949999999999981,255.14046174040007,16.106688510445455,-4.066388672158894e-18,-4.237283791111008e-18,13.70547019826911,-1.8481390445137645e-17,8.36606214381682,1.4171976031693883e-17,88.27265887859903,70.19655524547991
2.959999999999981,256.01952022651176,16.18927396649896,-4.1228013392868486e-18,-4.188798603783388e-18,13.704229922146084,-1.838608064347156e-17,8.350977452838881,1.4060649753631465e-17,88.28280240534674,70.19683287614173
2.9699999999999807,256.89865964106576,16.272079743267106,-4.1795849275330256e-18,-4.139235852267639e-18,13.702991223478852,-1.8289168446021053e-17,8.33594202222563,1.3948116227889357e-17,88.29293174181561,70.19711125379607
2.9799999999999804,257.7778798756315,16.355105240505573,-4.23673550401646e-18,-4.088620238048537e-18,13.7017476318713,-1.8190685501110876e-17,8.320956671211075,1.3834404820787006e-17,88.30305243243731,70.197390375733
2.9899999999999802,258.6571806931234,16.438349763382952,-4.2954585274196944e-18,-4.036976573296598e-18,13.700506467107395,-1.809066442468899e-17,8.306015006230362,1.371954611645605e-17,88.31316176321187,70.19767023994221
2.99999999999998,259.536562144035,16.521812508879165,-4.3545596147336114e-18,-4.003657600241346e-18,13.699270891865176,-1.8070747115308465e-17,8.291125491715572,1.3603572291483828e-17,88.32324599056456,70.19795084409455
3.00999999999998,260.41602408549727,16.60549287222121,-4.415246496661622e-18,-3.969571251548512e-18,13.698032574825316,-1.8048681168005923e-17,8.276288516515356,1.3563045463830998e-17,88.33333267193717,70.19823218549621
3.0199999999999796,261.2955664509573,16.689390235694994,-4.476326264325435e-18,-3.954048475775382e-18,13.696798628098458,-1.8106100107263478e-17,8.261497186635092,1.3520635956618246e-17,88.34340437687985,70.19851426212153
3.0299999999999794,262.1751891603201,16.77350374035684,-4.537798650084694e-18,-3.937983284026715e-18,13.695574022705884,-1.8160745509784628e-17,8.246757756670233,1.3552910714584434e-17,88.35346853615303,70.19879707190131
3.039999999999979,263.05489196404363,16.85783275993779,-4.6008736724268614e-18,-3.9213643503162026e-18,13.694348412593843,-1.8212633438607482e-17,8.23207534875402,1.3582528652080954e-17,88.3635214606813,70.1990806119531
3.049999999999979,263.93467490306335,16.94237673695222,-4.6643596814940475e-18,-3.923500396340536e-18,13.693128712266798,-1.8343389032442704e-17,8.217440787084785,1.3609514666970479e-17,88.37354844197043,70.19936488017875
3.0599999999999787,264.8145378341609,17.027134986471395,-4.7282581445114125e-18,-3.925274505158679e-18,13.691921585067798,-1.847074803229453e-17,8.20285807090478,1.3710437133207194e-17,88.38357900874703,70.199649874712
3.0699999999999785,265.694480721875,17.11210672326118,-4.792570473222289e-18,-3.926659431685978e-18,13.690728246973972,-1.8594720607820678e-17,8.188335481798589,1.3807945899893358e-17,88.39359356769366,70.19993559325692
3.0799999999999783,266.574503463633,17.19729136129722,-4.8572979899350105e-18,-3.927628780174283e-18,13.689541671305552,-1.871531685430544e-17,8.173873111498343,1.390205900371454e-17,88.40360183225825,70.20022203317947
3.089999999999978,267.4546058052605,17.282688232220316,-4.921230588839951e-18,-3.928157371571866e-18,13.688368340343548,-1.8832548319279166e-17,8.159464151961293,1.3992797079495586e-17,88.4135989861644,70.20050919251713
3.099999999999978,268.3347878249036,17.368296549970406,-4.9855616656295224e-18,-3.9089105406726124e-18,13.68721167260075,-1.8864821352322788e-17,8.145116363770743,1.408018286410811e-17,88.42356910358491,70.20079706902976
3.1099999999999777,269.21504936056016,17.454115720562022,-5.05029033965978e-18,-3.8889629682487024e-18,13.686062275676665,-1.8894427995017356e-17,8.130830000956662,1.4087668373278447e-17,88.43354407525186,70.20108566008042
3.1199999999999775,270.095390372729,17.540145174087904,-5.1154157059670455e-18,-3.868310318108462e-18,13.68492646201171,-1.8921388906909587e-17,8.116597465198955,1.4092667710861724e-17,88.44350180750891,70.20137496367973
3.1299999999999772,270.97581078793684,17.626384057406256,-5.180936766718863e-18,-3.846948760071747e-18,13.683810011019016,-1.894572497163579e-17,8.102423733449857,1.4095203697667006e-17,88.45345468552767,70.20166497791935
3.139999999999977,271.85631033613384,17.71283175703271,-5.2468524144505765e-18,-3.824874675176532e-18,13.682701014383824,-1.8967456107288667e-17,8.088314923844328,1.4095302263620198e-17,88.46339652707701,70.20195569993615
3.149999999999977,272.73688908784356,17.799487741136744,-5.313161591779509e-18,-3.802085237819489e-18,13.68160562357568,-1.898660373462197e-17,8.074260472968652,1.409299125046116e-17,88.47331005144196,70.20224712767492
3.1599999999999766,273.61754687228887,17.88635137728631,-5.3786505531347794e-18,-3.778578100730895e-18,13.680529758896649,-1.9003189500209552e-17,8.060263172157732,1.4088290358162888e-17,88.4832299107409,70.20253925935563
3.1699999999999764,274.4982836894866,17.973421880164892,-5.444511497747902e-18,-3.73505235602958e-18,13.679476457365896,-1.893563229271252e-17,8.046330996422078,1.4081228930931408e-17,88.49313106615631,70.20283209285915
3.179999999999976,275.37909944081144,18.060698685094422,-5.510741192005323e-18,-3.690592878367154e-18,13.678436189512583,-1.8866231840172114e-17,8.032465330523827,1.3995248599991278e-17,88.50302896732202,70.20312562555091
3.189999999999976,276.2599938427226,18.148181181945642,-5.5785493721100385e-18,-3.6452167391616385e-18,13.677414729092728,-1.8795018143605542e-17,8.018657085935494,1.3907784267266482e-17,88.51291591969536,70.20341985554009
3.1999999999999758,277.14096699002977,18.235868779503484,-5.646738840631796e-18,-3.618235508527352e-18,13.676417625278097,-1.880362292737251e-17,8.004913538109005,1.381886830146301e-17,88.52277303461213,70.20371478078268
3.2099999999999755,278.02201871206074,18.32376069641093,-5.7153081376547426e-18,-3.590584373792274e-18,13.675445586439254,-1.8809797982367234e-17,7.991236575565429,1.380511303447955e-17,88.53263810830941,70.20401039929835
3.2199999999999753,278.90314900408225,18.41185639919467,-5.784255813213226e-18,-3.562262266611855e-18,13.674491085254827,-1.8813564791828568e-17,7.977629197889228,1.378913655255088e-17,88.5424827950641,70.20430670846581
3.229999999999975,279.78435777047963,18.500155308276977,-5.854794104106022e-18,-3.533268743735557e-18,13.673559544219168,-1.8814945881206147e-17,7.964081909790102,1.3770961480965875e-17,88.55232602065867,70.20460370649937
3.239999999999975,280.66564493941837,18.588656628727126,-5.925726787628023e-18,-3.5228926316824414e-18,13.672654638324891,-1.8895564290458097e-17,7.950600754310502,1.3750614975745461e-17,88.56215824609875,70.2049013914579
3.2499999999999747,281.54701041400665,18.677359813739518,-5.9970541512497685e-18,-3.512057912610157e-18,13.671765774520297,-1.897316495501439e-17,7.9371891347724635,1.3804721337584281e-17,88.57197964692047,70.20519976067423
3.2599999999999745,282.42845398651866,18.766264289416117,-6.068776373862385e-18,-3.500747294912029e-18,13.670898253493693,-1.9047763292982154e-17,7.923836198207885,1.3855880856703694e-17,88.58179016183462,70.20549881231767
3.2699999999999743,283.3099756764884,18.855369492518534,-6.140893636239042e-18,-3.48894426780304e-18,13.670057164253222,-1.911937509663707e-17,7.910548040009403,1.3904117520746622e-17,88.59157845518322,70.20579854446616
3.279999999999974,284.19157538889124,18.944674657959958,-6.214620641594632e-18,-3.476633043065506e-18,13.669244554737013,-1.9188016347989587e-17,7.897327477590417,1.3949450219589997e-17,88.60136720768129,70.20609895523363
3.289999999999974,285.07325304853157,19.034179253671994,-6.2887619275599354e-18,-3.483081057217714e-18,13.66845117761063,-1.9335301672553602e-17,7.884177488743016,1.3991903756263105e-17,88.61114294959182,70.20640004205336
3.2999999999999736,285.9550085596735,19.123882742789938,-6.363319361115084e-18,-3.489204341083954e-18,13.667682016641313,-1.9478971992339625e-17,7.871088175465555,1.4108110691146475e-17,88.62090995709822,70.20670180314428
3.3099999999999734,286.83684170110774,19.213784499295173,-6.439509832959052e-18,-3.494971287547106e-18,13.666941851737965,-1.9619036883918368e-17,7.858064475472151,1.4220656898839076e-17,88.63066610316899,70.20700423670911
3.319999999999973,287.71875252923,19.30388382472739,-6.516139098789168e-18,-3.519630669944988e-18,13.666231509793302,-1.9837104445870314e-17,7.8451121089483165,1.4329564143186106e-17,88.64039796585433,70.20730734064996
3.329999999999973,288.60074090583953,19.394180182071146,-6.593210682864308e-18,-3.544086576576082e-18,13.665542711984758,-2.005090905608951e-17,7.832229254065125,1.451146523134265e-17,88.65013238583528,70.20761111262476
3.3399999999999728,289.4828067786185,19.48467305407868,-6.670728035832595e-18,-3.568292577224704e-18,13.664880146885054,-2.0260454256836725e-17,7.819408924308181,1.468893877615414e-17,88.65985160284515,70.20791555083558
3.3499999999999726,290.36495007822555,19.57536166585979,-6.748694482799807e-18,-3.59220369083524e-18,13.664248217925174,-2.046574432444371e-17,7.806654800066169,1.4862000245518354e-17,88.66956432764813,70.20822065355121
3.3599999999999723,291.2471705556425,19.666245463293148,-6.825897186395761e-18,-3.615776087041943e-18,13.663635019114032,-2.0666783214372146e-17,7.793971407000536,1.5030667787655517e-17,88.67926619838555,70.20852641817179
3.369999999999972,292.1294682698901,19.75732396706076,-6.903536136910727e-18,-3.619693035395381e-18,13.663045154032543,-2.0781979557019032e-17,7.781347949894218,1.5194962018014054e-17,88.68894155472552,70.20883284284167
3.379999999999972,293.0118430604935,19.848596639955996,-6.98161239660329e-18,-3.622975123789617e-18,13.662483036414178,-2.0893614651090656e-17,7.7687860559126545,1.527826770354595e-17,88.69862177142211,70.20913992595749
3.3899999999999717,293.8942949243599,19.940062742276915,-7.060126982662718e-18,-3.6256010410779515e-18,13.661952547706749,-2.100170330427733e-17,7.756291857315939,1.5358063599309795e-17,88.70828438820547,70.20944766572065
3.3999999999999715,294.77682376677143,20.031721767805262,-7.139080806686376e-18,-3.627550159343028e-18,13.661442087825648,-2.1106259805080292e-17,7.743867790330877,1.543437057441543e-17,88.71794293800288,70.2097560596497
3.4099999999999713,295.65942931547613,20.12357316753345,-7.217257776482564e-18,-3.6288030265378536e-18,13.66095599645201,-2.1207299958176446e-17,7.731502568372457,1.5507213332672087e-17,88.72759067218514,70.21006510605058
3.419999999999971,296.54211165447896,20.215616476170496,-7.295856330683522e-18,-3.6100703338514245e-18,13.66049842851273,-2.12232438103412e-17,7.719201891709767,1.5576618902851917e-17,88.73720945783688,70.21037480308476
3.429999999999971,297.42487062279656,20.307850929009515,-7.376092334365595e-18,-3.590391764023631e-18,13.660073154939944,-2.1236382499774212e-17,7.706966517246315,1.556596607771086e-17,88.74683556343649,70.21068514919602
3.4399999999999706,298.3077062179133,20.40027605282935,-7.456766510805594e-18,-3.589037903720392e-18,13.65966849644768,-2.1328335823222427e-17,7.694802337725118,1.555275108903726e-17,88.75644148092631,70.21099614181863
3.4499999999999704,299.1906183391573,20.492891351180713,-7.537879370367782e-18,-3.586954488639252e-18,13.659288549992027,-2.1416854579885833e-17,7.682695777923804,1.561364240889432e-17,88.76604595892711,70.21130777936955
3.45999999999997,300.0736068991614,20.585696331620483,-7.619431343584754e-18,-3.58412559753351e-18,13.658937233431146,-2.1501956422920156e-17,7.670651574016059,1.5671199286312436e-17,88.77563896296992,70.21162006018746
3.46999999999997,300.95667180955235,20.678690449589794,-7.701422773013773e-18,-3.5805361366489216e-18,13.658618290556078,-2.15836594320627e-17,7.658673286466105,1.5725446488540175e-17,88.78522182731244,70.21193298262449
3.47999999999997,301.8398128773104,20.771873001999733,-7.782635856646879e-18,-3.5761717702944465e-18,13.658331942474101,-2.166198188937164e-17,7.646764458571407,1.5776409419495225e-17,88.79479387558148,70.21224654485707
3.4899999999999696,302.72303012707204,20.865243534496386,-7.86426958901896e-18,-3.551751762577097e-18,13.658069737813317,-2.1655346557053526e-17,7.634926085603466,1.5824115795976208e-17,88.80434300384488,70.21256074452705
3.4999999999999694,303.60632343016425,20.95880155648454,-7.946322121651406e-18,-3.5263168486812586e-18,13.65783538116145,-2.164604699249564e-17,7.623147366438881,1.579193378493455e-17,88.81389342975659,70.21287558011495
3.509999999999969,304.48969273142836,21.052546559511363,-8.028791566022658e-18,-3.499873247858588e-18,13.657632407779449,-2.1634110623555786e-17,7.611433109220811,1.575737392380361e-17,88.82342949728617,70.21319104997906
3.519999999999969,305.3731379578957,21.146477869357543,-8.111675952642277e-18,-3.472427493081667e-18,13.657461865712454,-2.1619564907965794e-17,7.599785991018376,1.5720465160077993e-17,88.83295829861365,70.21350715241744
3.5299999999999687,306.2566588683892,21.240594979049643,-8.194973196952273e-18,-3.4439863067213695e-18,13.65731434601538,-2.1602436836066486e-17,7.5882070975951645,1.5681238420512314e-17,88.84247627893653,70.21382388516919
3.5399999999999685,307.14025551628,21.3348974536695,-8.278681262261314e-18,-3.4145569336862836e-18,13.657193354116728,-2.1582754384080046e-17,7.576688042158034,1.5639726724033442e-17,88.85196844279787,70.2141412465373
3.5499999999999683,308.02392774463226,21.429384794294165,-8.361578813293944e-18,-3.384146939193311e-18,13.657102236270042,-2.1560545684135925e-17,7.565229545640352,1.5595955238328516e-17,88.86146481367587,70.21445923506774
3.559999999999968,308.9076755473014,21.524056335759777,-8.44486354764729e-18,-3.333498769391001e-18,13.657043280027109,-2.1454243935314288e-17,7.5538365484155365,1.5549958289719478e-17,88.8709437723817,70.21477784909061
3.569999999999968,309.7914988302856,21.618911618363043,-8.528531262555308e-18,-3.2816719906288172e-18,13.657005724863295,-2.134615122975437e-17,7.5425099631488335,1.5425097208282208e-17,88.88041851195374,70.21509708637544
3.5799999999999677,310.6753973224783,21.713950140053157,-8.612577647487188e-18,-3.228693266324186e-18,13.65699289547335,-2.1236303881353122e-17,7.531239326024316,1.5298899451053295e-17,88.88988244916965,70.21541694538453
3.5899999999999674,311.5593711075871,21.80917148562116,-8.696998481508779e-18,-3.1745891411367913e-18,13.657007961271722,-2.1124738121811414e-17,7.520029285335663,1.5171402707022387e-17,88.89931749488107,70.21573742443739
3.5999999999999672,312.4434199994606,21.904575141224324,-8.781789402947566e-18,-3.119386038304288e-18,13.657053942202195,-2.1011490095996787e-17,7.508879723932536,1.5042635291953153e-17,88.90875982777655,70.21605852214633
3.609999999999967,313.32754402100034,22.00016048802984,-8.866946079709602e-18,-3.0631102282837466e-18,13.657131521152882,-2.08965957354564e-17,7.497795770824973,1.4912636317146338e-17,88.91818153365837,70.21638023679104
3.619999999999967,314.2117430624787,22.095927075096508,-8.95368438675036e-18,-3.0057877381246278e-18,13.657231319964685,-2.0780090344395724e-17,7.486776201899191,1.478143674576629e-17,88.92760223842357,70.21670256629716
3.6299999999999666,315.09601704594667,22.191874459992366,-9.040798898014493e-18,-2.9667103678131054e-18,13.657356352315217,-2.0743604969634177e-17,7.475812343414503,1.464907261726727e-17,88.93701052709369,70.21702550915646
3.6399999999999664,315.9803658777438,22.288002197561536,-9.128287067149968e-18,-2.92685231875381e-18,13.657509485709888,-2.0704900182726e-17,7.464906724024805,1.4592257261799182e-17,88.9464096243698,70.21734906388933
3.649999999999966,316.8647893399351,22.384309770326645,-9.216146250366155e-18,-2.8862211628453985e-18,13.657693444134072,-2.066400396265787e-17,7.454062119381727,1.4533515864764024e-17,88.95579791284713,70.21767322900706
3.659999999999966,317.74928748680236,22.480796594628107,-9.304373845698625e-18,-2.844824702937681e-18,13.657908070727569,-2.0620944242558576e-17,7.4432821225320875,1.447288036281116e-17,88.96516222917742,70.21799800277694
3.6699999999999657,318.63386017452297,22.577462224049093,-9.392967139973448e-18,-2.8026709015320314e-18,13.658144643497664,-2.0575748624670276e-17,7.432564129154335,1.4410376291015525e-17,88.97452888750912,70.2183233832431
3.6799999999999655,319.51850735919436,22.674306237226972,-9.481923407725132e-18,-2.759768107079789e-18,13.658405897433234,-2.0528445398580502e-17,7.421900691738602,1.4346036440479676e-17,88.98387965090241,70.21864936891247
3.6899999999999653,320.4032289471055,22.77132820187918,-9.571239858465633e-18,-2.7161249073315356e-18,13.658694430217809,-2.0479062931512747e-17,7.411293488889844,1.4279889005581975e-17,88.99322469915231,70.21897595837642
3.699999999999965,321.28802468573804,22.86852760781314,-9.659692049464243e-18,-2.6717501208921946e-18,13.659012703755739,-2.042762966245532e-17,7.4007453201453375,1.4211964650154824e-17,89.0025589374265,70.2193031501895
3.709999999999965,322.17289466347717,22.96590389509284,-9.74847938755556e-18,-2.6073842313365148e-18,13.659360485616231,-2.029257814624144e-17,7.390259808230622,1.4142295865165636e-17,89.0118657043103,70.2196309426435
3.7199999999999647,323.0578387008789,23.063456621348564,-9.838818851941138e-18,-2.542090689256661e-18,13.659728980343985,-2.015621308595085e-17,7.3798337193008825,1.399421338154606e-17,89.02117831327848,70.21995933386243
3.7299999999999645,323.94285678956606,23.161185386469743,-9.929503056209343e-18,-2.4951668284808306e-18,13.660120674509379,-2.0100166968394595e-17,7.36946012045446,1.384527436146698e-17,89.0304713978746,70.22028832236674
3.7399999999999642,324.8279488273963,23.25908976876346,-1.001930684632621e-17,-2.4475848210039816e-18,13.66053792578202,-2.0042198935869043e-17,7.3591398580500185,1.3772207037412657e-17,89.0397624006026,70.2206179068194
3.749999999999964,325.71311473186745,23.357169326427847,-1.0109430047948704e-17,-2.3800828861936884e-18,13.660982963288994,-1.9900740936910536e-17,7.348875868317867,1.369751968906063e-17,89.04904174121417,70.22094808581058
3.759999999999964,326.59835442921013,23.45542346341661,-1.019986767598154e-17,-2.3117267907642585e-18,13.661456245821885,-1.975809884852167e-17,7.3386700215561875,1.3544541004189897e-17,89.05831112646904,70.22127885786259
3.7699999999999636,327.4836677032587,23.5538517407505,-1.0289392044925304e-17,-2.2425441431822e-18,13.661948165490967,-1.9614308347547994e-17,7.328522620301308,1.3390830742802417e-17,89.06756969777302,70.22161022097754
3.7799999999999634,328.3690545823429,23.65245377941123,-1.037920146558826e-17,-2.1532894801553408e-18,13.662460988853649,-1.938780854923304e-17,7.318424861414303,1.3236424109871979e-17,89.07680500475117,70.22194217368724
3.789999999999963,329.25451492637154,23.751229160609224,-1.0468066005205377e-17,-2.0630486640408557e-18,13.662996861523519,-1.9160913644699098e-17,7.308376780631655,1.3004645190369973e-17,89.08604198652982,70.22227471472566
3.799999999999963,330.1400486880398,23.850177489153452,-1.055718230423688e-17,-1.952592480114983e-18,13.663557807328422,-1.8852069732382467e-17,7.298381734827594,1.2773064718403643e-17,89.09526344189848,70.22260784269268
3.8099999999999627,331.02565577748084,23.949298326378635,-1.0646541464860815e-17,-1.8410257361940654e-18,13.664145733487175,-1.854359870668484e-17,7.288440771162442,1.246500951425327e-17,89.10447883109309,70.22294155626771
3.8199999999999625,331.9113359593147,24.048591065394767,-1.073491115332818e-17,-1.7284107602777259e-18,13.664760258232155,-1.823555080508645e-17,7.278555970405534,1.2158055166822097e-17,89.11368341845395,70.22327585398357
3.8299999999999623,332.79708929990926,24.14805534873363,-1.0823486609679847e-17,-1.5955316447321922e-18,13.665392431417233,-1.7846377496174103e-17,7.268728074435505,1.1852243814157818e-17,89.12286084471664,70.22361073380561
3.839999999999962,333.6829156197804,24.247690760211263,-1.0912257048047986e-17,-1.461511411100466e-18,13.666044215938411,-1.7458407754438267e-17,7.2589452554759255,1.1470897265655795e-17,89.13204384700892,70.22394619454046
3.849999999999962,334.56881491097937,24.347496926133264,-1.100121177452281e-17,-1.3264276546934453e-18,13.666717459168748,-1.707169784579053e-17,7.249211338708719,1.109160106621907e-17,89.14120731719287,70.2242822347966
3.8599999999999617,335.4547870681006,24.447473450360334,-1.1090340109374457e-17,-1.1903565652295629e-18,13.667413899163199,-1.668630320047872e-17,7.239526567162634,1.0714395340386154e-17,89.15036875430941,70.22461885332592
3.8699999999999615,336.34083201210245,24.54761992002046,-1.1179631425159106e-17,-1.0533729411697955e-18,13.668135164690987,-1.630227841426581e-17,7.229893291551618,1.0339322894542932e-17,89.15951820139645,70.22495604880453
3.8799999999999613,337.22694966855175,24.647935776258592,-1.1269075140825279e-17,-9.155502036703564e-19,13.668881245514154,-1.591967722297007e-17,7.220312747536721,9.966424301802031e-18,89.16865806866468,70.22529381985203
3.889999999999961,338.1131398175427,24.748420605024,-1.1358660688775651e-17,-7.7696041462823e-19,13.669642683795665,-1.5538552408283633e-17,7.210784818058289,9.59573982865957e-18,89.17778714926406,70.22563216459575
3.899999999999961,338.9994024915342,24.84907405410034,-1.1448377619497942e-17,-6.376743121285377e-19,13.670421177483133,-1.5158956149615918e-17,7.201300889277465,9.22731020311173e-18,89.18689258969407,70.22597108165131
3.9099999999999606,339.88573754359794,24.94989572870042,-1.1538215490022963e-17,-4.97761302808868e-19,13.671218322068059,-1.4780939791448652e-17,7.191860422646482,8.861171420010598e-18,89.19600014135249,70.2263105698429
3.9199999999999604,340.7721449337477,25.050885260926595,-1.1628163939496495e-17,-3.5728947552851705e-19,13.672035609316469,-1.4404553845477444e-17,7.182466317267889,8.497363260687306e-18,89.20509147946255,70.22665062785107
3.92999999999996,341.65862456865193,25.15204227110752,-1.1718212650771473e-17,-2.1632561587154513e-19,13.672874432323864,-1.4029847991237534e-17,7.17311901397189,8.135921888077113e-18,89.21417751295988,70.22699125444709
3.93999999999996,342.54517618964996,25.253366319355038,-1.1807126110879297e-17,-7.493521998777662e-20,13.673736086314065,-1.3656871077935771e-17,7.163820160925162,7.776884294647972e-18,89.22325278808485,70.22733244836247
3.9499999999999598,343.43179989016045,25.35485690493868,-1.1896099987197825e-17,8.610801218187019e-20,13.674620437374129,-1.3204070013225949e-17,7.154572248469554,7.42028764927845e-18,89.23230017473911,70.22767420812566
3.9599999999999596,344.3184954803526,25.456513634324207,-1.198512220266679e-17,2.476652014947894e-19,13.675517986176343,-1.2753776173370895e-17,7.145372210527141,6.989433032823798e-18,89.24135393801531,70.22801653205978
3.9699999999999593,345.2052629631871,25.55833616134311,-1.2074180802857095e-17,4.096562695039775e-19,13.676430115025079,-1.2306043765126143e-17,7.136212512709093,6.561918829793203e-18,89.25038713056455,70.22835941884959
3.979999999999959,346.09210221999297,25.6603241111571,-1.2163263890877536e-17,5.7200277886093885e-19,13.677358113791442,-1.1860925956131984e-17,7.127092820933469,6.1377811918861764e-18,89.2594194256929,70.22870286733948
3.989999999999959,346.9790131831788,25.762477122183462,-1.2252359665302843e-17,7.346279145374223e-19,13.678303179342624,-1.14184748791155e-17,7.118015260295647,5.7170577080412954e-18,89.2684383933752,70.22904687627721
3.9999999999999587,347.8659957597871,25.864794827693586,-1.2341456406887765e-17,8.974564648535337e-19,13.679266419582932,-1.0978741634447386e-17,7.1089804562788705,5.299783849236181e-18,89.2774492400464,70.22939144445526
4.009999999999959,348.75304971685205,25.96727682796138,-1.2430542460830348e-17,1.0604148028142073e-18,13.680248854905916,-1.0541776293784466e-17,7.099989560306708,4.885994691393205e-18,89.28644936761467,70.22973657064861
4.019999999999959,349.6401751030247,26.069922781407378,-1.2519606313269416e-17,1.2234308675374682e-18,13.681251420744115,-1.0107627903380693e-17,7.091044568694252,4.475724968353958e-18,89.29542446975921,70.23008225352103
4.0299999999999585,350.52737177435523,26.172732141765874,-1.2609863060841969e-17,1.3864341391535816e-18,13.682274259889919,-9.67634450412954e-18,7.08214397867726,4.0690063716773e-18,89.30440316976693,70.23042849193241
4.039999999999958,351.4146397082966,26.275704569607782,-1.2700094240881433e-17,1.530052368550383e-18,13.683307425796277,-9.329577524552891e-18,7.073289458685708,3.6658721489185506e-18,89.31336396067685,70.2307752840521
4.049999999999958,352.30197881056586,26.37883970870483,-1.2790290518480145e-17,1.6733064634824224e-18,13.684351961793817,-8.98508502359302e-18,7.06446975371623,3.3430966000691183e-18,89.32232125825172,70.2311226287472
4.059999999999958,353.189388989981,26.482137204218244,-1.288044264007971e-17,1.8161488087121542e-18,13.6854088278954,-8.642904273988257e-18,7.055686354345404,3.023135544346243e-18,89.33126772483341,70.23147052482807
4.069999999999958,354.0768701540748,26.585596701728868,-1.2970541434039629e-17,1.958532855493788e-18,13.686478903946691,-8.303071749193054e-18,7.0469400638241195,2.7060144512509606e-18,89.34020366604001,70.2318189711098
4.079999999999957,354.9644220941857,26.689217819333162,-1.3060577796553686e-17,2.1004131096562293e-18,13.687562991630282,-7.965623126321836e-18,7.038231636634096,2.391758096144127e-18,89.34912894071644,70.23216796640881
4.089999999999957,355.85204483454356,26.793000232537118,-1.3150542739320253e-17,2.241745119767118e-18,13.68866181650357,-7.630593289144326e-18,7.029562673830389,2.0803908187740254e-18,89.35803167081013,70.23251750944885
4.099999999999957,356.739738234598,26.896943577893055,-1.3240427338222478e-17,2.3824854655339987e-18,13.689776031693626,-7.298016330539345e-18,7.020931891669629,1.7719354243184395e-18,89.36693563566344,70.23286759914727
4.109999999999957,357.6275022509155,27.00104751656313,-1.333022276764154e-17,2.5225917458163118e-18,13.690906216406617,-6.967925556866512e-18,7.0123411143788585,1.4664149240673879e-18,89.3758239986631,70.23321823429006
4.119999999999957,358.5153367916376,27.10531169910358,-1.3419920283789833e-17,2.6620225672483225e-18,13.692052880302755,-6.640353490309757e-18,7.003789997349079,1.163851109537708e-18,89.38470667372084,70.23356941374614
4.129999999999956,359.40324160202954,27.20973573346885,-1.3509511214791674e-17,2.8007375325618122e-18,13.693216463955213,-6.31533187268132e-18,6.995279285242035,8.642653165462555e-19,89.39357871011048,70.23392113634864
4.139999999999956,360.2912167730113,27.31431914991268,-1.3598987022958442e-17,2.938697225357372e-18,13.694397085916444,-5.9928916818579305e-18,6.986810578218552,5.676782100852309e-19,89.402423416275,70.23427340078706
4.149999999999956,361.17926211591566,27.419061584134475,-1.3688339224537754e-17,3.075863042360251e-18,13.69558458859979,-5.6730636818075575e-18,6.9783812379887165,2.7410944492041155e-19,89.41127419263866,70.23462620548867
4.159999999999956,362.0673776357552,27.523962719320505,-1.3777559445531358e-17,3.212197493246178e-18,13.69677954655885,-5.3558773374468515e-18,6.969983022826256,-1.6421702829134444e-20,89.420104483322,70.23497954923641
4.1699999999999555,362.9555632104225,27.62902220837371,-1.3865410821096276e-17,3.3476640387869862e-18,13.69798246935452,-5.041361343082155e-18,6.961614862569218,-3.0389675750966055e-19,89.42893406180879,70.23533343097348
4.179999999999955,363.8438187792313,27.734239719695267,-1.3953094259478705e-17,3.501553400722832e-18,13.69919380049605,-4.64793399022503e-18,6.953278163673142,-5.882979563672804e-19,89.43774993185161,70.23568784954084
4.189999999999955,364.73214425108455,27.83961491496406,-1.4040599738293964e-17,3.654719455198284e-18,13.700413921127092,-4.257917310865737e-18,6.944972772753909,-9.463697202582105e-19,89.4465583579709,70.23604280383174
4.199999999999955,365.6205393893339,27.945147421053033,-1.4127917338312052e-17,3.8071100004129195e-18,13.701643150874206,-3.871345506739324e-18,6.9366991982615565,-1.3005018839354633e-18,89.45535622427474,70.23639829271676
4.209999999999955,366.5090042490788,28.05083693643431,-1.4215037271264976e-17,3.9586741528128174e-18,13.702881750035857,-3.4882518133983476e-18,6.928458804110289,-1.6506748402423596e-18,89.46412864978412,70.23675431494901
4.2199999999999545,367.3975386590212,28.15668310540468,-1.4301949850363813e-17,4.109362331078567e-18,13.7041299234367,-3.1086685041879083e-18,6.920249433756329,-1.9968690012167157e-18,89.4729054330494,70.23711086952314
4.229999999999954,368.28614260958386,28.262685612354495,-1.4388645511857583e-17,4.2591262390803784e-18,13.70538781776622,-2.732626897456325e-18,6.912072958479553,-2.339066663608365e-18,89.4816634365627,70.237467955251
4.239999999999954,369.1748159941739,28.3688441189904,-1.447388523864227e-17,4.407918850364437e-18,13.706655526606548,-2.360157360100388e-18,6.903928136417558,-2.677250035679047e-18,89.49041917630969,70.23782557107974
4.249999999999954,370.06355873913526,28.475158295879183,-1.455886977165221e-17,4.575033479998933e-18,13.707933089650247,-1.9096766417134766e-18,6.895815705118015,-3.0114028636472446e-18,89.49916273406524,70.23818371587988
4.259999999999954,370.9523707545762,28.58162781053444,-1.4643587976149192e-17,4.741301412441992e-18,13.709220495750623,-1.4635118064827237e-18,6.887735330022322,-3.4182793792663177e-18,89.50789746882616,70.23854238855193
4.269999999999953,371.8412518190251,28.688252299260146,-1.47280288521898e-17,4.9066608530760585e-18,13.71051768400378,-1.0216982019777598e-18,6.879687011137948,-3.820262121426989e-18,89.51662171591589,70.23890158798598
4.279999999999953,372.7302019746997,28.795031463369025,-1.481218153993857e-17,5.071051625709806e-18,13.711824545539194,-5.842700353113192e-19,6.871671609785977,-4.217333513799536e-18,89.52532202298057,70.23926131296685
4.289999999999953,373.619221063709,28.90196495650246,-1.489603531702646e-17,5.234415151873803e-18,13.713140926987766,-1.512603786063901e-19,6.863686840111372,-4.6094750632659334e-18,89.53402532901794,70.23962156249866
4.299999999999953,374.50830906526267,29.009052466561293,-1.4979579600111786e-17,5.396694428914755e-18,13.71446662804669,2.7729882194828347e-19,6.855733995741287,-4.99667155563141e-18,89.54271118168296,70.23998233542468
4.3099999999999525,375.3974658844389,29.116293664406413,-1.50628039469985e-17,5.557834009935897e-18,13.71580140594266,7.013767410681472e-19,6.847811694386371,-5.37890694374664e-18,89.5513935858797,70.2403436307038
4.319999999999952,376.28669143805234,29.223688224680046,-1.5145698057022548e-17,5.717779982680123e-18,13.717144974833243,1.1209436662616445e-18,6.839920157047045,-5.75616736201518e-18,89.5600649621722,70.24070544723733
4.329999999999952,377.1759856372795,29.33123582158176,-1.5228251772361995e-17,5.876479949419714e-18,13.718497008343046,1.5359709915297476e-18,6.832058897189984,-6.1284394027691375e-18,89.56872650515731,70.24106778393939
4.339999999999952,378.0653482721276,29.43893610064183,-1.5310455083835364e-17,6.033883006703944e-18,13.71985714078725,1.946431210221724e-18,6.8242275243378705,-6.495710730368628e-18,89.57737763399571,70.24143063972248
4.349999999999952,378.954779375483,29.546788767380676,-1.5392298116898637e-17,6.18993972536892e-18,13.721224968631521,2.3522979079726813e-18,6.816426513834018,-6.857970871712347e-18,89.58600595928044,70.2417940134025
4.3599999999999515,379.8442787992702,29.654793484243367,-1.5475002390810472e-17,6.344602131280494e-18,13.722600053641003,2.753545756636545e-18,6.808653474914877,-7.21520744883063e-18,89.59463629808883,70.24215790399761
4.369999999999951,380.73384651508877,29.762949943671348,-1.555734661181333e-17,6.478461136461207e-18,13.723981920578163,3.0685322528737736e-18,6.80090926628467,-7.567412390330922e-18,89.60325015212531,70.2425223103807
4.379999999999951,381.62348243494586,29.871257824519436,-1.5639323266795118e-17,6.610619211557647e-18,13.725370061221636,3.3795395441925325e-18,6.793192387734777,-7.837792228528987e-18,89.61185974761351,70.24288723152581
4.389999999999951,382.51318629575786,29.97971676370643,-1.57221566388955e-17,6.741051164965275e-18,13.726763933858912,3.6865533291682194e-18,6.7855026917796435,-8.103956916812256e-18,89.62045898977549,70.24325266636119
4.399999999999951,383.40295818526755,30.088326484354724,-1.5804627347644176e-17,6.850364100665312e-18,13.72816296544577,3.907940444231761e-18,6.777840902478337,-8.365905551223403e-18,89.62902997541603,70.24361861367345
4.40999999999995,384.2927979013004,30.19708663986012,-1.5885498270980918e-17,6.957688449482434e-18,13.729566555447454,4.125995350278437e-18,6.770203651575419,-8.546845805313087e-18,89.63760855695327,70.24398507254016
4.41999999999995,385.18270547144203,30.305996940313005,-1.596597669650896e-17,7.082393204137346e-18,13.730974071800489,4.4223347662600475e-18,6.7625924788402925,-8.724399987489683e-18,89.6461650967282,70.24435204180354
4.42999999999995,386.07268075386105,30.415057055340913,-1.604728793807826e-17,7.205317260240186e-18,13.732384856459705,4.71464708547698e-18,6.755004900343394,-8.975358937948348e-18,89.65472307358723,70.24471952049714
4.43999999999995,386.9627237166168,30.5242666820268,-1.6128212576889728e-17,7.307062355830384e-18,13.733798223127796,4.92130007159332e-18,6.747441473806772,-9.222105829509455e-18,89.66326516510271,70.24508750751791
4.4499999999999496,387.8528342731492,30.63362550486579,-1.620874589996792e-17,7.406770020258791e-18,13.735213460956334,5.1245934095165146e-18,6.739900591150538,-9.387848712935528e-18,89.67180259768722,70.24545600185549
4.459999999999949,388.74301216661183,30.743133167347413,-1.6288883324778334e-17,7.504439290933604e-18,13.736629834029266,5.324525980041916e-18,6.732381881630559,-9.550214722012431e-18,89.68032978213404,70.24582500245695
4.469999999999949,389.63325748155097,30.852789396704797,-1.6368620349711038e-17,7.600069674653013e-18,13.738046583300894,5.521097253373595e-18,6.724885848651033,-9.709212035648507e-18,89.68882930174291,70.24619450813105
4.479999999999949,390.5235700205036,30.962593852074622,-1.6449185495891095e-17,7.6936611418903e-18,13.739462930226361,5.714307284627028e-18,6.717409055659328,-9.864843682518972e-18,89.69733604784403,70.24656451796908
4.489999999999949,391.41394980964594,31.07254624758481,-1.6529361175647828e-17,7.765826815081488e-18,13.740878072703588,5.822532571860097e-18,6.70995280878396,-1.0017120144385059e-17,89.70582118432135,70.24693503083252
4.4999999999999485,392.30439671035066,31.182646257724087,-1.661037831794566e-17,7.83573991294035e-18,13.742291190371208,5.928086731457651e-18,6.702514539802287,-1.0089249897294158e-17,89.71430756527118,70.24730604576841
4.509999999999948,393.1949106910626,31.292893583490354,-1.6691021201619223e-17,7.88402890118019e-18,13.743701442277457,5.949354252744876e-18,6.695094622985816,-1.0158873923213008e-17,89.72277833456143,70.24767756169
4.519999999999948,394.08549166713226,31.40328791336233,-1.6771289704854975e-17,7.92989020291966e-18,13.745107970379488,5.968658693316363e-18,6.687691349607499,-1.0149205125823874e-17,89.73124442924397,70.2480495776
4.529999999999948,394.9761393849756,31.513828894810317,-1.6849950243755048e-17,7.973362375527123e-18,13.746509898925519,5.986018193621789e-18,6.680304212787742,-1.013789044013131e-17,89.73970041208325,70.24842209245885
4.539999999999948,395.8668539299412,31.62451625819827,-1.692821680832072e-17,8.033881201886747e-18,13.747906336235541,6.0830776053675454e-18,6.672933581523013,-1.0124949681647961e-17,89.7481289988307,70.2487951050886
4.549999999999947,396.75763510635403,31.7353496656577,-1.700608759826844e-17,8.092301776665953e-18,13.74929637818452,6.177539943651278e-18,6.665575954253949,-1.0187198926273955e-17,89.75656483104657,70.24916861459096
4.559999999999947,397.6484829430115,31.84632883422305,-1.7083560879100194e-17,8.148642856586834e-18,13.750679104031335,6.269415877594291e-18,6.658232513806301,-1.0247023268340518e-17,89.76497916562171,70.24954261983741
4.569999999999947,398.5393973016118,31.957453440356936,-1.7160635024252198e-17,8.20292323250604e-18,13.752053581583487,6.3587164056799594e-18,6.6509006093468965,-1.0304434064086646e-17,89.77339494152884,70.2499171198847
4.579999999999947,399.43037815504766,32.06872318770636,-1.723730848345493e-17,8.25516172688247e-18,13.753418864712184,6.4454528497436865e-18,6.643580538782355,-1.0359447534264307e-17,89.78179506161622,70.25029211365259
4.589999999999947,400.3214254211975,32.18013776656578,-1.7313579800608896e-17,8.305377193638091e-18,13.754773996765488,6.529636851162353e-18,6.636270492804881,-1.0412076905572585e-17,89.79019088210723,70.25066760015267
4.599999999999946,401.2125388468935,32.29169682530971,-1.7388213133541683e-17,8.353588516275818e-18,13.756118009755795,6.6112803654709915e-18,6.6289699061840555,-1.0462337640162955e-17,89.79857676463897,70.2510435783513
4.609999999999946,402.10371852241866,32.40340009599761,-1.7462422073415425e-17,8.419226273225332e-18,13.757449926046805,6.772025568571196e-18,6.621679090610494,-1.0510246864726565e-17,89.80693520232487,70.25142004707351
4.619999999999946,402.99496425106855,32.51524724057245,-1.753620352098689e-17,8.4831126704213e-18,13.758768761752622,6.929565577838384e-18,6.614394475845653,-1.063262496812596e-17,89.81530129947426,70.2517970054266
4.629999999999946,403.88627606842573,32.62723797744278,-1.7609554450376724e-17,8.545248016665398e-18,13.760073522358883,7.083905405598802e-18,6.607117222257283,-1.0751847197519436e-17,89.82364569455989,70.25217445228131
4.6399999999999455,404.7776538337185,32.739371981767434,-1.7682471959375912e-17,8.60563306463723e-18,13.761363207870566,7.235050572249487e-18,6.599844591127012,-1.086792230634932e-17,89.83199212448132,70.25255238669887
4.649999999999945,405.66909752848323,32.85164895822723,-1.7754953231239e-17,8.664269002375383e-18,13.762636810077959,7.383007098862014e-18,6.592576902037257,-1.0980864493867872e-17,89.84032253861149,70.25293080759455
4.659999999999945,406.56060706735093,32.96406859483965,-1.782699555859164e-17,8.7211574472054e-18,13.763893316000164,7.52778150254615e-18,6.585312238204805,-1.1090684671470901e-17,89.84864942662175,70.25330971398326
4.669999999999945,407.4521823784686,33.07663058247788,-1.7898596332552776e-17,8.776300437957892e-18,13.765131706781935,7.669380789760152e-18,6.57805009441623,-1.119739653115636e-17,89.85696592853081,70.25368910482361
4.679999999999945,408.3438233840293,33.18933461006498,-1.7969753044864055e-17,8.82970042835324e-18,13.766350959448458,7.807812450886073e-18,6.570789366133426,-1.1301013159640271e-17,89.86527340722843,70.25406897908385
4.689999999999944,409.2355298837873,33.30218033595818,-1.8040463303872527e-17,8.881360279956632e-18,13.767550047419016,7.94308445423766e-18,6.563529094077002,-1.1401548291633806e-17,89.87357123379834,70.25444933572564
4.699999999999944,410.12730192413215,33.41516747810919,-1.8110724782084332e-17,8.931283255296376e-18,13.768727941301348,8.075205240180384e-18,6.556269193350326,-1.1499017581726765e-17,89.88184686370454,70.25483017360746
4.709999999999944,411.01913935930855,33.52829570692032,-1.818053527766449e-17,8.979473011716677e-18,13.769883611424573,8.204183716013462e-18,6.549006829458612,-1.1593432240670813e-17,89.89012549953915,70.2552114917889
4.719999999999944,411.91104218355474,33.64156472623753,-1.8249892666277573e-17,9.025933593083077e-18,13.771016024766048,8.33002924835027e-18,6.541742429943891,-1.1684809619975708e-17,89.89838746807155,70.255593289169
4.729999999999944,412.80301030507286,33.75497421814164,-1.8318794933401662e-17,9.070669424155877e-18,13.772124148535358,8.452751658435371e-18,6.534473960973517,-1.17731630531256e-17,89.90664706435501,70.25597556475977
4.739999999999943,413.69504366661596,33.868523872289614,-1.838724015607659e-17,9.113685303021433e-18,13.77320694868935,8.572361215212536e-18,6.52720106644075,-1.1858509252482865e-17,89.91489546557362,70.25635831749963
4.749999999999943,414.5871421946364,33.9822133734498,-1.8455226509925744e-17,9.15498639492515e-18,13.774263391875625,8.688868629892885e-18,6.519922503067406,-1.1940863678251048e-17,89.9231361810181,70.25674154635259
4.759999999999943,415.47930568249615,34.0960423727755,-1.8521515681860646e-17,9.194578225424318e-18,13.775292445521355,8.802285049699221e-18,6.5126374079478975,-1.2020242833173807e-17,89.93136751824836,70.25712525026616
4.769999999999943,416.3715341918504,34.210010585919655,-1.8587322975838804e-17,9.251906210541764e-18,13.776293078683757,8.994258540433062e-18,6.505345792803044,-1.2096665180981842e-17,89.93957583609223,70.25750942807437
4.7799999999999425,417.26382756908646,34.32411767488783,-1.8653881816077522e-17,9.30775190878327e-18,13.77726426464854,9.182473266694828e-18,6.498044708317099,-1.224696920363776e-17,89.9477885504569,70.2578940788289
4.789999999999942,418.15618582564224,34.4383633408503,-1.871997162994533e-17,9.342660762764223e-18,13.778204977414324,9.28529660389608e-18,6.490734774205492,-1.2393514470890303e-17,89.95598361488264,70.25827920140034
4.799999999999942,419.04860886038824,34.552747256297096,-1.8786828231579487e-17,9.375848877522046e-18,13.779114195539517,9.385062450217266e-18,6.483413818859667,-1.24594848167468e-17,89.96417788400527,70.25866479479149
4.809999999999942,419.9410966352221,34.66726910783928,-1.8853232920780543e-17,9.387879283390982e-18,13.779990900170697,9.400146690499861e-18,6.476081717680689,-1.2522558533481855e-17,89.97235981445377,70.25905085790829
4.819999999999942,420.83364908167533,34.78192857335608,-1.8919186480304705e-17,9.397990562420987e-18,13.780834077298618,9.412892990076571e-18,6.468737066217824,-1.2505924179485608e-17,89.98053582350676,70.25943738970433
4.8299999999999415,421.7262659837366,34.89672529313629,-1.8983452273856856e-17,9.406210168028776e-18,13.781642717315458,9.423323697624579e-18,6.461379152438028,-1.2487266092023052e-17,89.98870277441551,70.25982438910373
4.839999999999941,422.61894742295266,35.01165897873882,-1.9047249059590107e-17,9.432014104671141e-18,13.78241581598865,9.513099961730053e-18,6.454008139136713,-1.2466609923838148e-17,89.99684554014772,70.26021185490366
4.849999999999941,423.51169323482776,35.12672928011671,-1.91105759418864e-17,9.456195741100388e-18,13.78315237719192,9.599913661126254e-18,6.446620936409687,-1.252080733594791e-17,90.0049945284741,70.26059978614185
4.859999999999941,424.404503452671,35.24193589400328,-1.9173432080413726e-17,9.478763374124754e-18,13.78385140883821,9.683779745039288e-18,6.439218435275301,-1.2572217515304641e-17,90.01312453635579,70.26098818164812
4.869999999999941,425.2973779629448,35.35727847965332,-1.923581674770669e-17,9.499725598118014e-18,13.784511927116844,9.764713533202099e-18,6.431798298861983,-1.2620857229369955e-17,90.02125576598463,70.26137704041005
4.87999999999994,426.19031675141014,35.47275671891322,-1.9297729286537122e-17,9.519091297642893e-18,13.785132953924023,9.842730708461237e-18,6.424360711783258,-1.2666748460359518e-17,90.02937316015347,70.26176636128884
4.88999999999994,427.0833197549249,35.58837027997932,-1.9359169134604925e-17,9.536869642162826e-18,13.785713519560609,9.91784731157855e-18,6.416904079187447,-1.2709909931224714e-17,90.03748684234445,70.2621561432218
4.89999999999994,427.976386912396,35.704118829755515,-1.9420135815086685e-17,9.553070079337346e-18,13.786252661644342,9.990079734462316e-18,6.409427893582994,-1.2750362769226892e-17,90.04559177376387,70.26254638510021
4.90999999999994,428.8695181630836,35.82000203338478,-1.948062893619859e-17,9.567702329239457e-18,13.786749426285496,1.0059444714334663e-17,6.401931290987237,-1.2788127630698418e-17,90.05368812707304,70.26293708581095
4.9199999999999395,429.76271332862933,35.93601952524486,-1.9540648211437927e-17,9.580776378311277e-18,13.787202868464757,1.0125959327571415e-17,6.39441343200249,-1.2823225453841766e-17,90.0617759006726,70.26332824423491
4.929999999999939,430.6559724688099,36.05217099598495,-1.9600193395632843e-17,9.592302473372256e-18,13.787612052425754,1.0189640983550287e-17,6.386874349499428,-1.2855679151094938e-17,90.06984302038917,70.26371985914912
4.939999999999939,431.54929545462744,36.168456088132544,-1.9658025417154712e-17,9.602291116350657e-18,13.78797605385165,1.0250507419220982e-17,6.379311511122082,-1.2885506682863858e-17,90.07791381194654,70.26411192952058
4.949999999999939,432.4426823003594,36.284874477190826,-1.971536344885512e-17,9.630210672555681e-18,13.788293956587058,1.0390217374446541e-17,6.371725480964544,-1.2912732490895169e-17,90.08596892112251,70.26450445415372
4.959999999999939,433.3361329257833,36.40142581348854,-1.977344480297674e-17,9.656829340581118e-18,13.78856485590559,1.0526455002720335e-17,6.36411444175034,-1.3014219729990769e-17,90.09402296700243,70.2648974319644
4.9699999999999385,434.2296473003868,36.51810975735129,-1.9831048181738237e-17,9.662681105407944e-18,13.788787856663651,1.0577590210437424e-17,6.356478302073051,-1.3112312127849066e-17,90.10206623952195,70.26529086178333
4.979999999999938,435.12322537033776,36.63492596121608,-1.9888173801296624e-17,9.667002599297816e-18,13.788962075100564,1.0625968919074604e-17,6.348815948098056,-1.3130181576973823e-17,90.110103783002,70.26568474247505
4.989999999999938,436.0168669398608,36.75187404042648,-1.9944821984048694e-17,9.66980636404238e-18,13.789086638407209,1.0671610837567476e-17,6.341126804463565,-1.314552881132494e-17,90.11813316878583,70.26607907287737
4.999999999999938,436.91057210030044,36.868953678234085,-2.000099307764687e-17,9.67110514869401e-18,13.789160685409515,1.071453596262676e-17,6.333411168885674,-1.3158379101072263e-17,90.12613982694224,70.26647385170295
5.009999999999938,437.80434070355403,36.9861644970272,-2.0056687552600602e-17,9.670911904877286e-18,13.789183369046192,1.0754764573395446e-17,6.3256662724777355,-1.3168751504993978e-17,90.13415309335409,70.26686907789355
5.019999999999937,438.6981727975781,37.10350616474215,-2.0111905919733155e-17,9.669239779662156e-18,13.789153852253877,1.0792317223564936e-17,6.317893130574976,-1.3176673149452331e-17,90.14214842148087,70.26726475018552
5.029999999999937,439.5920682813299,37.22097831047885,-2.0167888896085673e-17,9.666102111528485e-18,13.789071311949176,1.0827214736627155e-17,6.310089660652867,-1.3182164834433259e-17,90.15014582847598,70.26766086746893
5.039999999999937,440.4860271601052,37.33858058685612,-2.0223416773801157e-17,9.642053553527532e-18,13.788934936292726,1.077783729145378e-17,6.302256258488178,-1.3185252707529784e-17,90.15813002141421,70.2680574285027
5.049999999999937,441.3800493792997,37.45631262935694,-2.027849222366625e-17,9.6163518456288e-18,13.788743927261486,1.0726541816323702e-17,6.294391515785859,-1.310910658170381e-17,90.16611183534458,70.26845443212513
5.0599999999999365,442.27413490228145,37.57417407528965,-2.0333117969638407e-17,9.589029751891585e-18,13.78849749927357,1.067335783587017e-17,6.286495222591154,-1.3031441192431064e-17,90.17408509349083,70.26885187711662
5.069999999999936,443.16828368516417,37.69216455758566,-2.038729679227989e-17,9.560119777913562e-18,13.788194880370144,1.0618314904207299e-17,6.278566632556156,-1.2952285048202011e-17,90.18205158693976,70.26924976226377
5.079999999999936,444.0624955569854,37.81028367534165,-2.0439790805767584e-17,9.529654171493996e-18,13.78783531218265,1.0561442599695666e-17,6.2706051945019805,-1.2871667008262179e-17,90.19001052461739,70.26964808633831
5.089999999999936,444.95677060453534,37.92853108798741,-2.049182387969016e-17,9.517121762547284e-18,13.787418050280872,1.0584410896541736e-17,6.262611229230462,-1.2789617640979932e-17,90.19794885059926,70.27004684799773
5.099999999999936,445.85110870208206,38.04690640030204,-2.0544638054255583e-17,9.503312304306459e-18,13.786942366343768,1.060491370688042e-17,6.254582343443238,-1.2783019891902019e-17,90.20589289330346,70.2704460461032
5.1099999999999355,446.745509895959,38.165409256368655,-2.0597013148417388e-17,9.468782926010998e-18,13.78640754440005,1.0541332690208967e-17,6.24651948608359,-1.2774210391784169e-17,90.21382085296611,70.27084567933132
5.119999999999935,447.63997410500957,38.284039266338844,-2.065019349826228e-17,9.432786937256552e-18,13.785812884322013,1.0476025355917063e-17,6.238420907067582,-1.268635076029714e-17,90.221750288077,70.27124574649139
5.129999999999935,448.5345013358644,38.40279605899043,-2.070296070867858e-17,9.375902482640275e-18,13.785157699369325,1.0327382174000574e-17,6.230286985105162,-1.2597164577772384e-17,90.22966809968834,70.2716462462781
5.139999999999935,449.42909155127654,38.52167924954278,-2.075656137353929e-17,9.317399930165555e-18,13.784441318354522,1.01777686230613e-17,6.222116600549148,-1.2429817164225488e-17,90.23758322016671,70.272047177449
5.149999999999935,450.3237447189343,38.640688451520326,-2.080977884408743e-17,9.237877932026554e-18,13.78366308447026,9.9455836171681e-18,6.2139095756253795,-1.2262037570253248e-17,90.24549110659449,70.27244853871582
5.159999999999934,451.2184608059571,38.759823275377215,-2.0862620170397e-17,9.156622701645207e-18,13.78282235614746,9.713200069386842e-18,6.205665408196055,-1.201699436481148e-17,90.2533922107834,70.27285032878457
5.169999999999934,452.11323965759726,38.87908329871263,-2.0915092430610444e-17,9.07370202908127e-18,13.781918507145988,9.480663431003651e-18,6.197383651993844,-1.1772422297855175e-17,90.2612864207453,70.27325254635082
5.179999999999934,453.0080813667587,38.998468156656784,-2.096720266939558e-17,8.989182591496305e-18,13.780950926722758,9.248018695392753e-18,6.189064732917579,-1.1528359954661841e-17,90.26916120738333,70.27365518999925
5.189999999999934,453.9029858212726,39.11797743124006,-2.1020200120664415e-17,8.903129966315897e-18,13.779919021652361,9.01531039533462e-18,6.180706505229061,-1.1284840650082722e-17,90.2770418634349,70.27405825850863
5.199999999999934,454.79795307665,39.23761074241767,-2.1072869459345338e-17,8.796163944066992e-18,13.77882221254025,8.700945227849001e-18,6.1723100017424155,-1.1041903132929721e-17,90.28490734448329,70.27446175047852
5.209999999999933,455.6929830625968,39.35736767636686,-2.11264620845602e-17,8.687577677893008e-18,13.777659937136264,8.387300928927418e-18,6.163873673896617,-1.072271095796126e-17,90.2927747575125,70.27486566463648
5.219999999999933,456.5880757980155,39.47724783795742,-2.1179764322688306e-17,8.558011201526491e-18,13.776431647868455,7.9927920467079e-18,6.155398033428571,-1.0405008490278865e-17,90.30063117015615,70.27526999959592
5.229999999999933,457.4832312537706,39.597250817234666,-2.1231544368873698e-17,8.426770643779035e-18,13.775136813916221,7.599802539083368e-18,6.146882115547143,-1.0011961577279808e-17,90.30848565568564,70.27567475403342
5.239999999999933,458.37844941294753,39.717376204083735,-2.1283035924426174e-17,8.31339082382252e-18,13.773774919943433,7.290025675698239e-18,6.138325924677958,-9.621319221470281e-18,90.31633324064494,70.27607992657538
5.2499999999999325,459.2737302545527,39.83762358423144,-2.1334247852319883e-17,8.198744740507528e-18,13.772345466953801,6.981185313897918e-18,6.129729066248148,-9.309998072087529e-18,90.32417511861092,70.27648551584771
5.259999999999932,460.1690736304257,39.95799250905349,-2.138518900205288e-17,8.082907010814355e-18,13.7708479722014,6.6733293445667954e-18,6.121091276002151,-9.000327372629328e-18,90.3320108144163,70.27689152046217
5.269999999999932,461.0644796509142,40.07848258984119,-2.1435868164837822e-17,7.965950850267794e-18,13.76928196934745,6.3665049678701304e-18,6.112413163562582,-8.692344625206807e-18,90.33982725147095,70.27729793891457
5.279999999999932,461.959948207548,40.19909338126986,-2.148629412364442e-17,7.847948090173297e-18,13.767647010500697,6.060758692206329e-18,6.10369268965854,-8.386082899378657e-18,90.34765083251098,70.27770476990294
5.289999999999932,462.85547937649466,40.31982447984695,-2.153647560944787e-17,7.728969193241559e-18,13.765942662291181,5.756136333572553e-18,6.094931121380666,-8.081579271878983e-18,90.35545910064663,70.27811201193408
5.299999999999931,463.7510730882152,40.440675443289685,-2.1586421331913597e-17,7.609083270750271e-18,13.764168509339179,5.4526830146697214e-18,6.086126967839569,-7.77886640160574e-18,90.36327089689539,70.27851966365607
5.309999999999931,464.6467293855152,40.56164585346178,-2.1636139953439436e-17,7.488358098110241e-18,13.76232415145971,5.150443164459161e-18,6.077281024381531,-7.47797930243628e-18,90.37107124729827,70.27892772358592
5.319999999999931,465.5424482370154,40.68273527087029,-2.1685640103895194e-17,7.366860131327524e-18,13.760409205986184,4.849460517523755e-18,6.0683923344987365,-7.178950105630127e-18,90.37887159233323,70.27933619032221
5.329999999999931,466.4382296529853,40.803943262886854,-2.173493036910924e-17,7.244654522468285e-18,13.758423306082449,4.54977811379341e-18,6.059461235638171,-6.881811876886652e-18,90.38666427859825,70.27974506239123
5.339999999999931,467.334073624996,40.92526938903099,-2.178401929393854e-17,7.121805135494223e-18,13.75636610194552,4.251438298182101e-18,6.050487291539959,-6.58659610865706e-18,90.39445350936587,70.28015433834254
5.34999999999993,468.22998000070334,41.04671317028199,-2.1832915388281905e-17,6.998374561586467e-18,13.754237260201448,3.954482720461095e-18,6.04147049468977,-6.29333413195734e-18,90.40223731042661,70.28056401669909
5.35999999999993,469.12594891996025,41.16827419554817,-2.188162709761981e-17,6.874424134454511e-18,13.75203646423385,3.658952335169186e-18,6.03241171487735,-6.002057477213022e-18,90.41000088693764,70.28097409585368
5.36999999999993,470.0219802669641,41.289951988098984,-2.193140728747938e-17,6.7500139457122384e-18,13.74976341642837,3.3648874014330972e-18,6.023308865976477,-5.712794078948739e-18,90.41777408995145,70.28138457442836
5.37999999999993,470.9180741507643,41.41174612267705,-2.1981039677841248e-17,6.6058033627610415e-18,13.747417833663642,2.990701070888808e-18,6.01416360113867,-5.425574893406245e-18,90.42553068760878,70.28179545082362
5.3899999999999295,471.8142304912824,41.533656124610694,-2.203053449052931e-17,6.461034221529496e-18,13.744999451301476,2.6187577539516455e-18,6.0049743312807635,-5.0635363853478566e-18,90.43329363690289,70.28220672361363
5.399999999999929,472.71044936761893,41.6556815546682,-2.207990187179014e-17,6.315782024315477e-18,13.74250801971096,2.249103592222376e-18,5.995742287535108,-4.704436761023039e-18,90.44104351577214,70.28261839120569
5.409999999999929,473.6067307345884,41.777821940010966,-2.2130396864154347e-17,6.170120652925999e-18,13.739943307215828,1.88178381473275e-18,5.986466363326835,-4.348306996629993e-18,90.44879655820097,70.28303045212668
5.419999999999929,474.5030746422059,41.900076827635736,-2.218080433976034e-17,6.0047375213502965e-18,13.737305097626582,1.4352198506099244e-18,5.977147381725218,-3.9951787309283794e-18,90.45653997960845,70.28344290479006
5.429999999999929,475.39948107933407,42.02244574631656,-2.2232381358391903e-17,5.838872771584025e-18,13.73459319217127,9.917776495357384e-19,5.9677847040108425,-3.568186106227346e-18,90.46428346431422,70.28385574767614
5.4399999999999284,476.2959500677747,42.14492822949283,-2.2283914285492427e-17,5.653237704325498e-18,13.731807408010058,4.698867075927818e-19,5.958378759180653,-3.1450928132570292e-18,90.47202069059485,70.28426897920363
5.449999999999928,477.1924816150571,42.26752380378886,-2.2335416682635762e-17,5.467079966363913e-18,13.728947579175951,-4.808274162124543e-20,5.9489293616039465,-2.64903369328105e-18,90.47975496876798,70.28468259780706
5.459999999999928,478.0890755860239,42.39023195763292,-2.2386901993520366e-17,5.2805029098110255e-18,13.726013556045885,-5.620745017385912e-19,5.9394366581835465,-2.157777368385226e-18,90.48748477604518,70.28509660189778
5.469999999999928,478.98573213537907,42.51305224663723,-2.243838354975175e-17,5.093607521554534e-18,13.723005205541998,-1.0720337132396899e-18,5.929901677885451,-1.6713596020758399e-18,90.4951954411886,70.28551098975817
5.479999999999928,479.882451160201,42.6359841604237,-2.2489874556355847e-17,4.906492454757424e-18,13.719922413301347,-1.5779068500486252e-18,5.920322570311902,-1.1898141779527467e-18,90.50291657690259,70.28592575989741
5.489999999999927,480.77923278883895,42.759027241525885,-2.2541388104808423e-17,4.719254059777676e-18,13.716765079143988,-2.0796417133075526e-18,5.910701153340876,-7.131746347710887e-19,90.51062174710876,70.28634091060185
5.499999999999927,481.6760769497138,42.88218098055856,-2.259293715380552e-17,4.531986415007079e-18,13.713533121040495,-2.57718742832539e-18,5.901036005005112,-2.414728089438305e-19,90.5183345665191,70.2867564403364
5.509999999999927,482.5729837457232,43.00544490722934,-2.264453454529315e-17,4.3447813572565744e-18,13.710226471480661,-3.070494438327408e-18,5.891328585478344,2.252603526729601e-19,90.52603450571678,70.28717234739061
5.519999999999927,483.46995313572313,43.12881851295011,-2.2697439353002832e-17,4.157728511800798e-18,13.706845080536324,-3.559514500743447e-18,5.881577886133032,6.869950705429273e-19,90.53373936528729,70.28758863018604
5.5299999999999265,484.366985198072,43.25230131486622,-2.2750437655254095e-17,3.951579620942125e-18,13.703388913103213,-4.12581177461953e-18,5.871785023541341,1.1437028425184233e-18,90.54143433728773,70.2880052870148
5.539999999999926,485.2640799211391,43.37589280499585,-2.2803543805940837e-17,3.745539855539878e-18,13.699857951087491,-4.6870284645878365e-18,5.861949387231703,1.6722652749202452e-18,90.54913159445054,70.28842231625595
5.549999999999926,486.16123735966545,43.49959248819652,-2.285677201402503e-17,3.539711493158877e-18,13.69625219149292,-5.243112262103948e-18,5.852071764307252,2.194908206971075e-18,90.55682186270532,70.28883971620351
5.559999999999926,487.0584575305979,43.62339985690671,-2.291013633179279e-17,3.334194276184863e-18,13.692571647759868,-5.794012370682563e-18,5.842151927181007,2.7116017880556144e-18,90.5645118756268,70.28925748519498
5.569999999999926,487.9557404659907,43.74731440398124,-2.2963650658060702e-17,3.1290854466762156e-18,13.688816348669542,-6.3396794985967515e-18,5.8321903476475345,3.2223177301439492e-18,90.57219770298855,70.28967562152573
5.5799999999999255,488.8530861925538,43.87133561774899,-2.3017328733970836e-17,2.9244797807163913e-18,13.684986338864725,-6.880065852225364e-18,5.822187165651003,3.727028879026794e-18,90.57988083033672,70.29009412349252
5.589999999999925,489.750494598649,43.99546294965227,-2.3071184122483665e-17,2.7204696224654472e-18,13.68108167854226,-7.415125128794615e-18,5.812142669627974,4.225709436647117e-18,90.5875606496567,70.29051298937684
5.599999999999925,490.6479658538199,44.11969591611438,-2.3125230264714456e-17,2.517144917813558e-18,13.677102443460203,-7.944812509106182e-18,5.80205803813769,4.718335599849195e-18,90.59522293453352,70.29093221733542
5.609999999999925,491.5454998729547,44.24403396866534,-2.3180727921231308e-17,2.3145932473283745e-18,13.673048726986428,-8.469084651219666e-18,5.7919317198802345,5.2048825950785314e-18,90.60289641142845,70.29135180574453
5.619999999999925,492.44309680492813,44.36847661237492,-2.3236462575840858e-17,2.093614220794485e-18,13.668920635651386,-9.069498819191011e-18,5.7817656701712705,5.6853298924304186e-18,90.61055494898946,70.29177175276112
5.629999999999924,493.3407565901692,44.493023298692144,-2.3292449049443913e-17,1.8733601935927168e-18,13.664718293015676,-9.663713256400177e-18,5.7715586792751505,6.2365759265506955e-18,90.61822244237396,70.29219205672298
5.639999999999924,494.23847935784784,44.61767352165378,-2.334870201192619e-17,1.6539309892998473e-18,13.660441835949108,-1.02516810234152e-17,5.76131242407562,6.780842941120692e-18,90.62587749156665,70.29261271578672
5.649999999999924,495.1362650729339,44.74242673246347,-2.3405235915782532e-17,1.4354237530875702e-18,13.656091417773844,-1.0833356846588653e-17,5.751026020837886,7.318106720432902e-18,90.63353936005332,70.29303372825272
5.659999999999924,496.03411384586616,44.86728241445536,-2.3462065054069017e-17,1.2179329902803101e-18,13.651667205239681,-1.1408697106845574e-17,5.740700882240658,7.84834725112231e-18,90.64119117818086,70.29345509227664
5.6699999999999235,496.93202566514105,44.99224001842752,-2.3519203504516566e-17,1.0015506033438256e-18,13.647169380973722,-1.1977659831800673e-17,5.730336434930056,8.371543288293966e-18,90.64884777985985,70.29387680612263
5.679999999999923,497.83000062344945,45.11729901735148,-2.357666517595229e-17,7.86365929582066e-19,13.642598141121338,-1.2540204684579526e-17,5.719933841620861,8.887677410717871e-18,90.65649662236137,70.29429886794487
5.689999999999923,498.72803873178606,45.242458861463604,-2.3634463765516942e-17,5.724657774234351e-19,13.637953697133787,-1.309629295515881e-17,5.709492823669952,9.396731393449475e-18,90.66414831458306,70.29472127597238
5.699999999999923,499.6261400660869,45.36771901372227,-2.3692612791111988e-17,3.599344632423323e-19,13.633236274043893,-1.364588754922469e-17,5.699014308080097,9.898690286676844e-18,90.67179443481845,70.29514402835733
5.709999999999923,500.5243046588023,45.49307892364995,-2.3751125563979216e-17,1.4885384700326683e-19,13.628446111623404,-1.4188952978755483e-17,5.688498295204996,1.039353892207438e-17,90.6794415739795,70.2955671232948
5.7199999999999225,501.42253257011623,45.618538044550554,-2.3810015205083518e-17,-6.069663180260938e-20,13.623583463262008,-1.4725455350919177e-17,5.677945490594553,1.0881264710526074e-17,90.68708522301844,70.29599055893446
5.729999999999922,502.3208238484711,45.744095824017045,-2.3869294633748843e-17,-2.686399191023637e-19,13.618648596526647,-1.5255362357920358e-17,5.667356157848073,1.1361855564834138e-17,90.69472816435155,70.29641433343868
5.739999999999922,503.2191783911944,45.869751670202625,-2.392772734300374e-17,-4.749013111950185e-19,13.61364179261211,-1.577864326593708e-17,5.656730823556665,1.1835301214511476e-17,90.70236913956468,70.29683844495044
5.749999999999922,504.11759640214854,45.995505062378186,-2.398655515107682e-17,-6.602105657903741e-19,13.608563346402518,-1.6213690620196102e-17,5.646070918031053,1.2301594666273565e-17,90.70999262000977,70.29726289147949
5.759999999999922,505.01607779778857,46.12135540773382,-2.4044538990006032e-17,-8.434784580445552e-19,13.603413568666765,-1.664275887104502e-17,5.63537497482638,1.2683786167966605e-17,90.71762993213629,70.29768767127574
5.769999999999921,505.91462276843407,46.24730217670932,-2.41029186331075e-17,-1.0054735489183764e-18,13.598192781185144,-1.6984255209439854e-17,5.624645299624041,1.3059650368277168e-17,90.72525159719333,70.2981127823455
5.779999999999921,506.81323124857613,46.373344775393335,-2.4161702179399187e-17,-1.1651145877252224e-18,13.592901321071706,-1.7320441576161932e-17,5.613880662409434,1.3352242196480956e-17,90.73288559765506,70.29853822290876
5.789999999999921,507.71190341602824,46.499482665783226,-2.4220897633798597e-17,-1.3223755929992081e-18,13.587539536404043,-1.7651310458062777e-17,5.603083184512731,1.3639345650303518e-17,90.74050568881626,70.29896399096802
5.799999999999921,508.61063922221183,46.62571525273121,-2.4281762713323782e-17,-1.4772318529975203e-18,13.582107790050516,-1.7976855407658658e-17,5.592251856539485,1.3920963026666247e-17,90.748136727157,70.29939008471459
5.809999999999921,509.50943883348106,46.75204199018904,-2.434307507650792e-17,-1.6488112428427431e-18,13.576606455770154,-1.8378638314634536e-17,5.581388629695985,1.4197104805777594e-17,90.7557554827257,70.29981650214671
5.81999999999992,510.4083022170683,46.878462281640665,-2.4404844058678206e-17,-1.8181575664750324e-18,13.571035921578451,-1.8774383064570097e-17,5.570492699388707,1.4544721048649187e-17,90.76338390641938,70.30024324142835
5.82999999999992,511.3072295289248,47.00497557339695,-2.4467078871979647e-17,-1.9852306037923966e-18,13.565396586284097,-1.9164078363618128e-17,5.559565860914376,1.488603855260685e-17,90.77100156132647,70.30067030055297
5.83999999999992,512.2062207509609,47.13158126744479,-2.4529788482825568e-17,-2.149991773342333e-18,13.559688862427404,-1.9547714165700904e-17,5.548607498658776,1.522105913064665e-17,90.7786277155897,70.30109767765866
5.84999999999992,513.1052760297913,47.25827880286651,-2.4592981728180686e-17,-2.312404105401493e-18,13.553913173220167,-1.9925281659523577e-17,5.53761926620604,1.554979178240001e-17,90.78624450121544,70.30152537073373
5.8599999999999195,514.0043953608578,47.385067580026096,-2.465791792581958e-17,-2.472432217875923e-18,13.548069955091144,-2.029677325894473e-17,5.526600721103981,1.5872240658136974e-17,90.79386872882458,70.30195337789168
5.869999999999919,514.9035788825141,47.511947031197074,-2.472337478002315e-17,-2.649143470072502e-18,13.54215965499496,-2.0743738047133223e-17,5.515553389399367,1.618841651142058e-17,90.80148487282568,70.30238169711515
5.879999999999919,515.8028266025738,47.63891655499736,-2.4790613398099105e-17,-2.8236222135274286e-18,13.536182732599414,-2.1183910231685873e-17,5.504476985995842,1.657527952591439e-17,90.80910751393864,70.3028103264946
5.889999999999919,516.7021386522157,47.76597557731854,-2.485841274455702e-17,-3.0149021407954273e-18,13.530139657929045,-2.1698829188266277e-17,5.4933729235518305,1.6955048882948294e-17,90.81672324008107,70.30323926400663
5.899999999999919,517.6015150504514,47.89312349491199,-2.492553321243274e-17,-3.204069502416297e-18,13.524030913229364,-2.2206227631911755e-17,5.4822410585383885,1.7404685108062913e-17,90.82434463206373,70.30366850771996
5.909999999999918,518.5009559223807,48.020359727721036,-2.499321750612878e-17,-3.3719931600442093e-18,13.517856990910296,-2.2624541275369684e-17,5.471082704343929,1.7846401983641225e-17,90.83196016006087,70.30409805560481
5.919999999999918,519.4004612970269,48.14768367051251,-2.5061474907846265e-17,-3.537457739821745e-18,13.511618395122758,-2.3036007301475617e-17,5.4598978432429535,1.820324243450604e-17,90.83958063731833,70.30452790570963
5.929999999999918,520.3000312945156,48.27509473772171,-2.51303145308978e-17,-3.700421717511239e-18,13.50531563996694,-2.3440619716744662e-17,5.448687703436977,1.8553012679471456e-17,90.84719618267484,70.30495805599786
5.939999999999918,521.1996659526826,48.40259232201529,-2.5199745248227547e-17,-3.860845371086511e-18,13.498949250816946,-2.3838373874551177e-17,5.437452377271051,1.8895722197192317e-17,90.85481607648778,70.30538850449915
5.949999999999918,522.0993653877944,48.53017583276707,-2.5269775759685753e-17,-4.0186907506354185e-18,13.49251976275849,-2.4229266460801587e-17,5.426193021803176,1.9231385226029028e-17,90.86243185034904,70.3058192491697
5.959999999999917,522.9991296452868,48.65784466043008,-2.5340414528554282e-17,-4.173921649992095e-18,13.486027721697631,-2.4613295481408915e-17,5.4149098237536855,1.9560013647043022e-17,90.87005148871474,70.30625028802203
5.969999999999917,523.8989588386918,48.7855982097692,-2.5411669841668598e-17,-4.326503577298715e-18,13.479473682992252,-2.4990460247896517e-17,5.403603883036172,1.988162368011745e-17,90.8776676977222,70.30668161900459
5.979999999999917,524.7988530198205,48.91343586891248,-2.54822974923421e-17,-4.476403727127921e-18,13.472858212381107,-2.5360761364546417e-17,5.392275465095107,2.0196229527990813e-17,90.88528740520076,70.30711324011428
5.989999999999917,525.6988123006042,49.041357038474125,-2.5553537614870093e-17,-4.604600446455883e-18,13.466181884773148,-2.5642671224985297e-17,5.3809256266500025,2.0503849376474847e-17,90.8929042513529,70.30754514929156
5.9999999999999165,526.5988367379922,49.169361104147804,-2.5625395952354463e-17,-4.729835919231907e-18,13.4594452850335,-2.5918428925001766e-17,5.369554696268841,2.072752976482184e-17,90.90052434891848,70.30797734451912
6.009999999999916,527.4989264434586,49.29744746286076,-2.569787808497452e-17,-4.8521014632464125e-18,13.452649006894301,-2.6188046841306864e-17,5.358163701374121,2.0945100503942454e-17,90.90814202943753,70.30840982372911
6.019999999999916,528.3990814778408,49.42561549776465,-2.5770989382451927e-17,-4.971389520813058e-18,13.44579365363448,-2.6451538364432363e-17,5.34675301811351,2.115658479152315e-17,90.91576283433467,70.30884258489156
6.029999999999916,529.2993019533092,49.55386460256863,-2.5844735052064092e-17,-5.087693637764772e-18,13.438879837075584,-2.6708917885160602e-17,5.335323658451872,2.1362009134171476e-17,90.92338154153917,70.30927562592996
6.039999999999916,530.1995879333276,49.68219415777641,-2.5920373122725595e-17,-5.2010084436205225e-18,13.431908178192465,-2.6960200781923107e-17,5.323876030635739,2.1561398402201864e-17,90.93100336714441,70.30970894480332
6.0499999999999154,531.0999395319247,49.810603554352795,-2.59966754216693e-17,-5.330259957246602e-18,13.424879306157292,-2.7286918846489477e-17,5.312411144949628,2.1754780675705786e-17,90.93862328832756,70.31014253942598
6.059999999999915,532.0003568139174,49.93909217004912,-2.6073648479403336e-17,-5.4567339402852486e-18,13.41779385891848,-2.760686688039627e-17,5.300929426327177,2.20191603629017e-17,90.94624644401598,70.3105764077476
6.069999999999915,532.9008398963641,50.067659393564206,-2.6151298651400042e-17,-5.5804089098166365e-18,13.410652482255836,-2.792005516759744e-17,5.289431897083451,2.2276749287104263e-17,90.95386776132976,70.31101054767308
6.079999999999915,533.8013888441491,50.19630459979398,-2.6228378524202404e-17,-5.701264838812875e-18,13.403455830365315,-2.822649515056297e-17,5.277918983502429,2.2527570705348884e-17,90.9614925523468,70.31144495714425
6.089999999999915,534.7020037785418,50.32502717565391,-2.630612756789505e-17,-5.800394586406044e-18,13.396204564888077,-2.8444693702362624e-17,5.266391733569985,2.2771651440150012e-17,90.96911544269187,70.31187963405623
6.099999999999914,535.6026847631971,50.453826493082744,-2.6384549614215285e-17,-5.896449765968255e-18,13.388899355538772,-2.865687772073767e-17,5.254850559664458,2.293203313432953e-17,90.97674217003042,70.31231457634468
6.109999999999914,536.5034319247851,50.58270193769927,-2.646364834601008e-17,-5.9894338094672424e-18,13.381540879071022,-2.886307001269939e-17,5.243296549007999,2.3086567868196663e-17,90.98436680495185,70.31274978189458
6.119999999999914,537.4042453244233,50.71165287838444,-2.654342723336033e-17,-6.079351049783625e-18,13.374129819987306,-2.906329426202526e-17,5.231730084903746,2.3235286874532946e-17,90.99199576523439,70.31318524863708
6.129999999999914,538.3051250953814,50.84067869995075,-2.6623889604754587e-17,-6.166206701742294e-18,13.366666869403055,-2.925757501512908e-17,5.220152307296765,2.3378225429215798e-17,90.999622310823,70.3136209744467
6.1399999999999135,539.2060712949201,50.9697787681217,-2.6706292885266344e-17,-6.250006844587369e-18,13.359152725876415,-2.9445937668125494e-17,5.20856355533732,2.351541587566685e-17,91.00725379618902,70.31405695725168
6.149999999999913,540.1070840641169,51.09895246739735,-2.6789405791929595e-17,-6.3495819312712055e-18,13.351588094133003,-2.970989907708145e-17,5.19696503509726,2.364689513358124e-17,91.01488241298854,70.31449319491574
6.159999999999913,541.0081634550456,51.22819916024498,-2.6873232980724203e-17,-6.4463365276003896e-18,13.343973686053916,-2.9967287628514284e-17,5.185357026593481,2.384968786511989e-17,91.02251671098703,70.31492968536594
6.169999999999913,541.909309617808,51.357518231349246,-2.695777896813499e-17,-6.54025994290109e-18,13.336310219223051,-3.0218123209539653e-17,5.173740815341902,2.40460013075839e-17,91.03014755390691,70.3153664264548
6.179999999999913,542.8105225979508,51.48690903982314,-2.7043048024770342e-17,-6.631342733161239e-18,13.32859841811192,-3.0462426727020535e-17,5.162116607347865,2.4235864969356287e-17,91.03778494739404,70.3158034161099
6.1899999999999125,543.7118025558253,51.616370971035835,-2.7129044293308346e-17,-6.719576675997235e-18,13.320839012411248,-3.070022009185576e-17,5.150485780798361,2.441931466714609e-17,91.0454181656278,70.3162406521723
6.199999999999912,544.6131495290999,51.745903380648606,-2.721451657962148e-17,-6.804954747859144e-18,13.313032738451328,-3.093152620536067e-17,5.138848452916221,2.459638100845071e-17,91.05305893266976,70.31667813257171
6.209999999999912,545.5145636896096,51.87550565521766,-2.7300703669711648e-17,-6.868715197566681e-18,13.305180337279397,-3.1074893954756e-17,5.1272061076927,2.476710192719286e-17,91.06069466961902,70.31711585513735
6.219999999999912,546.4160450657835,52.00517714685559,-2.7387607175526462e-17,-6.929388253430587e-18,13.297282556354451,-3.1212531758608467e-17,5.115558758909116,2.485450974408188e-17,91.06833908339985,70.31755381780283
6.229999999999912,547.3175938421826,52.134917243810484,-2.7475228626377522e-17,-6.986989605125428e-18,13.289340147331732,-3.134447337226353e-17,5.103908009396955,2.493648389543993e-17,91.07597747660395,70.31799201838525
6.239999999999911,548.2192100366258,52.26472529454966,-2.7563569293490524e-17,-7.041535594512767e-18,13.281353868071088,-3.1470753257813235e-17,5.0922537549535045,2.5013061510483716e-17,91.08362580533841,70.31843045482377
6.249999999999911,549.1208938476511,52.39460068952001,-2.7652630382594933e-17,-7.093043198214161e-18,13.273324480089721,-3.159140656892681e-17,5.080597730185987,2.5084289320462974e-17,91.09126698640921,70.31886912492298
6.259999999999911,550.0226452810866,52.52454277344719,-2.774241282924637e-17,-7.141530013631123e-18,13.265252750923363,-3.170646913858167e-17,5.068939698485945,2.5150204801184476e-17,91.09891949326087,70.3193080266294
6.269999999999911,550.9244645507063,52.65455093948557,-2.783291752231565e-17,-7.187014241580534e-18,13.257139451208257,-3.1815977463721256e-17,5.057281539068286,2.5210856482359535e-17,91.10656358782319,70.31974715773477
6.2799999999999105,551.8263516489573,52.78462452852289,-2.792288896008529e-17,-7.229514672878163e-18,13.248985357434448,-3.19199686932265e-17,5.045622868621984,2.5266282059343287e-17,91.11422053082715,70.3201865161946
6.28999999999991,552.728306806117,52.914762936931226,-2.8013563733229893e-17,-7.25038859507997e-18,13.240791248618027,-3.1937027219695645e-17,5.033965723695131,2.531653188876393e-17,91.12186765846452,70.32062609978755
6.29999999999991,553.6303299998526,53.0449655016641,-2.810368386436525e-17,-7.268096137692387e-18,13.232557909485928,-3.194935413512408e-17,5.0223095601060725,2.5284634098674242e-17,91.1295292904553,70.32106590647983
6.30999999999991,554.5324214782199,53.17523162282275,-2.819448401249747e-17,-7.26403900452998e-18,13.224286126699168,-3.187554855490861e-17,5.01065658435238,2.5248490768361367e-17,91.13717956466078,70.32150593403667
6.31999999999991,555.4345812026985,53.30556063333008,-2.8285960385032395e-17,-7.256672926496813e-18,13.215976692508745,-3.179781517418711e-17,4.999006077346136,2.5131132208162708e-17,91.14484613320491,70.32194618043673
6.3299999999999095,556.3368094268244,53.435951934343784,-2.837810923397289e-17,-7.246057039032005e-18,13.207630400490599,-3.17162096851832e-17,4.987360428038924,2.5010469447784338e-17,91.15249966133733,70.32238664343147
6.339999999999909,557.2391062794806,53.56640489800056,-2.84709266277423e-17,-7.23225008241299e-18,13.199248049712192,-3.1630787902220826e-17,4.975718804579059,2.4886549727070025e-17,91.16017001900329,70.32282732100292
6.349999999999909,558.1414718430807,53.696918885631206,-2.8563151494461704e-17,-7.215310397946483e-18,13.190830440143388,-3.15416057487119e-17,4.96408268273479,2.4759432032963688e-17,91.16784444309627,70.32326821103497
6.359999999999909,559.043906267809,53.82749327449906,-2.8656016576939996e-17,-7.176718962943553e-18,13.182378374394203,-3.136728534657049e-17,4.952453109294704,2.462917316302997e-17,91.17551816900144,70.32370931137491
6.369999999999909,559.9464096160336,53.95812742154412,-2.874951568391036e-17,-7.134887595195082e-18,13.173892658246787,-3.1190026569704836e-17,4.940830498593307,2.4418808183957338e-17,91.18319812130926,70.32415061992376
6.379999999999908,560.8489820605423,54.0888207096701,-2.884364259599717e-17,-7.089892704791648e-18,13.165374099464822,-3.1009893574268856e-17,4.92921612211582,2.4206253946612678e-17,91.19087530727909,70.32459213451385
6.389999999999908,561.7516236422205,54.21957249132789,-2.893713342390691e-17,-7.041809845683028e-18,13.156823508949838,-3.082695035680355e-17,4.917610159894903,2.3991567752527596e-17,91.19856101647584,70.3250338530651
6.399999999999908,562.6543345577692,54.35038215557539,-2.9031219176518205e-17,-6.972186489565836e-18,13.14824169890976,-3.055983819198264e-17,4.906014120164625,2.3774813245169605e-17,91.20624174809464,70.32547577339449
6.409999999999908,563.5571148251465,54.48124905027543,-2.9124633642601084e-17,-6.899400549469571e-18,13.13962948467962,-3.029075345816069e-17,4.89442793529746,2.3479022556540636e-17,91.21393343734862,70.32591789344264
6.419999999999908,564.4599646662833,54.61217257115378,-2.921860605990048e-17,-6.805042216775477e-18,13.13098768220939,-2.993835075476897e-17,4.882853362205546,2.3182124035542985e-17,91.22161779393765,70.32636021101085
6.429999999999907,565.3628840747585,54.74315206138555,-2.9313125966498367e-17,-6.7074811607423255e-18,13.122317110589165,-2.9584828246751403e-17,4.871290072393146,2.280715052469464e-17,91.22931568086918,70.32680272406209
6.439999999999907,566.2658732990565,54.874186923877616,-2.940818299405261e-17,-6.6068263684134115e-18,13.113618588816477,-2.9230264475245644e-17,4.859740083255241,2.2432038140669814e-17,91.23700373546937,70.32724543038172
6.449999999999907,567.1689323069178,55.00527649701689,-2.9502508319803213e-17,-6.503185107173905e-18,13.10489293906596,-2.887473731596341e-17,4.848202792372226,2.2056848625168905e-17,91.24470803211314,70.32768832795682
6.459999999999907,568.0720613511264,55.13642018592119,-2.959732964326166e-17,-6.37821160977458e-18,13.096140982696319,-2.8436918678196444e-17,4.836680489301009,2.1681656430964743e-17,91.25239985147242,70.32813141455635
6.4699999999999065,568.975260578017,55.267617371884924,-2.9692634562032605e-17,-6.25023716774137e-18,13.08736354430458,-2.7999001011815165e-17,4.825172412667663,2.1229490515360846e-17,91.26010835149621,70.32857468817477
6.479999999999906,569.8785300579353,55.39886741937783,-2.9788410631274294e-17,-6.119383265709549e-18,13.07856144728366,-2.7561068123795092e-17,4.8136798967114585,2.077829117169275e-17,91.26782264635266,70.32901814672591
6.489999999999906,570.7818699674016,55.530169718268745,-2.988464545372224e-17,-5.985769285608901e-18,13.069735515282769,-2.7123202903784106e-17,4.802204114634672,2.0328130546657533e-17,91.27553496522748,70.3294617880667
6.499999999999906,571.6852803469529,55.66152362786766,-2.998258548770369e-17,-5.8495125323255035e-18,13.060886573185583,-2.6685487319047836e-17,4.7907452618021065,1.9879075760504162e-17,91.28325617157763,70.32990561013973
6.509999999999906,572.5887614046425,55.79292854712769,-3.008097960271132e-17,-5.729115316050016e-18,13.052015445362487,-2.6329393145827132e-17,4.779304823185212,1.9431198510966523e-17,91.29097236025305,70.33034961078441
6.519999999999905,573.4923131497167,55.92438383009444,-3.018107640105748e-17,-5.606528363655403e-18,13.043122957547787,-2.5972898764042675e-17,4.767882664915194,1.906159996387094e-17,91.29870067035301,70.3307937879739
6.529999999999905,574.3959358231149,56.05588888531376,-3.028162640889212e-17,-5.500204753145486e-18,13.03420993417771,-2.5697460255841395e-17,4.756480594909727,1.8692473770484332e-17,91.30642077348288,70.33123813952957
6.539999999999905,575.2996294013052,56.18744306146097,-3.038136149415792e-17,-5.392098609812948e-18,13.02527720120681,-2.5421052102811758e-17,4.745098137769105,1.8400915686006505e-17,91.31415637389253,70.33168266345695
6.549999999999905,576.2033941348062,56.319045771483296,-3.048151230204409e-17,-5.263944511901842e-18,13.016325582491705,-2.5062357109720757e-17,4.73373743540365,1.81091117802013e-17,91.32188042984151,70.33212735755905
6.559999999999905,577.1072301745911,56.45069640673512,-3.058206827910531e-17,-5.133921080632285e-18,13.007355903586902,-2.4703526854547375e-17,4.722397789501416,1.774006980763828e-17,91.3296209783807,70.33257221985612
6.569999999999904,578.0111375866488,56.58239434027238,-3.0683018839267844e-17,-5.002115180442137e-18,12.998368987499187,-2.4344630106573805e-17,4.711080454719869,1.7371728656300555e-17,91.33736784997802,70.33301724829535
6.579999999999904,578.9151165585365,56.714138974417416,-3.0784353453208806e-17,-4.8686122034170404e-18,12.989365656044672,-2.3985734899387164e-17,4.699786610516325,1.7004148851680326e-17,91.34511236354169,70.33346244076193
6.589999999999904,579.8191671194334,56.84592967647072,-3.0887321598952784e-17,-4.7334960858007105e-18,12.980346730963351,-2.3626908526406227e-17,4.6885163515147275,1.6637386264116262e-17,91.35286696327887,70.33390779524
6.599999999999904,580.723289494855,56.97776586022412,-3.099067291314097e-17,-4.61511885148012e-18,12.971313031960566,-2.3349581785574658e-17,4.677271228775178,1.6271501308482217e-17,91.36061546452333,70.33435330959513
6.6099999999999035,581.6274836756645,57.10964688711123,-3.109565902713164e-17,-4.495517785505995e-18,12.96226537891527,-2.3071744622447274e-17,4.666050943183439,1.598359465035984e-17,91.36837795893477,70.33479898185008
6.619999999999903,582.5317499096276,57.241572178965,-3.120103123898592e-17,-4.3929964465160825e-18,12.953204588813255,-2.2874812449658726e-17,4.65485742793027,1.569583837247784e-17,91.37613046428775,70.3352448098505
6.629999999999903,583.4360883420024,57.37354113582136,-3.130678281092157e-17,-4.289597146059359e-18,12.94413147908935,-2.2676771753432074e-17,4.643690067652527,1.5485328152791582e-17,91.3838992665828,70.3356907916461
6.639999999999903,584.3404990427764,57.50555314210154,-3.14129069608406e-17,-4.185359155462008e-18,12.935046863664123,-2.247767058658151e-17,4.632550091789342,1.527422527399528e-17,91.39167390107404,70.33613692521288
6.649999999999903,585.2449821989089,57.63760761066436,-3.1519396938760566e-17,-4.0803212833619505e-18,12.925951554344978,-2.2277556689230653e-17,4.621438589678308,1.5062575522159942e-17,91.39944668741661,70.33658320847401
6.659999999999902,586.1495378380021,57.76970391966554,-3.1626245921694605e-17,-3.974521877026579e-18,12.916846361798621,-2.2076477483408892e-17,4.610355657291734,1.485042109362243e-17,91.40722960438046,70.33702963944864
6.669999999999902,587.0541661901093,57.901841495278916,-3.173344715369688e-17,-3.8679988229153826e-18,12.90773209367742,-2.1874480067562278e-17,4.599302802080352,1.463780844754754e-17,91.41500637569777,70.33747621603857
6.679999999999902,587.9588672389261,58.03401970927683,-3.1842254984236406e-17,-3.760789548361048e-18,12.898609556839666,-2.167161121144554e-17,4.588279676597745,1.442477773947405e-17,91.42279772163883,70.33792293630789
6.689999999999902,588.8636412286874,58.16623799470623,-3.195268299849554e-17,-3.671081403369957e-18,12.889479554214226,-2.1549254923550622e-17,4.577288216414496,1.421137604939393e-17,91.43057847273403,70.33836979813661
6.699999999999902,589.7684883189761,58.298495767362894,-3.206348517413745e-17,-3.599124555734153e-18,12.880342888308538,-2.1506742156913593e-17,4.566327774895139,1.4074699456105416e-17,91.43837528906151,70.33881679961192
6.709999999999901,590.6734085621554,58.4307924205889,-3.217465841942569e-17,-3.527025814706827e-18,12.871200357216122,-2.1462063855994173e-17,4.55539944386899,1.4013951943553965e-17,91.4461795392261,70.33926393876256
6.719999999999901,591.5784021646845,58.563127384820525,-3.2286199662172897e-17,-3.4547827217909795e-18,12.862052755757018,-2.1415249721742092e-17,4.54450442907181,1.3951272879716246e-17,91.45398028355599,70.33971121354129
6.729999999999901,592.4834691309215,58.69550004660232,-3.2398105717578136e-17,-3.382393273562068e-18,12.852900876925956,-2.1366329553919013e-17,4.533642610898128,1.388669185352674e-17,91.46179330063728,70.34015862202621
6.739999999999901,593.3886097020168,58.82790984839441,-3.2511635419842114e-17,-3.3098559084425526e-18,12.843745509487741,-2.1315333243804686e-17,4.522815657549565,1.3820244003446669e-17,91.46959795258402,70.34060616214697
6.7499999999999005,594.2938240211511,58.96035621268089,-3.2625543841133015e-17,-3.255239973526083e-18,12.834587440826459,-2.1343610549761752e-17,4.5120230275649895,1.3751957681667271e-17,91.47741847326519,70.34105383202217
6.7599999999999,595.1991121536939,59.09283854648936,-3.273982959788366e-17,-3.200702056445261e-18,12.825427453325029,-2.1369159209040426e-17,4.501265844285839,1.3758930260118774e-17,91.48524487470098,70.34150162970282
6.7699999999999,596.1044742935093,59.22535628824628,-3.2854491302555724e-17,-3.1462225928727065e-18,12.816266325702024,-2.139200138307532e-17,4.490545129300456,1.376329014523426e-17,91.49306922900078,70.34194955318759
6.7799999999999,597.0099104538473,59.35790883775518,-3.296952744855024e-17,-3.0917828697385894e-18,12.80710483402798,-2.1412159525260193e-17,4.47986086880767,1.3765062405634673e-17,91.50090469997741,70.34239760058122
6.7899999999999,597.9154208724011,59.49049564797786,-3.3084936561959555e-17,-3.0373650060832044e-18,12.797943749712172,-2.142965637279274e-17,4.469214579995382,1.3764277043588733e-17,91.50873285260762,70.34284576985782
6.7999999999998995,598.8210056869762,59.623116151773225,-3.320071708073169e-17,-2.9829519350259825e-18,12.788783842032625,-2.1444514939766665e-17,4.458605764951103,1.376095800625925e-17,91.51657665988628,70.34329405917116
6.809999999999899,599.726664964164,59.75576976832602,-3.331686736570758e-17,-2.928527384932936e-18,12.779625874716613,-2.1456758508731335e-17,4.448035517914227,1.3755134395716731e-17,91.52442594279228,70.34374246660694
6.819999999999899,600.6323988962821,59.88845594771328,-3.343338577478939e-17,-2.8740758617442063e-18,12.77047060730695,-2.1466410623548246e-17,4.437504790135059,1.3746835032632558e-17,91.53227345264493,70.34419099020457
6.829999999999899,601.5382074936763,60.021174101455934,-3.35515336536026e-17,-2.8195826315045058e-18,12.761318796084453,-2.14734950821538e-17,4.427013555830089,1.3736085869076943e-17,91.54013207279276,70.34463962810787
6.839999999999899,602.4440909902223,60.15392369405706,-3.367006644670241e-17,-2.782984242779248e-18,12.752171192109007,-2.155932915326616e-17,4.416563293784795,1.3722917726559206e-17,91.54798323535769,70.34508837833017
6.849999999999898,603.3500495294224,60.2867041723657,-3.378898423117814e-17,-2.7465459234990153e-18,12.7430285437676,-2.1641930851458694e-17,4.406153490252627,1.3784428302149842e-17,91.55584982131097,70.34553723906394
6.859999999999898,604.2560831672864,60.419514966166055,-3.390828698520059e-17,-2.7102358687147997e-18,12.733891593385746,-2.1721316726536496e-17,4.395785151998959,1.3842733204320324e-17,91.56372262907456,70.3459862084418
6.869999999999898,605.1621921056758,60.5523555407726,-3.40279746768262e-17,-2.674023423619317e-18,12.724761078457455,-2.1797503779388897e-17,4.385459270018806,1.3897857234132347e-17,91.57159275075195,70.3464352845387
6.879999999999898,606.0683763402209,60.685225317852016,-3.414804712990503e-17,-2.637879060360071e-18,12.71563773280956,-2.1870509453980654e-17,4.3751756929752394,1.394982189593096e-17,91.57947512903371,70.34688446554955
6.8899999999998975,606.9746361006336,60.81812377443564,-3.426850419254503e-17,-2.6017743545913263e-18,12.706522284362089,-2.1940351628265128e-17,4.364935970159553,1.3998654484823254e-17,91.58734872236862,70.34733374952174
6.899999999999897,607.8809715472221,60.95105037490095,-3.4389345621276845e-17,-2.5656819633152574e-18,12.697415458029262,-2.2007048606752456e-17,4.354739514832199,1.404437573444993e-17,91.59523749112199,70.34778313468964
6.909999999999897,608.7873827136018,61.084004558043006,-3.4511835172937516e-17,-2.529575601872334e-18,12.688317972192888,-2.207061911106479e-17,4.344587190125752,1.4087011415317787e-17,91.60313438163797,70.34823261924487
6.919999999999897,609.6938698223031,61.21698580792156,-3.4634728686508124e-17,-2.5112744431440555e-18,12.679230539631503,-2.2212352147465217e-17,4.3344801331926615,1.4126588504248007e-17,91.61102648441198,70.34868220129249
6.929999999999897,610.6004328424245,61.349993554745815,-3.4758027533368866e-17,-2.493139990316018e-18,12.670153869259522,-2.235028390211132e-17,4.324417957725159,1.4240209850868068e-17,91.61893314489414,70.34913187909046
6.9399999999998965,611.5070719991824,61.48302728900623,-3.48804686121392e-17,-2.4751297631774832e-18,12.661088663274745,-2.2484426333615523e-17,4.3144023887908745,1.434998316010282e-17,91.62682850382186,70.34958165071465
6.949999999999896,612.4137874808298,61.61608649606491,-3.5003297396361827e-17,-2.439397849349265e-18,12.65203562074429,-2.253353080561254e-17,4.304432711688603,1.4455925129294748e-17,91.63473877399834,70.3500315144447
6.959999999999896,613.3205792867763,61.74917062210678,-3.5126513140677165e-17,-2.403478885985868e-18,12.64299543377242,-2.2579585322247704e-17,4.294509591929924,1.448097429841739e-17,91.64266022122729,70.35048146854282
6.969999999999896,614.2274476392564,61.88227916616742,-3.525011512328551e-17,-2.3673538395270203e-18,12.633968787965697,-2.262261161431305e-17,4.284634415647478,1.4503080113089702e-17,91.65057358990629,70.35093151113867
6.979999999999896,615.1343926968293,62.015411616301584,-3.537410253335961e-17,-2.3310045669744737e-18,12.62495636507707,-2.2662631769264695e-17,4.274806609561604,1.4522266176363176e-17,91.65850169144328,70.35138164054061
6.989999999999895,616.0414144844021,62.14856743389565,-3.549847444352938e-17,-2.294413795696842e-18,12.615958839673315,-2.2699668222028414e-17,4.26502694106277,1.4538560964889348e-17,91.66643806402635,70.3518318550197
6.999999999999895,616.9485132211191,62.281746126829695,-3.5623229940307133e-17,-2.2575651044357603e-18,12.60697687998748,-2.2733743747056956e-17,4.255296505758366,1.4551994329121623e-17,91.67436909469525,70.35228215275686
7.009999999999895,617.8556890404296,62.414947187220115,-3.5748368013538675e-17,-2.2204429048324713e-18,12.598011149761222,-2.276488145068391e-17,4.24561484703814,1.4562591030632023e-17,91.68231467438301,70.35273253209014
7.019999999999895,618.7629419879322,62.548170090874386,-3.587515305197158e-17,-2.183032422194081e-18,12.589062305341088,-2.2793104762176937e-17,4.235982809799149,1.457038059302384e-17,91.69026609356521,70.3531829913042
7.0299999999998946,619.6702722680463,62.68141435223182,-3.600233879230987e-17,-2.163019967432846e-18,12.580130996849443,-2.2899675811060055e-17,4.226401246506024,1.457539279139708e-17,91.69821442155629,70.35363352862848
7.039999999999894,620.5776798525482,62.814679437347614,-3.6129925856095985e-17,-2.1429237555277694e-18,12.5712178693642,-2.3002666241389526e-17,4.2168698473192014,1.465474385766121e-17,91.70617593143751,70.354084142423
7.049999999999894,621.4851649554146,62.94796486939338,-3.62591807561636e-17,-2.122712114666891e-18,12.562323560538996,-2.3102092436194823e-17,4.2073901205856705,1.47305344929727e-17,91.71412690106072,70.35453483088415
7.059999999999894,622.3927277632473,63.08127016898524,-3.638885852119869e-17,-2.1200160661657298e-18,12.553448703878544,-2.3279201249701615e-17,4.197961359594936,1.4802784594634492e-17,91.72209212180822,70.35498559240129
7.069999999999894,623.300368260869,63.21459481540538,-3.651896142429848e-17,-2.117376950763521e-18,12.544593925151514,-2.3452065973190337e-17,4.1885840916013315,1.494861159945871e-17,91.73006884661748,70.35543642535524
7.0799999999998935,624.208086658894,63.34793834140191,-3.664822548871199e-17,-2.1147473981461e-18,12.535759842729945,-2.3620696549204927e-17,4.179259649602602,1.5090109077581965e-17,91.73803650972708,70.35588732798678
7.089999999999893,625.1158831306882,63.481300275078546,-3.677789876365585e-17,-2.094458664295397e-18,12.526947070417135,-2.3703882044344717e-17,4.169987384775311,1.5227293148533743e-17,91.74601822630693,70.35633829871763
7.099999999999893,626.0237576693373,63.614680108147624,-3.6906714860040876e-17,-2.073856934057467e-18,12.518156214110315,-2.3783569734052873e-17,4.160767844038403,1.5283089728791476e-17,91.75401024238658,70.35678933595364
7.109999999999893,626.9317104819982,63.74807738318182,-3.703592002974499e-17,-2.035321297492674e-18,12.509387872284572,-2.37785635859285e-17,4.151602229894421,1.533545985874403e-17,91.76199419132368,70.35724043797752
7.119999999999893,627.8397417333808,63.88149163706038,-3.716551241569417e-17,-1.9961939213620695e-18,12.500642638509891,-2.3770814571057586e-17,4.142489928708883,1.5307329825982713e-17,91.76999199113372,70.35769160324399
7.129999999999892,628.7478514200609,64.0149223731226,-3.729422315857372e-17,-1.9564726066819025e-18,12.491921098294602,-2.3760351607392843e-17,4.133431484713319,1.527666596027714e-17,91.7779993585395,70.35814283018838
7.139999999999892,629.6560397456469,64.14836914399915,-3.742329679539698e-17,-1.8985962925228972e-18,12.483223829646569,-2.3665995977725886e-17,4.124428013807811,1.524350359069047e-17,91.78599917025605,70.35859411713261
7.149999999999892,630.5643068707697,64.28183149660951,-3.755272940870284e-17,-1.8398899914491958e-18,12.474551405415179,-2.3569699416271408e-17,4.1154789154016385,1.513077274546638e-17,91.79401262545288,70.35904546256518
7.159999999999892,631.472652790733,64.41530894511048,-3.768378422026327e-17,-1.7803722928888177e-18,12.465904390246896,-2.3471499431994403e-17,4.106584709228444,1.501644785480777e-17,91.8020353882804,70.3594968649552
7.169999999999892,632.3810777055111,64.54880105240927,-3.7815210387499407e-17,-1.7375835163028886e-18,12.457283341157035,-2.3452633216571585e-17,4.0977464675385695,1.490056962131921e-17,91.81005062478201,70.35994832266103
7.179999999999891,633.289581776227,64.68230737670697,-3.7947005756285297e-17,-1.6942542912169948e-18,12.448688809831475,-2.343122379731771e-17,4.088963581180974,1.4860273788808135e-17,91.81807929272672,70.36039983420572
7.189999999999891,634.1981649921646,64.8158274421619,-3.807790042694616e-17,-1.6503840832903678e-18,12.44012133962614,-2.340730058250725e-17,4.080236524109859,1.4817655429828108e-17,91.82611747944861,70.3608513980964
7.199999999999891,635.106827549581,64.94936082216155,-3.820913937770487e-17,-1.588488497333001e-18,12.431581466083177,-2.3299701470289108e-17,4.071566366961145,1.4772749855452115e-17,91.83414768824599,70.36130301272505
7.209999999999891,636.0155696146585,65.08290708740621,-3.83407184155432e-17,-1.525818197450645e-18,12.423069719326124,-2.319036270628282e-17,4.062952470947932,1.4648482763740908e-17,91.8421911119585,70.36175467665001
7.2199999999998905,636.9243911659262,65.21646577123352,-3.8472633237533633e-17,-1.462393254671175e-18,12.414586621035673,-2.3079322163432553e-17,4.054395243478994,1.452283289972905e-17,91.85024473577126,70.36220638842056
7.22999999999989,637.8332923958461,65.35003645769984,-3.860487959323738e-17,-1.3982337200718003e-18,12.406132684844588,-2.2966617636013548e-17,4.045895794717605,1.4395841157145e-17,91.8582894503396,70.3626581464595
7.23999999999989,638.7422734802199,65.48361873119853,-3.8737453193125736e-17,-1.3333596201854885e-18,12.397708418958983,-2.2852286833683884e-17,4.03745343568075,1.4267541840433003e-17,91.86634715896024,70.36310994936109
7.24999999999989,639.6513343821023,65.61721213341782,-3.8869081264376216e-17,-1.2677909510351466e-18,12.389314323043251,-2.2736367374994073e-17,4.029068486967346,1.4137972827743525e-17,91.87441621814087,70.36356179572077
7.25999999999989,640.5604752900869,65.75081625925654,-3.900227590660192e-17,-1.1841369127254008e-18,12.380950888428536,-2.2537720881051788e-17,4.020742138541247,1.4007174893962308e-17,91.88247495838608,70.36401368398943
7.269999999999889,641.4696963912588,65.88443070733784,-3.9137051407800994e-17,-1.1169919356055264e-18,12.372618601091766,-2.2419449071211286e-17,4.012473631164413,1.379807419580478e-17,91.89054646764454,70.36446561279786
7.279999999999889,642.3789978011536,66.01805506468382,-3.927215515980648e-17,-1.0666180832740479e-18,12.364317938383207,-2.2380879515948882e-17,4.00426319172061,1.3665766138655297e-17,91.8986306509786,70.36491758078945
7.289999999999889,643.2883795348514,66.15168890032292,-3.9407584563463665e-17,-1.0158833086609324e-18,12.356049369024436,-2.234016327050855e-17,3.9961113489374895,1.3609452247406458e-17,91.90672026096267,70.36536958656826
7.299999999999889,644.1978417754773,66.28533182392728,-3.954333704255969e-17,-9.647877257913694e-19,12.347813354096473,-2.2297329205894772e-17,3.9880187561928584,1.3551219277325197e-17,91.91480509748821,70.36582162867744
7.309999999999889,645.1073846591255,66.41898343901123,-3.9679409960838714e-17,-9.133318545705523e-19,12.339610348418192,-2.2252406296182212e-17,3.9799848776773437,1.3491095913678078e-17,91.9229023776824,70.36627370579758
7.319999999999888,646.0170081741239,66.55264332088623,-3.981706982149011e-17,-8.61516608499518e-19,12.331440798112576,-2.2205423611441447e-17,3.972010106217994,1.342911410923917e-17,91.93100735930368,70.36672581658839
7.329999999999888,646.9267124995737,66.68631109041111,-3.9955065124544405e-17,-8.266702881449933e-19,12.323305141251566,-2.223756832836052e-17,3.9640952732143133,1.3365307320907341e-17,91.93910501309234,70.3671779596141
7.339999999999888,647.8364977966604,66.8199863687052,-4.009339500198628e-17,-7.917034081109974e-19,12.315203809908931,-2.226699627026076e-17,3.9562397240200036,1.3376816088113767e-17,91.94721487634948,70.367630133593
7.349999999999888,648.7463640222969,66.95366873651331,-4.023332805965646e-17,-7.565987917587223e-19,12.307137227408834,-2.22937287779006e-17,3.9484436969225203,1.3385717243710763e-17,91.9553351808457,70.36808233724418
7.3599999999998875,649.6563113515017,67.08735782600348,-4.0373614161725654e-17,-7.386319182839563e-19,12.299105808563827,-2.2398938026526935e-17,3.9407082387847088,1.3392039888438459e-17,91.9634451299388,70.36853456915011
7.369999999999887,650.5663399577222,67.22105327321103,-4.051298429943172e-17,-7.207316099756493e-19,12.291109962530465,-2.250077987387701e-17,3.933032557689875,1.3472920965240085e-17,91.97156705067107,70.36898682806722
7.379999999999887,651.47644996451,67.35475470753575,-4.065268863153095e-17,-6.855951821213466e-19,12.283150089675166,-2.2518122939109213e-17,3.925416794904987,1.3550430295241314e-17,91.97970084446284,70.36943911276485
7.389999999999887,652.386641357597,67.48846173257775,-4.07914558041231e-17,-6.502219840172806e-19,12.275226581586168,-2.253284319434573e-17,3.917861292730463,1.3547474950239304e-17,91.98784147896298,70.36989142199002
7.399999999999887,653.2969143062758,67.62217399582033,-4.0930534228832335e-17,-5.973538910815743e-19,12.26733982176499,-2.2463823109668357e-17,3.9103667704752683,1.3542036709717267e-17,91.99597494429793,70.37034375440224
7.4099999999998865,654.207268970043,67.7558911468735,-4.106992073678897e-17,-5.439881125731706e-19,12.259490187540075,-2.2392942608266444e-17,3.9029325566560256,1.3457023994841468e-17,92.00412004023332,70.37079610880957
7.419999999999886,655.1177052920913,67.88961279265936,-4.1208341562501194e-17,-4.9013282112309225e-19,12.25167804743802,-2.2320233393147176e-17,3.89555879381458,1.3370423683011417e-17,92.01227582928868,70.37124848402712
7.429999999999886,656.02822343751,68.02333859219625,-4.1348314071212936e-17,-4.185847368208124e-19,12.243903761315732,-2.2164593650632798e-17,3.8882465081293285,1.328227196098918e-17,92.02042029118482,70.37170087872562
7.439999999999886,656.9388235697829,68.15706820843614,-4.148858298509405e-17,-3.635273730742138e-19,12.236167683384704,-2.2089035640559415e-17,3.8809948461368835,1.3115480580194543e-17,92.02857613798693,70.37215329175196
7.449999999999886,657.8495058266399,68.2908013030421,-4.1629145003161506e-17,-3.0802559401466244e-19,12.228470159043614,-2.2011752034049647e-17,3.8738038902929035,1.3025161834797958e-17,92.03674326893302,70.37260572196624
7.459999999999885,658.7602701639006,68.42453750256671,-4.1771267692506816e-17,-2.5208792305580285e-19,12.220811524899512,-2.193277433059574e-17,3.86667381757999,1.2933392663239475e-17,92.04491911816193,70.37305816822428
7.469999999999885,659.671116740787,68.55827648158865,-4.191369721044412e-17,-2.1289013531385301e-19,12.213192109127732,-2.1933258129266488e-17,3.8596054673836093,1.2840208198698357e-17,92.0530851785661,70.37351062926297
7.479999999999885,660.5820457148999,68.6920179186458,-4.2056432046764455e-17,-1.735117568115096e-19,12.205612234009728,-2.1931394780458634e-17,3.8525980379004947,1.2822758019996094e-17,92.06126227331865,70.37396310398165
7.489999999999885,661.4930572114193,68.82576148958692,-4.219947063140361e-17,-1.3394265826313674e-19,12.198072213040419,-2.1927207756887325e-17,3.845651578297545,1.2803111307249957e-17,92.06945030054074,70.37441559129307
7.4999999999998845,662.4041511894177,68.95950683867622,-4.2344082747541187e-17,-9.417333131857889e-20,12.190572350954337,-2.1920720734132608e-17,3.8387662599949954,1.2781295550183437e-17,92.07764601458389,70.37486809010079
7.509999999999884,663.315327802183,69.09325365614325,-4.248901577647689e-17,-7.131825679883975e-20,12.183112944182604,-2.1993072485222043e-17,3.8319428169331338,1.2757340245012983e-17,92.08583252313112,70.37532059920147
7.519999999999884,664.2265872013684,69.22700163619339,-4.2634269897342976e-17,-4.848395126001593e-20,12.17569428316819,-2.206245597236116e-17,3.825180459442134,1.2808391928436797e-17,92.09402971055883,70.37577311754725
7.529999999999884,665.1379295087793,69.3607504709312,-4.277984521499405e-17,-2.5643490405492837e-20,12.168316649614388,-2.212888745087586e-17,3.8184792040877675,1.285651255893973e-17,92.10223747397552,70.3762256441037
7.539999999999884,666.0493546774292,69.49449982040532,-4.292446974941622e-17,-2.7709693601677804e-21,12.160980316515717,-2.2192383580150693e-17,3.811839177966847,1.2901724734144678e-17,92.11045283086429,70.3766781778292
7.5499999999998835,666.9608628546158,69.6282493905515,-4.307066701563861e-17,3.7239171522456657e-20,12.153685548582867,-2.2171855497507105e-17,3.8052610886629985,1.2944053350889454e-17,92.11865861665154,70.3771307175737
7.559999999999883,667.8724541859914,69.76199889128928,-4.3217183496458156e-17,6.049880141744597e-20,12.146432604595987,-2.2230246650600847e-17,3.798744120356043,1.2906394478503548e-17,92.12687472135345,70.3775832623423
7.569999999999883,668.7841287991148,69.8957480329872,-4.336401906680552e-17,8.384298575470252e-20,12.139221734662273,-2.2285762727561106e-17,3.79228825777097,1.2943863095350065e-17,92.13510104117,70.37803581115358
7.579999999999883,669.695886631696,70.0294964895434,-4.351244591497899e-17,1.0729421657397947e-19,12.132053180251525,-2.2338421698141733e-17,3.7858935461007652,1.2978520084681297e-17,92.1433357936806,70.37848836302756
7.589999999999883,670.6077278249963,70.16324398262054,-4.3661211873444096e-17,1.1383516413868238e-19,12.124927174461302,-2.2469339061054662e-17,3.7795607435120706,1.3010391586559718e-17,92.15155966690062,70.37894091686087
7.599999999999882,671.5196525186233,70.29699023786455,-4.38103185164629e-17,1.2028617770053942e-19,12.117843944665898,-2.259671979410923e-17,3.773288970932116,1.3116624057459199e-17,92.15979349498393,70.37939347171171
7.609999999999882,672.4316608505283,70.43073498490287,-4.395849452191514e-17,1.26686223101358e-19,12.110803709652524,-2.2720574950336498e-17,3.7670781820740005,1.3219271946596645e-17,92.16803717332606,70.37984602665168
7.619999999999882,673.34375291337,70.56447794799,-4.410699357329336e-17,1.50081178979803e-19,12.103806679661316,-2.275982540873774e-17,3.760928322284313,1.3318354143643805e-17,92.1762905971191,70.38029858076587
7.629999999999882,674.2559286675504,70.69821882732353,-4.425581506113899e-17,1.7373873845188482e-19,12.096853056426312,-2.2796290795130804e-17,3.7548395102608385,1.3336763675048042e-17,92.18454920832887,70.38075113312112
7.6399999999998816,675.1681882465964,70.83195736425351,-4.440368519777436e-17,1.9767479323466333e-19,12.089943033822646,-2.2829991849052434e-17,3.7488122218909825,1.335249320739624e-17,92.19279957346671,70.38120368270283
7.649999999999881,676.080531782374,70.96569330410041,-4.455058265442967e-17,2.3888258656708756e-19,12.083076799709264,-2.2779865167944447e-17,3.742845670714783,1.3365565738349552e-17,92.20105942023157,70.38165622863566
7.659999999999881,676.9929593939952,71.09942639377907,-4.469775758766733e-17,2.9760648966861523e-19,12.07625453350638,-2.2646651013463217e-17,3.736939772249347,1.3298878889480715e-17,92.20932864314297,70.38210877005761
7.669999999999881,677.9054710056696,71.23315634285478,-4.484520539528059e-17,3.571127222825773e-19,12.069476406240659,-2.25121783216309e-17,3.731094479825664,1.3153302582818035e-17,92.21760600470132,70.3825613061121
7.679999999999881,678.8180667448203,71.3668829083268,-4.4991647853701235e-17,4.173762130918411e-19,12.062742580744915,-2.23764848261788e-17,3.7253104916798865,1.3006843928210694e-17,92.22587168036642,70.38301383581606
7.6899999999998805,679.7307467372063,71.50060585114565,-4.5137059713851964e-17,4.953109879062767e-19,12.056053214377004,-2.2158531809135355e-17,3.719586875748687,1.2859536870342477e-17,92.23414646587398,70.38346635834696
7.69999999999988,680.6435111069228,71.63432493620687,-4.528268774505458e-17,5.9112312278656565e-19,12.049408456181826,-2.1859075681423115e-17,3.7139235186847683,1.2634288407456101e-17,92.24243025517406,70.3839188728956
7.70999999999988,681.5563599653011,71.76803992997763,-4.5428523590504146e-17,6.8808019623187735e-19,12.042808446940496,-2.1559952990656265e-17,3.70832029935238,1.2331979000998838e-17,92.25072294207214,70.38437137866609
7.71999999999988,682.469293231952,71.9017505623398,-4.55745588390338e-17,7.861199802046702e-19,12.036253319220448,-2.1261216540085336e-17,3.70277713442561,1.2030624879904327e-17,92.25902328778729,70.38482387486779
7.72999999999988,683.3823110265142,72.03545660977846,-4.572078517126671e-17,8.851813454022631e-19,12.029743197579668,-2.096291848771403e-17,3.697294666704097,1.1730275030945899e-17,92.26731179375173,70.38527636058629
7.739999999999879,684.2954134669624,72.16915785269464,-4.5868468698882385e-17,9.85204248087058e-19,12.0232782012408,-2.066511034322538e-17,3.6918719480901196,1.1430972640222424e-17,92.27560892830459,70.38572883506482
7.749999999999879,685.2086006696071,72.30285407539652,-4.601634730575465e-17,1.0692476977659074e-18,12.016858441308715,-2.0448907424130595e-17,3.6865088299208684,1.1132762916000198e-17,92.2839145848121,70.38618129755984
7.759999999999879,686.1218727490957,72.43654506609023,-4.6165689270009097e-17,1.1538946877656973e-18,12.01048402082428,-2.023257818620248e-17,3.681205156100778,1.091282220207048e-17,92.29222865652842,70.386633747341
7.769999999999879,687.0352297853351,72.57023060984046,-4.631523413348981e-17,1.222243959137598e-18,12.004155034819018,-2.0097224809475744e-17,3.6759607631891464,1.0693217889306025e-17,92.3005510366028,70.3870861836911
7.779999999999879,687.9486717143458,72.70391046533504,-4.646497735030641e-17,1.2908806521902225e-18,11.997871570370489,-1.9961110389166417e-17,3.670775614869762,1.0551120637223928e-17,92.3088782434211,70.38753860588233
7.789999999999878,688.8621986463172,72.83758443221384,-4.661491442807682e-17,1.3597874311504786e-18,11.99163370711438,-1.982426760364458e-17,3.665650113559929,1.0408592191167612e-17,92.31719565930192,70.38799101309753
7.799999999999878,689.7758106897791,72.97125231397413,-4.6765040867633066e-17,1.4289470760635926e-18,11.985441519253097,-1.968672892608606e-17,3.660583380316074,1.0265662030809091e-17,92.32552111189115,70.38844340465812
7.809999999999878,690.6895079516025,73.10491391795902,-4.691407689541491e-17,1.4983424859168054e-18,11.979295073147803,-1.954852662059042e-17,3.6555752259132435,1.0122361435137875e-17,92.33385449405473,70.3888957798986
7.819999999999878,691.6032905370014,73.23856905534542,-4.706327267146719e-17,1.5847753295719328e-18,11.973194427377305,-1.9328641404761702e-17,3.650625454155103,9.97872142895199e-18,92.34219569858551,70.38934813816637
7.8299999999998775,692.5171585171669,73.3722175342747,-4.7212621792576217e-17,1.6716520120552692e-18,11.967139632797567,-1.9108874075176015e-17,3.6457338619645614,9.757638819443213e-18,92.35054461821036,70.38980047882184
7.839999999999877,693.4311118218211,73.5058591370473,-4.736211782448304e-17,1.758936622278059e-18,11.961130732601987,-1.888926425827675e-17,3.640900369811776,9.537123529737659e-18,92.3588978437811,70.39025280121513
7.849999999999877,694.3451505517338,73.6394936860678,-4.751175440540137e-17,1.8465938342586876e-18,11.955167762827493,-1.8669851127476555e-17,3.6361253266478957,9.317212625529876e-18,92.36724100459263,70.39070510460884
7.859999999999877,695.2592748060245,73.77312100752319,-4.7661525190349496e-17,1.9345889020199277e-18,11.949250754330611,-1.845067340044813e-17,3.6314078338140376,9.097939451346512e-18,92.37559160689598,70.39115738840131
7.869999999999877,696.1734846821639,73.90674093136874,-4.781269985362232e-17,2.022887655079839e-18,11.943379730433398,-1.8231769337130626e-17,3.626747664278277,8.87933868925032e-18,92.38394954328783,70.39160965200361
7.879999999999876,697.0877802759769,74.04035329131334,-4.796274058066222e-17,2.0946895669231858e-18,11.93755470698684,-1.809421739651785e-17,3.622144584516812,8.6614445381309e-18,92.3923147063302,70.3920618948396
7.889999999999876,698.0021616724026,74.1739579228525,-4.8112898462563876e-17,2.183244508312619e-18,11.931775692434861,-1.7875257402255965e-17,3.6175983546070127,8.521426300260297e-18,92.40068698855707,70.39251411634578
7.899999999999876,698.9166287724613,74.30755462671229,-4.826316715801446e-17,2.272023319293381e-18,11.926042687878958,-1.7656675116040466e-17,3.6131087652263325,8.304200369114322e-18,92.40906533983222,70.3929663159647
7.909999999999876,699.8311816675617,74.44114324757584,-4.841481689628187e-17,2.360993627583433e-18,11.920355687270256,-1.7438507175900177e-17,3.6086762918368023,8.087777087865178e-18,92.41743105994439,70.3934184930212
7.919999999999876,700.7458204474766,74.57472363381838,-4.856530897151378e-17,2.4333898371812157e-18,11.914714679974315,-1.7301823586588188e-17,3.6042999308410826,7.872187163578822e-18,92.42580362436038,70.39387064698887
7.929999999999875,701.6605452003453,74.70829563749058,-4.8714618295886526e-17,2.5223971484757246e-18,11.909119648156235,-1.7083875917983375e-17,3.5999794202636,7.73459913891233e-18,92.43418292563423,70.39432277735378
7.939999999999875,702.5753560126764,74.84185911430153,-4.886399476228336e-17,2.628239075828316e-18,11.903570566848083,-1.678541120568127e-17,3.5957144921310404,7.519925385878981e-18,92.44256885632252,70.39477488361443
7.949999999999875,703.490252969351,74.97541392360121,-4.901470729136068e-17,2.734410582345136e-18,11.898067404016881,-1.6488213171362097e-17,3.5915048725672656,7.229037059305977e-18,92.45096130899111,70.39522696528165
7.959999999999875,704.405236153626,75.10895992836261,-4.916676863736032e-17,2.82416070227762e-18,11.892610120633119,-1.627335159013452e-17,3.587350281888373,6.939947770963945e-18,92.45936017622155,70.39567902187865
7.9699999999998745,705.3203056374315,75.24249699312142,-4.931891626065192e-17,2.8972056264499368e-18,11.88719867073978,-1.6140148342192087e-17,3.583250434697864,6.729830610765219e-18,92.46776535061765,70.39613105294077
7.979999999999874,706.2354613148815,75.37602494893025,-4.9471145934434286e-17,2.9699676189950797e-18,11.881833001521898,-1.6006892500027557e-17,3.579205078342773,6.597874764271744e-18,92.47617573496906,70.39658305800876
7.989999999999874,707.1507032648755,75.50954366932908,-4.96234534979871e-17,3.042438298487324e-18,11.876513053509479,-1.5873608649738894e-17,3.5752146128771094,6.466126524245986e-18,92.48457325151571,70.39703503650989
7.999999999999874,708.0660315647024,75.64305303140675,-4.977711238994779e-17,3.114609342396033e-18,11.871238763057596,-1.5740321127759274e-17,3.571278020753468,6.334607381338409e-18,92.49297679962635,70.3974869880153
8.009999999999874,708.9814462900448,75.77655291578138,-4.993086155321965e-17,3.1698093801268087e-18,11.866010059821072,-1.568807335261041e-17,3.5673949972119576,6.203339899626574e-18,92.50138627212178,70.3979389121081
8.019999999999873,709.8969475149823,75.91004320658018,-5.0084698752029915e-17,3.2244494197056927e-18,11.860826866826406,-1.563515123008919e-17,3.5635652321919054,6.149484798162187e-18,92.50980156187445,70.39839080838337
8.029999999999873,710.8125353119959,76.04352379141913,-5.0238621749517356e-17,3.2785405213649454e-18,11.85568910054409,-1.558157030706553e-17,3.5597884104281703,6.095079271776313e-18,92.51822256181482,70.39884267644797
8.039999999999873,711.7282097519716,76.17699456138212,-5.039390637901508e-17,3.3320933596917263e-18,11.850596670961409,-1.552734610292099e-17,3.5560642115474663,6.040139579153356e-18,92.52664916493761,70.39929451592062
8.049999999999873,712.6439709042047,76.31045541099977,-5.054929300231432e-17,3.368484811060134e-18,11.845549481655604,-1.5553507366756282e-17,3.5523923101646875,5.98468190717251e-18,92.53508126430792,70.39974632643177
8.059999999999873,713.5598188364042,76.44390623822797,-5.0703502945937056e-17,3.404113931949142e-18,11.840547429867467,-1.5578337487747264e-17,3.5487723759792065,6.005861499144315e-18,92.5435187530676,70.40019810762348
8.069999999999872,714.475753614641,76.57734694441417,-5.085779346941347e-17,3.4556284622610282e-18,11.8355904065753,-1.5520833544465944e-17,3.5452040738711554,6.0257086089970645e-18,92.55196152444131,70.40064985914945
8.079999999999872,715.3917751143571,76.71077739470319,-5.1012162246995977e-17,3.506681885134175e-18,11.830678296569276,-1.5462732337940967e-17,3.541687064218209,5.967094287784452e-18,92.56040946598587,70.40110158067479
8.089999999999872,716.3078833990089,76.844197497008,-5.1165328325016346e-17,3.5572821854263586e-18,11.825810978526885,-1.5404049668524188e-17,3.5382217403594103,5.9080166456905815e-18,92.56884319285656,70.40155327174209
8.099999999999872,717.2240785304855,76.97760716257875,-5.131982621930588e-17,3.6240348194112006e-18,11.820988327669111,-1.5263795305970023e-17,3.5348070339757065,5.8484906683665015e-18,92.57728192741648,70.40200493203862
8.109999999999872,718.1403605691128,77.11100630597974,-5.1475672585161944e-17,3.674003285999547e-18,11.81621021320207,-1.520471459102727e-17,3.531442594077358,5.711392596792981e-18,92.58572556334424,70.40245656126308
8.119999999999871,719.0567295736587,77.2443948450661,-5.163288597865806e-17,3.706937453907174e-18,11.81147649839318,-1.5226110679501886e-17,3.528128065272971,5.651865435268405e-18,92.59417399442903,70.40290815912523
8.129999999999871,719.9731856013383,77.37777270096008,-5.179020767631924e-17,3.722606396360151e-18,11.80678704064759,-1.5327278361696988e-17,3.524863087866054,5.669083671346202e-18,92.60262711457642,70.40335972534606
8.139999999999871,720.8897287078188,77.51113979802716,-5.194763916457328e-17,3.7373683804569735e-18,11.802141691584938,-1.5426503877220747e-17,3.5216472979514366,5.762215928618322e-18,92.61108481781434,70.40381125965757
8.14999999999987,721.8063589472246,77.64449606385175,-5.210390248955942e-17,3.751268007089966e-18,11.797540297116381,-1.552378662924086e-17,3.5184803275115555,5.8532847551358046e-18,92.61954699829889,70.40426276180274
8.15999999999987,722.7230763721428,77.77784142921261,-5.2260257769335886e-17,3.780905854362246e-18,11.792982697521886,-1.5538128711425965e-17,3.5153618045125827,5.942294874645926e-18,92.62801355032006,70.40471423153542
8.16999999999987,723.6398810336287,77.91117582805806,-5.2417984154163026e-17,3.810012365323578e-18,11.788468727527745,-1.5551247445434098e-17,3.5122913530003905,5.9521106870377284e-18,92.63648436830763,70.40516566862028
8.17999999999987,724.556772981211,78.0444991974808,-5.2575822190799087e-17,3.822065355734172e-18,11.783998216384388,-1.5644146517201224e-17,3.509268593196339,5.960725702239311e-18,92.6449593468368,70.40561707283271
8.18999999999987,725.4737522628975,78.1778114776925,-5.273505311638659e-17,3.8333847162393256e-18,11.779570987944355,-1.5735120119129058e-17,3.50629314159287,6.045291998348962e-18,92.65343838063383,70.40606844395874
8.19999999999987,726.3908189251811,78.31111261199813,-5.2895699080531177e-17,3.827478950254619e-18,11.775186860740547,-1.5905161598332837e-17,3.5033646110489016,6.1278323927427344e-18,92.66192136458172,70.40651978179497
8.20999999999987,727.3079730130452,78.44440254677002,-5.3056503947431473e-17,3.8041474260869144e-18,11.770845648064595,-1.6153551290764988e-17,3.500482610885004,6.285493881545766e-18,92.67040819372576,70.4069710861484
8.21999999999987,728.2252145699698,78.57768123142166,-5.321747269941953e-17,3.779726304936024e-18,11.766547158045531,-1.6398571896291686e-17,3.497646746978351,6.5174350262000116e-18,92.67889876327905,70.40742235683649
8.229999999999869,729.1425436379376,78.71094861838124,-5.33798906221818e-17,3.7542901894858874e-18,11.76229119372849,-1.6640209552683807e-17,3.494856621857429,6.7456678676283825e-18,92.68739296862796,70.40787359368692
8.239999999999869,730.0599602574395,78.8442046630649,-5.3541222410193916e-17,3.7114052408638015e-18,11.75807755315369,-1.69594386424433e-17,3.4921118347964955,6.970188494965085e-18,92.69589070533762,70.40832479653764
8.249999999999869,730.9774644674814,78.97744932384988,-5.370145385236454e-17,3.6839031855434354e-18,11.753906029435528,-1.71935534392439e-17,3.4894119819097713,7.268135161018583e-18,92.70439186915723,70.40877596523664
8.259999999999868,731.8950563055901,79.11068256204729,-5.3860568759915905e-17,3.6721122806676885e-18,11.749776410841763,-1.7343255636449648e-17,3.4867566562453627,7.484374417478416e-18,92.71289635602547,70.40922709964198
8.269999999999868,732.8127358078196,79.2439043418747,-5.401982984260672e-17,3.676339435444331e-18,11.745688480872882,-1.74092560612065e-17,3.4841454478788876,7.619747141433858e-18,92.72140406207569,70.40967819962161
8.279999999999868,733.7305030087579,79.37711463042855,-5.4179237868852835e-17,3.680388034029351e-18,11.74164201834154,-1.7473257027282855e-17,3.481577944006811,7.675100734271057e-18,92.72991488364129,70.41012926505336
8.289999999999868,734.6483579415327,79.51031339765629,-5.434007466619892e-17,3.6842832028717414e-18,11.737636797452128,-1.7535265615111582e-17,3.4790537290394616,7.728430606134005e-18,92.73842871726073,70.41058029582477
8.299999999999867,735.5663006378188,79.64350061632834,-5.450236178673813e-17,3.671578139510985e-18,11.733672587880381,-1.7676269474485574e-17,3.476572384693732,7.779748192491137e-18,92.74694545968285,70.41103129183305
8.309999999999867,736.4843311278443,79.77667626200986,-5.466484128030268e-17,3.642055504275621e-18,11.729749154853106,-1.7895554918704772e-17,3.4741334900854413,7.90620701783552e-18,92.7554650078718,70.41148225298492
8.319999999999867,737.402449440397,79.90984031303228,-5.482751748946728e-17,3.611976030738373e-18,11.725866259227933,-1.811142250347362e-17,3.4717366218213557,8.106970524025464e-18,92.7639872590122,70.41193317919664
8.329999999999867,738.3206556028322,80.04299275046469,-5.4991676264244814e-17,3.581399642363769e-18,11.722023657573125,-1.8323864669404e-17,3.4693813540908485,8.304054875006077e-18,92.77251211051401,70.41238407039374
8.339999999999867,739.2389496410784,80.17613355808501,-5.5154779256823795e-17,3.533935908852598e-18,11.71822110224742,-1.8613850333626865e-17,3.467067258757196,8.497461714473299e-18,92.78103946001764,70.4128349265111
8.349999999999866,740.1573315796451,80.309262722351,-5.5318093396872674e-17,3.502286533835405e-18,11.714458341479917,-1.8818702619277663e-17,3.4647939054484933,8.764335387711666e-18,92.78956920539862,70.41328574749271
8.359999999999866,741.0758014416291,80.44238023237106,-5.548034074106923e-17,3.4703294739123854e-18,11.71073511944992,-1.9020103336920982e-17,3.4625608616481816,8.949545915915719e-18,92.7981012447726,70.41373653329165
8.369999999999866,741.9943592487222,80.575486079875,-5.564406846150888e-17,3.4545502210117616e-18,11.707051176366843,-1.9137075710272833e-17,3.4603676927851748,9.13108247398691e-18,92.80663547650003,70.41418728387002
8.379999999999866,742.9130050212178,80.70858025918444,-5.580801722006552e-17,3.422387643186061e-18,11.703406248550044,-1.9332280646173184e-17,3.458213962323576,9.231807470685589e-18,92.81517179919099,70.41463799919872
8.389999999999866,743.8317387780188,80.84166276718321,-5.597219079276066e-17,3.3900525004944704e-18,11.699800068508683,-1.9524031200620336e-17,3.4560992318519714,9.406859520288662e-18,92.82371011170976,70.41508867925747
8.399999999999865,744.750560536644,80.97473360328755,-5.613787530468292e-17,3.3575937263377456e-18,11.696232365021483,-1.9712324975111606e-17,3.454023061172293,9.578258597254353e-18,92.83225031317946,70.41553932403463
8.409999999999865,745.669470313236,81.10779276941619,-5.630253016252563e-17,3.3086471170208362e-18,11.69270286321649,-1.9978128524024228e-17,3.4519850083882395,9.746010943428585e-18,92.84079230298667,70.4159899335272
8.419999999999865,746.5884681225685,81.2408402699603,-5.646870521620529e-17,3.2758295942143194e-18,11.68921128465075,-2.0158784441903793e-17,3.449984629993247,9.987265655052467e-18,92.84933598078595,70.4164405077406
8.429999999999865,747.5075539780537,81.37387611175323,-5.663385920944684e-17,3.2266442863990515e-18,11.68575734738991,-2.0416938810393275e-17,3.4480214809579928,1.0146896284073789e-17,92.85788124650422,70.41689104668863
8.439999999999864,748.4267278917495,81.50690030404026,-5.679797645193186e-17,3.1936846745611407e-18,11.682340766087743,-2.058993974219818e-17,3.4460951148174304,1.0380039453300847e-17,92.86642800034524,70.41734155039339
8.449999999999864,749.3459898743675,81.6399128584481,-5.69623222990501e-17,3.177254158664333e-18,11.678961252065537,-2.0678502590885814e-17,3.4442050837573417,1.0531569936169073e-17,92.87497614279394,70.4177920188851
8.459999999999864,750.2653399352808,81.77291378895441,-5.71268980155957e-17,3.161248352774222e-18,11.675618513391461,-2.076431499120536e-17,3.442350938700398,1.0602341439517771e-17,92.88352557462072,70.41824245220207
8.469999999999864,751.1847780825309,81.90590311185707,-5.729298807431768e-17,3.1456863791817613e-18,11.672312254959687,-2.0847387875194373e-17,3.4405322293917187,1.0670356375036872e-17,92.89207619688565,70.41869285039061
8.479999999999864,752.1043043228359,82.03888084574348,-5.745933112933667e-17,3.1142091934015566e-18,11.669042178569498,-2.1008693928084665e-17,3.43874850448392,1.0735631193143484e-17,92.90062791094272,70.41914321350481
8.489999999999863,753.0239186615984,82.17184701145968,-5.762593012397576e-17,3.08296374419943e-18,11.665807983004177,-2.116656217466656e-17,3.436999311621643,1.0875324966110162e-17,92.90918061844395,70.41959354160659
8.499999999999863,753.943621102913,82.30480163207942,-5.779407155390078e-17,3.051986010844341e-18,11.662609364109759,-2.132099671023249e-17,3.4352841975255535,1.1011462506487795e-17,92.91773422134344,70.42004383476551
8.509999999999863,754.8634116495742,82.43774473287316,-5.796249536476434e-17,3.004947317402766e-18,11.659446014873623,-2.155296079498488e-17,3.4336027080758043,1.114405575439398e-17,92.9262886219014,70.42049409305861
8.519999999999863,755.7832903030846,82.57067634127692,-5.813249000557333e-17,2.9579965279598973e-18,11.656317625502913,-2.1780779634015808e-17,3.431954388394946,1.1350259447648663e-17,92.93484372268813,70.42094431657044
8.529999999999863,756.7032570636627,82.70359648686119,-5.830408088110306e-17,2.8948308710524583e-18,11.653223883502761,-2.2085407831795374e-17,3.4303387829302894,1.1552094059320323e-17,92.94339942658789,70.42139450539288
8.539999999999862,757.6233119302506,82.83650520129962,-5.847729517963052e-17,2.8152565418476774e-18,11.650164473754296,-2.246612147205073e-17,3.428755435535696,1.1826709830872502e-17,92.95195563680278,70.42184465962504
8.549999999999862,758.5434549005224,82.96940251833774,-5.865087761509794e-17,2.719097293045301e-18,11.647139078592476,-2.2922189326363312e-17,3.4272038895527994,1.2173265031269848e-17,92.96051225685655,70.4222947793731
8.559999999999862,759.4636859708924,83.10228847376169,-5.882612230134391e-17,2.622535255093093e-18,11.644147377883666,-2.3371918999425542e-17,3.425683687891646,1.2590913034212259e-17,92.9690691905982,70.42274486475037
8.569999999999862,760.3840051365225,83.23516310536668,-5.900049082221197e-17,2.5093352609339526e-18,11.641189049103014,-2.3896241332835174e-17,3.424194373110743,1.3001660380676843e-17,92.97762634220588,70.42319491587696
8.579999999999862,761.3044123913314,83.36802645292569,-5.917654274405611e-17,2.41201737617442e-18,11.638263767411562,-2.4332507844190118e-17,3.42273548749651,1.3482644180437461e-17,92.98618361619032,70.4236449328799
8.589999999999861,762.2249077280019,83.5008785581579,-5.935430827609759e-17,2.2982844005196654e-18,11.635371205733103,-2.484331703012181e-17,3.4213065731421275,1.3878725752132757e-17,92.9947409173984,70.4240949158928
8.599999999999861,763.1454911379894,83.63371946469721,-5.953381935217099e-17,2.1679847520636536e-18,11.632511034830808,-2.542792819757143e-17,3.4199071720257654,1.4345032336689247e-17,93.00329815101679,70.42454486505596
8.60999999999986,764.0661626115306,83.7665492180607,-5.971510961198085e-17,2.0209833145227237e-18,11.629682923383546,-2.6085593957607206e-17,3.4185368260881996,1.4880712189255396e-17,93.01185522257528,70.42499478051617
8.61999999999986,764.9869221376509,83.89936786561708,-5.98982143820414e-17,1.857161030384749e-18,11.626886538061925,-2.681556044286179e-17,3.4171950773097906,1.5484909254806963e-17,93.02041203795014,70.42544466242654
8.62999999999986,765.9077697041737,84.03217545655508,-6.00806002552246e-17,1.6764145006406543e-18,11.624121543604062,-2.761706752382953e-17,3.4158814677868325,1.6156763375878146e-17,93.02896850336752,70.42589451094652
8.63999999999986,766.8287052977278,84.16497204185191,-6.026226393239221e-17,1.511272062812594e-18,11.621387602891026,-2.832745411232057e-17,3.4145955398072543,1.6895410499048118e-17,93.03752452540672,70.42634432624168
8.64999999999986,767.7497289037566,84.29775767424164,-6.044319996406001e-17,1.362150626426409e-18,11.618684377021975,-2.89473948157416e-17,3.4133368359256746,1.7545699159301048e-17,93.04608001100334,70.42679410848369
8.65999999999986,768.670840506526,84.43053240818358,-6.062597188552873e-17,1.2294432550160224e-18,11.616011525388984,-2.9477574938514264e-17,3.4121048990377956,1.8108461101406918e-17,93.0546348674524,70.42724385785016
8.66999999999986,769.5920400891331,84.56329629983075,-6.081061195010191e-17,1.0809264849286808e-18,11.613368705751517,-3.0080580485883856e-17,3.4108992724541354,1.858453608362268e-17,93.06318900241158,70.42769357452458
8.67999999999986,770.5133276335142,84.69604940699828,-6.099458248701717e-17,9.164564707080134e-19,11.610755574310588,-3.0755670409887673e-17,3.4097194999730864,1.9129055063145902e-17,93.07174232390403,70.42814325869612
8.68999999999986,771.434703120454,84.8287917891318,-6.11778771114114e-17,7.684835973193251e-19,11.608171785782535,-3.134021005020061e-17,3.4085651259532983,1.9741169581835197e-17,93.08029474032153,70.42859291055967
8.699999999999859,772.3561665295932,84.96152350727596,-6.136048729624726e-17,6.3738702074679015e-19,11.605616993472479,-3.183489307733622e-17,3.407435695385376,2.026574395235022e-17,93.08884616042731,70.42904253031558
8.709999999999859,773.2777178394381,85.09424462404286,-6.154368854656754e-17,5.235228170352464e-19,11.603090849347357,-3.2240423545131004e-17,3.4063307539628918,2.070362576314224e-17,93.09739649335891,70.42949211816963
8.719999999999859,774.1993570273679,85.22695520358062,-6.172748909236047e-17,4.1094642181962384e-19,11.600593004108635,-3.263845706054303e-17,3.405249848152691,2.105567030230704e-17,93.10594564863096,70.42994167433298
8.729999999999858,775.1210840696442,85.35965531154186,-6.191061056327703e-17,2.997233877244028e-19,11.598123107264582,-3.302899387099874e-17,3.404192525264509,2.1399881743122576e-17,93.11449353613793,70.43039119902194
8.739999999999858,776.0428989414191,85.49234501505232,-6.209432630088815e-17,2.0618788160282753e-19,11.595680807202209,-3.3331095694545833e-17,3.4031583335198676,2.1736277835248177e-17,93.12304006615675,70.43084069245795
8.749999999999858,776.964801616744,85.62502438267951,-6.227864203784865e-17,1.1437946856945676e-19,11.59326575125874,-3.3626428947128285e-17,3.402146822120267,2.198773634276739e-17,93.13158514934952,70.43129015486743
8.759999999999858,777.8867920685778,85.75769348440134,-6.246227656542077e-17,2.433749101833758e-20,11.590877585792693,-3.391500633165049e-17,3.401157541314652,2.2232271253155993e-17,93.14012869676596,70.43173958648168
8.769999999999857,778.8088702687962,85.89035239157491,-6.264650111195662e-17,-4.7639899871551416e-20,11.588515956254577,-3.411590381626603e-17,3.400190042466159,2.2469909779306467e-17,93.14867061984592,70.43218898753689
8.779999999999857,779.7310361881995,86.02300117690523,-6.28313189651756e-17,-1.1752762946958615e-19,11.586180507257108,-3.431079785956554e-17,3.3992438781181296,2.2623539077597096e-17,93.15721083042185,70.43263835827375
8.789999999999857,780.6532897965218,86.15563991441415,-6.301544613250436e-17,-1.8531085264120002e-19,11.583870882645,-3.44997127808894e-17,3.398318602059389,2.2771182108671316e-17,93.16574924072107,70.43308769893771
8.799999999999857,781.5756310624392,86.28826867940927,-6.319886455225328e-17,-2.3472540513000463e-19,11.581586725564337,-3.4601737892255994e-17,3.39741376938879,2.2912874725940057e-17,93.17428576336825,70.43353700977856
8.809999999999857,782.4980599535791,86.4208875484529,-6.338155410609945e-17,-2.655121385758641e-19,11.579327678531445,-3.4617623673982515e-17,3.396528936579004,2.2971512673666242e-17,93.18282031138746,70.43398629105052
8.819999999999856,783.4205764365279,86.55349659933115,-6.356349263762097e-17,-2.7743228739456995e-19,11.577093383501364,-3.454812966434038e-17,3.3956636615395706,2.2947986255888983e-17,93.19135279820448,70.43443554301203
8.829999999999856,784.3431804768404,86.68609591102314,-6.374594356030978e-17,-2.702669903568318e-19,11.574883481935789,-3.4394024213553754e-17,3.3948175036791888,2.2843192177158653e-17,93.19988313764888,70.43488476592573
8.839999999999856,785.2658720390482,86.81868556367017,-6.392890172555476e-17,-2.600544598309459e-19,11.572697614870572,-3.423701757919109e-17,3.3939900239672505,2.265803330360245e-17,93.2084112439561,70.43533396005829
8.849999999999856,786.1886510866681,86.95126563854508,-6.411364972288463e-17,-2.468612940356617e-19,11.57053542298273,-3.4077170357428946e-17,3.3931807849946156,2.2470558984485594e-17,93.21693703176946,70.43578312568029
8.859999999999856,787.1115175822111,87.08383621802169,-6.429762737018214e-17,-2.469847724042698e-19,11.568396546656954,-3.3995475133815744e-17,3.3923893510336174,2.2280830400820898e-17,93.22546041614208,70.4362322630662
8.869999999999855,788.034471487191,87.21639738554433,-6.44808101142169e-17,-2.2828060317216626e-19,11.56628062605163,-3.382940452472927e-17,3.3916152880972956,2.2166048910860027e-17,93.23398131253876,70.43668137249428
8.879999999999855,788.9575127621328,87.34894922559747,-6.466574777648825e-17,-1.9054657596454348e-19,11.564187301164376,-3.3579735513201776e-17,3.3908581639978617,2.1971141163084166e-17,93.24249963683788,70.43713045424629
8.889999999999855,789.8806413665814,87.48149182367544,-6.485116562119597e-17,-1.6604409103776026e-19,11.562116211896996,-3.3409113932066197e-17,3.390117548404382,2.1697015654378842e-17,93.25101530533306,70.43757950860761
8.899999999999855,790.8038572591105,87.61402526625233,-6.503705800358879e-17,-1.3888413206787833e-19,11.560066998119972,-3.323595340535083e-17,3.389393012899683,2.1498866798038935e-17,93.25952823473492,70.43802853586709
8.909999999999854,791.7271603973311,87.74654964075188,-6.522341920469274e-17,-1.091290241996827e-19,11.55803929973647,-3.3060313734574836e-17,3.3886841310364693,2.129876661483827e-17,93.2680383421727,70.43847753631681
8.919999999999854,792.6505507379,87.87906503551764,-6.54115320904235e-17,-7.684040347710422e-20,11.556032756745678,-3.288225455515146e-17,3.387990478392655,2.109677485032792e-17,93.27654554519592,70.43892651025217
8.929999999999854,793.5740282365282,88.01157153978318,-6.560012307662441e-17,-5.828983405150763e-20,11.554047009305759,-3.278276327727543e-17,3.3873116326259063,2.089295097953203e-17,93.28504976177577,70.43937545797164
8.939999999999854,794.4975928479903,88.14406924364236,-6.578918812527216e-17,-3.7577648267469795e-20,11.552081697796154,-3.268024650020189e-17,3.386647173527391,2.076449396700672e-17,93.29355091030669,70.43982437977672
8.949999999999854,795.4212445261322,88.2765582380199,-6.59787231154554e-17,-1.4744094682912623e-20,11.550136462879385,-3.2574755179455976e-17,3.385996683074728,2.0633468932822508e-17,93.30204890960769,70.44027327597188
8.959999999999853,796.3449832238804,88.4090386146419,-6.616872384524414e-17,1.0170786659301555e-20,11.548210945562271,-3.24663403012036e-17,3.385359745484143,2.0499928906245428e-17,93.3105436789238,70.44072214686437
8.969999999999853,797.2688088932499,88.54151046600666,-6.635918603355242e-17,3.7127166572749333e-20,11.546304787256597,-3.235505287228937e-17,3.384735947261822,2.0363926838064283e-17,93.31903513792726,70.44117099276421
8.979999999999853,798.1927214853534,88.67397388535551,-6.654881595614724e-17,6.608542905723667e-20,11.544417629839215,-3.224094391036935e-17,3.384124877254457,2.022551559117654e-17,93.32752320671878,70.44161981398396
8.989999999999853,799.1167209504094,88.80642896664389,-6.673887759533823e-17,1.1320012871116145e-19,11.542549115711587,-3.204313980217676e-17,3.3835261266989938,2.0084747931289482e-17,93.33600780582874,70.44206861083885
8.999999999999853,800.040807237751,88.93887580451253,-6.692936455325738e-17,1.6248910175190314e-19,11.540698887858692,-3.1843341397290456e-17,3.382939289271567,1.9864537326516268e-17,93.3444888562182,70.4425173836464
9.009999999999852,800.964980295834,89.0713144942588,-6.712156009766368e-17,2.1389401578069132e-19,11.5388665899074,-3.1641607819258204e-17,3.382363961135628,1.9642930069102693e-17,93.35296627928011,70.44296613272655
9.019999999999852,801.8892400722463,89.20374513180818,-6.731547880084498e-17,2.5117122728311467e-19,11.537051866184248,-3.151892097671874e-17,3.381799740989261,1.9419984164697888e-17,93.36143999684019,70.44341485840147
9.029999999999852,802.8135865137151,89.33616781368593,-6.751113707904535e-17,2.7401524480253255e-19,11.535254361772596,-3.14746134920051e-17,3.381246230111684,1.9272896149652233e-17,93.36990993115786,70.44386356099542
9.039999999999852,803.7380195661165,89.46858263698897,-6.770597303169767e-17,2.8214055452652076e-19,11.533473722569221,-3.1508009497896055e-17,3.380703032408944,1.920086837522882e-17,93.37837600492718,70.44431224083476
9.049999999999851,804.6625391744833,89.60098969935781,-6.790125473832389e-17,3.07637674280737e-19,11.53170959534026,-3.1456581848575005e-17,3.380169754458787,1.9203097140502215e-17,93.38683814127761,70.44476089824776
9.059999999999851,805.5871452830136,89.73338909894875,-6.80982694906138e-17,3.345814129043872e-19,11.52996162777657,-3.140201177633909e-17,3.3796460055547186,1.91244957464704e-17,93.39529626377481,70.44520953356461
9.069999999999851,806.5118378350793,89.8657809344062,-6.829574485767172e-17,3.4678026226366174e-19,11.528229468548487,-3.1425262348331805e-17,3.379131397749242,1.9043097919637194e-17,93.40375029642136,70.44565814711713
9.07999999999985,807.4366167732342,89.99816530483523,-6.84949701006307e-17,3.6013756761465125e-19,11.526512767359934,-3.144472991307524e-17,3.3786255458962837,1.903608795346388e-17,93.41220016365735,70.44610673923896
9.08999999999985,808.3614820392227,90.13054230977421,-6.86959649384367e-17,3.5848572478764684e-19,11.52481117500192,-3.154136870808049e-17,3.378128067692793,1.9025518163368876e-17,93.42064579036102,70.4465553102652
9.09999999999985,809.2864335739877,90.2629120491678,-6.889616933741446e-17,3.415757212497326e-19,11.523124343405405,-3.171448730431664e-17,3.37763858371953,1.9088567119250375e-17,93.42908710184926,70.44700386053248
9.10999999999985,810.2114713176793,90.39527462333989,-6.909556440252144e-17,3.4150404552485473e-19,11.521451925693569,-3.1801549303645786e-17,3.377156717481026,1.9224419921108283e-17,93.43752402387813,70.44745239037883
9.11999999999985,811.1365952096629,90.52763013296696,-6.929542022795214e-17,3.585569067215506e-19,11.519793576233377,-3.1803301114971416e-17,3.3766820954447287,1.9277980329394666e-17,93.44595648264321,70.44790090014354
9.12999999999985,812.0618051885275,90.6599786790515,-6.949702612613797e-17,3.7684101372523018e-19,11.518148950686587,-3.1801415774504245e-17,3.3762143470793244,1.925013425772266e-17,93.45438440478006,70.44834939016714
9.13999999999985,812.9871011920937,90.79232036289567,-6.969781880875539e-17,3.801957733099725e-19,11.516517706060034,-3.187684779727735e-17,3.3757531048922385,1.9218911709636484e-17,93.4628077173645,70.44879786079126
9.14999999999985,813.9124831574221,90.9246552860751,-6.98990684241933e-17,4.0067481660842937e-19,11.514899500755332,-3.186707463042377e-17,3.375298004466321,1.92614927779768e-17,93.47122634791283,70.44924631235854
9.15999999999985,814.8379510208215,91.05698355041302,-7.010077287087009e-17,4.223899416465828e-19,11.513293994617896,-3.185376931437362e-17,3.374848684495705,1.922278907813633e-17,93.47964022438201,70.44969474521261
9.169999999999849,815.7635047178567,91.18930525795446,-7.030163836459704e-17,4.453347379376884e-19,11.511700848985306,-3.1836970362831545e-17,3.3744047868208495,1.9180831366710362e-17,93.48804927516993,70.4501431596979
9.179999999999849,816.689144183357,91.32162051094072,-7.050164151220072e-17,4.856493043689769e-19,11.510119726735041,-3.173580127390221e-17,3.373965956462762,1.9135662888287805e-17,93.49645342911538,70.45059155615968
9.189999999999849,817.6148693514241,91.45392941178406,-7.070075694034945e-17,5.43575832029128e-19,11.508550292331526,-3.155102833751905e-17,3.373531841656399,1.9010189857662067e-17,93.50485261549817,70.45103993494376
9.199999999999848,818.5406801554399,91.58623206304256,-7.089895731464349e-17,6.193366696346777e-19,11.50699221187253,-3.128342633020493e-17,3.373102093883257,1.880531219679481e-17,93.51324676403905,70.45148829639672
9.209999999999848,819.4665765280748,91.71852856739521,-7.109750542030672e-17,7.131347954929135e-19,11.505445153134932,-3.093377827087314e-17,3.3726763679031353,1.852193565274432e-17,93.52163580489972,70.4519366408655
9.219999999999848,820.3925584012956,91.85081902761728,-7.129768336549823e-17,8.090162511532622e-19,11.50390878561971,-3.0583788683834456e-17,3.37225432178509,1.8160971560183374e-17,93.53001966868263,70.45238496869753
9.229999999999848,821.318625706373,91.98310354655578,-7.1498209912085e-17,8.907610020610138e-19,11.50238278059644,-3.0314441850401395e-17,3.3718356169375716,1.780047335750974e-17,93.53839828643085,70.45283328024057
9.239999999999847,822.2447783738903,92.11538222710529,-7.170036928441927e-17,9.741699626666454e-19,11.500866811146926,-3.004416798853277e-17,3.3714199181377493,1.7517642770499457e-17,93.54677158962791,70.45328157584264
9.249999999999847,823.1710163337505,92.24765517218384,-7.190158936245326e-17,1.0430496620299313e-18,11.499360552208318,-2.985394091157825e-17,3.3710068935600184,1.7234550742668695e-17,93.55513951019742,70.45372985585192
9.259999999999847,824.0973395151842,92.37992248470924,-7.210313532216052e-17,1.1293475510807454e-18,11.497863680615444,-2.958127039002628e-17,3.3705962148037045,1.702839157727716e-17,93.56350198050278,70.45417812061669
9.269999999999847,825.0237478467579,92.51218426757542,-7.230370615274809e-17,1.217145754022132e-18,11.496375875142547,-2.9307848119051626e-17,3.3701875569199524,1.6744092969554294e-17,93.57185893334682,70.45462637048526
9.279999999999847,825.9502412563812,92.64444062362911,-7.250327244513016e-17,1.3225094347047274e-18,11.494896816544264,-2.895282352641885e-17,3.369780598437811,1.6459699311782396e-17,93.58021030197139,70.45507460580583
9.289999999999846,826.8768196713146,92.77669165564677,-7.27030958733675e-17,1.4456297968583707e-18,11.493426187595974,-2.8516984501642084e-17,3.3693750213895073,1.609813086813367e-17,93.58855602005687,70.45552282692651
9.299999999999846,827.8034830181771,92.90893746631171,-7.290316438467432e-17,1.5705587367723294e-18,11.491963673133464,-2.8082036730577436e-17,3.368970511334927,1.5660300645069675e-17,93.59689602172162,70.45597103419513
9.309999999999846,828.730231222954,93.04117815819143,-7.31021727359797e-17,1.6972005471398408e-18,11.49050896009188,-2.764805507740705e-17,3.3685667573852824,1.5224262603034775e-17,93.60523024152145,70.45641922795923
9.319999999999846,829.6570642110044,93.17341383371524,-7.330138112052712e-17,1.8415778620338848e-18,11.489061737544015,-2.7134204161601182e-17,3.368163452225989,1.4790082261051936e-17,93.61355861444899,70.45686740856601
9.329999999999846,830.5839819070684,93.30564459515215,-7.350077569143919e-17,1.9877343786169205e-18,11.487621696737914,-2.6622194063691073e-17,3.367760292138741,1.4280688424173576e-17,93.62188107593298,70.45731557636218
9.339999999999845,831.510984235275,93.43787054458888,-7.370034265869354e-17,2.135560153741332e-18,11.48618853113376,-2.6112104791779345e-17,3.367356977022795,1.3774137618703887e-17,93.6301975618376,70.45776373169392
9.349999999999845,832.4380711191494,93.57009178390825,-7.390006829218058e-17,2.2849474100178313e-18,11.484761936440119,-2.560401510589598e-17,3.3669532104154603,1.327049776453295e-17,93.63850800846171,70.4582118749068
9.359999999999845,833.3652424816202,93.70230841476774,-7.409864512723411e-17,2.4357905069234264e-18,11.483341610649433,-2.5098002516391383e-17,3.366548699511799,1.2769835485126431e-17,93.646812352538,70.45866000634572
9.369999999999845,834.2924982450268,93.83452053857832,-7.429733230843429e-17,2.6040921823099537e-18,11.481927254072897,-2.451323608784223e-17,3.3661431551835452,1.2272216108375717e-17,93.65511053123218,70.45910812635486
9.379999999999844,835.2198383311267,93.96672825648348,-7.449482038120909e-17,2.7738973836586643e-18,11.480518569374574,-2.393142644107965e-17,3.3657362919972345,1.1700568566064551e-17,93.66340248214203,70.45955623527755
9.389999999999844,836.1472626611029,94.09893166933863,-7.469107283651883e-17,2.9611894325400287e-18,11.47911526160488,-2.3271749108581762e-17,3.3653278282315555,1.1132948624908962e-17,93.67168814329654,70.4600043334562
9.399999999999844,837.0747711555709,94.2311308776906,-7.488605136103046e-17,3.1661026620861285e-18,11.47771703823332,-2.2535013516019778e-17,3.364917485893925,1.0492288449175636e-17,93.67996745315477,70.46045242123228
9.409999999999844,838.002363734586,94.36332598175753,-7.507971585820013e-17,3.388754411985292e-18,11.476323609180568,-2.1722035854374893e-17,3.364504990736291,9.779511775200622e-18,93.68824035060503,70.46090049894624
9.419999999999844,838.9300403176501,94.49551708140886,-7.527331895641509e-17,3.629245455557009e-18,11.474934686849863,-2.0833638845578423e-17,3.3640900722701588,8.995546510637471e-18,93.69650677496357,70.46134856693742
9.429999999999843,839.857800823719,94.62770427614579,-7.546813284019129e-17,3.87156624123547e-18,11.473549986157675,-1.9951556302219445e-17,3.363672463780858,8.141324509142805e-18,93.70476666597365,70.46179662554398
9.439999999999843,840.7856451712094,94.75988766508176,-7.56641564561364e-17,4.099442558571991e-18,11.4721692245637,-1.9156798366558173e-17,3.363251902341039,7.294915800704156e-18,93.71301996380423,70.4622446751029
9.449999999999843,841.7135732780056,94.89206734692335,-7.586009600159507e-17,4.312445558914347e-18,11.470792122100196,-1.8448738933172632e-17,3.3628281288234154,6.5335352588081136e-18,93.7212666090489,70.46269271594971
9.459999999999843,842.6415850614668,95.02424341995142,-7.605463843749231e-17,4.526258158108387e-18,11.469418401400555,-1.7745837611580455e-17,3.3624008879127443,5.8564023668005644e-18,93.72950654272452,70.46314074841877
9.469999999999843,843.5696804384336,95.1564159820024,-7.624903969138195e-17,4.756835371874023e-18,11.468047787727256,-1.6967273572073266e-17,3.361969928117061,5.185594388956348e-18,93.73773970627005,70.46358877284285
9.479999999999842,844.4978593252348,95.28858513045,-7.644198491368973e-17,4.988215836273194e-18,11.466680008999077,-1.6194759784435882e-17,3.3615350017781616,4.444039657570364e-18,93.74596604154507,70.46403678955336
9.489999999999842,845.4261216376942,95.42075096218706,-7.663472869736438e-17,5.236337126649626e-18,11.465314795817633,-1.534748052097513e-17,3.36109586508134,3.7097914349455104e-18,93.75418549082859,70.46448479888002
9.499999999999842,846.3544672911376,95.55291357360768,-7.682724983222495e-17,5.485228779077686e-18,11.463951881493262,-1.4507152238877905e-17,3.360652278064388,2.9057800387211656e-18,93.76239799681746,70.46493280115101
9.509999999999842,847.2828962003987,95.68507306058973,-7.702082282681211e-17,5.734733315224283e-18,11.462591002070164,-1.3673865514759957e-17,3.36020400462586,2.1100602574597285e-18,93.7706035026251,70.46538079669283
9.519999999999841,848.2114082798264,95.81722951847742,-7.721415245787206e-17,5.968620623705895e-18,11.46123189635089,-1.2928609810727983e-17,3.359750812532602,1.3226975854163708e-18,93.7788019517799,70.46582878583023
9.529999999999841,849.1400034432909,95.94938304206433,-7.740851577539623e-17,6.202563879607166e-18,11.459874305920122,-1.2189839949933373e-17,3.359292473426559,6.208886921367987e-19,93.78699328822374,70.46627676888616
9.539999999999841,850.0686816041903,96.08153372557658,-7.760261963629288e-17,6.420363816911854e-18,11.458517975167803,-1.1538531707538454e-17,3.3588287628308544,-7.329831349501852e-20,93.79517745631047,70.46672474618173
9.54999999999984,850.997442675457,96.21368166265636,-7.779644763895706e-17,6.63771597825211e-18,11.457162651311567,-1.0893127851512785e-17,3.3583594601551585,-6.8267720396863745e-19,93.80335440080422,70.4671727180361
9.55999999999984,851.9262865695642,96.34582694634562,-7.799127964776434e-17,6.854519395338086e-18,11.455808084418463,-1.0253691268580372e-17,3.357884348700338,-1.2851898190578533e-18,93.81152406687791,70.46762068476652
9.56999999999984,852.8552131985318,96.47796966907015,-7.818582465018279e-17,7.05460904365472e-18,11.454454027426031,-9.701182310373972e-18,3.3574032156623956,-1.880792968455557e-18,93.81968640011146,70.46806864668814
9.57999999999984,853.7842224739331,96.61010992262378,-7.83800686971163e-17,7.253702282645441e-18,11.453100236162706,-9.154030643545599e-18,3.3569158521357174,-2.392312266143386e-18,93.82784134649017,70.46851660411414
9.58999999999984,854.7133143069007,96.74224779815302,-7.857529443328049e-17,7.451725356178776e-18,11.45174646936751,-8.612285417847633e-18,3.3564220531156073,-2.897700780091361e-18,93.8359888524029,70.46896455735546
9.59999999999984,855.6424886081325,96.87438338614184,-7.876891640706614e-17,7.632545724869856e-18,11.450392488709106,-8.156892348954847e-18,3.355921617500138,-3.396926331232751e-18,93.84412886464048,70.46941250672096
9.60999999999984,856.5717452878984,97.00651677639678,-7.896219850718937e-17,7.827959689421052e-18,11.449038058804147,-7.625371010942869e-18,3.355414348091311,-3.8128255736160614e-18,93.8522613303937,70.46986045251715
9.61999999999984,857.5010842560455,97.13864805803226,-7.915642422270051e-17,8.022113775916354e-18,11.447682947234988,-7.099385917743152e-18,3.35490005159553,-4.3004946346153255e-18,93.86038619725163,70.47030839504838
9.62999999999984,858.4305054220047,97.2707773194563,-7.935030481560152e-17,8.198886691345864e-18,11.446326924566707,-6.659877118311842e-18,3.3543785386234055,-4.781918969454722e-18,93.86850341319968,70.47075633461655
9.639999999999839,859.3600086947962,97.40290464835635,-7.954382926578532e-17,8.374015239044258e-18,11.444969764363469,-6.225258376847578e-18,3.3538496236888724,-5.17993987185453e-18,93.8766129266178,70.47120427152123
9.649999999999839,860.2895939830355,97.5350301316855,-7.973828381357565e-17,8.547456428308784e-18,11.443611243204229,-5.795561433159515e-18,3.3533131252076576,-5.5725251333360585e-18,93.88471468627841,70.47165220605962
9.659999999999838,861.2192611949393,97.66715385564892,-7.993238178915024e-17,8.703119582650231e-18,11.442251140697769,-5.45171255267913e-18,3.3527688654950727,-5.959657085363185e-18,93.89280864134463,70.47210013852627
9.669999999999838,862.149010238331,97.79927590569054,-8.012741187952977e-17,8.856759729333007e-18,11.440889239497075,-5.112114041685668e-18,3.35221667076316,-6.264187163860425e-18,93.9008947413681,70.4725480692134
9.679999999999838,863.0788410206462,97.93139636648007,-8.032079196429305e-17,8.992312415489436e-18,11.439525325313056,-4.85768060223877e-18,3.351656371117178,-6.564092727512707e-18,93.90897293628717,70.47299599841057
9.689999999999838,864.0087534489389,98.06351532190028,-8.05137918978139e-17,9.141593641575574e-18,11.438159186927631,-4.52590994462207e-18,3.351087800551456,-6.782233477906993e-18,93.9170431764247,70.47344392640471
9.699999999999838,864.9387474298867,98.19563285503446,-8.070640346252716e-17,9.288816137695418e-18,11.43679061620617,-4.198437357663128e-18,3.3505107969445964,-7.073726465611111e-18,93.92510541248609,70.47389185348008
9.709999999999837,865.8688228697958,98.32774904815426,-8.089991635887998e-17,9.433962668127034e-18,11.43541940810921,-3.875279606616636e-18,3.3499252020540538,-7.360578440092174e-18,93.93315959555716,70.47433977991832
9.719999999999837,866.7989796746076,98.45986398270774,-8.109434391354968e-17,9.560979572077737e-18,11.434045360703662,-3.637345922441687e-18,3.3493308615100825,-7.64278379101758e-18,93.94120567710203,70.47478770599828
9.729999999999837,867.7292177499027,98.59197773930772,-8.128840350307749e-17,9.669599224678525e-18,11.432668275173237,-3.483919111002736e-18,3.3487276248090634,-7.843206260791802e-18,93.94924360896098,70.47523563199599
9.739999999999837,868.6595370009072,98.72409039772039,-8.148338937746485e-17,9.775607680993763e-18,11.431287955828354,-3.3333799805200464e-18,3.348115345306219,-7.962703117436247e-18,93.9572733433483,70.47568355818474
9.749999999999837,869.5899373324976,98.85620203685414,-8.167802082940724e-17,9.862998427952006e-18,11.429904210115327,-3.2666174008252543e-18,3.3474938802077148,-8.079269706064919e-18,93.96529483285006,70.47613148483487
9.759999999999836,870.5204186492058,98.98831273474877,-8.187229611700622e-17,9.947573272204914e-18,11.428516848624968,-3.2020033146946276e-18,3.3468630905621612,-8.115783850958588e-18,93.97330803042195,70.47657941221392
9.769999999999836,871.4509808552247,99.12042256856488,-8.206621358817591e-17,1.0029376343909695e-17,11.42712568510057,-3.1395250573567293e-18,3.3462228412515205,-8.150247671750025e-18,93.98131288938698,70.47702734058642
9.779999999999836,872.3816238544125,99.2525316145735,-8.22610702323575e-17,1.0108451171227683e-17,11.425730536445199,-3.079169696625306e-18,3.3455730009814193,-8.182676888614399e-18,93.98930936343328,70.47747527021396
9.789999999999836,873.3123475502987,99.38463994814613,-8.245558717853966e-17,1.0168817407704412e-17,11.424331222728462,-3.101814756603129e-18,3.3449134422708804,-8.21308744572909e-18,93.99729740661174,70.4779232013551
9.799999999999836,874.243151846088,99.51674764374488,-8.264976493467354e-17,1.0226286404961283e-17,11.42292756719259,-3.125823918300194e-18,3.344244041441476,-8.164364474681878e-18,94.0052769733338,70.47837113426539
9.809999999999835,875.1740366446661,99.648854774913,-8.284490296165942e-17,1.0280919587837936e-17,11.421519396257931,-3.151175279459226e-18,3.343564678605911,-8.114516812210107e-18,94.0132480183691,70.47881906919729
9.819999999999835,876.1050018486037,99.78096141426563,-8.303842518251e-17,1.0316760145039444e-17,11.420106539527838,-3.2587364430266124e-18,3.3428752376560413,-8.06356665011903e-18,94.02121049684305,70.47926700640016
9.829999999999835,877.0360473601619,99.91306763348076,-8.323161202866799e-17,1.036564543914315e-17,11.418688829792952,-3.285974454498821e-18,3.3421756062503345,-7.934405355295245e-18,94.02916436423462,70.4797149461202
9.839999999999835,877.9671730812964,100.04517350329058,-8.342576346716082e-17,1.041189278370727e-17,11.417266103034864,-3.3144808132730088e-18,3.3414656758007757,-7.882178241832607e-18,94.0371095763738,70.48016288860049
9.849999999999834,878.8983789136626,100.17727909347298,-8.361960226218482e-17,1.0439548056647883e-17,11.415838198429226,-3.4251221433642988e-18,3.3407453414592356,-7.828920546857817e-18,94.04504608943932,70.48061083408086
9.859999999999834,879.8296647586196,100.30938447284335,-8.381313118064402e-17,1.0464423812276476e-17,11.414404958348209,-3.5362557975205186e-18,3.3400145021032954,-7.697523522442664e-18,94.05297385995623,70.48105878279794
9.869999999999834,880.7610305172354,100.4414897092467,-8.400505348007551e-17,1.0486594773442767e-17,11.412966228362443,-3.647851917322735e-18,3.339273060321541,-7.5660014222618e-18,94.06089284479333,70.48150673498512
9.879999999999834,881.6924760902907,100.57359486954992,-8.41966503746835e-17,1.0522139142433882e-17,11.411521857242308,-3.6789938308547705e-18,3.338520922398333,-7.434381589765342e-18,94.0688030011609,70.48195469087246
9.889999999999834,882.6240013782835,100.70570001963445,-8.438922261700191e-17,1.0555378657101334e-17,11.410071696958681,-3.711272206228848e-18,3.337757998298062,-7.379821442125569e-18,94.07670428660813,70.48240265068674
9.899999999999833,883.5556062814338,100.83780522438906,-8.458149265817075e-17,1.057036359709308e-17,11.408615602683117,-3.8255523937767175e-18,3.3369842016488853,-7.324355267776264e-18,94.0845966590207,70.48285061465143
9.909999999999833,884.4872906996872,100.969910547703,-8.477346348362838e-17,1.058289006718093e-17,11.407153432787428,-3.9401941586279355e-18,3.336199449725972,-7.190873734753321e-18,94.09248007661817,70.48329858298658
9.919999999999833,885.4190545327194,101.10201605245935,-8.49664382095989e-17,1.0593027030596571e-17,11.405685048842727,-4.055168453943139e-18,3.335403663434236,-7.057390178303364e-18,94.10035449795167,70.48374655590894
9.929999999999833,886.3508976799408,101.23412180052867,-8.515914097655857e-17,1.058484780430271e-17,11.404210315617883,-4.251331484418774e-18,3.33459676729059,-6.923930977879578e-18,94.10821988190115,70.48419453363181
9.939999999999833,887.2828200404996,101.36622785276283,-8.535027644084025e-17,1.0574158331877287e-17,11.402729101077457,-4.447036361088266e-18,3.3337786894057144,-6.713392202259523e-18,94.11607618767304,70.48464251636504
9.949999999999832,888.2148215132867,101.4983342689892,-8.554112870702673e-17,1.0577033546540579e-17,11.40124127637905,-4.56136250274441e-18,3.332949361465343,-6.50379217830874e-18,94.12392337479761,70.4850905043151
9.959999999999832,889.146901996939,101.630441108005,-8.573170086703617e-17,1.0577821399869485e-17,11.399746715870112,-4.6758916935327275e-18,3.332108718711091,-6.372291897841303e-18,94.13176140312642,70.48553849768491
9.969999999999832,890.0790613898441,101.76254842757196,-8.59219960360505e-17,1.0576583680030801e-17,11.398245297084253,-4.790596728586504e-18,3.331256699920811,-6.2409293703609e-18,94.13959023282979,70.485986496674
9.979999999999832,891.011299590143,101.89465628441118,-8.611071659622625e-17,1.0573381006754344e-17,11.396736900736933,-4.905450679816496e-18,3.330393247388497,-6.109729025237704e-18,94.14740982439417,70.48643450147829
9.989999999999831,891.9436164957349,102.02676473419834,-8.629784439003134e-17,1.0584254291723905e-17,11.395221410720719,-4.939544472812367e-18,3.329518306903746,-5.978714992462996e-18,94.1552201386196,70.48688251229028
9.999999999999831,892.8760120042803,102.15887383155899,-8.64833593785893e-17,1.0609514738664411e-17,11.393698714099937,-4.893586100765301e-18,3.328631827730769,-5.9250407490852166e-18,94.1630211366171,70.48733052929887
10.009999999999831,893.8084860132047,102.29098363006429,-8.66685407399343e-17,1.0649452767735001e-17,11.392168701104818,-4.768292140007148e-18,3.327733762586978,-5.947866789940063e-18,94.17081277980606,70.48777855268942
10.01999999999983,894.7410384197028,102.42309418222679,-8.685468723531772e-17,1.0688363658327196e-17,11.390631265125199,-4.645268631606248e-18,3.3268240676211374,-6.046347620751228e-18,94.17859502991159,70.48822658264372
10.02999999999983,895.6736691207411,102.55520553949664,-8.7041817831092e-17,1.0710272149681097e-17,11.389086302703591,-4.6053946527097746e-18,3.3259027023911076,-6.1425025100610625e-18,94.18636784896205,70.48867461933997
10.03999999999983,896.606378013062,102.6873177522579,-8.722865205813345e-17,1.0714922976362789e-17,11.387533713527848,-4.64793344758018e-18,3.324969629841163,-6.1592085043122034e-18,94.1941311992862,70.48912266295282
10.04999999999983,897.5391649931869,102.8194308698252,-8.741388996334982e-17,1.071804905078351e-17,11.385973400423286,-4.691259738406498e-18,3.324024816278919,-6.097335785548619e-18,94.20188504351081,70.48957071365324
10.05999999999983,898.4720299574197,102.95154494044054,-8.75988134343456e-17,1.073565360791377e-17,11.384405269344315,-4.654475114771514e-18,3.3230682313518516,-6.0348899214386895e-18,94.20962934455777,70.49001877160859
10.06999999999983,899.4049728018502,103.08366001127044,-8.778342220030605e-17,1.0752062783159298e-17,11.38282922936558,-4.6191744760222224e-18,3.3220998480234294,-6.049018785727559e-18,94.21736406564169,70.49046683698269
10.07999999999983,900.337993422357,103.21577612840319,-8.796901787905258e-17,1.0767292965318952e-17,11.38124519267262,-4.585347108087299e-18,3.321119642548866,-6.061748124172516e-18,94.2250891702671,70.49091490993558
10.08999999999983,901.2710917146109,103.34789333684647,-8.815431968896652e-17,1.0765401346900869e-17,11.379653074552065,-4.6338601259813954e-18,3.3201275944504944,-6.07309073581345e-18,94.23280462222583,70.49136299062378
10.09999999999983,902.2042675740776,103.48001168052514,-8.834063145896164e-17,1.0762107717412988e-17,11.378052793381322,-4.6830896717213965e-18,3.3191236864927713,-6.005930427352168e-18,94.24051038559442,70.49181107920003
10.109999999999829,903.1375208960216,103.61213120227922,-8.85253720107238e-17,1.0741493376460082e-17,11.376444270617837,-4.813893405375221e-18,3.318107904656924,-5.938273098150322e-18,94.24820642473138,70.49225917581352
10.119999999999829,904.0708515755083,103.74425194386221,-8.871112826957275e-17,1.073524459756554e-17,11.37482743078787,-4.863763282154204e-18,3.31708023811524,-5.793008514122258e-18,94.25589270427454,70.49270728060966
10.129999999999828,905.0042595074075,103.87637394593955,-8.889662104621408e-17,1.0711769313915827e-17,11.3732022014748,-4.995159692724019e-18,3.316040679205014,-5.72527724879352e-18,94.26356918913852,70.49315539373028
10.139999999999828,905.9377445863959,104.00849724808731,-8.908185410618302e-17,1.0686795287665047e-17,11.371568513307045,-5.1264523808806464e-18,3.314989223402154,-5.579981623056061e-18,94.2712358445119,70.49360351531342
10.149999999999828,906.87130670696,104.14062188879116,-8.926813381256406e-17,1.06603752546222e-17,11.369926299945442,-5.257614288165536e-18,3.3139258692944527,-5.4351328149656795e-18,94.27889263585462,70.49405164549351
10.159999999999828,907.8049457633992,104.27274790544553,-8.945418259777576e-17,1.061661819374817e-17,11.368275498070274,-5.46949345715778e-18,3.312850618554542,-5.290754550821699e-18,94.28653952889537,70.49449978440127
10.169999999999828,908.7386616498281,104.40487533435298,-8.964130894623968e-17,1.057126183693355e-17,11.36661604736781,-5.680453308069094e-18,3.3117634759125245,-5.0697413762979995e-18,94.29417648962887,70.4949479321637
10.179999999999827,909.6724542601792,104.53700421072382,-8.982693405648373e-17,1.050843770244472e-17,11.364947890516445,-5.971333390273587e-18,3.310664449128296,-4.8501093587672755e-18,94.30180348431321,70.49539608890412
10.189999999999827,910.6063234882055,104.66913456867591,-9.001104411419273e-17,1.0459831527186798e-17,11.363270973172417,-6.179617241260448e-18,3.3095535489635672,-4.554758029395919e-18,94.30942047946728,70.49584425474217
10.199999999999827,911.5402692274831,104.80126644123473,-9.01949264915294e-17,1.0425783078066485e-17,11.36158524395509,-6.305999681681271e-18,3.3084307891535896,-4.3388369202628634e-18,94.31702744186795,70.49629242979373
10.209999999999827,912.4742913714138,104.9333998603336,-9.037988810929752e-17,1.0390679809290491e-17,11.35989065443184,-6.432057050480462e-18,3.3072961863785957,-4.201514301785084e-18,94.3246243385476,70.49674061417102
10.219999999999827,913.408389813227,105.06553485681417,-9.056334734589949e-17,1.0338637043360814e-17,11.358187159102567,-6.63863775369341e-18,3.306149760234954,-4.064823288261464e-18,94.3322111367913,70.49718880798255
10.229999999999826,914.3425644459828,105.1976714604271,-9.074659185574924e-17,1.0301295560136801e-17,11.356474715383728,-6.763239359212183e-18,3.304991533206058,-3.851655357061242e-18,94.33978780413432,70.49763701133315
10.239999999999826,915.2768151625735,105.32980969983292,-9.092962529553781e-17,1.0263047169631482e-17,11.354753283592096,-6.887438263054965e-18,3.3038215306329417,-3.717152107771114e-18,94.34735430835939,70.49808522432396
10.249999999999826,916.2111418557265,105.46194960260316,-9.111114765982049e-17,1.0223932377587576e-17,11.35302282692802,-7.011212215028079e-18,3.3026397806846424,-3.58334526551097e-18,94.35491061749406,70.49853344705235
10.259999999999826,917.1455444180061,105.59409119522158,-9.129114121486294e-17,1.0199909196327116e-17,11.35128331145839,-7.0536693516175e-18,3.3014463143283095,-3.45025365320002e-18,94.3624566998081,70.49898167961209
10.269999999999825,918.0800227418158,105.72623450308576,-9.147219404887048e-17,1.0191270091152586e-17,11.349534706099156,-7.015524874558394e-18,3.3002411652990724,-3.3950242534194194e-18,94.36999252381091,70.49942992209321
10.279999999999825,919.0145767194003,105.85837955050874,-9.16530234121418e-17,1.0166460372107553e-17,11.347776982597576,-7.05924054699471e-18,3.2990243700696666,-3.416810258180585e-18,94.37751805824877,70.49987817458208
10.289999999999825,919.9492062428478,105.99052636072092,-9.183232699517178e-17,1.014113532539868e-17,11.34601011551399,-7.103206261861651e-18,3.2977959678198343,-3.3605019173842064e-18,94.38503327210238,70.50032643716139
10.299999999999825,920.8839112040914,106.12267495587216,-9.201269355301911e-17,1.0131221306935131e-17,11.344234082203322,-7.066541000980742e-18,3.296556000405505,-3.3040991693184023e-18,94.39253813458413,70.50077470991016
10.309999999999825,921.8186914949116,106.2548253570341,-9.219414435392647e-17,1.0105178569232118e-17,11.34244886279621,-7.111703824127758e-18,3.295304512327751,-3.3247425964930505e-18,94.40003261513557,70.50122299290375
10.319999999999824,922.7535470069378,106.3869775842026,-9.237539819943954e-17,1.0062751109830063e-17,11.340654440179788,-7.237952874490234e-18,3.2940415507015515,-3.2673222757708222e-18,94.40751668342482,70.50167128621388
10.329999999999824,923.6884776316502,106.51913165630046,-9.255515430327541e-17,1.0019603360020376e-17,11.33885079997813,-7.363671413796263e-18,3.2927671652243387,-3.132709800286172e-18,94.41499030934388,70.50211958990857
10.339999999999824,924.6234832603819,106.65128759118022,-9.273600417357913e-17,9.991670413290118e-18,11.337037930532368,-7.407972401164099e-18,3.2914814081443633,-2.9989109138151876e-18,94.42245346300616,70.50256790405226
10.349999999999824,925.5585637843201,106.78344540562725,-9.291797098920026e-17,9.947452006567181e-18,11.335215822880498,-7.533303340585832e-18,3.2901843342288664,-2.9430715041154902e-18,94.42990611474394,70.50301622870573
10.359999999999824,926.4937190945079,106.91560511536296,-9.310107983289549e-17,9.886710153059076e-18,11.333384470736842,-7.738914464722722e-18,3.288876000732076,-2.8100866778115963e-18,94.43734823510565,70.50346456392617
10.369999999999823,927.4289490818461,107.04776673504826,-9.32840527578666e-17,9.809226377773528e-18,11.331543870471226,-8.024047798595151e-18,3.2875564673630286,-2.6008331969738076e-18,94.44477979485349,70.50391290976714
10.379999999999823,928.3642536370946,107.17993027828706,-9.346559217859013e-17,9.730688575767946e-18,11.329694021087837,-8.307073564316425e-18,3.28622579625323,-2.3161933914958893e-18,94.4522007649608,70.50436126627861
10.389999999999823,929.2996326508741,107.31209575763013,-9.364698919387961e-17,9.667054477216783e-18,11.327834924203774,-8.507092614089853e-18,3.2848840519241516,-2.0341831936825425e-18,94.45961111660955,70.50480963350694
10.399999999999823,930.2350860136671,107.44426318457899,-9.382694400152094e-17,9.602767451588553e-18,11.325966584027352,-8.70567064437379e-18,3.2835313012545813,-1.831957893312898e-18,94.46701082118786,70.50525801149497
10.409999999999823,931.1706136158201,107.57643256959003,-9.400544058023217e-17,9.553756690916634e-18,11.324089007336035,-8.821919460482193e-18,3.2821676134478284,-1.6315496644531647e-18,94.47439985028741,70.50570640028195
10.419999999999822,932.106215347544,107.70860392207882,-9.418376640205232e-17,9.52032497476098e-18,11.322202203454175,-8.856551793263088e-18,3.2807930599987896,-1.5101065158806314e-18,94.48177817570104,70.5061547999036
10.429999999999822,933.0418910989162,107.84077725042457,-9.436192299291328e-17,9.486880299898661e-18,11.320306184230438,-8.891150459144514e-18,3.2794077146608895,-1.466781720254978e-18,94.48914576942018,70.50660321039209
10.439999999999822,933.9776407598813,107.9729525619747,-9.453991187384801e-17,9.453430003841653e-18,11.318400964014948,-8.92570748936518e-18,3.2780116534128916,-1.4235940681744144e-18,94.49650260363248,70.50705163177606
10.449999999999822,934.9134642202529,108.10512986304967,-9.471773456072793e-17,9.419981285008146e-18,11.31648655963619,-8.960215012484972e-18,3.2766049544255984,-1.380550589543689e-18,94.50384865071922,70.50750006408074
10.459999999999821,935.8493613697143,108.23730915894794,-9.489669841068904e-17,9.38654120430467e-18,11.314562990377674,-8.99466525486944e-18,3.275187698028437,-1.3376582100495983e-18,94.51118388325303,70.50794850732777
10.469999999999821,936.7853320978197,108.36949045395102,-9.507552039758287e-17,9.33725385813303e-18,11.312630277954302,-9.10990955829269e-18,3.2737599666759487,-1.2949237509192813e-18,94.51850827399532,70.50839696153538
10.479999999999821,937.7213762939955,108.50167375132877,-9.525289786566745e-17,9.28773188728203e-18,11.310688446488545,-9.22434327946947e-18,3.272321844914173,-1.1752257335096178e-18,94.52582179589392,70.50884542671834
10.48999999999982,938.6574938475411,108.63385905334482,-9.542881276400536e-17,9.253859038443074e-18,11.308737522486334,-9.257092790296912e-18,3.2708734193469513,-1.0565652643512702e-18,94.53312442208068,70.50929390288799
10.49999999999982,939.59368464763,108.76604636126214,-9.560455137399455e-17,9.235915455682976e-18,11.306777534812785,-9.208881490484969e-18,3.2694147786021417,-1.0160826688826931e-18,94.54041612586909,70.50974239005221
10.50999999999982,940.5299485833107,108.89823567534872,-9.578011323929661e-17,9.218309256532825e-18,11.304808514667613,-9.161298248517022e-18,3.2679460132977627,-1.0529233159495833e-18,94.54769688075187,70.51019088821562
10.51999999999982,941.4662855435075,109.03042699488346,-9.595419145252389e-17,9.201025905304157e-18,11.302830495560393,-9.114344602904666e-18,3.2664672160080612,-1.0890983556385322e-18,94.55496666039868,70.51063939737928
10.52999999999982,942.4026954170218,109.16262031816221,-9.61267641486297e-17,9.199897140043848e-18,11.300843513285617,-8.987166255741525e-18,3.2649784812295266,-1.1246078845179922e-18,94.56222543865367,70.51108791754102
10.53999999999982,943.3391780925324,109.29481564250389,-9.630042090656489e-17,9.215163528295524e-18,11.298847605897484,-8.780503560170162e-18,3.2634799053468355,-1.2365803239201617e-18,94.56947318953328,70.51153644869531
10.54999999999982,944.2757334585964,109.42701296425678,-9.64738722059123e-17,9.215365841514962e-18,11.296842813684535,-8.656814171661969e-18,3.261971586598764,-1.4241493590714652e-18,94.57670988722383,70.51198499083327
10.55999999999982,945.21236140365,109.55921227880498,-9.66458089364844e-17,9.216034567792156e-18,11.294829179144108,-8.534522016265759e-18,3.2604536250440392,-1.5321867108301378e-18,94.5839355060793,70.51243354394279
10.569999999999819,946.1490618160093,109.69141358057495,-9.681882139239075e-17,9.232972894529925e-18,11.292806746956563,-8.332782000268905e-18,3.2589261225271655,-1.6386769650304028e-18,94.591150020619,70.51288210800844
10.579999999999819,947.0858345838707,109.82361686304222,-9.699161986814344e-17,9.234742043345762e-18,11.290775563959349,-8.214047221381723e-18,3.2573891826442143,-1.8207441435659933e-18,94.5983534055253,70.5133306830115
10.589999999999819,948.0226795953116,109.95582211873825,-9.716420223830028e-17,9.23686653308876e-18,11.288735679120908,-8.096741695858145e-18,3.255842910708591,-1.92326105760129e-18,94.60554563564148,70.51377926893014
10.599999999999818,948.9595967382911,110.08802933925735,-9.733656641095369e-17,9.239318021613641e-18,11.28668714351437,-7.980872385998097e-18,3.2542874137167863,-2.0242137910809364e-18,94.61272668596936,70.5142278657392
10.609999999999818,949.8965859006505,110.22023851526377,-9.750740295248465e-17,9.24206891384421e-18,11.284630010291146,-7.866445885413648e-18,3.2527228003141118,-2.1235994413569264e-18,94.61989653166727,70.51467647341045
10.619999999999818,950.8336469701135,110.35244963649895,-9.767668839023734e-17,9.26091200235101e-18,11.282564334654298,-7.672617880905952e-18,3.2511491807604314,-2.2214154487182327e-18,94.62705514804769,70.51512509191244
10.629999999999818,951.7707798342868,110.4846626917888,-9.784570496427976e-17,9.296075795184444e-18,11.280490173831815,-7.400134085825285e-18,3.249566666895893,-2.3947878492968476e-18,94.63420251057516,70.51557372121056
10.639999999999818,952.7079843806608,110.61687766905119,-9.801444694532848e-17,9.331955964273657e-18,11.278407587049717,-7.130597543501984e-18,3.2479753721066698,-2.6428475457883175e-18,94.6413385948642,70.51602236126713
10.649999999999817,953.6452604966097,110.7490945553035,-9.818160089935141e-17,9.36848847052683e-18,11.276316635504998,-6.8640296326171155e-18,3.246375411290707,-2.8875917988284098e-18,94.64846337667697,70.51647101204146
10.659999999999817,954.5826080693917,110.88131333667029,-9.834713978761043e-17,9.421418584699143e-18,11.274217382338492,-6.5196026990297396e-18,3.2447669008234956,-3.129008350093205e-18,94.65557683192137,70.51691967348965
10.669999999999817,955.5200269861494,111.01353399839113,-9.85136507043383e-17,9.490940302891814e-18,11.27210989260757,-6.098076619487121e-18,3.243149958523863,-3.444214043632858e-18,94.66267893664883,70.51736834556489
10.679999999999817,956.4575171339106,111.14575652482844,-9.867983782723597e-17,9.545626135095434e-18,11.269994233258725,-5.761912768798596e-18,3.2415247036197985,-3.8323307549733674e-18,94.66976966705228,70.5178170282173
10.689999999999817,957.3950783995876,111.2779808994756,-9.884438578529215e-17,9.600922833530345e-18,11.267870473100041,-5.42955868527002e-18,3.2398912567143148,-4.138218766030848e-18,94.67684899946404,70.51826572139404
10.699999999999816,958.332710669978,111.41020710496491,-9.900988257384054e-17,9.672551333976873e-18,11.265738682773584,-5.0201932971090595e-18,3.238249739751349,-4.4398538352863205e-18,94.68391691035384,70.51871442503938
10.709999999999816,959.2704138317648,111.54243512307599,-9.917503239045739e-17,9.72910912438078e-18,11.263598934727636,-4.696271196334938e-18,3.236600275981712,-4.814351050439613e-18,94.6909733763268,70.51916313909456
10.719999999999816,960.2081877715164,111.67466493474393,-9.933982835890598e-17,9.786040029064763e-18,11.26145130318886,-4.37623807888214e-18,3.234942989929094,-5.10657365246075e-18,94.69801837412136,70.51961186349796
10.729999999999816,961.1460323756866,111.80689652006781,-9.950426370507982e-17,9.843275784060367e-18,11.259295864134387,-4.0601152962733245e-18,3.233278007356124,-5.394500838399046e-18,94.70505188060739,70.52006059818514
10.739999999999815,962.0839475306149,111.93912985831915,-9.966964043262075e-17,9.900749985873629e-18,11.257132695263785,-3.747923168962367e-18,3.2316054552304974,-5.678122507905345e-18,94.71207387278422,70.52050934308878
10.749999999999815,963.0219331225264,112.07136492795054,-9.983466467604892e-17,9.942618047062782e-18,11.254961875970988,-3.520523774172254e-18,3.229925461691173,-5.957429525711071e-18,94.71908432777863,70.52095809813875
10.759999999999815,963.959989037532,112.20360170660433,-9.999933187033494e-17,9.984338995704445e-18,11.252783487316114,-3.2963523297604645e-18,3.228238156014644,-6.155285237951006e-18,94.72608322284309,70.52140686326214
10.769999999999815,964.8981151616279,112.33584017112138,-1.001636375378483e-16,1.0025871747155341e-17,11.25059761199722,-3.07541786670647e-18,3.2265436685812925,-6.349678874182109e-18,94.73307053535366,70.5218556383833
10.779999999999815,965.8363113806959,112.46808029754993,-1.0032626821972588e-16,1.0067176467294958e-17,11.248404334322009,-2.8577286599041217e-18,3.2248421308418243,-6.540609785598699e-18,94.74004624280832,70.52230442342382
10.789999999999814,966.7745775805033,112.6003220611546,-1.0048981646698232e-16,1.0123981984429322e-17,11.246203740179498,-2.562451912662175e-18,3.223133675283803,-6.7280780182347236e-18,94.74701032282493,70.52275321830268
10.799999999999814,967.7129136467028,112.73256543642533,-1.0065298838947359e-16,1.0164977592474471e-17,11.24399591701156,-2.3520150217325897e-18,3.2214184353982747,-6.989212875269664e-18,94.75396275313963,70.52320202293609
10.809999999999814,968.6513194648319,112.86481039708654,-1.0081708924573151e-16,1.0205612970721496e-17,11.24178095378451,-2.1448519095599688e-18,3.219696545646495,-7.1688903926734e-18,94.76090351160481,70.5236508372377
10.819999999999814,969.5897949203134,112.99705691610632,-1.0098082704750112e-16,1.0230095670421386e-17,11.239558940960594,-2.0218061084367423e-18,3.217968141426769,-7.34510387305229e-18,94.76783257618742,70.52409966111854
10.829999999999814,970.5283398984546,113.12930496570563,-1.0114419976587673e-16,1.0253891632835896e-17,11.237329970469444,-1.9013026970941242e-18,3.2162333590413925,-7.440727653365608e-18,94.77474992496724,70.52454849448705
10.839999999999813,971.4669542844478,113.26155451736768,-1.01305895787261e-16,1.0276988495449892e-17,11.235094135679542,-1.783337072071312e-18,3.21449233566372,-7.533762402382079e-18,94.7816555361351,70.52499733724918
10.849999999999813,972.4056379633688,113.3938055418473,-1.0146589173222937e-16,1.0315122761336578e-17,11.232851531369617,-1.5870675900488867e-18,3.2127452093053477,-7.624218056178358e-18,94.78854938799115,70.52544618930833
10.859999999999813,973.3443908201781,113.52605800918039,-1.0162547224589812e-16,1.036853870926118e-17,11.230602253700033,-1.3132304025496015e-18,3.2109921187834285,-7.789233688727228e-18,94.7954314589432,70.52589505056542
10.869999999999813,974.2832127397195,113.65831188869346,-1.0178594176017354e-16,1.0421719505335807e-17,11.228346400184192,-1.0434048490996227e-18,3.209233203688113,-8.02795152296212e-18,94.80230172750498,70.52634392091896
10.879999999999812,975.2221036067201,113.79056714901323,-1.0194600632249368e-16,1.0458877203991136e-17,11.226084069659894,-8.584354442814938e-19,3.2074686043501286,-8.262379675451435e-18,94.80916017229458,70.52679280026503
10.889999999999812,976.1610633057901,113.92282375807625,-1.0210566253065915e-16,1.0495443657837732e-17,11.223815362260682,-6.767551463508799e-19,3.2056984618085056,-8.415389770858383e-18,94.81600677203276,70.52724168849731
10.899999999999812,977.1000917214222,114.0550816831386,-1.022662173115905e-16,1.0531392449207859e-17,11.221540379387253,-4.983636989507127e-19,3.2039229177784345,-8.564980639950098e-18,94.82284150554132,70.5276905855072
10.909999999999812,978.0391887379914,114.18734089078569,-1.0242506828154544e-16,1.055096941803588e-17,11.21925922367881,-4.040929547679225e-19,3.20214211461929,-8.711160070975171e-18,94.8296643517416,70.52813949118371
10.919999999999812,978.9783542397541,114.31960134694202,-1.0258481356164499e-16,1.0585345344027709e-17,11.216971998984453,-2.315349470842506e-19,3.200356195302795,-8.776807524160341e-18,94.83647528965284,70.52858840541359
10.929999999999811,979.9175881108484,114.45186301688109,-1.0274285055102485e-16,1.0603328080241736e-17,11.21467881033459,-1.4308438898750637e-19,3.1985653033813533,-8.917058713348222e-18,94.84327429839067,70.52903732808137
10.939999999999811,980.8568902352929,114.58412586523525,-1.0290046729168959e-16,1.063607653690055e-17,11.212379763912352,2.3665310128801134e-20,3.1967695829565397,-8.976801969704825e-18,94.85006135716563,70.52948625906936
10.949999999999811,981.7962604969866,114.7163898560057,-1.0305766089043955e-16,1.066812878776122e-17,11.21007496702507,1.8715309653521371e-19,3.1949691786477614,-9.111174160129664e-18,94.85683644528159,70.52993519825766
10.95999999999981,982.7356987797084,114.8486549525725,-1.0321442854442791e-16,1.0699463123247146e-17,11.207764528075735,3.4738260452160436e-19,3.1931642355610865,-9.24219332682665e-18,94.86359954213437,70.53038414552424
10.96999999999981,983.6752049671162,114.98092111770457,-1.0337076754109104e-16,1.0730058735098198e-17,11.205448556534538,5.043580884609045e-19,3.1913548992582563,-9.36987022795686e-18,94.87035062721023,70.53083310074499
10.97999999999981,984.6147789427469,115.1131883135698,-1.0352536425344916e-16,1.0759895699515253e-17,11.203127162910441,6.580844150908368e-19,3.1895413157258647,-9.494216169597414e-18,94.87708968008451,70.53128206379363
10.98999999999981,985.5544205900152,115.24545650174512,-1.0367950572928316e-16,1.0804657176826212e-17,11.200800458722762,8.893946672997725e-19,3.187723631344737,-9.615242997590406e-18,94.88381668042017,70.53173103454196
10.99999999999981,986.4941297922136,115.37772564322673,-1.0383449882614012e-16,1.0848882063955778e-17,11.198468556472857,1.1167252352304279e-18,3.1859019928594834,-9.810092294385423e-18,94.89053160796642,70.53218001285967
11.00999999999981,987.4339064325113,115.5099956984402,-1.0398904954929901e-16,1.0876837498225427e-17,11.196131569615847,1.2592482207801417e-18,3.184076547348252,-1.0000778464226614e-17,94.89723444255743,70.53262899861453
11.01999999999981,988.3737503939541,115.64226662725076,-1.0414315567349174e-16,1.0903923531107389e-17,11.193789612532358,1.3985313772471645e-18,3.1822474421926743,-1.0110179982513603e-17,94.90392516411092,70.5330779916723
11.02999999999981,989.3136615594631,115.77453838897348,-1.0429681506355646e-16,1.0930125390032239e-17,11.191442800500417,1.5345830070175062e-18,3.180414825048012,-1.0216304025056838e-17,94.91060375262684,70.5335269918969
11.039999999999809,990.2536398118345,115.90681094238357,-1.0444871410143515e-16,1.0955429074094086e-17,11.189091249667317,1.6674119753618116e-18,3.1785788438135048,-1.0319165485985848e-17,94.91727018818621,70.53397599915041
11.049999999999809,991.193685033739,116.03908424572667,-1.0459882930094639e-16,1.0995503349273057e-17,11.186735077021638,1.8778513874612693e-18,3.176739646602926,-1.0418779746855826e-17,94.92392445094976,70.53442501329296
11.059999999999809,992.1337971077207,116.17135825672915,-1.0474713536918378e-16,1.1050591923743876e-17,11.18437440036529,2.1651680595473454e-18,3.1748973817153483,-1.0592292107381203e-17,94.93056652115665,70.53487403418292
11.069999999999808,993.0739759161967,116.30363293260845,-1.0489491707966346e-16,1.1120919276539453e-17,11.182009338285681,2.528621026342437e-18,3.173052197606125,-1.0838849340292542e-17,94.93719637912339,70.53532306167696
11.079999999999808,994.0142213414562,116.43590823008346,-1.0504085516967652e-16,1.1191019313432059e-17,11.179640010127928,2.8866400727276605e-18,3.171204242858084,-1.1157592966715134e-17,94.94381400524253,70.53577209562994
11.089999999999808,994.9545332656598,116.56818410538483,-1.0518623297461208e-16,1.1276491538642996e-17,11.177266535967224,3.3200337917575745e-18,3.1693536661529498,-1.1470529921685396e-17,94.95041937998157,70.53622113589503
11.099999999999808,995.8949115708392,116.70046051426542,-1.0532972944352964e-16,1.1361860563184743e-17,11.174889036581211,3.747227164765067e-18,3.1675006162429775,-1.1854791217009695e-17,94.95701248388177,70.5366701823238
11.109999999999808,996.8353561388957,116.8327374120106,-1.0547262651342904e-16,1.1462703267116829e-17,11.172507633422546,4.249021695567827e-18,3.1656452419228294,-1.2232379998739895e-17,94.963593297557,70.5371192347661
11.119999999999807,997.7758668515997,116.96501475344876,-1.0561360138677052e-16,1.1563535821332332e-17,11.170122448591506,4.743838012907285e-18,3.1637876920016694,-1.268042396878579e-17,94.97016180169274,70.53756829307024
11.129999999999807,998.7164435905904,117.09729249296161,-1.0575393464301468e-16,1.1679913277050799e-17,11.167733604808733,5.312470971230879e-18,3.1619281152754946,-1.3120922905104808e-17,94.97671797704493,70.53801735708299
11.139999999999807,999.6570862373744,117.22957058449471,-1.0589361428706244e-16,1.179634419045073e-17,11.165341225388074,5.8733372919757495e-18,3.160066660499705,-1.3631001619626215e-17,94.98326180443892,70.53846642664955
11.149999999999807,1000.597794673325,117.36184898156776,-1.0603394113070224e-16,1.1912714721373355e-17,11.162945434209554,6.4264085590301746e-18,3.158203476361913,-1.41326569367475e-17,94.9897932647685,70.53891550161367
11.159999999999807,1001.5385687796816,117.49412763728513,-1.0617229976425512e-16,1.2013269975092638e-17,11.160546355692455,6.890841877123238e-18,3.1563387114549903,-1.4625881329174156e-17,94.99631233899477,70.53936458181762
11.169999999999806,1002.4794084375487,117.6264065043462,-1.0630865916311908e-16,1.2128927903808177e-17,11.158144114768525,7.428987991220637e-18,3.1544725142503673,-1.503353912800955e-17,95.0028190081453,70.53981366710231
11.179999999999806,1003.4203135278955,117.75868553505583,-1.0644429947646651e-16,1.2259861224712321e-17,11.155738836855319,8.040088427091752e-18,3.1526050330715707,-1.5510756321905843e-17,95.0093132533131,70.5402627573072
11.189999999999806,1004.3612839315541,117.89096468133472,-1.0657920785184039e-16,1.2390591324550282e-17,11.153330647829653,8.642563623475024e-18,3.1507364160680225,-1.605666614869246e-17,95.01579505565566,70.54071185227042
11.199999999999806,1005.3023195292199,118.02324389472986,-1.0671337166998668e-16,1.2520999927366405e-17,11.150919674001234,9.236386048851161e-18,3.1488668111890834,-1.659326755745449e-17,95.02226439639412,70.54116095182883
11.209999999999805,1006.2434202014495,118.1555231264249,-1.0684809169607444e-16,1.2650972302029634e-17,11.148506042086375,9.8215302462645e-18,3.1469963661583598,-1.7120555755679095e-17,95.02872125681226,70.54161005581797
11.219999999999805,1007.1845858286609,118.28780232725055,-1.069833773415355e-16,1.27647735857186e-17,11.146089879181897,1.0317160447206896e-17,3.1451252284482574,-1.7638527863412764e-17,95.03516561825576,70.54205916407217
11.229999999999805,1008.1258162911321,118.42008144769493,-1.0711924014935589e-16,1.2862039007420957e-17,11.143671312739157,1.0723999614779727e-17,3.14325354525481,-1.8070052714515063e-17,95.04159746213121,70.54250827642453
11.239999999999805,1009.0671114690001,118.55236043791398,-1.0725438035337025e-16,1.294242714367943e-17,11.14125047053821,1.1042781051040451e-17,3.1413814634727593,-1.8416001580738317e-17,95.04801676990544,70.54295739270701
11.249999999999805,1010.0084712422605,118.68463924774174,-1.0738747862715491e-16,1.302123254763607e-17,11.138827480662197,1.135505848182787e-17,3.1395091296709086,-1.8677253309775476e-17,95.0544235231046,70.54340651275042
11.259999999999804,1010.9498954907662,118.81691782670075,-1.075198213781616e-16,1.3114025623223527e-17,11.136402471471756,1.1741650243383007e-17,3.1376366900677364,-1.893182438592797e-17,95.06081770331342,70.54385563638445
11.269999999999804,1011.8913840942265,118.94919612401227,-1.0765271496134821e-16,1.3205419729239028e-17,11.133975571579743,1.2121012626364588e-17,3.135764290507285,-1.925686787506588e-17,95.06719929217448,70.54430476343778
11.279999999999804,1012.8329369322068,119.08147408860667,-1.0778354623899161e-16,1.3279756249492138e-17,11.131546909826008,1.2412340142718494e-17,3.133892076435321,-1.9574406573860064e-17,95.07356827138747,70.544753893738
11.289999999999804,1013.774553884127,119.2137516691336,-1.0791360246881668e-16,1.3367922678573608e-17,11.129116615252387,1.2777997106772224e-17,3.132020192875767,-1.9807329191797842e-17,95.0799246227084,70.54520302711175
11.299999999999804,1014.7162348292609,119.34602881397228,-1.0804287689607398e-16,1.3454548971457608e-17,11.126684817077853,1.313644571242716e-17,3.130148784407408,-2.011078786444197e-17,95.08626832794903,70.54565216338469
11.309999999999803,1015.6579796467353,119.47830547124173,-1.0817267702092712e-16,1.3539585092622007e-17,11.124251644673826,1.34876928268691e-17,3.1282779951408823,-2.040680872992633e-17,95.0925993689761,70.54610130238154
11.319999999999803,1016.5997882155291,119.61058158881087,-1.0830301806666302e-16,1.3607394319404787e-17,11.121817227539688,1.3750941078286513e-17,3.1264079686959416,-2.0695414524343146e-17,95.09891772771076,70.5465504439262
11.329999999999803,1017.5416604144723,119.74285711430882,-1.0843128888431403e-16,1.3657673273888405e-17,11.119381695278449,1.3926945080099387e-17,3.1245388481790033,-2.0899498568258344e-17,95.10522338612786,70.54699958784161
11.339999999999803,1018.4835961222454,119.87513199513488,-1.0855878002736409e-16,1.3721304025488711e-17,11.116945177572592,1.4178077681590266e-17,3.1226707761609775,-2.101995689889713e-17,95.11151632625548,70.54744873394995
11.349999999999802,1019.4255952173781,120.00740617846871,-1.0868680198867642e-16,1.3782963382374257e-17,11.11450780416014,1.4422818762146865e-17,3.120803894655382,-2.1211953973452127e-17,95.11779653017415,70.54789788207265
11.359999999999802,1020.3676575782487,120.13967961128037,-1.0881274361340536e-16,1.3827055025301032e-17,11.112069704810882,1.4580386558467043e-17,3.118938345096745,-2.139752675313265e-17,95.12406398001649,70.54834703203029
11.369999999999802,1021.3097830830827,120.27195224034033,-1.0893921082476305e-16,1.388444361505739e-17,11.109631009302767,1.481315304009743e-17,3.117074268319289,-2.1499578093104647e-17,95.13031865796658,70.5487961836428
11.379999999999802,1022.2519716099528,120.40422401222945,-1.0906490713200727e-16,1.39242525811207e-17,11.107191847398544,1.495880128002349e-17,3.1152118045359156,-2.167327541416847e-17,95.13656054625943,70.54924533672944
11.389999999999802,1023.194223036777,120.53649487334896,-1.0919114596732577e-16,1.3961770462525766e-17,11.104752348822556,1.509890159474848e-17,3.113351093317467,-2.1763526950029643e-17,95.14278962718048,70.54969449110875
11.399999999999801,1024.1365372413184,120.66876476993032,-1.0931663289171079e-16,1.3981439947391625e-17,11.102312643237756,1.515268707888872e-17,3.1114922735722894,-2.1848370948176447e-17,95.14900588306514,70.5501436465987
11.409999999999801,1025.0789141011842,120.80103364804513,-1.0944136877596778e-16,1.3998564648251032e-17,11.099872860222884,1.5201736842290937e-17,3.109635483526086,-2.185071906180475e-17,95.1552092962984,70.5505928030167
11.419999999999801,1026.0213534938243,120.93330145361492,-1.095666696550214e-16,1.4013169607893172e-17,11.09743312924992,1.5246093947972424e-17,3.1077808607020643,-2.184861688262035e-17,95.16139984931428,70.55104196017953
11.4299999999998,1026.963855296531,121.06556813242088,-1.0969124314759635e-16,1.4009729949771686e-17,11.09499357966166,1.520500372766995e-17,3.1059285419013767,-2.184211398998707e-17,95.16757752459544,70.55149111790355
11.4399999999998,1027.9064193864376,121.1978336301137,-1.0981509241651067e-16,1.400356000067536e-17,11.092554340649562,1.5160053372526762e-17,3.104078663183862,-2.17541291187894e-17,95.17374230467291,70.55194027600456
11.4499999999998,1028.8490456405184,121.33009789222318,-1.0993822073614306e-16,1.3994705656509247e-17,11.090115541231759,1.511129557627923e-17,3.1022313598490823,-2.1662715084948263e-17,95.17989417212554,70.55238943429796
11.4599999999998,1029.7917339355868,121.46236086416782,-1.1006063149030069e-16,1.3983212561002363e-17,11.087677310231312,1.5058783215246873e-17,3.1003867664176563,-2.156792813577621e-17,95.18603310957975,70.55283859259869
11.4699999999998,1030.7344841482945,121.59462249126449,-1.1018232817009277e-16,1.3969126104874448e-17,11.085239776254685,1.5002569335819125e-17,3.0985450166128943,-2.1469824577827372e-17,95.19215909970919,70.55328775072134
11.4799999999998,1031.677296155132,121.72688271873788,-1.1030331437181014e-16,1.3952491424949993e-17,11.082803067670381,1.4942707142040397e-17,3.096706243342733,-2.136846076505846e-17,95.19827212523437,70.55373690848013
11.4899999999998,1032.6201698324253,121.85914149173004,-1.104235937948114e-16,1.3933353403222788e-17,11.080367312587876,1.4879249983294956e-17,3.0948705786819697,-2.1263893087105e-17,95.20437216892245,70.554186065689
11.4999999999998,1033.5631050563377,121.99139875530975,-1.1054317023941554e-16,1.3911756665873795e-17,11.077932638836709,1.4812251342092983e-17,3.0930381538548017,-2.1156177957673982e-17,95.21045921358686,70.55463522216151
11.509999999999799,1034.5061017028668,122.1236544544819,-1.1066204760480159e-16,1.3887745582245515e-17,11.075499173945824,1.4741764821959387e-17,3.09120909921766,-2.104537180305391e-17,95.2165332420872,70.55508437771104
11.519999999999799,1035.449159647845,122.25590853419679,-1.1078154578203176e-16,1.3861364263775498e-17,11.073067045123132,1.466784413542661e-17,3.0893835442423563,-2.0931531050743547e-17,95.22259423732876,70.55553353215076
11.529999999999799,1036.3922787669378,122.3881609393594,-1.1089905851004077e-16,1.3817141379820489e-17,11.070636379235307,1.450975161692224e-17,3.0875616174995244,-2.0814712118200143e-17,95.22864218226259,70.55598268529359
11.539999999999798,1037.335458935644,122.52041161483854,-1.1101588631601943e-16,1.3785885479143153e-17,11.068207302787798,1.4429869040013227e-17,3.0857434466423697,-2.06178397321723e-17,95.2346770598851,70.5564318369523
11.549999999999798,1038.2787000292935,122.65266050547599,-1.1113334960642744e-16,1.3752410257447911e-17,11.065779941905063,1.4346722169444364e-17,3.083929158390722,-2.0496105466242756e-17,95.24069885323794,70.55688098693959
11.559999999999798,1039.2220019230476,122.78490755609562,-1.1125147433867647e-16,1.3701253569960723e-17,11.063354422311066,1.4179575320643297e-17,3.0821188785153915,-2.0371567762280828e-17,95.24670754540783,70.55733013506796
11.569999999999798,1040.1653644918977,122.91715271151227,-1.1136765580349327e-16,1.3632199153851402e-17,11.060930869309972,1.3929228770582194e-17,3.0803127318228314,-2.0167150833190887e-17,95.25270311952644,70.55777928114993
11.579999999999798,1041.1087876106644,123.0493959165408,-1.1148188065502298e-16,1.357604603983491e-17,11.058509407767103,1.3758067416294937e-17,3.0785108421401044,-1.988378254345797e-17,95.25868555877027,70.55822842499796
11.589999999999797,1042.052271153997,123.1816371160049,-1.115954501919011e-16,1.3533134408845314e-17,11.056090162090113,1.36654148740123e-17,3.076713332300154,-1.9676660253278875e-17,95.26465484636047,70.55867756642448
11.599999999999797,1042.9958149963727,123.3138762547459,-1.1170968558747746e-16,1.3488292352066943e-17,11.053673256210416,1.356979916716817e-17,3.0749203241273797,-1.9544978959685927e-17,95.27061096556285,70.55912670524192
11.609999999999797,1043.9394190120956,123.44611327763155,-1.1182197981997869e-16,1.3426071867142875e-17,11.051258813564834,1.339048710212784e-17,3.0731319384235225,-1.941079533379254e-17,95.27655389968774,70.55957584126287
11.619999999999797,1044.883083075296,123.57834812956462,-1.1193363464667424e-16,1.3377220947815866e-17,11.048846957077506,1.3289849288991383e-17,3.0713482949538493,-1.9197031977378656e-17,95.28248363208996,70.56002497429988
11.629999999999797,1045.82680705993,123.71058075549152,-1.120446548706548e-16,1.3326577053075588e-17,11.046437809142034,1.3186415328985922e-17,3.0695695124336453,-1.9058879750265287e-17,95.2884001461688,70.56047410416569
11.639999999999796,1046.7705908397777,123.84281110041084,-1.1215504536528898e-16,1.3274178322641375e-17,11.044031491603839,1.308023788652562e-17,3.067795708515013,-1.891839449521421e-17,95.29430342536794,70.56092323067315
11.649999999999796,1047.7144342884442,123.97503910938181,-1.1226481107232264e-16,1.3220062669811434e-17,11.041628125742836,1.2971369597250007e-17,3.0660269997739737,-1.877563027604989e-17,95.30019345317552,70.56137235363528
11.659999999999796,1048.658337279357,124.10726472753265,-1.1237263992295255e-16,1.3164267779302315e-17,11.039227832256255,1.2859863057788422e-17,3.0642635016978725,-1.8630641021625614e-17,95.30607021312412,70.5618214728653
11.669999999999796,1049.6022996857669,124.23948790006891,-1.1247851535949568e-16,1.3122297698097919e-17,11.036830731241809,1.2826552979154972e-17,3.0625053286730934,-1.8483480516503614e-17,95.31193368879079,70.56227058817669
11.679999999999795,1050.546321380746,124.37170857228165,-1.125837362410719e-16,1.3094448796837503e-17,11.034436942181031,1.2870744786990567e-17,3.0607525939730715,-1.8411334729050928e-17,95.3177838637971,70.56271969938311
11.689999999999795,1051.4904022371877,124.50392668955564,-1.1268698668305763e-16,1.306553743516742e-17,11.032046583922895,1.2910954673872062e-17,3.0590054097466113,-1.8413384775552448e-17,95.32362072180918,70.56316880629858
11.699999999999795,1052.4345421278063,124.63614219737744,-1.1278824658878376e-16,1.3051016916719306e-17,11.029659774667705,1.302799889898755e-17,3.0572638870065116,-1.8411673415342885e-17,95.32944424653786,70.56361790873741
11.709999999999795,1053.3787409251354,124.76835504134337,-1.1288881155955096e-16,1.3051144311597495e-17,11.02727663195116,1.322116671074253e-17,3.0555281356184905,-1.848337505019332e-17,95.33525442173871,70.56406700651424
11.719999999999795,1054.322998501528,124.90056516716747,-1.129873619978813e-16,1.3050707911818096e-17,11.024897272628792,1.3408960554057238e-17,3.0537982642904073,-1.8627659421469327e-17,95.34105123121216,70.56451609944403
11.729999999999794,1055.2673147291557,125.0327725206893,-1.1308387437174168e-16,1.306511319704902e-17,11.022521812860514,1.3672179640303388e-17,3.0520743805617974,-1.8766558222130235e-17,95.34683465880363,70.56496518734224
11.739999999999794,1056.2116894800079,125.16497704788175,-1.1317832339311686e-16,1.3094580761152966e-17,11.020150368095532,1.401009843020842e-17,3.0503565907936956,-1.8977235625955647e-17,95.3526046884037,70.56541427002468
11.749999999999794,1057.1561226258914,125.29717869485867,-1.1327199985380605e-16,1.3139312767085997e-17,11.017783053057457,1.4421983923316385e-17,3.0486450001587726,-1.925885133322382e-17,95.35836130394821,70.56586334730757
11.759999999999794,1058.1006140384297,125.42937740788253,-1.1336621455184057e-16,1.318405759213284e-17,11.015419981729687,1.4826319611083983e-17,3.04693971263176,-1.961056000207751e-17,95.3641044894185,70.56631241900769
11.769999999999794,1059.0451635890622,125.5615731333719,-1.1345966424076197e-16,1.3213289860891474e-17,11.013061267341044,1.51423301863416e-17,3.0452408309801764,-1.9954378724656176e-17,95.3698342288415,70.56676148494226
11.779999999999793,1059.9897711490441,125.69376581790887,-1.1355234408433822e-16,1.3242088984021039e-17,11.010707022351626,1.545154011898957e-17,3.043548456755359,-2.021319266438282e-17,95.37555050629005,70.56721054492907
11.789999999999793,1060.9344365894456,125.82595540824646,-1.1364424941727718e-16,1.3270388081742213e-17,11.008357358439003,1.5753961089939813e-17,3.0418626902837813,-2.0465026753575785e-17,95.38125330588304,70.56765959878638
11.799999999999793,1061.879159781151,125.95814185131583,-1.137340575238633e-16,1.3298122663671607e-17,11.006012386484562,1.6049606049289313e-17,3.040183630658674,-2.070990743196241e-17,95.3869426117856,70.5681086463331
11.809999999999793,1062.8239405948589,126.0903250942335,-1.1382306073258806e-16,1.334064950883791e-17,11.003672216560204,1.6419262258740297e-17,3.0385113757319404,-2.094786225043001e-17,95.39261840820949,70.56855768738869
11.819999999999792,1063.768778901081,126.22250508430844,-1.1391257138757529e-16,1.3382753088573969e-17,11.001336957915228,1.6781424928671518e-17,3.036846022106362,-2.1256052821936633e-17,95.39828067941316,70.56900672177328
11.829999999999792,1064.7136745701425,126.35468176904904,-1.1400260529373764e-16,1.3408943446426671e-17,10.99900671896349,1.7055330669991273e-17,3.0351876651281002,-2.1556502950810998e-17,95.40392940970219,70.56945574930758
11.839999999999792,1065.6586274721803,126.48685509617009,-1.1409186179128912e-16,1.3418885545874527e-17,10.996681607270855,1.724173723431645e-17,3.033536398879491,-2.1772104633836896e-17,95.40956458342949,70.56990476981305
11.849999999999792,1066.6036374771436,126.61902501359958,-1.1418033916423954e-16,1.3427672623854006e-17,10.994361729542847,1.74221826277036e-17,3.0318923161721276,-2.1903757184049948e-17,95.41518618499556,70.57035378311177
11.859999999999792,1067.548704454793,126.75119146948546,-1.142693545488905e-16,1.3435274668213437e-17,10.992047191612597,1.7596695814454473e-17,3.0302555085402316,-2.2029500082302177e-17,95.42079419884894,70.57080278902662
11.869999999999791,1068.4938282747005,126.88335441220231,-1.143576094114345e-16,1.3426264331446798e-17,10.989738098429049,1.7684537413343295e-17,3.0286260662343185,-2.2149373382121073e-17,95.42638860948637,70.57125178738114
11.879999999999791,1069.4390088062485,127.01551379035789,-1.1444642323283277e-16,1.3415750052642818e-17,10.987434554045372,1.7767254890042532e-17,3.027004078215144,-2.218628465739842e-17,95.43196940145324,70.57170077799967
11.889999999999791,1070.3842459186296,127.14766955279961,-1.145331805535016e-16,1.3388334261334098e-17,10.985136661607717,1.7764120132206313e-17,3.0253896321479368,-2.2218281829856703e-17,95.43753655934385,70.57214976070732
11.89999999999979,1071.3295394808465,127.27982164862097,-1.1461918149451318e-16,1.3374530272128986e-17,10.982844523344141,1.7837456532667573e-17,3.0237828143969208,-2.216827956125435e-17,95.44309006780186,70.57259873533005
11.90999999999979,1072.2748893617113,127.4119700271678,-1.147031079548371e-16,1.3359229526463498e-17,10.980558240553838,1.7905798417963175e-17,3.0221837100201148,-2.2191466173705472e-17,95.44862991152057,70.57304770169459
11.91999999999979,1073.2202954298455,127.54411463804452,-1.147875777329502e-16,1.3357811474281153e-17,10.978277913596635,1.804995326760052e-17,3.0205924027644144,-2.2209889629660145e-17,95.45415607524336,70.57349665962857
11.92999999999979,1074.165757553679,127.67625543112024,-1.1487129260565477e-16,1.3339776241957432e-17,10.976003641882691,1.8107683680340126e-17,3.0190089750609563,-2.2300732399992304e-17,95.45966854376408,70.57394560896047
11.93999999999979,1075.1112756014506,127.80839235653475,-1.1495557328804607e-16,1.3320217839490596e-17,10.97373552386252,1.8160537132651353e-17,3.0174335080207593,-2.2308903688023574e-17,95.46516730192744,70.57439454951965
11.94999999999979,1076.0568494412073,127.94052536470454,-1.1504044295927357e-16,1.3283763804012897e-17,10.971473657017205,1.8127792622076026e-17,3.0158660814306426,-2.2312454473806765e-17,95.47065233462939,70.57484348113641
11.95999999999979,1077.002478940804,128.07265440632852,-1.1512328784066616e-16,1.3230154483426238e-17,10.969218137848921,1.801024240779156e-17,3.0143067737494187,-2.2234301690934033e-17,95.47612362681767,70.575292403642
11.96999999999979,1077.9481639679032,128.2047794323939,-1.152040917624924e-16,1.3189883449322276e-17,10.966969061871682,1.797021359036701e-17,3.0127556621043623,-2.207536961574983e-17,95.48158116349205,70.57574131686854
11.979999999999789,1078.8939043899752,128.33690039418175,-1.1528415638737987e-16,1.316325386740778e-17,10.964726523602348,1.8007018581566447e-17,3.0112128222879475,-2.199085589618493e-17,95.48702492970502,70.57619022064921
11.989999999999789,1079.839700074297,128.46901724327262,-1.1536348362811727e-16,1.3135188860252802e-17,10.962490616551893,1.803919965453341e-17,3.0096783287548585,-2.1979949802795323e-17,95.49245491056199,70.57663911481814
11.999999999999789,1080.7855508879531,128.60112993155192,-1.1544207551218954e-16,1.3105690569226885e-17,10.96026143321691,1.8066801463543177e-17,3.008152254619267,-2.1964700976490974e-17,95.49787109122202,70.57708799921049
12.009999999999788,1081.7314566978346,128.73323841121547,-1.1551993418039148e-16,1.3074761894846485e-17,10.958039065071405,1.808986910561476e-17,3.006634671652375,-2.194516062891236e-17,95.50327345689807,70.57753687366245
12.019999999999788,1082.6771465470083,128.86529021949212,-1.155971475466064e-16,1.3042406476524097e-17,10.955823602558782,1.810844810635638e-17,3.0051256502802297,-2.192138027501219e-17,95.5086619928576,70.57798573801124
12.029999999999788,1083.6226205661242,128.99728493921634,-1.1567371815508625e-16,1.3008628672634217e-17,10.953615135084164,1.812258440588209e-17,3.0044925742010604,-2.189972777715172e-17,95.48648966735335,70.5784344140015
12.039999999999788,1084.5678788857101,129.12922215488427,-1.157496486354713e-16,1.297343541901236e-17,10.951417394906764,1.8132326459525313e-17,3.003896838365311,-2.187392435342948e-17,95.46432458558075,70.57888290021049
12.049999999999788,1085.5129216361083,129.26110145291398,-1.158249417014157e-16,1.2936834270629372e-17,10.949234037277442,1.813772303012082e-17,3.0033420163943676,-2.1844022295947378e-17,95.4421667621189,70.57933119522093
12.059999999999787,1086.457748947412,129.39292242189833,-1.158996001492083e-16,1.2898833381898145e-17,10.947068641394626,1.8138823173659153e-17,3.002831589761232,-2.1810074112544102e-17,95.4200162088162,70.57977929762222
12.069999999999787,1087.402360949404,129.52468465285105,-1.15973626856389e-16,1.2859441487347046e-17,10.944924711345882,1.81356762250875e-17,3.002368949154472,-2.1772132513636754e-17,95.39787293483772,70.58022720601093
12.079999999999787,1088.3467577714973,129.65638773944556,-1.1604702478036126e-16,1.2818667882655315e-17,10.94280567703557,1.8128331784258008e-17,3.0019573958215355,-2.1730250399181946e-17,95.37573694671157,70.58067491899189
12.089999999999787,1089.2909395426768,129.78803127824716,-1.1611979695700134e-16,1.2776522406045617e-17,10.940714895098932,1.8116839702024434e-17,3.00160014289193,-2.1684480845756644e-17,95.35360824837495,70.58112243517891
12.099999999999786,1090.2349063914419,129.91961486893842,-1.1619194649926473e-16,1.2733015420029102e-17,10.938655649802994,1.8101250066487956e-17,3.0013003166807533,-2.163487709375937e-17,95.33148684121936,70.58156975319554
12.109999999999786,1091.1786584457516,130.05113811453788,-1.1626347659579006e-16,1.2688157793498156e-17,10.936631153934709,1.8081613189393023e-17,3.0010609579730443,-2.1581492534732144e-17,95.30937272413532,70.58201687167592
12.119999999999786,1092.1221958329702,130.18260062161232,-1.1633439050950138e-16,1.2641960884162295e-17,10.934644549676568,1.805797959267379e-17,3.000885023289409,-2.1524380698803798e-17,95.28726589355634,70.58246378926543
12.129999999999786,1093.0655186798142,130.31400200048267,-1.1640469157620885e-16,1.2594436521322408e-17,10.932698909470185,1.8030399995151854e-17,3.0007753861333684,-2.1463595242255056e-17,95.26516634350246,70.58291050462151
12.139999999999786,1094.0086271123016,130.44534186542353,-1.164743832032085e-16,1.2545596988978868e-17,10.930797236868061,1.7998925299385938e-17,3.0007348382208554,-2.1399189935206097e-17,95.24307406562296,70.58335701641428
12.149999999999785,1094.9515212557014,130.57661983485656,-1.165434688678816e-16,1.2495455009268766e-17,10.928942467373886,1.796360657867381e-17,3.0007660906922817,-2.133121864942706e-17,95.2209890492387,70.58380332332725
12.159999999999785,1095.894201234485,130.70783553153774,-1.166119521162937e-16,1.2444023726227877e-17,10.927137469271763,1.7924495064207245e-17,3.000871775307576,-2.1259735346272113e-17,95.19891128138377,70.584249424058
12.169999999999785,1096.836667172279,130.8389885827387,-1.1667983656179427e-16,1.2391316689872626e-17,10.925385044444539,1.7881642132380018e-17,3.001054445624597,-2.118479406473773e-17,95.17684074684654,70.58469531731875
12.179999999999785,1097.7789191918187,130.97007862042213,-1.167471258836168e-16,1.2337347840597722e-17,10.923687929181641,1.7835099292249605e-17,3.00131657816129,-2.11064489096457e-17,95.15477742821027,70.58514100183704
12.189999999999785,1098.7209574149033,131.10110528141144,-1.168138238254803e-16,1.2282131493884828e-17,10.92204879497663,1.7784918173152687e-17,3.001660573541972,-2.1024754039951562e-17,95.132721305893,70.58558647635633
12.199999999999784,1099.6627819623527,131.23206820755468,-1.168799341941921e-16,1.2225682325317944e-17,10.9204702493148,1.7731150512474763e-17,3.0020887576281,-2.0939763657179006e-17,95.11067235818712,70.58603173963651
12.209999999999784,1100.6043929539644,131.3629670458829,-1.1694546085825267e-16,1.2168015355901023e-17,10.91895483645106,1.7673848143574084e-17,3.002603382633865,-2.085153199398094e-17,95.08863056129816,70.58647679045458
12.219999999999784,1101.5457905084725,131.493801448763,-1.170104077464627e-16,1.2109145937673425e-17,10.917505038178382,1.7613062983859982e-17,3.0032066282269727,-2.076011330282774e-17,95.06659588938328,70.586921627605
12.229999999999784,1102.4869747435075,131.62457107404526,-1.170747788465328e-16,1.2049089739618894e-17,10.916123274587033,1.7548847023025738e-17,3.0039006026149124,-2.0665561844823408e-17,95.04456831458904,70.5873662499004
12.239999999999783,1103.427945775558,131.75527558520534,-1.171385782036961e-16,1.1987862733863721e-17,10.914811904814865,1.748125231143601e-17,3.0046873436170554,-2.056793187865013e-17,95.02254780708886,70.58781065617198
12.249999999999783,1104.3687037199322,131.88591465148133,-1.1720180991932424e-16,1.1925481182159795e-17,10.913573227788888,1.7410330948668906e-17,3.005568819722888,-2.0467277649641937e-17,95.00053433511982,70.58825484527004
12.259999999999783,1105.3092486907215,132.01648794800545,-1.17264478149547e-16,1.1861961622648302e-17,10.912409482958346,1.7336135072212532e-17,3.0065469311366724,-2.0363653378987966e-17,94.97852786501919,70.58869881606438
12.269999999999783,1106.249580800765,132.1469951559308,-1.1732658710387594e-16,1.1797320856899885e-17,10.911322851019529,1.7258716846316095e-17,3.00762351080884,-2.0257113253066034e-17,94.95652836126013,70.58914256744485
12.279999999999783,1107.1897001616153,132.2774359625531,-1.173881410438321e-16,1.1731575937226961e-17,10.910315454632538,1.7178128450995306e-17,3.0088003254543887,-2.0147711412906927e-17,94.93453578648729,70.58958609832167
12.289999999999782,1108.1296068835047,132.40781006142774,-1.1744914428157863e-16,1.166474415426424e-17,10.90938935913017,1.7094422071192076e-17,3.0100790765585685,-2.0035501943790123e-17,94.91255010155177,70.59002940762592
12.299999999999782,1109.069301075313,132.53811715248162,-1.1750960117855793e-16,1.1596843024813132e-17,10.90854657321918,1.700764988608823e-17,3.0114614013701178,-1.9920538864971387e-17,94.89057126554562,70.5904724943099
12.309999999999782,1110.0087828445362,132.6683569421207,-1.1756951614413422e-16,1.1527890279946099e-17,10.907789049674088,1.6917864058573012e-17,3.012948873882307,-1.9802876119542814e-17,94.86859923583596,70.59091535734761
12.319999999999782,1110.9480522972563,132.7985291433328,-1.1762889363424142e-16,1.1457903853366873e-17,10.907118686023681,1.6825116724864262e-17,3.0145430058020466,-1.9682567564425833e-17,94.84663396809864,70.59135799573494
12.329999999999782,1111.8871095381123,132.92863347578563,-1.1768773815003678e-16,1.1386901870022496e-17,10.90653732523047,1.6729459984282752e-17,3.0162452475072987,-1.9559666960497644e-17,94.82467541635148,70.59180040849012
12.339999999999781,1112.8259546702716,133.05866966592075,-1.1774605423656044e-16,1.1314902634963255e-17,10.906046756363185,1.6630945889179614e-17,3.0180569889930258,-1.9434227962851584e-17,94.80272353298707,70.59224259465411
12.349999999999781,1113.7645877954026,133.1886374470427,-1.1780384648140134e-16,1.1241924622446618e-17,10.90564871526256,1.652962643501642e-17,3.019979560805911,-1.9306304111191878e-17,94.78077826880521,70.59268455329084
12.359999999999781,1114.7030090136486,133.31853655940424,-1.1786111951336934e-16,1.1167986465281148e-17,10.905344885200494,1.6425553550597385e-17,3.022014234968068,-1.9175948820363188e-17,94.75883957304494,70.59312628348749
12.36999999999978,1115.6412184236026,133.44836675028694,-1.1791787800117434e-16,1.109310694440671e-17,10.905136897532829,1.6318779088453635e-17,3.0241622258899605,-1.90432153710154e-17,94.73690739341613,70.59356778435489
12.37999999999978,1116.5792161222823,133.57812777407793,-1.1797412665211223e-16,1.1017304978707002e-17,10.905026332345788,1.6209354815378776e-17,3.0264246912727275,-1.8908156900404055e-17,94.71498167613076,70.59400905502771
12.38999999999978,1117.517002205107,133.70781939234237,-1.180298702107579e-16,1.094059961505076e-17,10.905014719096364,1.6097332403115566e-17,3.028802733000133,-1.877082639332671e-17,94.69306236593376,70.59445009466472
12.39999999999978,1118.4545767658747,133.83744137389206,-1.1808511345766578e-16,1.0863010018557784e-17,10.905103537246632,1.5982763419192993e-17,3.0312973980203246,-1.8631276673195722e-17,94.6711494061335,70.59489090244907
12.40999999999978,1119.3919398967403,133.96699349484987,-1.1813986120807794e-16,1.0784555463086153e-17,10.905294216892246,1.5865699317913452e-17,3.0339096792175924,-1.848956039324759e-17,94.64924273863204,70.5953314775885
12.41999999999978,1120.329091688195,134.0964755387105,-1.1819411831063993e-16,1.0705255321937001e-17,10.905588139385252,1.574619143148945e-17,3.036640516274318,-1.8345730027889345e-17,94.62734230395473,70.59577181931563
12.42999999999978,1121.2660322290458,134.22588729639745,-1.1824788964612462e-16,1.0625129058773105e-17,10.905986637951218,1.5624290961329136e-17,3.0394907965232836,-1.8199837864182087e-17,94.60544804127984,70.59621192688806
12.43999999999978,1122.2027616063967,134.35522856631596,-1.1830118012616433e-16,1.0544196218747866e-17,10.906490998300972,1.5500048969470376e-17,3.0424613557905196,-1.8051935993462016e-17,94.58355988846756,70.59665179958864
12.449999999999779,1123.13927990563,134.48449915440267,-1.1835399469199114e-16,1.0462476419841e-17,10.907102459236926,1.5373516370162497e-17,3.0455529792288565,-1.7902076303099156e-17,94.56167778208884,70.59709143672559
12.459999999999779,1124.075587210389,134.61369887417143,-1.1840633831318598e-16,1.0379989344397535e-17,10.90782221325419,1.524474392159528e-17,3.048766402142344,-1.775031046839397e-17,94.53980165745378,70.59753083763279
12.469999999999779,1125.0116836025604,134.74282754675565,-1.1845821598643618e-16,1.0296754730866612e-17,10.90865140713654,1.511378221777454e-17,3.052102310801694,-1.7596689944611965e-17,94.51793144863981,70.59797000166978
12.479999999999778,1125.9475691622597,134.87188500094715,-1.1850963273430206e-16,1.0212792365736664e-17,10.90959114254736,1.4980681680543537e-17,3.055561343250895,-1.7441265959156527e-17,94.49606708851955,70.59840892822199
12.489999999999778,1126.883243967815,135.00087107323162,-1.1856059360399258e-16,1.0128122075663622e-17,10.910642476615624,1.4845492551749748e-17,3.0591440901051548,-1.7284089503880006e-17,94.47420850878827,70.59884761670088
12.499999999999778,1127.8187080957525,135.12978560782076,-1.1861110366615004e-16,1.0042763719788788e-17,10.911806422517135,1.4708264885556174e-17,3.062851095340308,-1.7125211327533212e-17,94.4523556399911,70.59928606654408
12.509999999999778,1128.7539616207835,135.25862845668115,-1.1866116801364425e-16,9.956737182243071e-18,10.913083950050906,1.456904854089647e-17,3.0666828570738245,-1.6964681928353274e-17,94.4305084115501,70.5997242772154
12.519999999999778,1129.68900461579,135.3873994795598,-1.187107917603761e-16,9.870062364834343e-18,10.914475986210993,1.4427893174073306e-17,3.0706398283375615,-1.6802551546790007e-17,94.40866675179073,70.60016224820504
12.529999999999777,1130.6238371518143,135.5160985440067,-1.1875998004009088e-16,9.782759179914716e-18,10.915983415753722,1.4284848231499128e-17,3.074722417842376,-1.6638870158370687e-17,94.38683058796838,70.60059997902958
12.539999999999777,1131.5584592980458,135.6447255253941,-1.188087380052011e-16,9.694847543424524e-18,10.917607081760456,1.413996294257865e-17,3.078930990734739,-1.6473687466703252e-17,94.36499984629435,70.60103746923222
12.549999999999777,1132.492871121811,135.77328030693297,-1.1885707082561946e-16,9.60634736810988e-18,10.919347786195928,1.3993286312732192e-17,3.0832658693454564,-1.6307052896617842e-17,94.34317445196177,70.60147471838259
12.559999999999777,1133.4270726885632,135.90176277968624,-1.1890498368760163e-16,9.517278556910768e-18,10.921206290462317,1.3844867116559277e-17,3.08772733393063,-1.613901558744663e-17,94.3213543291711,70.60191172607708
12.569999999999776,1134.3610640618724,136.0301728425793,-1.1895248179259925e-16,9.427660996516558e-18,10.923183315949036,1.3694753891141526e-17,3.09231562340496,-1.5969624386441784e-17,94.29953940115547,70.6023484919387
12.579999999999776,1135.2948453034173,136.15851040240764,-1.1899957035612309e-16,9.337514551085911e-18,10.92527954457831,1.3542994929484111e-17,3.0970309360675077,-1.5798927842331417e-17,94.27772959020574,70.60278501561719
12.589999999999776,1136.2284164729765,136.28677537384152,-1.1904625460661655e-16,9.246859056128245e-18,10.92749561934675,1.3389638274095086e-17,3.1018734303200186,-1.56269741990134e-17,94.25592481769532,70.60322129678906
12.599999999999776,1137.1617776284209,136.4149676794281,-1.1909253978433967e-16,9.15571431254362e-18,10.929832144862765,1.3234731710701502e-17,3.1068432253779172,-1.5453811389386787e-17,94.23412500410468,70.60365733515752
12.609999999999776,1138.0949288257068,136.54308724959068,-1.1913843114026352e-16,9.064100080818323e-18,10.93228968788006,1.3078322762101672e-17,3.1119404019740657,-1.527948702932061e-17,94.21233006904579,70.60409313045263
12.619999999999775,1139.02787011887,136.67113402262555,-1.1918393393497536e-16,8.972036075373253e-18,10.934868777827232,1.292045868215279e-17,3.1171650030553884,-1.5104048411759878e-17,94.1905399312861,70.60452868243115
12.629999999999775,1139.960601560019,136.79910794469595,-1.1922905343759443e-16,8.879541959062234e-18,10.937569907333419,1.2761186449892773e-17,3.122517034472456,-1.492754250096835e-17,94.16875450877245,70.60496399087667
12.639999999999775,1140.8931231993313,136.9270089698238,-1.1927379492469854e-16,8.786637337817592e-18,10.940393532750212,1.260055276379575e-17,3.1279964656621133,-1.4750015926907906e-17,94.1469737186548,70.60539905559943
12.649999999999775,1141.8254350850473,137.05483705987868,-1.1931816367926158e-16,8.693341755440195e-18,10.943340074669786,1.2438604036160173e-17,3.133603230323252,-1.4571514979754082e-17,94.12519747730956,70.60583387643649
12.659999999999775,1142.7575372634674,137.1825921845647,-1.193621649896019e-16,8.599674688531282e-18,10.946409918439318,1.2275386387628648e-17,3.139337227085799,-1.439208560454748e-17,94.10342570036273,70.6062684532515
12.669999999999774,1143.6894297789477,137.31027432140465,-1.1940580414834184e-16,8.505655541563487e-18,10.949603414671751,1.2110945641838695e-17,3.1451983201730105,-1.4211773395980533e-17,94.08165830271311,70.60670278593479
12.679999999999774,1144.6211126738979,137.4378834557221,-1.1944908645137818e-16,8.411303642088321e-18,10.952920879752938,1.194532732020339e-17,3.1511863400571527,-1.403062359331936e-17,94.05989519855487,70.60713687440325
12.689999999999774,1145.5525859887782,137.56541958062107,-1.1949201719686395e-16,8.316638236077719e-18,10.956362596345214,1.177857663682112e-17,3.1573010841086395,-1.3848681075460142e-17,94.03813630140027,70.60757071860031
12.699999999999774,1146.483849762098,137.69288269696355,-1.1953460168420122e-16,8.221678483396973e-18,10.959928813887462,1.1610738493513425e-17,3.1635423172387096,-1.3665990356119589e-17,94.01638152410199,70.60800431849586
12.709999999999773,1147.4149040304144,137.8202728133449,-1.1957684521304539e-16,8.126443453406605e-18,10.963619749091622,1.1441857474989988e-17,3.169909772535711,-1.3482595579158991e-17,93.99463077887528,70.60843767408612
12.719999999999773,1148.3457488283307,137.94758994606696,-1.1961875308232062e-16,8.030952120690816e-18,10.967435586435844,1.1271977844139968e-17,3.176403151895063,-1.3298540514041345e-17,93.97288397731997,70.60887078539369
12.729999999999773,1149.2763841884969,138.0748341191092,-1.196603305892468e-16,7.935223360909957e-18,10.971376478654149,1.1101143537448569e-17,3.1830221266429612,-1.3113868551420955e-17,93.95114103044234,70.60930365246728
12.739999999999773,1150.2068101416098,138.2020053640979,-1.1970158302837782e-16,7.839275946774723e-18,10.975442547222706,1.0929398160537951e-17,3.1897663381539014,-1.2928622698865004e-17,93.92940184867656,70.6097362753818
12.749999999999773,1151.1370267164136,138.32910372027314,-1.1974251569065129e-16,7.743128544139782e-18,10.979633882842833,1.0756784983831617e-17,3.1966353984620706,-1.2742845576706389e-17,93.90766634190622,70.6101686542381
12.759999999999772,1152.0670339397002,138.45612923445415,-1.197831338624499e-16,7.646799708214404e-18,10.983950545920571,1.0583346938341103e-17,3.2036288908666792,-1.255657941402733e-17,93.8859344194856,70.61060078916294
12.769999999999772,1152.9968318363117,138.5830819610025,-1.1982344282467423e-16,7.550307879888009e-18,10.988392567043062,1.0409126611574254e-17,3.2107463705312873,-1.2369866044772958e-17,93.86420599026057,70.61103268030887
12.779999999999772,1153.9264204291424,138.70996196178353,-1.198634478518271e-16,7.453671382168216e-18,10.992959947451583,1.0234166243563862e-17,3.217987365077184,-1.2182746903994333e-17,93.84248096258956,70.61146432785412
12.789999999999772,1154.8557997391401,138.83676930612606,-1.199031542111096e-16,7.356908416729405e-18,10.997652659511406,1.0058507723015886e-17,3.225351375170877,-1.199526302422009e-17,93.82075924436428,70.61189573200238
12.799999999999772,1155.7849697853108,138.96350407078026,-1.1994256716152877e-16,7.260037060569488e-18,11.002470647178423,9.882192583576138e-18,3.2328378751057474,-1.1807455031956084e-17,93.79904074303018,70.61232689298275
12.809999999999771,1156.7139305847202,139.09016633987386,-1.1998169195301676e-16,7.163075262772838e-18,11.007413826462544,9.70526200021446e-18,3.2404463133779156,-1.161936314431222e-17,93.77732536560676,70.61275781104962
12.819999999999771,1157.6426821524988,139.2167562048666,-1.2002053382556198e-16,7.066040841377343e-18,11.012482085887983,9.527756785725455e-18,3.248176113256379,-1.143102716575575e-17,93.75561301870782,70.61318848648244
12.829999999999771,1158.5712245018449,139.3432737645032,-1.2005909800835164e-16,6.96895148034346e-18,11.017675286950356,9.34971738734471e-18,3.2560266733474594,-1.1242486484990218e-17,93.73390360856143,70.6136189195856
12.83999999999977,1159.4995576440301,139.46971912476457,-1.2009738971892622e-16,6.871824726623329e-18,11.022993264570681,9.17118388347952e-18,3.26399736815362,-1.1053780071959269e-17,93.71219704102981,70.6140491106883
12.84999999999977,1160.4276815884039,139.5960923988176,-1.2013541416234549e-16,6.774677987327954e-18,11.028435827546224,8.99219598055309e-18,3.272087548626687,-1.0864946474974486e-17,93.6904932216289,70.61447906014432
12.85999999999977,1161.3555963423983,139.72239370696343,-1.2017317653036647e-16,6.677528526990529e-18,11.03400275899832,8.812793009961252e-18,3.2802965427155297,-1.0676023817966411e-17,93.66879205554793,70.61490876833197
12.86999999999977,1162.2833019115342,139.84862317658423,-1.20210682000633e-16,6.580393464923976e-18,11.039693816817021,8.633013925140574e-18,3.2886236559082347,-1.0487049797857854e-17,93.64709344766877,70.61533823565372
12.87999999999977,1163.2107982994278,139.97478094208856,-1.2024793573587714e-16,6.483289772670914e-18,11.045508734102793,8.452897298746967e-18,3.2970681717688195,-1.0298061682058646e-17,93.62539730258509,70.61576746253623
12.88999999999977,1164.1380855077957,140.10086714485533,-1.2028494288313222e-16,6.386234271544107e-18,11.051447219605066,8.272481319943645e-18,3.3056293524685305,-1.0109096306080917e-17,93.60370352462137,70.61619644943006
12.89999999999977,1165.065163536463,140.22688193317651,-1.2032170857295778e-16,6.289243630255698e-18,11.057508958157824,8.091803791797497e-18,3.3143064393117605,-9.920190071273921e-18,93.58201201785178,70.61662519680942
12.90999999999977,1165.9920323833692,140.35282546219838,-1.2035823791867623e-16,6.192334362633424e-18,11.0636936111121,7.910902128782779e-18,3.323098653256619,-9.731378942677552e-18,93.5603226861189,70.61705370517218
12.919999999999769,1166.9186920445766,140.47869789386166,-1.2039453601562123e-16,6.095522825422066e-18,11.070000816765537,7.729813354391123e-18,3.332005195430208,-9.542698446993529e-18,93.53863543305216,70.61748197503942
12.929999999999769,1167.8451425142773,140.6044993968403,-1.2043060794039785e-16,5.998825216168466e-18,11.076430190788882,7.548574098846822e-18,3.341025247638623,-9.354183670673286e-18,93.51695016208636,70.61791000695538
12.939999999999769,1168.7713837848019,140.7302301464792,-1.204664587501545e-16,5.902257571188438e-18,11.08298132664954,7.367220596926355e-18,3.3501579728717257,-9.165869258121577e-18,93.4952667764798,70.61833780148724
12.949999999999768,1169.697415846627,140.8558903247305,-1.2050209348186658e-16,5.805835763613903e-18,11.089653796032092,7.185788685881074e-18,3.3594025158027168,-8.977789410014775e-18,93.4735851793324,70.61876535922488
12.959999999999768,1170.6232386883853,140.98148012008926,-1.2053751715163176e-16,5.7095755015186956e-18,11.096447149255894,7.004313803462058e-18,3.3687580032825437,-8.789977881732865e-18,93.45190527360361,70.6191926807807
12.969999999999768,1171.5488522968726,141.10699972752747,-1.2057273475397722e-16,5.6134923261214356e-18,11.103360915689665,6.822830986046071e-18,3.37822354482918,-8.602467981904047e-18,93.43022696213013,70.6196197667893
12.979999999999768,1172.474256657059,141.23244934842742,-1.2060775126117824e-16,5.5176016100639295e-18,11.11039460416313,6.64137486686155e-18,3.387798233111799,-8.415292571060922e-18,93.40855014764362,70.62004661790739
12.989999999999768,1173.3994517520969,141.35782919051388,-1.2064257162258887e-16,5.421918555763596e-18,11.117547703375722,6.4599796743136285e-18,3.39748114442988,-8.228484060407172e-18,93.38687473278804,70.62047323481353
12.999999999999767,1174.324437563332,141.48313946778538,-1.2067720076398381e-16,5.326458193838418e-18,11.124819682302325,6.278679230407087e-18,3.4072713391872744,-8.042074410693685e-18,93.36520062013702,70.62089961820782
13.009999999999767,1175.2492140703125,141.6083804004444,-1.207116435869124e-16,5.231235381602978e-18,11.13220999059604,6.097506949266217e-18,3.4171678623612634,-7.856095131202958e-18,93.34352771221094,70.62132576881174
13.019999999999767,1176.1737812508004,141.73355221482686,-1.207459049680638e-16,5.1362648016341695e-18,11.139718058988096,5.916495835750551e-18,3.427169743966629,-7.670577278840732e-18,93.32185591149408,70.62175168736792
13.029999999999767,1177.098139080781,141.85865514333065,-1.2077998975864408e-16,5.041560960405117e-18,11.147343299684719,5.73567848416536e-18,3.437275999514773,-7.485551457333707e-18,93.30018512045126,70.62217737463986
13.039999999999766,1178.0222875344748,141.98368942434314,-1.2081390278376473e-16,4.947138186986048e-18,11.155085106761167,5.55508707706593e-18,3.4474856304679076,-7.301047816532184e-18,93.27851524154464,70.62260283141171
13.049999999999766,1178.9462265843476,142.10865530216816,-1.208476488418427e-16,4.853010631810662e-18,11.162942856552762,5.374753384154496e-18,3.4577976246883497,-7.117096051816525e-18,93.25684617725027,70.62302805848803
13.059999999999766,1179.869956201123,142.233553026952,-1.20881232704012e-16,4.759192265506759e-18,11.170915908043048,5.194708761268851e-18,3.468210956882932,-6.933725403606232e-18,93.23517783007438,70.6234530566935
13.069999999999766,1180.793476353793,142.35838285460872,-1.2091465911354682e-16,4.6656968777898085e-18,11.179003603248983,5.014984149461504e-18,3.47872458904257,-6.7509646569705e-18,93.21351010256969,70.62387782687276
13.079999999999766,1181.7167870096305,142.4831450467448,-1.2094793278529596e-16,4.57253807641819e-18,11.187205267603241,4.8356100741683784e-18,3.4893374708770044,-6.568842141339057e-18,93.19184289735146,70.62430236989005
13.089999999999765,1182.6398881342004,142.60783987058295,-1.2098105840512875e-16,4.479729286208909e-18,11.195520210333585,4.6566166444659996e-18,3.500048540244741,-6.387385730312091e-18,93.17017611711344,70.62472668662902
13.099999999999765,1183.5627796913732,142.73246759888545,-1.2101404062939243e-16,4.387283748112505e-18,11.203947724839294,4.478033552416074e-18,3.5108567235782115,-6.206622841568088e-18,93.14850966464354,70.62515077799247
13.109999999999765,1184.4854616433363,142.8570285098767,-1.2104688408438074e-16,4.29521451834607e-18,11.21248708906473,4.2998900724964674e-18,3.5217609363041866,-6.02658043686834e-18,93.1268434428395,70.62557464490203
13.119999999999765,1185.4079339506072,142.98152288716528,-1.2107959336581385e-16,4.203534467583092e-18,11.221137565869899,4.12221506111746e-18,3.5327600832594555,-5.8472850221569335e-18,93.10517735472442,70.625998288298
13.129999999999765,1186.3301965720461,143.10595101966535,-1.2111217303832962e-16,4.112256280199107e-18,11.229898403398208,3.945036956222302e-18,3.543853059101794,-5.668762647754979e-18,93.0835113034619,70.62642170913902
13.139999999999764,1187.2522494648692,143.2303132015176,-1.2114462763498592e-16,4.0213924535719595e-18,11.238768835441189,3.768383776970946e-18,3.5550387487162514,-5.491038908647863e-18,93.06184519237134,70.6268449084018
13.149999999999764,1188.1740925846618,143.35460973200958,-1.211769616567744e-16,3.9309552974356114e-18,11.247748081800363,3.5922831235059565e-18,3.5663160276167707,-5.314138944864256e-18,93.04017892494282,70.6272678870808
13.159999999999764,1189.0957258853914,143.4788409154957,-1.212091795721451e-16,3.840956933286455e-18,11.256835348646215,3.4167621767995256e-18,3.577683762343168,-5.138087441945667e-18,93.01851240485195,70.62769064618814
13.169999999999764,1190.017149319422,143.60300706131665,-1.212412858165423e-16,3.751409293841042e-18,11.266029828874176,3.241847698580545e-18,3.5891408108534852,-4.962908631505251e-18,92.99684553597463,70.62811318675314
13.179999999999763,1190.9383628375272,143.7271084837183,-1.2127328479195147e-16,3.662324122544235e-18,11.275330702457735,3.067566031340697e-18,3.6006860229117463,-4.788626291874656e-18,92.97517822240147,70.62853550982213
13.189999999999763,1191.8593663889044,143.85114550177047,-1.2130518086645708e-16,3.573712973126765e-18,11.284737136798622,2.8939430984185117e-18,3.612318240471131,-4.615263748837606e-18,92.95351036845216,70.6289576164582
13.199999999999763,1192.7801599211887,143.97511843928513,-1.2133697837381146e-16,3.485587209211224e-18,11.294248287074057,2.72100440416035e-18,3.624036298052589,-4.442843876448971e-18,92.93184187868968,70.62937950774084
13.209999999999763,1193.7007433804677,144.0990276247342,-1.213686816130145e-16,3.3979580039655418e-18,11.303863296581094,2.5487750341572683e-18,3.6358390231189133,-4.271389097938052e-18,92.9101726579344,70.6298011847657
13.219999999999763,1194.621116711295,144.22287339116716,-1.214002948479042e-16,3.3108363398029688e-18,11.313581297078013,2.377279655556718e-18,3.6477252364442907,-4.100921386694796e-18,92.88850261127779,70.63022264864439
13.229999999999762,1195.5412798567052,144.34665607612837,-1.2143182230675817e-16,3.2242330081276942e-18,11.323401409122837,2.206542517448063e-18,3.659693752479352,-3.9314622673376564e-18,92.86683164409637,70.63064390050408
13.239999999999762,1196.4612327582288,144.47037602157397,-1.2146326818190557e-16,3.138158609125162e-18,11.333322742408852,2.036587451320846e-18,3.6717433797117462,-3.763032816861833e-18,92.84515966206507,70.6310649414873
13.249999999999762,1197.3809753559067,144.59403357378864,-1.2149463662935003e-16,3.052623551596231e-18,11.34334439609725,1.867437871594797e-18,3.683872921022242,-3.595653665866587e-18,92.8234865711707,70.6314857727516
13.259999999999762,1198.300507588305,144.71762908330206,-1.2152593176840302e-16,2.9676380528342925e-18,11.353465459146836,1.6991167762205412e-18,3.696081174036394,-3.429344999860337e-18,92.80181227772519,70.63190639546931
13.269999999999762,1199.2198293925305,144.84116290480532,-1.215571576813279e-16,2.8832121385445178e-18,11.363685010640797,1.5316467473499667e-18,3.7083669314717786,-3.2641265606422665e-18,92.78013668837859,70.63232681082727
13.279999999999761,1200.1389407042454,144.9646353970669,-1.215883184129945e-16,2.799355642804403e-18,11.374002120110518,1.365049952075249e-18,3.72072898148083,-3.1000176477591257e-18,92.75845971013206,70.63274702002644
13.289999999999761,1201.0578414576828,145.08804692284875,-1.2161941797054404e-16,2.716078208064801e-18,11.384415847856502,1.1993481432354786e-18,3.733166107989281,-2.9370371200359456e-18,92.73678125035055,70.63316702428183
13.299999999999761,1201.9765315856623,145.21139784882203,-1.2165046032306455e-16,2.633389285190653e-18,11.394925245266325,1.034562660289894e-18,3.7456770910302435,-2.775203397179365e-18,92.71510121677534,70.63358682482195
13.30999999999976,1202.8950110196051,145.3346885454829,-1.216814494012767e-16,2.5512981335406357e-18,11.405529355129666,8.707144302566833e-19,3.758260707073932,-2.614534461452267e-18,92.69341951753653,70.63400642288867
13.31999999999976,1203.81327968955,145.45791938706807,-1.2171238909722975e-16,2.469813821084984e-18,11.416227211950414,7.078239687163506e-19,3.770915729353058,-2.4550478594184463e-18,92.67173606116516,70.63442581973703
13.32999999999976,1204.7313375241688,145.58109075147047,-1.217432832640078e-16,2.3889452245607087e-18,11.427017842255772,5.459113808786224e-19,3.7836409281839125,-2.29676070375598e-18,92.65005075660538,70.63484501663473
13.33999999999976,1205.6491844507825,145.70420302015464,-1.2177413571544628e-16,2.3087010296635337e-18,11.437900264902513,3.8499636271189385e-19,3.796435071283152,-2.1396896751380402e-18,92.62836351322626,70.63526401486195
13.34999999999976,1206.5668203953767,145.8272565780723,-1.2180495022585842e-16,2.22908973127579e-18,11.44887349138023,2.25098202134201e-19,3.8092969240802996,-1.983851024179823e-18,92.60667424083361,70.63568281571116
13.35999999999976,1207.484245282618,145.95025181357786,-1.2183573052977175e-16,2.150119633729602e-18,11.459936526111656,6.623578026471651e-20,3.8222252500260065,-1.82926057345032e-18,92.58498284968141,70.63610142048665
13.36999999999976,1208.40145903587,146.07318911834378,-1.2186648032167464e-16,2.0717988511046613e-18,11.471088366750026,-9.157242726523092e-20,3.835218810896051,-1.675933719547623e-18,92.56328925048331,70.63651983050438
13.37999999999976,1209.3184615772088,146.19606888727623,-1.2189720325577278e-16,1.9941353075599437e-18,11.482328004473546,-2.483083489426107e-19,3.8482763670911293,-1.523885435236485e-18,92.54159335442374,70.6369380470916
13.389999999999759,1210.2352528274407,146.3188915184307,-1.2192790294575527e-16,1.917136737698676e-18,11.49365442427685,-4.0395431594561308e-19,3.861396677932436,-1.3731302716468387e-18,92.51989507316904,70.6373560715867
13.399999999999759,1211.1518327061167,146.4416574129275,-1.2195858296457079e-16,1.8408106869659484e-18,11.505066605259547,-5.584930606600284e-19,3.874578501953063,-1.2236823605319867e-18,92.49819431887829,70.63777390533873
13.409999999999759,1212.06820113155,146.56436697486774,-1.2198924684421315e-16,1.7651645120783206e-18,11.516563520911813,-7.119077151400714e-19,3.887820597185224,-1.0755554165851871e-18,92.47649100421397,70.63819154970729
13.419999999999758,1212.9843580208324,146.68702061124904,-1.2201989807551678e-16,1.6902053814848104e-18,11.52814413939704,-8.641818095146311e-19,3.9011217214433382,-9.287627398133435e-19,92.4547850423525,70.63860900606215
13.429999999999758,1213.90030328985,146.80961873188159,-1.220505401079615e-16,1.6159402758586546e-18,11.539807423831526,-1.0152992703399275e-18,3.914480632602971,-7.833172179665279e-19,92.43307634699461,70.63902627578292
13.439999999999758,1214.8160368533004,146.93216174930427,-1.220811763494869e-16,1.5423759886192626e-18,11.55155233256122,-1.1652444188995438e-18,3.9278960888756753,-6.392313290220636e-19,92.4113648323754,70.63944336025895
13.449999999999758,1215.7315586247094,147.05465007870106,-1.221118101663163e-16,1.4695191264837648e-18,11.563377819435521,-1.314001969452816e-18,3.9413668490797282,-4.965171437218944e-19,92.3896504132745,70.63986026088881
13.459999999999757,1216.6468685164468,147.17708413781742,-1.221424448827897e-16,1.3973761100476004e-18,11.575282834078134,-1.4615570274325317e-18,3.9548916729067938,-3.551863281619799e-19,92.36793300502568,70.6402769790802
13.469999999999757,1217.561966439744,147.29946434687707,-1.2217308378120624e-16,1.325953174393572e-18,11.587266322154962,-1.6078950875929133e-18,3.9684693211845308,-2.152501464324504e-19,92.34621252352665,70.64069351624954
13.479999999999757,1218.47685230471,147.4217911284989,-1.2220373010167595e-16,1.2552563697288296e-18,11.599327225639062,-1.753002032108834e-18,3.98209855613516,-7.671946330727236e-20,92.32448888524843,70.64110987382175
13.489999999999757,1219.3915260203487,147.54406490761414,-1.2223438704198035e-16,1.1852915620492412e-18,11.611464483072677,-1.8968641286272336e-18,3.9957781416300096,6.039525301783221e-20,92.3027620072446,70.64152605322995
13.499999999999757,1220.3059874945752,147.66628611138373,-1.222650577574423e-16,1.1160644338306184e-18,11.62367702982626,-2.0394680282716582e-18,4.009506843440061,1.9608392814045346e-19,92.28103180716052,70.64194205591517
13.509999999999756,1221.220236634233,147.78845516911602,-1.222957453608048e-16,1.0475804847462822e-18,11.635963798354602,-2.180800763600899e-18,4.023283429482512,3.303368786207899e-19,92.25929820324208,70.64235788332607
13.519999999999756,1222.1342733451106,147.91057251218476,-1.223264529221186e-16,9.798450324104635e-19,11.648323718450037,-2.3208497465226507e-18,4.037106670063371,4.631448091064061e-19,92.23756111434453,70.64277353691871
13.529999999999756,1223.0480975319583,148.0326385739473,-1.2235718346863875e-16,9.128632131470283e-19,11.66075571749263,-2.459602766163126e-18,4.050975338116116,5.944988094136788e-19,92.21582045994107,70.64318901815618
13.539999999999756,1223.9617090985053,148.15465378966323,-1.2238793998472988e-16,8.466399827830447e-19,11.673258720697492,-2.597047986693567e-18,4.064888209436416,7.243903515671527e-19,92.19407616013112,70.64360432850842
13.549999999999756,1224.8751079474764,148.27661859641316,-1.2241872541178005e-16,7.811801174667034e-19,11.685831651359123,-2.7331739451145644e-18,4.0788440629129585,8.5281128679802045e-19,92.17232813564856,70.64401946945183
13.559999999999755,1225.788293980609,148.3985334330181,-1.224495426481233e-16,7.16488214509127e-19,11.698473431092848,-2.8679695489991313e-18,4.0928416807543755,9.797538425029316e-19,92.1505763078698,70.64443444246913
13.569999999999755,1226.7012670986703,148.52039873995892,-1.2248039454897072e-16,6.525686932495833e-19,11.711182980073263,-3.0014240741954068e-18,4.106879848712318,1.1052106191643345e-18,92.12882059882146,70.64484924904897
13.579999999999755,1227.6140272014734,148.6422149592965,-1.2251128392634986e-16,5.894257959436645e-19,11.723959217269831,-3.1335271624899474e-18,4.120957356300664,1.2291745872335396e-18,92.10706093118823,70.64526389068571
13.589999999999755,1228.526574187895,148.76398253459186,-1.2254221354905263e-16,5.270635886739658e-19,11.736801060679468,-3.2642688192324717e-18,4.135072997010916,1.3516390839776923e-18,92.08529722832012,70.64567836887916
13.599999999999755,1229.4389079558923,148.88570191082707,-1.2257318614259132e-16,4.654859622828266e-19,11.74970742755625,-3.3936394109229842e-18,4.149225568523776,1.4725978102918314e-18,92.06352941423984,70.64609268513424
13.609999999999754,1230.3510284025194,149.00737353432635,-1.2260420438916298e-16,4.046966333266964e-19,11.762677234638208,-3.521629662762178e-18,4.163413872916938,1.5920448274772002e-18,92.04175741364992,70.6465068409608
13.619999999999754,1231.2629354239448,149.12899785267763,-1.226352709276218e-16,3.4469914505169017e-19,11.77570939837113,-3.648230656165963e-18,4.177636716869113,1.7099745539869757e-18,92.01998115193955,70.64692083787331
13.629999999999754,1232.1746289154678,149.25057531465464,-1.226663883534596e-16,2.854968683899175e-19,11.78880283512958,-3.773433826245087e-18,4.191892911860299,1.826381762140563e-18,91.99820055519142,70.64733467739057
13.639999999999754,1233.0861087715357,149.37210637013928,-1.2269755921879425e-16,2.2709300297615994e-19,11.80195646143485,-3.897230959250625e-18,4.206181274368333,1.9412615748076054e-18,91.97641555018814,70.64774836103551
13.649999999999753,1233.9973748857606,149.49359147004458,-1.2272878603236592e-16,1.6949057818448875e-19,11.815169194170126,-4.019614189986313e-18,4.22050062606172,2.054609462062836e-18,91.95462606441868,70.64816189033482
13.659999999999753,1234.9084271509364,149.61503106623812,-1.2276007125954118e-16,1.1269245418441717e-19,11.828439950792696,-4.140575999188522e-18,4.2348497939887935,2.1664212378129063e-18,91.93283202608454,70.6485752668188
13.669999999999753,1235.8192654590557,149.73642561146585,-1.2279141732232484e-16,5.670132301618595e-20,11.84176764954327,-4.260109210874772e-18,4.249227610763193,2.276693056396303e-18,91.91103336410575,70.64898849202106
13.679999999999753,1236.729889701326,149.85777555927652,-1.2282282659937925e-16,1.5197096847865358e-21,11.85515120965241,-4.378206989661631e-18,4.263632914745707,2.385421409157463e-18,91.88923000812667,70.64940156747821
13.689999999999753,1237.6402997681878,149.97908136394653,-1.2285430142605137e-16,-5.2850026727665433e-20,11.868589551544055,-4.494862838052858e-18,4.278064550222485,2.492603120996179e-18,91.86742188852165,70.64981449472968
13.699999999999752,1238.5504955493298,150.10034348040531,-1.2288584409440713e-16,-1.0640569193159322e-19,11.882081597036205,-4.610070593698632e-18,4.292521367579648,2.598235346893399e-18,91.84560893640044,70.65022727531742
13.709999999999752,1239.4604769337068,150.2215623641612,-1.229174568532732e-16,-1.5914525528203832e-19,11.89562626953868,-4.7238244266267104e-18,4.307002223474322,2.7023155684144755e-18,91.82379108361347,70.65063991078569
13.719999999999752,1240.3702438095559,150.34273847122793,-1.2294914190828612e-16,-2.1106684861353041e-19,11.90922249424804,-4.836118836446357e-18,4.321505981002101,2.804841590190955e-18,91.80196826275696,70.65105240268069
13.729999999999752,1241.2797960644134,150.46387225805165,-1.2298090142194857e-16,-2.621687650581201e-19,11.92286919833963,-4.9469486495258456e-18,4.336031509860974,2.9058115363819535e-18,91.7801404071778,70.65146475255048
13.739999999999752,1242.1891335851317,150.5849641814384,-1.2301273751369273e-16,-3.1244945784693974e-19,11.936565311156743,-5.0563090161444005e-18,4.350577686511748,3.0052238471161687e-18,91.75830745097825,70.65187696194461
13.749999999999751,1243.098256257895,150.70601469848228,-1.2304465225995076e-16,-3.6190753909565745e-19,11.950309764397016,-5.164195407619371e-18,4.36514339433495,3.10307727491557e-18,91.73646932902054,70.6522890324139
13.759999999999751,1244.0071639682367,150.82702426649408,-1.2307664769423218e-16,-4.10541778574179e-19,11.964101492295828,-5.270603613409421e-18,4.379727523784279,3.1993708811017916e-18,91.71462597693115,70.65270096551025
13.76999999999975,1244.9158566010558,150.94799334293057,-1.231087258072081e-16,-4.583511024609576e-19,11.97793943180703,-5.375529738194623e-18,4.394328972536594,3.294104032186242e-18,91.69277733110505,70.65311276278626
13.77999999999975,1245.8243340406332,151.0689223853244,-1.2314088854680228e-16,-5.053345920822597e-19,11.991822522780744,-5.478970198934159e-18,4.408946645638478,3.3872763962449473e-18,91.67092332870963,70.6535244257952
13.78999999999975,1246.732596170648,151.18981185121447,-1.231731378182888e-16,-5.514914826367334e-19,12.005749708138346,-5.580921721902491e-18,4.42357945564939,3.4788879392791056e-18,91.64906390768861,70.65393595609055
13.79999999999975,1247.6406428741946,151.31066219807698,-1.2320547548439643e-16,-5.968211619056302e-19,12.019719934044668,-5.681381339704746e-18,4.4382263227814445,3.568938921562356e-18,91.62719900676558,70.65434735522594
13.80999999999975,1248.5484740337974,151.4314738832572,-1.2323790336541945e-16,-6.413231689490137e-19,12.033732150077368,-5.7803463882721474e-18,4.45288617503581,3.657429893975723e-18,91.60532856544752,70.65475862475478
13.81999999999975,1249.4560895314291,151.55224736390167,-1.232704232393349e-16,-6.849971927883012e-19,12.047785309393525,-5.8778145038382015e-18,4.4675579483357915,3.744361694331202e-18,91.58345252402806,70.65516976623013
13.82999999999975,1250.3634892485256,151.67298309689116,-1.233030368419262e-16,-7.278430710754668e-19,12.061878368893403,-5.973783619896456e-18,4.482240586656582,3.8297354436849365e-18,91.5615708235906,70.65558078120443
13.83999999999975,1251.2706730660025,151.7936815387742,-1.2333574586691305e-16,-7.698607887492477e-19,12.076010289381504,-6.068251964140599e-18,4.496933042151726,3.913552542640929e-18,91.53968340601119,70.65599167122926
13.84999999999975,1252.1776408642709,151.9143431457013,-1.2336855196608744e-16,-8.110504766786711e-19,12.090180035724758,-6.161218055387598e-18,4.511634275276321,3.9958146676462126e-18,91.51779021396132,70.65640243785509
13.859999999999749,1253.0843925232539,152.03496837335982,-1.2340145674945572e-16,-8.51412410294245e-19,12.104386577008045,-6.252680700484704e-18,4.526343254906952,4.0765237672783944e-18,91.49589119091048,70.65681308263112
13.869999999999749,1253.9909279224023,152.15555767690938,-1.234344617853868e-16,-8.909470082071232e-19,12.118628886686887,-6.342638991201006e-18,4.541058958458436,4.1556820585264854e-18,91.47398628112862,70.65722360710507
13.879999999999749,1254.8972469407106,152.27611151091813,-1.234675686007661e-16,-9.296548308165798e-19,12.13290594273746,-6.431092301104308e-18,4.555780371997339,4.233292023065907e-18,91.45207542968825,70.65763401282281
13.889999999999748,1255.8033494567326,152.3966303292995,-1.2350077868115539e-16,-9.675365789061032e-19,12.147216727803816,-6.5180402824240216e-18,4.5705064903523365,4.309356403528551e-18,91.43015858246658,70.65804430132836
13.899999999999748,1256.7092353485973,152.51711458524983,-1.2353409347095834e-16,-1.0045930922284392e-18,12.16156022934245,-6.60348286290088e-18,4.585236317221408,4.3838781997687685e-18,91.40823568614742,70.65845447416353
13.909999999999748,1257.6149044940246,152.63756473118633,-1.2356751437359172e-16,-1.0408253480798882e-18,12.175935439764087,-6.687420242624067e-18,4.599968865275925,4.45686066512615e-18,91.38630668822282,70.6588645328677
13.919999999999748,1258.5203567703406,152.75798121868618,-1.236010427516622e-16,-1.07623445986418e-18,12.190341356572807,-6.7698528908565766e-18,4.614703156261615,4.52830730268593e-18,91.36437153699468,70.6592744789777
13.929999999999747,1259.4255920544936,152.87836449842595,-1.2363467992714844e-16,-1.1108216756462375e-18,12.204776982502501,-6.850781542849494e-18,4.629438221096458,4.598221861537863e-18,91.34243018157609,70.65968431402752
13.939999999999747,1260.330610223069,152.9987150201219,-1.2366842718158883e-16,-1.1445883766961328e-18,12.219241325650584,-6.930207196645826e-18,4.644173099965539,4.666608333034396e-18,91.3204825718925,70.66009403954818
13.949999999999747,1261.235411152305,153.11903323247085,-1.2370228575627425e-16,-1.1775360760235578e-18,12.23373339960911,-7.008131109874657e-18,4.658906842412843,4.733470947048931e-18,91.29852865868283,70.66050365706747
13.959999999999747,1262.139994718108,153.239319583092,-1.2373625685244614e-16,-1.2096664169031019e-18,12.248252223593182,-7.08455479653627e-18,4.673638507430074,4.798814168234998e-18,91.27656839350028,70.66091316810974
13.969999999999747,1263.0443607960674,153.3595745184691,-1.2377034163149977e-16,-1.2409811713906613e-18,12.262796822566775,-7.159480023778933e-18,4.688367163542482,4.862642692287104e-18,91.25460172871306,70.66132257419574
13.979999999999746,1263.9485092614705,153.4797984838936,-1.2380454121519233e-16,-1.271482238831262e-18,12.277366227365851,-7.232908808667998e-18,4.703091888891728,4.9249614422040595e-18,91.23262861750493,70.66173187684242
13.989999999999746,1264.8524399893183,153.59999192340848,-1.2383885668585614e-16,-1.3011716443586207e-18,12.291959474818947,-7.304843414947995e-18,4.717811771315836,4.985775564555512e-18,91.21064901387562,70.6621410775627
13.999999999999746,1265.75615285434,153.72015527975267,-1.2387328908661657e-16,-1.3300515373867306e-18,12.306575607865064,-7.375286349798395e-18,4.732525908426222,5.045090425752474e-18,91.18866287264095,70.6625501778653
14.009999999999746,1266.6596477310075,153.8402889943063,-1.2390783942161477e-16,-1.3581241900937796e-18,12.321213675669053,-7.444240360583643e-18,4.747233407681856,5.102911608322545e-18,91.16667014943302,70.6629591792546
14.019999999999746,1267.5629244935506,153.96039350703663,-1.2394250865623512e-16,-1.385391995898701e-18,12.335872733734378,-7.511708431598203e-18,4.761933386460563,5.1592449071905945e-18,91.14467080069996,70.66336808323037
14.029999999999745,1268.4659830159712,154.0804692564448,-1.2397729771733713e-16,-1.4118574679306436e-18,12.350551844013287,-7.577693780807093e-18,4.776624972127495,5.2140963259655855e-18,91.12266478370586,70.66377689128758
14.039999999999745,1269.3688231720585,154.2005166795131,-1.2401220749349196e-16,-1.437523237491672e-18,12.365250075014487,-7.642199856582725e-18,4.791307302100804,5.267472073234263e-18,91.10065205653017,70.66418560491638
14.049999999999745,1270.2714448354027,154.3205362116533,-1.240472388352232e-16,-1.462392052512984e-18,12.379966501908246,-7.705230334438564e-18,4.80597952391453,5.3193785588623965e-18,91.07863257806724,70.66459422560169
14.059999999999745,1271.1738478794098,154.44052828665534,-1.2408239255525211e-16,-1.4864667760049411e-18,12.394700206628995,-7.76678911376023e-18,4.820640795278743,5.36982239030423e-18,91.05660630802564,70.66500275482318
14.069999999999744,1272.0760321773157,154.56049333663702,-1.2411766942874703e-16,-1.5097503845012025e-18,12.409450277975385,-7.826880314534699e-18,4.83529028413695,5.418810368920851e-18,91.03457320692715,70.66541119405505
14.079999999999744,1272.9779976022005,154.6804317919944,-1.2415307019357682e-16,-1.5322459664972604e-18,12.424215811707882,-7.885508274078165e-18,4.849927168720812,5.4663494863080876e-18,91.01253323610588,70.66581954476587
14.089999999999744,1273.879744027002,154.80034408135282,-1.2418859555056854e-16,-1.5539567208836581e-18,12.438995910643856,-7.942677543763185e-18,4.864550637602176,5.512446920634605e-18,90.99048635770703,70.66622780841836
14.099999999999744,1274.7812713245305,154.92023063151876,-1.2422424616376895e-16,-1.5748859553741926e-18,12.453789684750236,-7.998392885745697e-18,4.87915988974246,5.557110032990818e-18,90.96843253468556,70.66663598646929
14.109999999999744,1275.6825793674818,155.04009186743244,-1.242600226607099e-16,-1.5950370849293806e-18,12.468596251233691,-8.052659269692503e-18,4.893754134539423,5.600346363749246e-18,90.9463717308048,70.66704408036928
14.119999999999743,1276.5836680284513,155.1599282121211,-1.2429592563267758e-16,-1.6144136301754731e-18,12.483414734628349,-8.105481869509718e-18,4.908332591871322,5.64216362893691e-18,90.92430391063475,70.6674520915627
14.129999999999743,1277.4845371799472,155.27974008665313,-1.243319556349854e-16,-1.6330192158193196e-18,12.49824426688117,-8.156866060072906e-18,4.922894492138518,5.682569716620369e-18,90.90222903955039,70.66786002148734
14.139999999999743,1278.385186694405,155.39952791009296,-1.243681131872505e-16,-1.650857569059349e-18,12.51308398743482,-8.206817413959302e-18,4.9374390763025175,5.721572683303974e-18,90.88014708372987,70.66826787157451
14.149999999999743,1279.2856164442,155.51929209945644,-1.2440439877367377e-16,-1.6679325179929692e-18,12.527933043308263,-8.255341698182821e-18,4.951965595922513,5.759180750341934e-18,90.85805801015226,70.66867564324863
14.159999999999743,1280.1858263016604,155.63903306966733,-1.2444081284332332e-16,-1.6842479900206476e-18,12.542790589174853,-8.302444870932259e-18,4.9664733131894145,5.7954023003647074e-18,90.83596178659565,70.66908333792725
14.169999999999742,1281.0858161390813,155.75875123351437,-1.2447735581042132e-16,-1.6998080102469803e-18,12.557655787438206,-8.348133078313382e-18,4.980961500957436,5.83024587372031e-18,90.81385838163463,70.66949095702086
14.179999999999742,1281.9855858287372,155.878447001609,-1.2451402805463414e-16,-1.7146166998790075e-18,12.572527808305605,-8.392412651095306e-18,4.995429442773223,5.863720164931055e-18,90.79174776463798,70.66989850193269
14.189999999999742,1282.8851352428946,155.99812078234405,-1.245508299213655e-16,-1.7286782746220682e-18,12.587405829859168,-8.435290101461771e-18,5.00987643290258,5.8958340191662464e-18,90.76962990576611,70.67030597405865
14.199999999999742,1283.784464253826,156.11777298185297,-1.2458776172205291e-16,-1.741997043073472e-18,12.602289038124665,-8.47677211976783e-18,5.024301776354803,5.9265964287313544e-18,90.74750477596825,70.6707133747871
14.209999999999742,1284.683572733821,156.23740400397003,-1.2462482373446707e-16,-1.7545774051142612e-18,12.617176627138061,-8.516865571302412e-18,5.038704788904666,5.956016529574144e-18,90.7253723469798,70.67112070549881
14.219999999999741,1285.5824605552,156.357014250191,-1.2466201620301408e-16,-1.7664238502993474e-18,12.632067799009782,-8.55557749305735e-18,5.05308479711206,5.984103597808298e-18,90.70323259131914,70.67152796756669
14.229999999999741,1286.4811275903264,156.4766041196349,-1.2469933933904062e-16,-1.7775409562462836e-18,12.646961763986702,-8.592915090503286e-18,5.067441138339333,6.010867046254931e-18,90.68108548228481,70.67193516235581
14.23999999999974,1287.379573711619,156.5961740090062,-1.2473679332114185e-16,-1.787933387022973e-18,12.661857740511948,-8.628885734373042e-18,5.081773160766351,6.03631642100256e-18,90.65893099395217,70.67234229122317
14.24999999999974,1288.2777987915638,156.71572431255797,-1.2477437829547193e-16,-1.7976058915345515e-18,12.676754955282387,-8.663496957452824e-18,5.096080223403304,6.060461397985905e-18,90.63676910117003,70.6727493555176
14.25999999999974,1289.1758027027263,156.8352554220556,-1.2481209437605717e-16,-1.8065633019097507e-18,12.691652643304012,-8.696756451381888e-18,5.110361696101289,6.083311779584002e-18,90.61459977955734,70.67315635657958
14.26999999999974,1290.0735853177634,156.9547677267416,-1.248499416451117e-16,-1.814810531886994e-18,12.706550047945072,-8.72867206346101e-18,5.124616959560688,6.1048774912380595e-18,90.59242300549953,70.67356329574127
14.27999999999974,1290.971146509436,157.07426161330068,-1.2488792015335547e-16,-1.822352575200491e-18,12.721446420987037,-8.759251793470267e-18,5.138845405337383,6.125168578089469e-18,90.5702387561449,70.6739701743262
14.28999999999974,1291.8684861506194,157.19373746582593,-1.2492602992033478e-16,-1.829194503966616e-18,12.736341022673441,-8.788503790496666e-18,5.1530464358468135,6.144195201638393e-18,90.54804700940079,70.67437699364929
14.29999999999974,1292.7656041143157,157.31319566578566,-1.2496427093474474e-16,-1.8353414670708284e-18,12.751233121756597,-8.81643634977194e-18,5.167219464365927,6.161967636423322e-18,90.52584774392965,70.6747837550166
14.30999999999974,1293.662500273665,157.43263659199084,-1.2500264315475426e-16,-1.8407986885553896e-18,12.766121995542116,-8.843057909521042e-18,5.181363915033027,6.178496266721984e-18,90.50364093914513,70.67519045972541
14.31999999999974,1294.5591745019572,157.5520606205635,-1.250411465083329e-16,-1.8455714660081643e-18,12.781006929931436,-8.868377047821773e-18,5.195479222845566,6.193791583274011e-18,90.48142657520785,70.67559710906392
14.329999999999739,1295.4556266726424,157.67146812490572,-1.2507978089357977e-16,-1.8496651689527537e-18,12.795887219462216,-8.892402479475956e-18,5.2095648336558895,6.207864180025693e-18,90.45920463302124,70.67600370431121
14.339999999999739,1296.3518566593425,157.79085947566935,-1.2511854617905445e-16,-1.853085237240215e-18,12.810762167346635,-8.915143052892551e-18,5.223620204164976,6.220724750897206e-18,90.43697509422718,70.67641024673723
14.349999999999739,1297.247864335862,157.91023504072658,-1.2515744220410963e-16,-1.8558371794426576e-18,12.825631085507753,-8.936607746983215e-18,5.23764480191419,6.232384086572647e-18,90.41473794120162,70.67681673760251
14.359999999999738,1298.143649576199,158.02959518514112,-1.251964687792256e-16,-1.8579265712489364e-18,12.840493294613731,-8.956805668070616e-18,5.251638105275079,6.2428530713132245e-18,90.39249315704993,70.67722317815821
14.369999999999738,1299.0392122545557,158.14894027114022,-1.2523562568634645e-16,-1.859359053862724e-18,12.855348124110117,-8.975746046809974e-18,5.265599603437234,6.252142679793896e-18,90.37024072560243,70.67762956964599
14.379999999999738,1299.9345522453486,158.2682706580873,-1.2527491267921773e-16,-1.860140332403219e-18,12.870194912250142,-8.993438235124212e-18,5.279528796394249,6.26026397396383e-18,90.3479806314095,70.67803591329783
14.389999999999738,1300.8296694232197,158.38758670245534,-1.2531432948372586e-16,-1.860276174308721e-18,12.885033006123011,-9.009891703153084e-18,5.293425194927802,6.267228099930931e-18,90.3257128597369,70.67844221033606
14.399999999999737,1301.724563663046,158.50688875780108,-1.2535387579823883e-16,-1.859772407743354e-18,12.899861761680297,-9.025116036216689e-18,5.307288320589887,6.273046284870766e-18,90.30343739656072,70.67884846197316
14.409999999999737,1302.6192348399504,158.6261771747399,-1.2539355129394833e-16,-1.8586349200071674e-18,12.914680543760365,-9.039120931793728e-18,5.321117705683223,6.277729833960168e-18,90.28115422856251,70.67925466941179
14.419999999999737,1303.5136828293112,158.74545230092124,-1.254333556152132e-16,-1.8568696559498703e-18,12.929488726110916,-9.051916196514901e-18,5.334912893239854,6.281290127335782e-18,90.25886334312408,70.67966083384454
14.429999999999737,1304.4079075067716,158.86471448100505,-1.2547328837990405e-16,-1.8544826163884525e-18,12.944285691409604,-9.063511743171761e-18,5.348673436997991,6.2837386170778294e-18,90.23656472832236,70.68006695645404
14.439999999999737,1305.3019087576517,158.98396398615938,-1.2551334917895333e-16,-1.8514798565289237e-18,12.959070831282846,-9.07391758774144e-18,5.362398901377109,6.285086824219344e-18,90.21425837292415,70.6804730384127
14.449999999999736,1306.1956864689398,159.10320107462994,-1.2555353757740315e-16,-1.847867450442817e-18,12.973839029363305,-9.083143696703347e-18,5.376088861451311,6.285346335781133e-18,90.19194426638077,70.68087908064282
14.459999999999736,1307.0892405276854,159.22242600416922,-1.2559385311489655e-16,-1.8436515188556344e-18,12.988584540061636,-9.09120011336965e-18,5.3897383854916265,6.284528801416805e-18,90.16962240479451,70.68128508402263
14.469999999999736,1307.9825708210972,159.3416390316446,-1.2563429530602343e-16,-1.8388382339163164e-18,13.003301803952226,-9.098096982380601e-18,5.4033419321946985,6.282645930243355e-18,90.14729278932089,70.68169104942879
14.479999999999736,1308.8756772366366,159.46084041266053,-1.2567486364066764e-16,-1.8334338178172453e-18,13.017985444399079,-9.103844547024085e-18,5.416894168571367,6.279709487798156e-18,90.12495542560666,70.68209697773493
14.489999999999736,1309.7685596621106,159.58003040119473,-1.257155575843552e-16,-1.8274445414127326e-18,13.032630264207155,-9.108453146547537e-18,5.4303899657116395,6.275731293050876e-18,90.1026103236752,70.68250286981042
14.499999999999735,1310.661217985759,159.69920924924787,-1.2575637657860342e-16,-1.8208767228357537e-18,13.047231242299823,-9.11193321346349e-18,5.4438243945930855,6.270723215453891e-18,90.08025749781322,70.68290872651912
14.509999999999735,1311.5536520963408,159.81837720650663,-1.2579732004127114e-16,-1.8137367261127575e-18,13.061783530422996,-9.114295270849835e-18,5.457192721933164,6.264697172031077e-18,90.05789696645846,70.6833145487182
14.519999999999735,1312.4458618832161,159.9375345200197,-1.2583838736690973e-16,-1.806030959776438e-18,13.076282449876658,-9.115549929646059e-18,5.470490406085963,6.257665124504749e-18,90.03552875208862,70.68372033725694
14.529999999999735,1313.3378472364277,160.05668143388675,-1.258795779271151e-16,-1.7977658754763908e-18,13.090723488274442,-9.11570788594668e-18,5.4837130929837645,6.2496390764606025e-18,90.0131528811114,70.68412609297575
14.539999999999734,1314.2296080467772,160.17581818895954,-1.259208910708802e-16,-1.788947966587598e-18,13.105102296331673,-9.114779918292934e-18,5.496856612123848,6.240631070550416e-18,89.99076938375566,70.68453181670493
14.549999999999734,1315.1211442059005,160.29494502255554,-1.2596232612494854e-16,-1.7795837668167573e-18,13.119414684682546,-9.112776884963898e-18,5.5099169726008785,6.230653185732331e-18,89.96837829396407,70.6849375092638
14.559999999999734,1316.0124556063395,160.41406216818342,-1.260038823941681e-16,-1.7696798488064775e-18,13.133656620726882,-9.109709721268151e-18,5.522890359185227,6.219717534548508e-18,89.94597964928653,70.68534317145968
14.569999999999734,1316.9035421416118,160.53316985528008,-1.260455591618459e-16,-1.7592428227374126e-18,13.147824225506922,-9.105589436837048e-18,5.5357731284475085,6.2078362604398945e-18,89.92357349077534,70.68574880408691
14.579999999999734,1317.7944037062778,160.65226830895924,-1.2608735569010316e-16,-1.7482793349284464e-18,13.1619137706147,-9.100427112920743e-18,5.548561804929607,6.1950215350979594e-18,89.90115986288117,70.68615440792601
14.589999999999733,1318.685040196005,160.77135774977123,-1.261292712202307e-16,-1.73679606643504e-18,13.175921675130223,-9.094233899687853e-18,5.561253077362436,6.181285555853077e-18,89.87873881335057,70.6865599837428
14.599999999999733,1319.5754515076305,160.89043839347346,-1.2617130497304487e-16,-1.724799731645923e-18,13.189844502591091,-9.087021013529994e-18,5.573843794930622,6.1666405430993796e-18,89.85631039312476,70.68696553228762
14.609999999999733,1320.4656375392206,161.00951045081186,-1.2621345614924368e-16,-1.7122970768783113e-18,13.203678957993722,-9.078799734372024e-18,5.586330963584308,6.151098737755847e-18,89.83387465623959,70.68737105429446
14.619999999999733,1321.3555981901281,161.1285741273124,-1.262557239297632e-16,-1.6992948789718539e-18,13.217421884826573,-9.069581402989048e-18,5.598711742398225,6.134672398763352e-18,89.81143165972686,70.6877765504803
14.629999999999733,1322.2453333610476,161.247629623083,-1.2629810747613407e-16,-1.6857999438815716e-18,13.231070262135734,-9.059377418331154e-18,5.610983439978152,6.117373800617444e-18,89.7889814635171,70.68818202154434
14.639999999999732,1323.1348429540683,161.36667713262534,-1.263406059308382e-16,-1.6718191052700261e-18,13.244621201623104,-9.048199234856797e-18,5.623143510914858,6.0992152309366205e-18,89.76652413034353,70.6885874681674
14.649999999999732,1324.0241268727248,161.48571684465628,-1.263832184176653e-16,-1.6573592230990115e-18,13.258071944777408,-9.036058359875735e-18,5.635189552285629,6.080208988065827e-18,89.74405972564743,70.68899289101115
14.659999999999732,1324.9131850220451,161.60474894193868,-1.2642594404206957e-16,-1.6424271822210654e-18,13.271419860038344,-9.022966350902453e-18,5.647119300203396,6.060367378714935e-18,89.7215883174849,70.68939829071772
14.669999999999732,1325.8020173085981,161.7237736011216,-1.26468781891526e-16,-1.6270298909711236e-18,13.28466243999406,-9.00893481302092e-18,5.658930626413501,6.039702715631944e-18,89.69910997643498,70.68980366790883
14.679999999999731,1326.690623640537,161.8427909925893,-1.2651173103588682e-16,-1.6111742797586429e-18,13.297797298612096,-8.993975396261496e-18,5.670621534938132,6.018227315310645e-18,89.67662477550917,70.69020902318549
14.689999999999731,1327.5790039276421,161.96180128031924,-1.2655479052773735e-16,-1.5948672996605494e-18,13.310822168504044,-8.978099792990924e-18,5.682190158768356,5.995953495732496e-18,89.6541327900622,70.69061435712737
14.699999999999731,1328.4671580813608,162.08080462174834,-1.265979594027517e-16,-1.5781159210153739e-18,13.323734898224016,-8.961319735316078e-18,5.69363475660377,5.972893574142427e-18,89.63163409770455,70.69101967029239
14.70999999999973,1329.3550860148464,162.19980116764782,-1.2664123668004804e-16,-1.5609271320189438e-18,13.33653344960107,-8.94364699250235e-18,5.704953709639663,5.949059864858348e-18,89.60912877821592,70.69142496321606
14.71999999999973,1330.2427876429942,162.31879106200591,-1.266846213625433e-16,-1.5433079373220252e-18,13.349215895105727,-8.925093368407396e-18,5.716145518401637,5.924464677114054e-18,89.58661691346046,70.69183023641139
14.72999999999973,1331.1302628824767,162.43777444191872,-1.267281124373075e-16,-1.5252653566303036e-18,13.361780415250625,-8.905670698931005e-18,5.727208799627577,5.8991203129353024e-18,89.56409858730332,70.69223549036822
14.73999999999973,1332.0175116517755,162.55675143748851,-1.2677170887591729e-16,-1.5068064233071073e-18,13.374225296025376,-8.88539084948176e-18,5.738142283196855,5.873039065048777e-18,89.5415738855285,70.69264072555292
14.74999999999973,1332.9045338712137,162.6757221717297,-1.2681540963480887e-16,-1.4879381829792933e-18,13.38654892636579,-8.864265712461252e-18,5.748944809106644,5.846233214823677e-18,89.51904289575832,70.6930459424081
14.75999999999973,1333.791329462984,162.79468676048194,-1.268592136556303e-16,-1.4686676921466968e-18,13.398749795657324,-8.842307204766475e-18,5.759615324495163,5.818715030245676e-18,89.49650570737411,70.6934511413522
14.76999999999973,1334.6778983511772,162.9136453123305,-1.2690311986559268e-16,-1.4490020167955805e-18,13.410826491272916,-8.819527265311055e-18,5.77015288071172,5.790496763922977e-18,89.47396241143855,70.69385632277925
14.77999999999973,1335.5642404618072,163.03259792853325,-1.269471271778208e-16,-1.4289482310165042e-18,13.422777696145186,-8.795937852565992e-18,5.780556630433335,5.761590651124207e-18,89.45141310061928,70.69426148705864
14.78999999999973,1336.4503557228363,163.15154470295465,-1.2699123449170262e-16,-1.4085134156270406e-18,13.434602186372912,-8.771550942120446e-18,5.790825824827773,5.732008907847884e-18,89.42885786911393,70.69466663453474
14.799999999999729,1337.3362440641974,163.27048572200596,-1.2703544069323775e-16,-1.3877046567997744e-18,13.446298828861861,-8.746378524263233e-18,5.800959810762753,5.701763728923196e-18,89.4062968125767,70.69507176552676
14.809999999999729,1338.2219054178158,163.38942106459197,-1.2707974465538496e-16,-1.366529044696014e-18,13.457866578999854,-8.720432601585527e-18,5.810958028061103,5.670867286141834e-18,89.38373002804629,70.69547688032858
14.819999999999729,1339.107339717628,163.50835080206372,-1.2712414523840846e-16,-1.3449936721056457e-18,13.469304478366032,-8.693725186605382e-18,5.8208200068016485,5.6393317264206086e-18,89.36115761387518,70.69588197920851
14.829999999999728,1339.9925468996012,163.6272749981773,-1.2716864129022296e-16,-1.323105633093565e-18,13.480611652474266,-8.666268299414517e-18,5.830545364665533,5.6071691699946065e-18,89.33857966966048,70.6962870624091
14.839999999999728,1340.8775269017483,163.7461937090584,-1.2721323164673754e-16,-1.3008720216531261e-18,13.49178730855066,-8.638073965347982e-18,5.840133804327749,5.57439170864061e-18,89.3159962961761,70.69669213014707
14.849999999999728,1341.7622796641456,163.8651069831722,-1.2725791513219813e-16,-1.2782999303670112e-18,13.502830733344913,-8.609154212677026e-18,5.849585110893563,5.541011403930536e-18,89.29340759530632,70.69709718261316
14.859999999999728,1342.6468051289448,163.9840148612993,-1.2730269055952861e-16,-1.2553964490759749e-18,13.513741290975625,-8.579521070325807e-18,5.858899149379579,5.507040285514644e-18,89.27081366998084,70.69750221997202
14.869999999999727,1343.5311032403872,164.10291737651616,-1.273475567306705e-16,-1.2321686635558699e-18,13.524518420809269,-8.549186565612238e-18,5.8680758622391105,5.472490349434237e-18,89.2482146241111,70.69790724236212
14.879999999999727,1344.4151739448143,164.22181455418124,-1.2739251243692106e-16,-1.2086236542033775e-18,13.53516163537281,-8.518162722013518e-18,5.877115266931558,5.4373735564636236e-18,89.2256105625282,70.6983122498957
14.889999999999727,1345.2990171906783,164.3407064119258,-1.274375564592698e-16,-1.184768494730851e-18,13.545670518299717,-8.486461556956592e-18,5.886017453535479,5.401701830481088e-18,89.20300159092199,70.69871724265872
14.899999999999727,1346.182632928551,164.4595929596495,-1.2748268756873364e-16,-1.1606102508706894e-18,13.556044722309332,-8.454095079634134e-18,5.8947825824050195,5.36548705686861e-18,89.18038781578156,70.6991222207108
14.909999999999727,1347.0660211111312,164.57847419952077,-1.275279045266899e-16,-1.1361559790896361e-18,13.566283967219348,-8.421075288846197e-18,5.903410881869345,5.328741080940093e-18,89.1577693443373,70.69952718408526
14.919999999999726,1347.9491816932525,164.69735012598136,-1.2757320608520805e-16,-1.111412725313401e-18,13.576388037991237,-8.387414170868015e-18,5.911902645974748,5.291475706397863e-18,89.13514628450409,70.69993213278907
14.929999999999726,1348.8321146318874,164.81622072575553,-1.2761859098737935e-16,-1.0863875236619972e-18,13.586356782808519,-8.353123697344278e-18,5.920258232269073,5.253702693817177e-18,89.11251874482595,70.70033706680285
14.939999999999726,1349.7148198861523,164.93508597786322,-1.2766405796764473e-16,-1.0610873951961726e-18,13.596190111187546,-8.318215823210097e-18,5.928478059628078,5.215433759158521e-18,89.08988683442195,70.70074198608098
14.949999999999726,1350.5972974173108,165.0539458536374,-1.2770960575212082e-16,-1.0355193466753094e-18,13.605887992120744,-8.282702484639033e-18,5.93656260612337,5.176680572307444e-18,89.06725066293356,70.70114689055157
14.959999999999726,1351.479547188776,165.17280031674508,-1.2775523305892397e-16,-1.0096903693271616e-18,13.61545045225201,-8.246595597018442e-18,5.944512406931556,5.137454755641693e-18,89.04461034047321,70.70155178011656
14.969999999999725,1352.361569166112,165.29164932321234,-1.2780093859849234e-16,-9.836074376297827e-19,13.624877574084056,-8.209907052952354e-18,5.9523280522841855,5.0977678826254215e-18,89.02196597757425,70.70195665465172
14.979999999999725,1353.243363317034,165.41049282145272,-1.278467210739058e-16,-9.57277508106e-19,13.634169494217574,-8.172648720292174e-18,5.9600101854581355,5.057631476430238e-18,88.99931768514203,70.70236151400685
14.989999999999725,1354.1249296114072,165.52933075229936,-1.27892579181204e-16,-9.307075181307661e-19,13.643326401621822,-8.134832440195385e-18,5.967559500806005,5.017057008582844e-18,88.97666557440648,70.70276635800577
14.999999999999725,1355.006268021246,165.64816304904025,-1.279385116097019e-16,-9.039043847517275e-19,13.652348535936559,-8.096470025212465e-18,5.974976741826152,4.976055897639071e-18,88.95400975687578,70.70317118644653
15.009999999999724,1355.8873785207113,165.76698963745687,-1.2798451704230358e-16,-8.768750035233242e-19,13.661236185804999,-8.057573257402215e-18,5.982262699271944,4.934639507884054e-18,88.93135034429139,70.70357599910137
15.019999999999724,1356.7682610861077,165.88581043586584,-1.280305941558134e-16,-8.496262473547369e-19,13.66998968723755,-8.018153886475684e-18,5.9894182092998065,4.892819148058337e-18,88.90868744858423,70.70398079571706
15.029999999999724,1357.6489156958783,166.00462535516357,-1.2807674162124516e-16,-8.221649653719763e-19,13.678609422006058,-7.97822362796875e-18,5.996444151655694,4.8506060701096905e-18,88.8860211818321,70.70438557601484
15.039999999999724,1358.5293423306005,166.1234342988738,-1.2812295810412884e-16,-7.944979817944139e-19,13.687095816068403,-7.937794161443664e-18,6.0033414478995,4.808011467970396e-18,88.8633516562185,70.7047903396907
15.049999999999724,1359.4095409729803,166.2422371631979,-1.281692422648149e-16,-7.666320948260251e-19,13.69544933802299,-7.896877128719497e-18,6.010111059667056,4.765046476359833e-18,88.84067898399216,70.70519508641557
15.059999999999723,1360.289511607846,166.36103383706768,-1.282155927587764e-16,-7.385740755616225e-19,13.703670497593064,-7.855484132131728e-18,6.016753986969231,4.721722169612087e-18,88.81800327742842,70.70559981583527
15.069999999999723,1361.1692542221406,166.47982420220086,-1.2826200823690837e-16,-7.103306669083377e-19,13.711759844140483,-7.813626732821033e-18,6.023271266527744,4.678049560528416e-18,88.79532464879111,70.70600452757098
15.079999999999723,1362.048768804914,166.59860813315885,-1.2830848734582508e-16,-6.819085825225924e-19,13.719717965208595,-7.771316449051301e-18,6.029663970147243,4.634039599254345e-18,88.77264321029607,70.70640922121923
15.089999999999723,1362.928055347315,166.71738549740687,-1.2835502872815446e-16,-6.533145057628064e-19,13.727545485094094,-7.728564754557014e-18,6.0359332031232125,4.589703172181183e-18,88.74995907407555,70.70681389635219
15.099999999999723,1363.8071138425812,166.83615615537627,-1.284016310228301e-16,-6.245550886580655e-19,13.735243063447472,-7.685383076920026e-18,6.042080102685291,4.545051100871756e-18,88.72727235214371,70.70721855251776
15.109999999999722,1364.6859442860302,166.9549199605289,-1.2844829286538078e-16,-5.956369508929628e-19,13.742811393901729,-7.64178279597573e-18,6.048105836475531,4.500094141010141e-18,88.70458315636348,70.70762318924
15.119999999999722,1365.5645466750486,167.0736767594236,-1.284950128882172e-16,-5.665666788088245e-19,13.750251202729228,-7.597775242248728e-18,6.054011601061206,4.4548429813752315e-18,88.6818915984141,70.70802780601903
15.129999999999722,1366.4429210090807,167.19242639178432,-1.2854178972091614e-16,-5.37350824421505e-19,13.757563247526122,-7.553371695417899e-18,6.059798620481676,4.4093082428378844e-18,88.65919778976003,70.70843240233161
15.139999999999722,1367.3210672896173,167.3111686905704,-1.2858862199050197e-16,-5.079959044559467e-19,13.764748315924374,-7.508583382811018e-18,6.065468144828902,4.3635004773815e-18,88.63650184162084,70.70883697763111
15.149999999999721,1368.1989855201841,167.42990348204825,-1.2863550832172544e-16,-4.78508399397665e-19,13.771807224330775,-7.463421477928734e-18,6.071021448861169,4.317430167145803e-18,88.61380386494211,70.7092415313478
15.159999999999721,1369.0766757063282,167.54863058586477,-1.2868244733733967e-16,-4.488947525613279e-19,13.778740816692856,-7.417897098998067e-18,6.076459830649545,4.271107723493646e-18,88.59110397036726,70.7096460628892
15.169999999999721,1369.9541378556055,167.6673498151224,-1.2872943765837347e-16,-4.191613691765773e-19,13.785549963291274,-7.372021307555245e-18,6.081784610256664,4.224543486100646e-18,88.56840226821052,70.71005057164027
15.17999999999972,1370.831371977567,167.7860609764554,-1.2877647790440177e-16,-3.8931461549123263e-19,13.79223555955843,-7.325805107057921e-18,6.0869971284473765,4.177747722067448e-18,88.54569886843082,70.71045505696353
15.18999999999972,1371.7083780837447,167.90476387010762,-1.2882356669381336e-16,-3.5936081789200474e-19,13.798798524922981,-7.279259441526671e-18,6.09209874543082,4.1307306250544466e-18,88.52299388060659,70.71085951819957
15.19999999999972,1372.5851561876375,168.02345829001158,-1.2887070264407564e-16,-3.293062620428417e-19,13.80523980167989,-7.232395194215732e-18,6.097090839633478,4.083502314438758e-18,88.50028741391162,70.7112639546671
15.20999999999972,1373.4617063046956,168.14214402386864,-1.2891788437199665e-16,-2.9915719204101123e-19,13.811560353885822,-7.185223186312898e-18,6.101974806502766,4.036072834493278e-18,88.47757957709172,70.71166836566341
15.21999999999972,1374.338028452306,168.26082085323034,-1.2896511049398413e-16,-2.689198095910186e-19,13.81776116627941,-7.13775417566847e-18,6.106752057340734,3.98845215358762e-18,88.45487047844239,70.71207275046439
15.22999999999972,1375.2141226497765,168.37948855358087,-1.290123796263017e-16,-2.3860027319644924e-19,13.823843243226236,-7.089998855553209e-18,6.111424018167401,3.940650163410779e-18,88.43216022578733,70.71247710832507
15.23999999999972,1376.0899889183197,168.4981468944203,-1.2905969038532205e-16,-2.0820469736980794e-19,13.829807607688076,-7.041967853445107e-18,6.115992128613331,3.892676678215307e-18,88.40944892645786,70.71288143847971
15.24999999999972,1376.9656272810366,168.6167956393489,-1.2910704138777737e-16,-1.7773915186042895e-19,13.83565530021616,-6.993671729844956e-18,6.120457840840955,3.844541434082851e-18,88.38673668727314,70.71328574014223
15.25999999999972,1377.8410377629002,168.73543454615225,-1.2915443125100662e-16,-1.4720966090050914e-19,13.84138737796815,-6.945120977120552e-18,6.12482261849426,3.796254088210859e-18,88.36402361452136,70.71369001250629
15.269999999999719,1378.7162203907385,168.854063366887,-1.2920185859319989e-16,-1.1662220246931358e-19,13.847004913748458,-6.896326018379372e-18,6.129087935676364,3.747824218220285e-18,88.34130981394155,70.71409425474587
15.279999999999719,1379.5911751932167,168.97268184796746,-1.2924932203363983e-16,-8.598270757558999e-20,13.852508995071608,-6.8472972063696294e-18,6.133255275954556,3.699261321484113e-18,88.3185953907064,70.71449846601531
15.289999999999718,1380.4659022008207,169.09128973025275,-1.2929682019294e-16,-5.52970595582247e-20,13.857900723248367,-6.798044822409573e-18,6.137326131392382,3.6505748144765354e-18,88.29588044940579,70.71490264544971
15.299999999999718,1381.340401445838,169.2098867491345,-1.2934435169328022e-16,-2.4571093405154148e-20,13.863181212494244,-6.7485790753448245e-18,6.141302001608326,3.601774032142598e-18,88.27316509403101,70.7153067921652
15.309999999999718,1382.2146729623414,169.32847263462517,-1.2939191515863889e-16,6.189404909453715e-21,13.868351589060113,-6.698910100533622e-18,6.145184392860664,3.552868227288167e-18,88.25044942795992,70.71571090525929
15.319999999999718,1383.088716786169,169.44704711144658,-1.2943950921502224e-16,3.6978699069749924e-20,13.873412990384645,-6.6490479588598456e-18,6.148974817158068,3.5038665699900126e-18,88.22773355394266,70.71611498381108
15.329999999999718,1383.962532954907,169.56560989911915,-1.2948713249069066e-16,6.779110304448968e-20,13.878366564268108,-6.5990026357735494e-18,6.152674791395532,3.454778147025873e-18,88.2050175740882,70.71651902688164
15.339999999999717,1384.83612150787,169.68416071205118,-1.2953478361638171e-16,9.862098169507422e-20,13.883213468067419,-6.548784040358933e-18,6.156285836515197,3.405611961324319e-18,88.18230158985163,70.71692303351429
15.349999999999717,1385.709482486084,169.80269925962858,-1.295824612255303e-16,1.2946275136536865e-19,13.887954867911963,-6.4984020044294954e-18,6.159809476691656,3.35637693143424e-18,88.15958570202197,70.71732700273489
15.359999999999717,1386.582615932265,169.9212252463048,-1.2963016395448568e-16,1.6031088045332978e-19,13.892591937939955,-6.4478662816501974e-18,6.1632472385413255,3.3070818910138118e-18,88.13687001071084,70.71773093355215
15.369999999999717,1387.455521890802,170.0397383716909,-1.2967789044272536e-16,1.9115988996448364e-19,13.897125859555004,-6.397186546686457e-18,6.166600650355458,3.257735588338756e-18,88.11415461534169,70.71813482495791
15.379999999999717,1388.328200407736,170.1582383306457,-1.2972563933306594e-16,2.2200435404730324e-19,13.901557820702537,-6.346372394379729e-18,6.169871241356405,3.208346685829749e-18,88.09143961463967,70.71853867592756
15.389999999999716,1389.200651530742,170.2767248133662,-1.2977340927187087e-16,2.5283890051053848e-19,13.905889015165867,-6.295433338949538e-18,6.173060540976688,3.1589237595987922e-18,88.06872510662221,70.71894248542019
15.399999999999716,1390.072875309109,170.39519750547782,-1.29821198909255e-16,2.836582113225625e-19,13.910120641881443,-6.2443788132216545e-18,6.17617007816052,3.1094752990144145e-18,88.04601118859007,70.71934625237894
15.409999999999716,1390.9448717937196,170.51365608812472,-1.2986900689928625e-16,3.144570230928061e-19,13.914253904273155,-6.1932181678822894e-18,6.179201380687319,3.060009706285509e-18,88.02329795711914,70.71974997573145
15.419999999999716,1391.8166410370316,170.6321002380601,-1.2991683190018387e-16,3.4523012753535487e-19,13.918290009605238,-6.14196067075805e-18,6.182155974516862,3.010535296063672e-18,88.00058550805272,70.72015365438993
15.429999999999715,1392.6881830930572,170.75052962773637,-1.2996467257451392e-16,3.759723719147946e-19,13.922230168353522,-6.090615506121398e-18,6.185035383155652,2.9610602950638696e-18,87.97787393649442,70.7205572872517
15.439999999999715,1393.5594980173437,170.86894392539512,-1.3001252758938135e-16,4.0667865947439316e-19,13.926075593594758,-6.039191774021455e-18,6.18784112704413,2.911592841703274e-18,87.95516333680149,70.72096087319927
15.449999999999715,1394.4305858669532,170.98734279515705,-1.300603956166192e-16,4.373439498467173e-19,13.929827500413682,-5.987698489639869e-18,6.190574722964315,2.862140985758114e-18,87.93245380257888,70.72136441110086
15.459999999999715,1395.301446700443,171.10572589711154,-1.3010827533297456e-16,4.679632594467881e-19,13.933487105327508,-5.936144582671521e-18,6.193237683467508,2.812712688038373e-18,87.90974542667371,70.72176789981059
15.469999999999715,1396.1720805778457,171.22409288740613,-1.3015616542029144e-16,4.985316618478779e-19,13.937055625727579,-5.884538896729845e-18,6.195831516321669,2.7633158200801866e-18,87.88703830117021,70.72217133816875
15.479999999999714,1397.0424875606484,171.34244341833556,-1.302040645656906e-16,5.290442881400709e-19,13.940534279337863,-5.832890188776508e-18,6.19835772397809,2.713958163855778e-18,87.86433251738521,70.72257472500219
15.489999999999714,1397.9126677117736,171.46077713843056,-1.3025197146174623e-16,5.59496327271701e-19,13.943924283690027,-5.781207128575219e-18,6.200817803056984,2.6646474115007638e-18,87.84162816586414,70.72297805912466
15.499999999999714,1398.7826210955584,171.5790936925463,-1.302998848066596e-16,5.898830263737948e-19,13.947226855614732,-5.729498298169395e-18,6.203213243851628,2.6153911650586914e-18,87.81892533637739,70.7233813393369
15.509999999999714,1399.652347777735,171.6973927219505,-1.3034780330442948e-16,6.201996910676518e-19,13.950443210748956,-5.6777721913834824e-18,6.205545529850682,2.566196936242632e-18,87.79622411791725,70.72378456442719
15.519999999999714,1400.5218478254103,171.815673864411,-1.303957256650197e-16,6.504416857556883e-19,13.953574563058957,-5.626037213347623e-18,6.207816137278321,2.5170721462136883e-18,87.77352459869516,70.72418773317155
15.529999999999713,1401.3911213070462,171.93393675428297,-1.3044365060452333e-16,6.8060443389569945e-19,13.956622124378699,-5.574301680045478e-18,6.210026534651831,2.4680241253762507e-18,87.75082686613946,70.72459084433395
15.539999999999713,1402.2601682924394,172.0521810225957,-1.3049157684532415e-16,7.1068341825866765e-19,13.959587103963305,-5.5225738178848924e-18,6.212178182356297,2.4190601131898433e-18,87.7281310068936,70.72499389666675
15.549999999999713,1403.1289888527012,172.17040629713884,-1.3053950311625475e-16,7.406741811702781e-19,13.962470708057447,-5.4708617632911866e-18,6.214272532236041,2.3701872579974168e-18,87.70543710681461,70.7253968889109
15.559999999999713,1403.9975830602384,172.28861220254802,-1.3058742815275172e-16,7.705723247362896e-19,13.965274139478254,-5.419173562322811e-18,6.216311027202456,2.321412616869918e-18,87.68274525097205,70.7257998197963
15.569999999999713,1404.8659509887327,172.40679836039013,-1.306353506970078e-16,8.003735110519137e-19,13.9679985972125,-5.367517170309087e-18,6.218295100857894,2.2727431554669843e-18,87.66005552364733,70.72620268804205
15.579999999999712,1405.7340927131208,172.52496438924786,-1.3068326949812096e-16,8.300734623953686e-19,13.970645276027788,-5.315900451509773e-18,6.2202261771352685,2.224185747913614e-18,87.6373680083334,70.72660549235674
15.589999999999712,1406.6020083095752,172.6431099048037,-1.3073118331224042e-16,8.596679614057722e-19,13.973215366097563,-5.264331178796259e-18,6.222105669953024,2.1757471766926432e-18,87.61468278773474,70.72700823143872
15.599999999999712,1407.4696978554846,172.76123451992345,-1.307790909027097e-16,8.891528512455324e-19,13.975710052639478,-5.212817033354004e-18,6.223934982885161,2.1274341325528864e-18,87.59199994376769,70.72741090397646
15.609999999999712,1408.3371614294333,172.8793378447388,-1.3082699104020675e-16,9.18524035747417e-19,13.978130515567088,-5.161365604406088e-18,6.225715508845963,2.079253214432772e-18,87.56931955756123,70.7278135086488
15.619999999999711,1409.2043991111832,172.99741948672963,-1.3087488250288087e-16,9.47777479546468e-19,13.980477929154386,-5.109984388957509e-18,6.2274486297891185,2.031210929399334e-18,87.54664170945786,70.72821604412512
15.629999999999711,1410.071410981653,173.11547905080528,-1.3092276407648686e-16,9.769092081969422e-19,13.982753461713116,-5.0586807915600294e-18,6.229135716420905,1.9833136926023822e-18,87.52396647901499,70.72861850906581
15.639999999999711,1410.9381971228993,173.2335161393854,-1.309706345545161e-16,1.005915308274453e-18,13.98495827528247,-5.0074621240972865e-18,6.2307781279271355,1.93556782724371e-18,87.50129394500652,70.72902090212241
15.64999999999971,1411.8047576180984,173.35153035247995,-1.3101849273832465e-16,1.0347919274634976e-18,13.987093525330954,-4.956335605589868e-18,6.232377211713533,1.8879795645611803e-18,87.47862418542472,70.72942322193798
15.65999999999971,1412.6710925515256,173.46952128776857,-1.310663374372585e-16,1.063535274630553e-18,13.989160360470214,-4.905308362020162e-18,6.233934303159242,1.840555043827529e-18,87.45595727748236,70.72982546714722
15.66999999999971,1413.5372020085372,173.58748854067906,-1.3111416746877591e-16,1.0921416198829274e-18,13.99115992218051,-4.854387426176642e-18,6.235450725383158,1.793300312363733e-18,87.43329329761514,70.73022763637697
15.67999999999971,1414.403086075551,173.70543170446533,-1.311619816585666e-16,1.1206072946135512e-18,13.993093344547647,-4.803579737517368e-18,6.236927789022795,1.7462213255667853e-18,87.41063232148441,70.73062972824626
15.68999999999971,1415.2687448400286,173.82335037028434,-1.312097788406684e-16,1.1489286915319055e-18,13.994961754011058,-4.752892142052427e-18,6.238366792025372,1.6993239469517171e-18,87.38797442398003,70.73103174136668
15.69999999999971,1416.1341783904552,173.94124412727248,-1.3125755785758072e-16,1.1771022646812705e-18,13.996766269122865,-4.702331392245046e-18,6.239769019450835,1.6526139482077156e-18,87.3653196792235,70.73143367434265
15.70999999999971,1416.9993868163224,174.059112562621,-1.3130531756037533e-16,1.2051245294424957e-18,13.998508000317655,-4.651904146931118e-18,6.241135743286542,1.6060970092681765e-18,87.34266816057139,70.73183552577167
15.71999999999971,1417.864370208109,174.1769552616508,-1.3135305680880426e-16,1.232992062524479e-18,14.000188049692682,-4.601616971256871e-18,6.242468222273296,1.5597787183945304e-18,87.32001994061888,70.73223729424447
15.729999999999709,1418.7291286572636,174.2947718078861,-1.3140077447140478e-16,1.2607015019415558e-18,14.001807510798386,-4.551476336634427e-18,6.243767701742474,1.513664572273694e-18,87.29737509120356,70.73263897834548
15.739999999999709,1419.5936622561856,174.41256178312773,-1.3144846942560166e-16,1.2882495469779948e-18,14.003367468438862,-4.501488620714989e-18,6.245035413463961,1.4677599761289788e-18,87.27473368340947,70.7330405766529
15.749999999999709,1420.4579710982077,174.53032476752526,-1.3149614055780658e-16,1.315632958139795e-18,14.00486899848215,-4.451660107379378e-18,6.246272575504621,1.4220702438443073e-18,87.25209578757115,70.73344208773896
15.759999999999708,1421.3220552775783,174.64806033964837,-1.3154378676351485e-16,1.3428485570939882e-18,14.006313167680103,-4.401996986745684e-18,6.24748039209704,1.3766005981015699e-18,87.22946147327819,70.73384351017032
15.769999999999708,1422.1859148894432,174.7657680765574,-1.3159140694739924e-16,1.3698932265956417e-18,14.00770103349758,-4.352505355193764e-18,6.24866005351827,1.3313561705309739e-18,87.20683080937954,70.73424484250815
15.779999999999708,1423.049550029829,174.88344755387308,-1.3163900002340115e-16,1.396763910402768e-18,14.009033643950769,-4.303191215406305e-18,6.2498127359783275,1.2863420018742148e-18,87.18420386398839,70.7346460833084
15.789999999999708,1423.9129607956252,175.00109834584526,-1.3168656491481902e-16,1.4234576131793317e-18,14.010312037454451,-4.254060476426234e-18,6.250939601518169,1.241563042160321e-18,87.16158070448687,70.73504723112214
15.799999999999708,1424.7761472845664,175.11872002542097,-1.3173410055439414e-16,1.4499714003865677e-18,14.011537242677916,-4.205118953730187e-18,6.252041797916923,1.1970241508940045e-18,87.13896139753119,70.73544828449565
15.809999999999707,1425.639109595217,175.23631216431144,-1.3178160588439354e-16,1.4763023981628047e-18,14.012710278409443,-4.1563723693177955e-18,6.25312045860809,1.1527300972563646e-18,87.11634600905667,70.73584924197073
15.819999999999707,1426.5018478269526,175.35387433305837,-1.318290798566905e-16,1.5024477931919988e-18,14.013832153429036,-4.107826351816547e-18,6.25417670260451,1.1086855603177792e-18,87.09373460428306,70.73625010208495
15.829999999999707,1427.3643620799446,175.47140610109918,-1.3187652143284223e-16,1.5284048325611723e-18,14.014903866389217,-4.059486436601927e-18,6.255211634431825,1.0648951292628293e-18,87.07112724771994,70.73665086337182
15.839999999999707,1428.2266524551428,175.58890703683153,-1.3192392958416495e-16,1.5541708236069735e-18,14.015926405703791,-4.0113580659326514e-18,6.25622634407022,1.0213633036270924e-18,87.04852400317223,70.73705152436109
15.849999999999707,1429.0887190542596,175.70637670767684,-1.3197130329180648e-16,1.5797431337515425e-18,14.016900749444192,-3.963446589100678e-18,6.257221906904188,9.780944935456462e-19,87.02592493374584,70.73745208357882
15.859999999999706,1429.9505619797535,175.82381468014293,-1.3201864154681606e-16,1.6051191903278996e-18,14.01782786524344,-3.915757262595794e-18,6.258199383680128,9.350930200131233e-19,87.0033301018534,70.73785253954779
15.869999999999706,1430.8121813348134,175.94122051988586,-1.3206594335021179e-16,1.6302964803950465e-18,14.018708710207326,-3.868295250284507e-18,6.259159820471508,8.923631151551539e-19,86.98073956922006,70.73825289078754
15.879999999999706,1431.6735772233428,176.05859379177073,-1.3211320771304535e-16,1.6552725505429887e-18,14.019544230832755,-3.821065623603012e-18,6.2601042486514045,8.499089225110368e-19,86.95815339688956,70.73865313581473
15.889999999999706,1432.5347497499438,176.17593405993176,-1.3216043365646442e-16,1.6800450066878681e-18,14.020335362933006,-3.7740733617639535e-18,6.2610336848721895,8.077344973274801e-19,86.93557164523008,70.73905327314321
15.899999999999705,1433.395699019902,176.29324088783127,-1.3220762021177244e-16,1.7046115138574228e-18,14.021083031569729,-3.7273233519768065e-18,6.261949131052147,7.658438068632465e-19,86.91299437394046,70.73945330128434
15.909999999999705,1434.2564251391711,176.41051383831794,-1.3225476642048587e-16,1.728969795966964e-18,14.021788150991597,-3.680820389681562e-18,6.262851574368826,7.242407307045431e-19,86.89042164205641,70.7398532187471
15.919999999999705,1435.116928214358,176.52775247368407,-1.3230187133438914e-16,1.7531176355860515e-18,14.022451624579203,-3.634569178795517e-18,6.263741987258902,6.829290610909997e-19,86.86785350795664,70.74025302403835
15.929999999999705,1435.9772083527075,176.64495635572203,-1.3234893401558712e-16,1.777052873696105e-18,14.023074344796331,-3.588574331972944e-18,6.264621327424362,6.419125032520643e-19,86.84529002936931,70.74065271566303
15.939999999999705,1436.837265662088,176.7621250457797,-1.3239595353655508e-16,1.800773409439107e-18,14.023657193147203,-3.542840370877362e-18,6.2654905378448165,6.011946757536643e-19,86.82273126337834,70.74105229212424
15.949999999999704,1437.6971002509763,176.87925810481508,-1.3244292898018634e-16,1.8242771998576165e-18,14.02420104013959,-3.497371726466213e-18,6.266350546795725,5.607791108549657e-19,86.8001772664299,70.74145175192365
15.959999999999704,1438.5567122284447,176.99635509345006,-1.3248985943983765e-16,1.8475622596262836e-18,14.02470674525369,-3.4521727392876824e-18,6.267202267872358,5.206692548750712e-19,86.77762809433882,70.74185109356141
15.969999999999704,1439.416101704145,177.11341557202323,-1.3253674401937201e-16,1.8706266607750533e-18,14.025175156916548,-3.407247659789463e-18,6.268046600019316,4.808684685694938e-19,86.75508380229527,70.7422503155366
15.979999999999704,1440.2752687882958,177.23043910064175,-1.3258358183319942e-16,1.893468532404253e-18,14.025607112481815,-3.3626006486392016e-18,6.268884427565397,4.413800275162485e-19,86.73254444487117,70.74264941634716
15.989999999999704,1441.1342135916682,177.34742523923248,-1.326303720063151e-16,1.9160860603917674e-18,14.026003438214854,-3.3182357770564253e-18,6.269716620263656,4.022071225113943e-19,86.7100100760269,70.74304839449033
15.999999999999703,1441.9929362255725,177.46437354759212,-1.3267711367433564e-16,1.9384774870924602e-18,14.026364949282804,-3.274157027155706e-18,6.2705440333364635,3.633528599738708e-19,86.687480749118,70.74344724846257
16.009999999999703,1442.8514368018443,177.5812835854365,-1.327238059835328e-16,1.9606411110300703e-18,14.026692449749655,-3.23036829230085e-18,6.271367507525396,3.2482026235946377e-19,86.66495651690171,70.74384597675991
16.019999999999705,1443.709715432832,177.69815491244896,-1.3277044809086503e-16,1.9825752865817377e-18,14.026986732576088,-3.186873377469888e-18,6.27218786914579,2.866122685837415e-19,86.64243743154378,70.74424457787805
16.029999999999706,1444.5677722313828,177.81498708832794,-1.3281703916400697e-16,2.0042784236553584e-18,14.027248579623926,-3.14367599963064e-18,6.273005930145783,2.4873173445379746e-19,86.61992354462521,70.74464305031249
16.039999999999708,1445.425607310831,177.93177967283364,-1.3286357838137654e-16,2.0257489873599607e-18,14.0274787616651,-3.1007797881266475e-18,6.273822488169699,2.1118143310864069e-19,86.59741490714882,70.74504139255879
16.04999999999971,1446.2832207849845,178.04853222583387,-1.3291006493216012e-16,2.0469854976692632e-18,14.027678038394946,-3.0581882850732373e-18,6.274638326625582,1.7396405546807133e-19,86.57491156954625,70.74543960311263
16.05999999999971,1447.1406127681123,178.16524430734884,-1.3295649801633538e-16,2.0679865290786203e-18,14.027847158449726,-3.0159049457635376e-18,6.275454214756758,1.3708221068988067e-19,86.55241358168453,70.74583768047003
16.069999999999713,1447.9977833749326,178.2819154775955,-1.3300287684469218e-16,2.0887507102555195e-18,14.027986859428218,-2.973933139084189e-18,6.276270907717252,1.0053842663521526e-19,86.52992099287295,70.74623562312745
16.079999999999714,1448.8547327206009,178.39854529703058,-1.3304920063885117e-16,2.1092767236838123e-18,14.028097867917223,-2.932276147940583e-18,6.277089146650914,6.43351503419442e-20,86.50743385186978,70.74663342958202
16.089999999999716,1449.7114609206974,178.51513332639308,-1.3309546863128068e-16,2.129563305301859e-18,14.02818089952091,-2.890937169691378e-18,6.277909658774092,2.8474748505869257e-20,86.48495220688908,70.74703109833163
16.099999999999717,1450.5679680912158,178.63167912674587,-1.3314168006531115e-16,2.1496092441347616e-18,14.028236658893853,-2.849919316592132e-18,6.278733157461745,-7.040492030381968e-21,86.46247610560745,70.74742862787504
16.10999999999972,1451.4242543485516,178.7481822595163,-1.331878341951479e-16,2.1694133819208462e-18,14.028265839777552,-2.8092256162477982e-18,6.279560342336802,-4.220836378094024e-20,86.44000559517085,70.7478260167121
16.11999999999972,1452.2803198094905,178.86464228653628,-1.3323393028588172e-16,2.1889746127325904e-18,14.028269125040456,-2.768859012073917e-18,6.280391899362684,-7.702673811291523e-20,86.41754072220118,70.74822326334385
16.129999999999722,1453.1361645911977,178.9810587700812,-1.3327996761349756e-16,2.2082918825921387e-18,14.028247186721263,-2.7288223637662915e-18,6.281228500938802,-1.11493564735412e-19,86.39508153280327,70.74862036627266
16.139999999999723,1453.9917888112063,179.0974312729083,-1.3332594546488128e-16,2.227364189081597e-18,14.028200686075404,-2.6891184477789415e-18,6.2820708059989405,-1.4560687118150211e-19,86.37262807257143,70.74901732400238
16.149999999999725,1454.8471925874073,179.21375935829408,-1.3337186313782448e-16,2.2461905809482504e-18,14.028130273624587,-2.6497499578101404e-18,6.282919460112365,-1.793647622833084e-19,86.3501803865962,70.74941413503842
16.159999999999727,1455.7023760380384,179.33004259007106,-1.3341771994102737e-16,2.2647701577048953e-18,14.028036589209359,-2.610719505296355e-18,6.283775095587556,-2.1276541964036064e-19,86.32773851947107,70.74981079788796
16.169999999999728,1456.5573392816734,179.44628053266348,-1.3346351519409993e-16,2.2831020692254144e-18,14.027920262044416,-2.572029619913866e-18,6.284638331578417,-2.4580710108138107e-19,86.30530251529912,70.75020731105998
16.17999999999973,1457.4120824372123,179.56247275112253,-1.3350924822756107e-16,2.3011855153357956e-18,14.027781910776731,-2.533682750087907e-18,6.285509774192852,-2.784881401196558e-19,86.28287241769974,70.75060367306546
16.18999999999973,1458.266605623871,179.67861881116056,-1.3355491838283608e-16,2.3190197454007126e-18,14.027622143546282,-2.4956812635091113e-18,6.2863900166036,-3.1080694540215036e-19,86.26044826981507,70.75099988241743
16.199999999999733,1459.1209089611718,179.79471827918468,-1.3360052501225216e-16,2.3366040579058567e-18,14.027441558049267,-2.4580274476570868e-18,6.2872796391611905,-3.427620001525245e-19,86.23803011431684,70.7513959376312
16.209999999999734,1459.974992568933,179.91077072232943,-1.3364606747903238e-16,2.3539378000361552e-18,14.027240741603785,-2.420723510330932e-18,6.288179209508922,-3.7435186160820305e-19,86.21561799341269,70.75179183722435
16.219999999999736,1460.8288565672594,180.02677570848888,-1.336915451572876e-16,2.3710203672500427e-18,14.027020271217825,-2.383771580186514e-18,6.2890892826997575,-4.0557516045165786e-19,86.19321194885286,70.75218757971687
16.229999999999738,1461.682501076534,180.1427328063478,-1.3373695743200698e-16,2.3878512028499236e-18,14.026780713659463,-2.3471737072803137e-18,6.290010401315012,-4.364306002360554e-19,86.17081202193664,70.75258316363141
16.23999999999974,1462.535926217407,180.25864158541216,-1.3378230369904657e-16,2.404429797548988e-18,14.026522625529164,-2.310931863619667e-18,6.290943095584743,-4.66916956805425e-19,86.14841825351876,70.7529785874931
16.24999999999974,1463.3891321107883,180.374501616039,-1.3382758336511628e-16,2.420755689034514e-18,14.026246553334149,-2.275047943719223e-18,6.291887883509731,-4.970330777095003e-19,86.1260306840159,70.75337384982996
16.259999999999742,1464.2421188778378,180.49031246946535,-1.338727958477653e-16,2.4368284615278245e-18,14.025953033564674,-2.2395237651634403e-18,6.29284527098496,-5.267778816133884e-19,86.10364935341305,70.75376894917278
16.269999999999744,1465.094886639957,180.60607371783667,-1.339179405753657e-16,2.452647745341012e-18,14.025642592772156,-2.2043610691749464e-18,6.293815751924491,-5.561503577022175e-19,86.08127430126979,70.75416388405537
16.279999999999745,1465.9474355187801,180.7217849342343,-1.3396301698709458e-16,2.468213216430605e-18,14.02531574764907,-2.169561521188586e-18,6.294799808387638,-5.851495650809156e-19,86.05890556672666,70.75455865301454
16.289999999999747,1466.799765636166,180.83744569270257,-1.3400802453291456e-16,2.483524595948281e-18,14.024973005110468,-2.1351267114309845e-18,6.295797910706356,-6.137746321692718e-19,86.0365431885114,70.75495325459028
16.29999999999975,1467.6518771141903,180.9530555682748,-1.3405296267355276e-16,2.4985816497888075e-18,14.02461486237717,-2.1010581555054732e-18,6.2968105176137446,-6.420247560924299e-19,86.01418720494512,70.75534768732581
16.30999999999975,1468.5037700751361,181.068614136999,-1.3409783088047822e-16,2.513384188135294e-18,14.024241807060337,-2.067357294982178e-18,6.2978380763735835,-6.698992020669626e-19,85.99183765394848,70.75574194976765
16.31999999999975,1469.3554446414873,181.18412097596257,-1.3414262863587775e-16,2.5279320650019487e-18,14.023854317247606,-2.03402549799314e-18,6.298881022910822,-6.973973027826786e-19,85.96949457304784,70.7561360404658
16.329999999999753,1470.2069009359209,181.29957566331657,-1.3418735543263045e-16,2.5422251777744102e-18,14.023452861590432,-2.0010640598322704e-18,6.299939781942916,-7.245184577803072e-19,85.94715799938128,70.75652995797368
16.339999999999755,1471.0581390812981,181.41497777829915,-1.3423201077428058e-16,2.5562634667478397e-18,14.023037899392804,-1.9684742035600114e-18,6.301014767111954,-7.512621328252092e-19,85.92482796970464,70.75692370084832
16.349999999999756,1471.9091592006585,181.53032690125846,-1.3427659417500912e-16,2.5700469146628607e-18,14.02260988070108,-1.9362570806125077e-18,6.302106381117484,-7.776278592772605e-19,85.9025045203975,70.75731726765045
16.359999999999758,1472.7599614172116,181.6456226136748,-1.3432110515960382e-16,2.5835755462394998e-18,14.02216924639498,-1.9044137714151603e-18,6.303215015849972,-8.036152334570538e-19,85.88018768746906,70.75771065694451
16.36999999999976,1473.6105458543304,181.7608644981822,-1.3436554326342792e-16,2.596849427709237e-18,14.021716428279614,-1.8729452860003805e-18,6.3043410525248005,-8.292239160085643e-19,85.85787750656404,70.75810386729871
16.37999999999976,1474.4609126355442,181.87605213858942,-1.3440990803238745e-16,2.6098686663452916e-18,14.021251849178478,-1.8418525646294075e-18,6.305484861816747,-8.544536312584198e-19,85.83557401296845,70.75849689728524
16.389999999999763,1475.311061884532,181.99118511990014,-1.3445419902289724e-16,2.6226334099912774e-18,14.020775923027388,-1.811136478418025e-18,6.306646803994878,-8.793041665719227e-19,85.8132772416154,70.75888974548023
16.399999999999764,1476.160993725115,182.1062630283328,-1.3449841580184556e-16,2.6351438465883212e-18,14.020289054969199,-1.780797829966021e-18,6.307827229057772,-9.037753717059632e-19,85.79098722709072,70.75928241046377
16.409999999999766,1477.0107082812517,182.22128545133953,-1.345425579465574e-16,2.6474002037007818e-18,14.019791641449379,-1.750837353990261e-18,6.309026476869016,-9.278671581589658e-19,85.76870400363872,70.75967489082012
16.419999999999767,1477.8602056770296,182.3362519776248,-1.3458662504475657e-16,2.659402748040681e-18,14.01928407031222,-1.7212557179611936e-18,6.310244877292913,-9.515794985180062e-19,85.74642760516768,70.76006718513769
16.42999999999977,1478.7094860366606,182.4511621971633,-1.346306166945265e-16,2.6711517849909533e-18,14.018766720897782,-1.6920535227426752e-18,6.311482750330334,-9.749124258032451e-19,85.72415806525544,70.7604592920091
16.43999999999977,1479.5585494844738,182.5660157012172,-1.3467453250426976e-16,2.6826476581276316e-18,14.018239964139367,-1.6632313032349403e-18,6.312740406254652,-9.978660328098087e-19,85.70189541715482,70.76085121003128
16.449999999999772,1480.4073961449103,182.6808120823529,-1.3471837209266644e-16,2.6938907487410738e-18,14.017704162661559,-1.6347895290205912e-18,6.314018145747698,-1.0204404714472572e-18,85.67963969379912,70.76124293780548
16.459999999999773,1481.2560261425167,182.7955509344574,-1.3476213508863126e-16,2.7048814753563423e-18,14.017159670878732,-1.6067286050134598e-18,6.3153162600356865,-1.0426359520767796e-18,85.65739092780738,70.76163447393736
16.469999999999775,1482.1044396019402,182.91023185275372,-1.3480582113126958e-16,2.715620293252848e-18,14.016606835094024,-1.5790488721101955e-18,6.316635031025056,-1.0644527428462431e-18,85.63514915148983,70.76202581703711
16.479999999999777,1482.9526366479224,183.0248544338162,-1.3484942986983217e-16,2.7261076939833397e-18,14.016045993598597,-1.5517506078444487e-18,6.317974731438161,-1.0858911690232376e-18,85.61291439685297,70.76241696571934
16.489999999999778,1483.8006174052944,183.13941827558486,-1.3489296096366895e-16,2.7363442048923736e-18,14.015477476771308,-1.5248340270435074e-18,6.319335624948776,-1.1069516123262478e-18,85.59068669560486,70.76280791860323
16.49999999999978,1484.648381998971,183.25392297737963,-1.3493641408218157e-16,2.746330388634344e-18,14.014901607178613,-1.4982992824872545e-18,6.320717966317354,-1.1276345102540784e-18,85.56846607916022,70.76319867431268
16.50999999999978,1485.4959305539462,183.36836813991368,-1.349797889047749e-16,2.7560668426911675e-18,14.014318699674654,-1.4721464655693027e-18,6.322122001525987,-1.1479403554136703e-18,85.54625257864545,70.76358923147615
16.519999999999783,1486.3432631952874,183.4827533653066,-1.3502308512080743e-16,2.765554198889745e-18,14.01372906150159,-1.44637560696019e-18,6.323547967913036,-1.1678696948464348e-18,85.52404622490373,70.76397958872683
16.529999999999784,1487.1903800481311,183.59707825709668,-1.3506630242954079e-16,2.7747931229192693e-18,14.013132992390004,-1.4209866772724908e-18,6.324996094307365,-1.187423129353233e-18,85.50184704849987,70.7643697447027
16.539999999999786,1488.0372812376784,183.71134242025317,-1.35109440540088e-16,2.7837843138484836e-18,14.012530784659399,-1.395979587727718e-18,6.326466601162153,-1.2066013128181276e-18,85.47965507972529,70.76475969804652
16.549999999999788,1488.883966889189,183.82554546118755,-1.3515249917136086e-16,2.7925285036429908e-18,14.01192272331876,-1.3713541908248906e-18,6.327959700688232,-1.2254049515310387e-18,85.45747034860275,70.76514944740586
16.55999999999979,1489.7304371279783,183.9396869877647,-1.3519547805201645e-16,2.8010264566826825e-18,14.011309086167055,-1.3471102810106333e-18,6.329475596986912,-1.243834803509419e-18,85.43529288489117,70.76553899143323
16.56999999999979,1490.5766920794124,184.0537666093134,-1.3523837692040242e-16,2.809278969279408e-18,14.010690143893767,-1.3232475953506951e-18,6.33101448618225,-1.26189167781908e-18,85.41312271809035,70.765928328786
16.579999999999792,1491.422731868903,184.16778393663654,-1.352811955245016e-16,2.8172868691949352e-18,14.010066160179273,-1.2997658142027492e-18,6.332576556552739,-1.2795764338942903e-18,85.39095987744555,70.76631745812652
16.589999999999794,1492.2685566219043,184.28173858202055,-1.353239336218755e-16,2.825051015159318e-18,14.009437391795135,-1.276664561890362e-18,6.3341619886623635,-1.296889980857262e-18,85.36880439195217,70.76670637812215
16.599999999999795,1493.1141664639088,184.3956301592448,-1.353665909796071e-16,2.832572296389734e-18,14.008804088704222,-1.2539434073780096e-18,6.335770955490985,-1.313833276837154e-18,85.34665629036017,70.7670950874452
16.609999999999797,1493.9595615204428,184.50945828359028,-1.354091673742425e-16,2.8398516321098952e-18,14.008166494160635,-1.2316018649470177e-18,6.33740362256405,-1.3304073282887038e-18,85.32451560117859,70.7674835847731
16.6199999999998,1494.804741917063,184.6232225718479,-1.35451662591732e-16,2.8468899710700883e-18,14.007524844809408,-1.2096393948723142e-18,6.339060148081556,-1.3466131893106074e-18,85.30238235267997,70.76787186878833
16.6299999999998,1495.6497077793529,184.73692264232642,-1.354940764273702e-16,2.8536882910679474e-18,14.00687937078594,-1.188055404099874e-18,6.340740683046259,-1.3624519609637662e-18,85.28025657290466,70.76825993817849
16.6399999999998,1496.4944592329184,184.85055811485998,-1.3553640868573526e-16,2.8602475984700096e-18,14.006230295815099,-1.16684924692474e-18,6.3424453713911015,-1.3779247905895133e-18,85.25813828966508,70.76864779163631
16.649999999999803,1497.3389964033852,184.96412861081507,-1.3557865918062736e-16,2.8665689277341703e-18,14.005577837310062,-1.146020225669515e-18,6.344174350105804,-1.3930328711279319e-18,85.23602753055005,70.76903542785972
16.659999999999805,1498.1833194163946,185.0776337530973,-1.3562082773500652e-16,2.872653340933068e-18,14.004922206470736,-1.1255675913632039e-18,6.345927749362628,-1.4077774404363828e-18,85.21392432292879,70.76942284555179
16.669999999999806,1499.0274283976014,185.19107316615768,-1.3566291418092953e-16,2.8785019272784976e-18,14.004263608381821,-1.1054905444203006e-18,6.347705692641265,-1.422159780608347e-18,85.19182869395517,70.76981004342082
16.679999999999808,1499.871323472669,185.30444647599847,-1.3570491835948614e-16,2.884115802646929e-18,14.003602242110455,-1.0857882353200113e-18,6.349508296852811,-1.4361812172926966e-18,85.16974067057168,70.77019702018036
16.68999999999981,1500.7150047672676,185.4177533101788,-1.3574684012073458e-16,2.8894961091061742e-18,14.002938300803383,-1.066459765285501e-18,6.3513356724628425,-1.449843119013501e-18,85.14766027951345,70.7705837745492
16.69999999999981,1501.5584724070707,185.53099329781966,-1.357886793236364e-16,2.894644014443307e-18,14.00227197178372,-1.047504186963069e-18,6.353187923613536,-1.4631468964904775e-18,85.12558754731211,70.77097030525137
16.709999999999813,1502.4017265177522,185.64416606960887,-1.3583043583599056e-16,2.8995607116938646e-18,14.001603436647132,-1.0289205051011326e-18,6.355065148244817,-1.4760940019601884e-18,85.10352250029976,70.77135661101626
16.719999999999814,1503.2447672249837,185.75727125780543,-1.358721095343669e-16,2.904247418672439e-18,14.000932871357591,-1.0107076772289324e-18,6.356967438214535,-1.4886859284980945e-18,85.08146516461271,70.7717426905785
16.729999999999816,1504.0875946544313,185.8703084962436,-1.3591370030403897e-16,2.9087053775046785e-18,14.000260446342507,-9.92864614334843e-19,6.358894879417622,-1.5009242093415614e-18,85.05941556619524,70.7721285426781
16.739999999999817,1504.930208931754,185.98327742033672,-1.3595520803891621e-16,2.912935854160808e-18,13.999586326587346,-9.753901815441996e-19,6.360847551904229,-1.5128104172139293e-18,85.03737373080331,70.77251416606039
16.74999999999982,1505.7726101825997,186.0961776670805,-1.3599663264147555e-16,2.916940137990692e-18,13.998910671729657,-9.582831987965357e-19,6.362825529996821,-1.5243461636497365e-18,85.01533968400823,70.772899559476
16.75999999999982,1506.614798532604,186.20900887505618,-1.3603797402269236e-16,2.920719541260512e-18,13.998233636152442,-9.415424415221319e-19,6.36482888240621,-1.5355330983212067e-18,84.99331345120008,70.77328472168098
16.769999999999822,1507.4567741073872,186.32177068443337,-1.3607923210197094e-16,2.9242753986911383e-18,13.99755536907695,-9.25166641317787e-19,6.36685767234651,-1.5463729083660858e-18,84.97129505759153,70.77366965143675
16.779999999999824,1508.298537032552,186.43446273697242,-1.3612040680707435e-16,2.927609066998228e-18,13.996876014654838,-9.09154486621712e-19,6.368911957649006,-1.5568673177169373e-18,84.94928452822096,70.77405434751009
16.789999999999825,1509.1400874336816,186.54708467602651,-1.3616149807405374e-16,2.9307219244341147e-18,13.996195712059608,-8.935046233874492e-19,6.370991790874925,-1.5670180864319806e-18,84.92728188795614,70.77443880867318
16.799999999999827,1509.981425436337,186.65963614654365,-1.3620250584717722e-16,2.9336153703315465e-18,13.995514595577399,-8.782156557567322e-19,6.373097219427064,-1.5768270100275727e-18,84.90528716149745,70.77482303370357
16.809999999999828,1510.8225511660555,186.77211679506811,-1.362434300788581e-16,2.9362908246493357e-18,13.994832794697123,-8.632861467311902e-19,6.375228285660321,-1.5862959188124224e-18,84.88330037338123,70.77520702138426
16.81999999999983,1511.6634647483486,186.88452626974183,-1.3628427072958278e-16,2.9387497275199432e-18,13.994150434199764,-8.48714618842806e-19,6.377385026991063,-1.5954266772236293e-18,84.86132154798301,70.77559077050367
16.82999999999983,1512.5041663086997,186.9968642203052,-1.3632502776783812e-16,2.9409935387990956e-18,13.993467634247104,-8.344995548230458e-19,6.379567476005345,-1.604221183164635e-18,84.83935070952067,70.7759742798556
16.839999999999833,1513.3446559725628,187.10913029809802,-1.363657011700383e-16,2.9430237376174376e-18,13.992784510469582,-8.206393982705654e-19,6.38177566056598,-1.6126813673451807e-18,84.81738788205762,70.77635754823926
16.849999999999834,1514.1849338653606,187.22132415605975,-1.3640629092045137e-16,2.944841821934306e-18,13.992101174053476,-8.071325543174125e-19,6.3840096039184155,-1.6208091926233447e-18,84.7954330895059,70.77674057445931
16.859999999999836,1515.0250001124823,187.33344544872986,-1.3644679701112533e-16,2.946449308093655e-18,13.991417731827289,-7.939773902936387e-19,6.386269324795457,-1.6286066533497658e-18,84.77348635562917,70.7771233573258
16.869999999999838,1515.8648548392828,187.44549383224768,-1.3648721944181374e-16,2.9478477303821756e-18,13.990734286347328,-7.81172236390236e-19,6.388554837520784,-1.6360757747141158e-18,84.75154770404565,70.77750589565429
16.87999999999984,1516.7044981710806,187.55746896435207,-1.3652755821990104e-16,2.949038640589675e-18,13.990050935982541,-7.687153863203202e-19,6.390866152111283,-1.6432186120939136e-18,84.72961715823115,70.77788818826565
16.88999999999984,1517.5439302331565,187.669370504381,-1.3656781336032748e-16,2.9500236075717426e-18,13.989367774998533,-7.566050979784765e-19,6.393203274378176,-1.650037250405768e-18,84.70769474152186,70.77827023398625
16.899999999999842,1518.3831511507522,187.7811981132706,-1.366079848855137e-16,2.950804216814751e-18,13.98868489364074,-7.448395940981885e-19,6.395566206026949,-1.6565338034591126e-18,84.68578047711722,70.77865203164788
16.909999999999844,1519.2221610490687,187.89295145355422,-1.3664807282528496e-16,2.9513820700032435e-18,13.98800237821684,-7.334170629072727e-19,6.397954944756068,-1.66271041331253e-18,84.66387438808265,70.77903358008767
16.919999999999845,1520.0609600532657,188.00463018936125,-1.3668807721679505e-16,2.951758784589732e-18,13.987320311178275,-7.223356587812438e-19,6.400369484354479,-1.6685692496327272e-18,84.64197649735229,70.77941487814829
16.929999999999847,1520.8995482884593,188.11623398641558,-1.3672799810444992e-16,2.951935993366964e-18,13.98663877120098,-7.115935028945303e-19,6.402809814797887,-1.6741125090562456e-18,84.6200868277317,70.77979592467773
16.93999999999985,1521.7379258797218,188.2277625120339,-1.36767835539831e-16,2.9519153440426857e-18,13.985957833265243,-7.011886838694681e-19,6.405275922343831,-1.6793424145539816e-18,84.59820540190042,70.7801767185294
16.94999999999985,1522.5760929520804,188.33921543512395,-1.368075895816183e-16,2.9516984988169434e-18,13.985277568734698,-6.911192584230008e-19,6.407767789625514,-1.684261214798581e-18,84.57633224241462,70.78055725856218
16.95999999999985,1523.4140496305154,188.45059242618228,-1.3684726029551313e-16,2.9512871339619693e-18,13.984598045434526,-6.813832520110131e-19,6.410285395744419,-1.6888711835347926e-18,84.55446737170956,70.78093754364028
16.969999999999853,1524.2517960399603,188.56189315729216,-1.3688684775416077e-16,2.95068293940466e-18,13.983919327728682,-6.719786594702204e-19,6.412828716361703,-1.6931746189528402e-18,84.5326108121021,70.7813175726333
16.979999999999855,1525.0893323052999,188.67311730212091,-1.3692635203707269e-16,2.9498876183117288e-18,13.98324147659636,-6.629034456575595e-19,6.415397723788354,-1.6971738430648825e-18,84.51076258579315,70.78169734441627
16.989999999999856,1525.9266585513703,188.78426453591743,-1.3696577323054876e-16,2.9489028866775158e-18,13.982564549707508,-6.541555460869937e-19,6.417992387074131,-1.700871201084639e-18,84.48892271486994,70.78207685786951
16.999999999999858,1526.7637749029573,188.89533453550928,-1.3700511142759911e-16,2.9477304729145246e-18,13.981888601497491,-6.457328675636798e-19,6.4206126720952685,-1.704269060810234e-18,84.46709122130855,70.78245611187883
17.00999999999986,1527.600681484796,189.00632697929964,-1.3704436672786594e-16,2.9463721174467138e-18,13.981213683240892,-6.376332888154246e-19,6.4232585416409576,-1.7073698120103322e-18,84.44526812697602,70.78283510533528
17.01999999999986,1528.4373784215704,189.11724154726423,-1.3708353923754499e-16,2.9448295723055482e-18,13.980539843124387,-6.298546611213628e-19,6.425929955498607,-1.7101758658136263e-18,84.42345345363273,70.7832138371353
17.029999999999863,1529.273865837912,189.2280779209479,-1.3712262906930705e-16,2.9431046007288743e-18,13.979867126318725,-6.2239480893780025e-19,6.42862687053788,-1.7126896541017423e-18,84.40164722293447,70.78359230618071
17.039999999999864,1530.1101438583992,189.33883578346118,-1.3716163634221924e-16,2.9411989767626305e-18,13.979195575049877,-6.152515305211537e-19,6.431349240793498,-1.7149136289056152e-18,84.37984945643474,70.78397051137856
17.049999999999866,1530.9462126075578,189.44951481947658,-1.3720056118166605e-16,2.9391144848654272e-18,13.978525228669216,-6.08422598547929e-19,6.434097017546845,-1.7168502618054035e-18,84.35806017558676,70.78434845164129
17.059999999999867,1531.782072209859,189.56011471522478,-1.3723940371927049e-16,2.9368529195160162e-18,13.977856123722866,-6.019057607316748e-19,6.436870149406347,-1.7185020433339945e-18,84.33627940174557,70.78472612588662
17.06999999999987,1532.6177227897201,189.67063515849077,-1.3727816409281498e-16,2.9344160848236885e-18,13.977188294020086,-5.956987404368554e-19,6.439668582386634,-1.7198714823841615e-18,84.3145071561701,70.78510353303753
17.07999999999987,1533.453164471503,189.7810758386096,-1.3731684244616222e-16,2.931805794141622e-18,13.976521770700828,-5.897992372895836e-19,6.442492259986509,-1.7209611056194232e-18,84.29274346002502,70.78548067202232
17.089999999999872,1534.2883973795147,189.89143644646234,-1.373554389291759e-16,2.9290238696831904e-18,13.97585658230232,-5.842049277851536e-19,6.4453411232657,-1.7217734568886624e-18,84.2709883343829,70.7858575417745
17.099999999999874,1535.1234216380064,190.0017166744715,-1.3739395369764155e-16,2.9260721421412912e-18,13.975192754824828,-5.78913465892327e-19,6.44821511092041,-1.7223110966445595e-18,84.24924180022593,70.78623414123291
17.109999999999875,1535.9582373711735,190.11191621659682,-1.3743238691318702e-16,2.92295245031067e-18,13.974530311796448,-5.739224836543045e-19,6.451114159357694,-1.7225766013658854e-18,84.22750387844786,70.7866104693415
17.119999999999877,1536.7928447031547,190.2220347683304,-1.3747073874320328e-16,2.919666640713316e-18,13.973869274337064,-5.692295917863431e-19,6.4540382027686185,-1.722572562983712e-18,84.2057745898558,70.78698652504954
17.129999999999878,1537.6272437580326,190.3320720266921,-1.3750900936076498e-16,2.9162165672268943e-18,13.973209661221336,-5.648323802699555e-19,6.45698717320026,-1.7223015883115795e-18,84.18405395517203,70.78736230731144
17.13999999999988,1538.461434659833,190.44202769022468,-1.3754719894455102e-16,2.9126040907162964e-18,13.9725514889409,-5.607284189436492e-19,6.459961000626511,-1.7217662984796798e-18,84.16234199503569,70.78773781508689
17.14999999999988,1539.2954175325244,190.55190145898882,-1.375853076787652e-16,2.9088310786682703e-18,13.971894771765525,-5.569152580901479e-19,6.4629596130177225,-1.7209693283730905e-18,84.14063873000457,70.78811304734057
17.159999999999883,1540.1291925000187,190.66169303455814,-1.376233357530568e-16,2.9048994048291924e-18,13.971239521803522,-5.53390429020051e-19,6.465982936409176,-1.7199133260741152e-18,84.11894418055668,70.78848800304252
17.169999999999884,1540.9627596861703,190.77140212001387,-1.3766128336244126e-16,2.900810948845984e-18,13.97058574906117,-5.501514446518822e-19,6.469030894968402,-1.7186009523087647e-18,84.09725836709197,70.78886268116777
17.179999999999886,1541.7961192147766,190.88102841993978,-1.3769915070722086e-16,2.896567595910192e-18,13.96993346150131,-5.471958000884797e-19,6.472103411061339,-1.717034879897428e-18,84.07558130993387,70.78923708069654
17.189999999999888,1542.6292712095772,190.9905716404167,-1.3773693799290544e-16,2.892171236405241e-18,13.969282665101009,-5.445209731896805e-19,6.475200405317358,-1.7152177932097719e-18,84.05391302933086,70.7896112006141
17.19999999999989,1543.462215794255,191.10003148901708,-1.3777464543013323e-16,2.8876237655568912e-18,13.968633363908351,-5.421244251412589e-19,6.478321796693144,-1.7131523876239105e-18,84.03225354545795,70.78998503991085
17.20999999999989,1544.2949530924348,191.20940767479954,-1.3781227323459169e-16,2.8829270830869156e-18,13.967985560098409,-5.400036010200726e-19,6.481467502535442,-1.7108413689898783e-18,84.01060287841828,70.79035859758223
17.219999999999892,1545.127483227685,191.31869990830307,-1.3784982162693847e-16,2.8780830928699885e-18,13.967339254028238,-5.381559303553714e-19,6.4846374386427055,-1.7082874530974557e-18,83.98896104824443,70.79073187262874
17.229999999999894,1545.959806323516,191.42790790154157,-1.3788729083272246e-16,2.8730937025938296e-18,13.966694444291099,-5.365788276862324e-19,6.487831519325591,-1.7054933651483694e-18,83.96732807489997,70.79110486405588
17.239999999999895,1546.7919225033816,191.53703136799788,-1.3792468108230503e-16,2.8679608234226016e-18,13.966051127769735,-5.352696931150774e-19,6.491049657466396,-1.7024618392329138e-18,83.94570397828069,70.79147757087419
17.249999999999897,1547.623831890678,191.646070022618,-1.379619926107812e-16,2.8626863696635737e-18,13.965409299688849,-5.342259128572342e-19,6.494291764577357,-1.6991956178110233e-18,83.92408877821612,70.79184999209917
17.2599999999999,1548.4555346087454,191.75502358180518,-1.3799922565790106e-16,2.8572722584370703e-18,13.964768953666667,-5.334448597865042e-19,6.4975577508578874,-1.6956974511978266e-18,83.90248249447069,70.79222212675133
17.2699999999999,1549.2870307808666,191.86389176341387,-1.3803638046799137e-16,2.85172040934971e-18,13.964130081765699,-5.329238939766971e-19,6.500847525250731,-1.6919700970537168e-18,83.88088514674516,70.79259397385604
17.2799999999999,1550.1183205302682,191.97267428674377,-1.3807345728987722e-16,2.8460327441709526e-18,13.96349267454261,-5.326603632390998e-19,6.504160995497037,-1.68801631987897e-18,83.85929675467773,70.79296553244373
17.289999999999903,1550.9494039801202,192.08137087253363,-1.381104563768039e-16,2.8402111865129555e-18,13.962856721097275,-5.326516036558389e-19,6.507498068190383,-1.683838890512935e-18,83.83771733784538,70.79333680154961
17.299999999999905,1551.7802812535372,192.1899812429551,-1.3814737798635887e-16,2.8342576615137567e-18,13.96222220912097,-5.328949401091088e-19,6.510858648829745,-1.6794405856378306e-18,83.81614691576497,70.79370778021386
17.309999999999906,1552.6109524735775,192.29850512160652,-1.38184222380394e-16,2.828174095523792e-18,13.961589124943755,-5.333876868062263e-19,6.5142426418714265,-1.6748241872871707e-18,83.7945855078945,70.7940784674815
17.319999999999908,1553.4414177632443,192.40694223350664,-1.3822098982494802e-16,2.8219624157957504e-18,13.96095745358102,-5.341271478004849e-19,6.517649950779948,-1.6699924823588474e-18,83.77303313363407,70.79444886240239
17.32999999999991,1554.271677245485,192.5152923050883,-1.3825768059016896e-16,2.8156245501777873e-18,13.960327178779208,-5.351106175077736e-19,6.521080478077927,-1.664948262132893e-18,83.75148981232721,70.7948189640312
17.33999999999991,1555.101731043193,192.62355506419206,-1.382942949502371e-16,2.8091624268100806e-18,13.959698283060723,-5.363353812189296e-19,6.524534125394936,-1.65969432179395e-18,83.72995556326175,70.79518877142746
17.349999999999913,1555.9315792792065,192.7317302400597,-1.3833083318328787e-16,2.802577973824762e-18,13.95907074776803,-5.377987156078e-19,6.5280107935153655,-1.6542334599584667e-18,83.70843040567102,70.79555828365541
17.359999999999914,1556.7612220763097,192.83981756332795,-1.3836729557133518e-16,2.7958731190492098e-18,13.958444553106933,-5.394978892349797e-19,6.531510382425285,-1.6485684782066426e-18,83.6869143587347,70.79592749978409
17.369999999999916,1557.590659557233,192.94781676602182,-1.3840368240019482e-16,2.789049789712721e-18,13.957819678189093,-5.414301630472007e-19,6.53503279135833,-1.6427021806191424e-18,83.66540744157997,70.79629641888728
17.379999999999917,1558.4198918446539,193.05572758154815,-1.3843999395940822e-16,2.782109912156566e-18,13.957196101073748,-5.43592790872345e-19,6.5385779188406135,-1.6366373733186004e-18,83.64390967328235,70.79666504004346
17.38999999999992,1559.2489190611961,193.16354974468908,-1.3847623054216645e-16,2.7750554115474127e-18,13.956573798808593,-5.459830199100567e-19,6.542145662734685,-1.6303768640159296e-18,83.62242107286674,70.79703336233582
17.39999999999992,1560.0777413294315,193.27128299159537,-1.3851239244523436e-16,2.7678882115941567e-18,13.955952747469965,-5.48598091217928e-19,6.545735920282517,-1.6239234615614583e-18,83.60094165930822,70.7974013848522
17.409999999999922,1560.9063587718792,193.3789270597799,-1.3854847996887523e-16,2.760610234268126e-18,13.955332922202189,-5.514352401932355e-19,6.549348588147578,-1.6172799755009048e-18,83.57947145153298,70.7977691066851
17.419999999999924,1561.7347715110072,193.4864816881109,-1.3858449341677545e-16,2.7532233995266948e-18,13.954714297256228,-5.544916970502078e-19,6.552983562455955,-1.6104492156362086e-18,83.55801046841921,70.79813652693167
17.429999999999925,1562.562979669232,193.59394661680537,-1.386204330959696e-16,2.745729625040275e-18,13.954096846027495,-5.577646872927944e-19,6.556640738836567,-1.6034339915912337e-18,83.53655872879791,70.79850364469361
17.439999999999927,1563.3909833689193,193.70132158742237,-1.3865629931676584e-16,2.73813082592272e-18,13.953480541092997,-5.612514321829253e-19,6.5603200124604655,-1.5962371123823518e-18,83.51511625145365,70.79887045907726
17.44999999999993,1564.2187827323849,193.80860634285634,-1.3869209239267164e-16,2.730428914465119e-18,13.952865354247667,-5.649491492042326e-19,6.564021278079239,-1.5888613859939235e-18,83.49368305512543,70.7992369691935
17.45999999999993,1565.0463778818944,193.91580062733033,-1.387278126403196e-16,2.722625799872988e-18,13.952251256540013,-5.688550525212233e-19,6.567744430062535,-1.5813096189586845e-18,83.47225915850738,70.79960317415774
17.46999999999993,1565.8737689396646,194.0229041863893,-1.3876346037939398e-16,2.7147233880068698e-18,13.951638218307016,-5.7296635343387675e-19,6.571489362434693,-1.5735846159430518e-18,83.45084458024955,70.79996907308988
17.479999999999933,1566.7009560278634,194.12991676689333,-1.3879903593255708e-16,2.7067235811263185e-18,13.951026209208312,-5.772802608276568e-19,6.575255968910522,-1.5656891793373508e-18,83.42943933895856,70.80033466511438
17.489999999999934,1567.5279392686107,194.23683811701093,-1.3883453962537637e-16,2.6986282776372897e-18,13.950415198259643,-5.817939816189186e-19,6.5790441429302255,-1.5576261088509837e-18,83.40804345319836,70.8006999493601
17.499999999999936,1568.3547187839783,194.3436679862122,-1.3886997178625172e-16,2.6904393718429234e-18,13.949805153865642,-5.8650472119569585e-19,6.582853777693473,-1.5493982011125343e-18,83.38665694149087,70.80106492496036
17.509999999999938,1569.1812946959917,194.45040612526216,-1.3890533274634312e-16,2.682158753697724e-18,13.949196043851888,-5.914096838538537e-19,6.586684766192648,-1.5410082492748234e-18,83.3652798223166,70.80142959105297
17.51999999999994,1570.0076671266293,194.55705228621383,-1.3894062283949855e-16,2.6737883085651283e-18,13.948587835496287,-5.965060732285939e-19,6.590537001245265,-1.5324590426249197e-18,83.34391211411531,70.80179394678004
17.52999999999994,1570.8338361978235,194.66360622240157,-1.3897584240218248e-16,2.6653299169784625e-18,13.947980495559749,-6.017910927212977e-19,6.594410375525585,-1.5237533661991074e-18,83.32255383528667,70.8021579912881
17.539999999999942,1571.6598020314618,194.7700676884342,-1.390109917734045e-16,2.6567854544052854e-18,13.947373990316233,-6.072619459217e-19,6.598304781595419,-1.5148940004028167e-18,83.30120500419075,70.80252172372805
17.549999999999944,1572.4855647493864,194.87643644018837,-1.390460712946485e-16,2.6481567910151112e-18,13.94676828558207,-6.129158370253754e-19,6.60222011193416,-1.5058837206355216e-18,83.27986563914861,70.80288514325512
17.559999999999945,1573.3111244733957,194.9827122348016,-1.390810813098021e-16,2.6394457914505118e-18,13.946163346744674,-6.187499712465326e-19,6.606156258968012,-1.496725296920602e-18,83.25853575844293,70.80324824902885
17.569999999999947,1574.1364813252442,195.0888948306656,-1.3911602216508657e-16,2.6306543146015927e-18,13.945559138790584,-6.247615552261047e-19,6.610113115098477,-1.4874214935401775e-18,83.23721538031845,70.803611040213
17.57999999999995,1574.9616354266436,195.19498398741953,-1.3915089420898707e-16,2.6217842133838287e-18,13.944955626332844,-6.309477974351289e-19,6.61409057273006,-1.4779750686749082e-18,83.21590452298247,70.8039735159757
17.58999999999995,1575.7865868992633,195.30097946594316,-1.3918569779218334e-16,2.612837334519274e-18,13.944352773637787,-6.37305908573404e-19,6.6180885242972565,-1.468388774048765e-18,83.19460320460546,70.80433567548923
17.59999999999995,1576.6113358647306,195.40688102835017,-1.3922043326748075e-16,2.6038155183211117e-18,13.943750544651147,-6.438331019634216e-19,6.6221068622907735,-1.458665354578767e-18,83.1733114433214,70.80469751793014
17.609999999999953,1577.4358824446317,195.5126884379814,-1.3925510098974178e-16,2.5947205984815785e-18,13.943148903023618,-6.505265939395677e-19,6.626145479283054,-1.4488075480296827e-18,83.1520292572283,70.80505904247914
17.619999999999955,1578.2602267605123,195.61840145939814,-1.3928970131581796e-16,2.585554401863194e-18,13.942547812135686,-6.573836042325794e-19,6.630204267953066,-1.4388180846736955e-18,83.13075666438868,70.80542024832113
17.629999999999956,1579.084368933878,195.7240198583753,-1.393242346044822e-16,2.5763187482933688e-18,13.941947235122012,-6.6440135634926515e-19,6.634283121110405,-1.428699686955024e-18,83.10949368282992,70.80578113464517
17.639999999999958,1579.9083090861957,195.82954340189482,-1.3935870121636144e-16,2.567015450362306e-18,13.941347134895068,-6.715770779474739e-19,6.638381931718696,-1.4184550691595012e-18,83.08824033054465,70.80614170064442
17.64999999999996,1580.7320473388927,195.93497185813897,-1.3939310151387e-16,2.5576463132242398e-18,13.940747474168282,-6.789080012063139e-19,6.64250059291831,-1.4080869370890963e-18,83.06699662549127,70.80650194551615
17.65999999999996,1581.555583813359,196.0403049964836,-1.3942743586114302e-16,2.5482131344019855e-18,13.940148215478573,-6.863913631916221e-19,6.64663899804842,-1.3975979877413839e-18,83.04576258559418,70.80686186846174
17.669999999999963,1582.3789186309464,196.14554258749158,-1.394617046239707e-16,2.5387177035947866e-18,13.93954932120833,-6.940244062166782e-19,6.650797040668391,-1.3869909089939457e-18,83.0245382287442,70.80722146868655
17.679999999999964,1583.2020519129708,196.2506844029061,-1.394959081697327e-16,2.529161802489456e-18,13.93895075360676,-7.018043781981612e-19,6.654974614578516,-1.3762683792937011e-18,83.00332357279898,70.80758074540007
17.689999999999966,1584.0249837807114,196.35573021564406,-1.3953004686733312e-16,2.519547204574809e-18,13.938352474810797,-7.097285330073556e-19,6.65917161384012,-1.3654330673511602e-18,82.98211863558316,70.80793969781575
17.699999999999967,1584.847714355412,196.4606797997895,-1.39564121087136e-16,2.5098756749593656e-18,13.93775444686535,-7.177941308165994e-19,6.663387932795026,-1.3544876318395817e-18,82.96092343488891,70.80829832515103
17.70999999999997,1585.670243758282,196.56553293058695,-1.3959813120090113e-16,2.5001489701923135e-18,13.937156631743079,-7.259984384409807e-19,6.667623466084414,-1.3434347210990402e-18,82.939737988476,70.80865662662734
17.71999999999997,1586.4925721104953,196.67028938443502,-1.3963207758172043e-16,2.49036883808773e-18,13.9365589913636,-7.343387296752817e-19,6.671878108667057,-1.3322769728453757e-18,82.91856231407229,70.80901460147005
17.729999999999972,1587.3146995331936,196.77494893887973,-1.3966596060395477e-16,2.480537017552053e-18,13.935961487612202,-7.428122856261773e-19,6.676151755836972,-1.32101701388403e-18,82.89739642937386,70.80937224890842
17.739999999999974,1588.1366261474848,196.87951137260808,-1.3969978064317128e-16,2.4706552384147673e-18,13.935364082358026,-7.514163950396864e-19,6.680444303240472,-1.309657459828748e-18,82.87624035204533,70.80972956817568
17.749999999999975,1588.9583520744447,196.98397646544154,-1.3973353807608114e-16,2.460725221262324e-18,13.934766737471703,-7.601483546238804e-19,6.684755646892648,-1.2982009148251339e-18,82.85509409972013,70.81008655850884
17.759999999999977,1589.7798774351177,197.08834399832963,-1.397672332804778e-16,2.4507486772752672e-18,13.934169414842556,-7.690054693668617e-19,6.689085683193277,-1.2866499712790528e-18,82.83395769000067,70.8104432191489
17.76999999999998,1590.6012023505166,197.19261375334352,-1.398008666351758e-16,2.4407273080685507e-18,13.933572076395274,-7.779850528500042e-19,6.693434308942173,-1.2750072095898597e-18,82.81283114045864,70.81079954934054
17.77999999999998,1591.422326941624,197.29678551366956,-1.3983443851994988e-16,2.4306628055350452e-18,13.932974684106078,-7.870844275564751e-19,6.697801421353993,-1.2632751978884422e-18,82.79171446863516,70.81115554833244
17.78999999999998,1592.2432513293932,197.40085906360295,-1.3986794931547487e-16,2.420556851692207e-18,13.93237720001845,-7.963009251750353e-19,6.7021869180724964,-1.2514564917800668e-18,82.77060769204103,70.81151121537687
17.799999999999983,1593.0639756347477,197.50483418854145,-1.399013994032658e-16,2.4104111185319203e-18,13.931779586258376,-8.056318868991313e-19,6.706590697184289,-1.2395536340920058e-18,82.74951082815684,70.81186654973
17.809999999999985,1593.8844999785829,197.60871067497902,-1.3993478916561875e-16,2.400227267873461e-18,13.931181805049095,-8.150746637212829e-19,6.7110126572320326,-1.2275691546259345e-18,82.72842389443326,70.81222155065176
17.819999999999986,1594.704824481766,197.71248831049957,-1.3996811898555195e-16,2.390006951219613e-18,13.93058381872545,-8.246266167227788e-19,6.715452697227154,-1.2155055699150805e-18,82.70734690829111,70.8125762174057
17.829999999999988,1595.5249492651376,197.81616688377068,-1.400013892467476e-16,2.379751809615887e-18,13.929985589747753,-8.342851173586874e-19,6.719910716662054,-1.2033653829861047e-18,82.68627988712159,70.8129305492592
17.83999999999999,1596.3448744495108,197.91974618453747,-1.4003460033349407e-16,2.3694634735128446e-18,13.929387080715191,-8.440475477381904e-19,6.724386615521815,-1.1911510831257038e-18,82.66522284828632,70.81328454548323
17.84999999999999,1597.1646001556733,198.02322600361637,-1.400677526306288e-16,2.3591435626315118e-18,13.928788254378857,-8.539113009002568e-19,6.728880294295444,-1.178865145651905e-18,82.64417580911761,70.81363820535252
17.859999999999992,1597.9841265043872,198.12660613288898,-1.401008465234814e-16,2.348793685831866e-18,13.928189073654305,-8.638737810846602e-19,6.733391653986631,-1.1665100316900456e-18,82.62313878691852,70.81399152814531
17.869999999999994,1598.80345361639,198.22988636529595,-1.401338823978176e-16,2.3384154409843735e-18,13.927589501633712,-8.739324039983545e-19,6.737920596124047,-1.1540881879534093e-18,82.60211179896295,70.81434451314361
17.879999999999995,1599.622581612395,198.33306649483097,-1.4016686063978344e-16,2.3280104148445762e-18,13.92698950159759,-8.840845970772234e-19,6.742467022771186,-1.1416020465285041e-18,82.58109486249577,70.81469715963293
17.889999999999997,1600.4415106130916,198.4361463165347,-1.4019978163585024e-16,2.317580182930702e-18,13.926389037026174,-8.943277997432102e-19,6.7470308365357745,-1.1290540246649583e-18,82.56008799473297,70.8150494669024
17.9,1601.2602407391469,198.5391256264887,-1.4023264577275991e-16,2.307126309404286e-18,13.925788071610315,-9.04659463656847e-19,6.75161194057872,-1.1164465245700163e-18,82.53909121286165,70.8154014342447
17.91,1602.0787721112051,198.64200422180957,-1.4026545343747083e-16,2.2966503469537796e-18,13.92518656926205,-9.150770529651915e-19,6.75621023862266,-1.1037819332076119e-18,82.5181045340402,70.8157530609561
17.92,1602.8971048498893,198.74478190064298,-1.402982050171043e-16,2.2861538366811503e-18,13.924584494124764,-9.255780445451935e-19,6.76082563496007,-1.0910626221019953e-18,82.49712797539833,70.81610434633629
17.930000000000003,1603.715239075801,198.8474584621578,-1.4033090089889154e-16,2.27563830799143e-18,13.923981810582985,-9.36159928242497e-19,6.765458034460977,-1.0782909471458953e-18,82.47616155403709,70.81645528968855
17.940000000000005,1604.5331749095212,198.95003370654015,-1.4036354147012111e-16,2.2651052784852135e-18,13.923378483271796,-9.468202071057004e-19,6.770107342580262,-1.0654692484131888e-18,82.45520528702903,70.81680589031961
17.950000000000006,1605.3509124716113,199.05250743498775,-1.4039612711808705e-16,2.2545562538540864e-18,13.922774477085916,-9.575563976160909e-19,6.774773465364572,-1.0525998499760592e-18,82.43425919141816,70.81715614753968
17.960000000000008,1606.168451882613,199.15487944970397,-1.4042865823003731e-16,2.24399272777895e-18,13.922169757188373,-9.683660299128596e-19,6.77945630945885,-1.0396850597266178e-18,82.41332328422006,70.81750606066235
17.97000000000001,1606.9857932630493,199.25714955389222,-1.40461135193123e-16,2.2334161818312552e-18,13.921564289018859,-9.792466480138293e-19,6.784155782112482,-1.0267271692029618e-18,82.39239758242181,70.81785562900473
17.98000000000001,1607.8029367334252,199.35931755175017,-1.4049355839434794e-16,2.2228280853771004e-18,13.920958038301782,-9.901958100317037e-19,6.788871791185086,-1.0137284534196498e-18,82.37148210298217,70.81820485188722
17.990000000000013,1608.6198824142277,199.46138324846416,-1.4052592822051893e-16,2.2122298954841827e-18,13.9203509710539,-1.0012110883858522e-18,6.793604245151929,-1.000691170702564e-18,82.3505768628315,70.8185537286337
18.000000000000014,1609.4366304259272,199.5633464502035,-1.4055824505819642e-16,2.201623056831601e-18,13.9197430535917,-1.012290070009663e-18,6.798353053109003,-9.876175625281377e-19,82.32968187887177,70.81890225857136
18.010000000000016,1610.253180888977,199.665206964115,-1.4059050929364585e-16,2.191009001622458e-18,13.919134252538393,-1.0234303565534633e-18,6.803118124777747,-9.745098533669201e-19,82.30879716797665,70.81925044103076
18.020000000000017,1611.0695339238155,199.7669645983172,-1.4062272131278947e-16,2.1803891494992834e-18,13.918524534830652,-1.0346295645830477e-18,6.807899370509436,-9.613702505314552e-19,82.28792274699138,70.81959827534577
18.03000000000002,1611.8856896508644,199.8686191618952,-1.4065488150115866e-16,2.169764907462228e-18,13.917913867725005,-1.0458853257738184e-18,6.812696701289246,-9.482009440284421e-19,82.26705863273293,70.81994576085357
18.04000000000002,1612.7016481905316,199.9701704648949,-1.4068699024384694e-16,2.1591376697900168e-18,13.917302218803911,-1.0571952871005616e-18,6.8175100287399895,-9.35004106415158e-19,82.24620484198988,70.82029289689463
18.050000000000022,1613.5174096632102,200.07161831831772,-1.4071904792546342e-16,2.148508817963659e-18,13.916689555981591,-1.068557111022888e-18,6.822339265125541,-9.217818926601102e-19,82.22536139152243,70.82063968281271
18.060000000000024,1614.3329741892794,200.17296253411521,-1.4075105493008678e-16,2.1378797205928742e-18,13.916075847509525,-1.0799684756663497e-18,6.827184323353957,-9.085364400078929e-19,82.2045282980624,70.82098611795479
18.070000000000025,1615.1483418891057,200.27420292518372,-1.407830116412199e-16,2.127251733345219e-18,13.915461061981665,-1.0914270749992545e-18,6.8320451169803,-8.952698678482183e-19,82.18370557831318,70.82133220167111
18.080000000000027,1615.9635128830425,200.37533930535898,-1.40814918441745e-16,2.1166261988779124e-18,13.914845168339406,-1.1029306190052139e-18,6.836921560209159,-8.819842775890978e-19,82.16289324894973,70.82167793331509
18.09000000000003,1616.7784872914312,200.476371489411,-1.4084677571387923e-16,2.1060044467723095e-18,13.91422813587622,-1.114476833851423e-18,6.841813567896901,-8.686817525341399e-19,82.14209132661854,70.82202331224337
18.10000000000003,1617.5932652346016,200.57729929303878,-1.4087858383913102e-16,2.0953877934710382e-18,13.913609934242123,-1.1260634620527234e-18,6.84672105555363,-8.553643577639396e-19,82.12129982793753,70.82236833781583
18.11000000000003,1618.407846832872,200.67812253286507,-1.409103431982568e-16,2.084777542217743e-18,13.912990533447754,-1.1376882626314418e-18,6.851643939344885,-8.42034140021527e-19,82.10051876949615,70.82271300939537
18.120000000000033,1619.2222322065504,200.7788410264314,-1.4094205417121832e-16,2.07417498299945e-18,13.9123699038683,-1.149349011273059e-18,6.856582136093073,-8.286931276018507e-19,82.07974816785514,70.82305732634816
18.130000000000035,1620.0364214759343,200.87945459219276,-1.4097371713714065e-16,2.0635813924915026e-18,13.911748016247149,-1.1610435004777063e-18,6.861535563278645,-8.153433302452592e-19,82.05898803954666,70.82340128804347
18.140000000000036,1620.8504147613119,200.97996304951272,-1.4100533247427044e-16,2.052998034005069e-18,13.91112484169925,-1.1727695397075323e-18,6.8665041390410115,-8.019867390349571e-19,82.03823840107412,70.82374489385364
18.150000000000038,1621.6642121829618,201.08036621865838,-1.4103690055993513e-16,2.0424261574371894e-18,13.910500351714305,-1.1845249555299522e-18,6.871487782179226,-7.886253262984006e-19,82.01749926891219,70.82408814315413
18.16000000000004,1622.4778138611546,201.18066392079535,-1.4106842177050236e-16,2.0318669992233463e-18,13.909874518159686,-1.1963075917568141e-18,6.876486412152431,-7.752610455126057e-19,81.99677065950665,70.82443103532347
18.17000000000004,1623.291219916152,201.2808559779828,-1.4109989648134013e-16,2.0213217822925334e-18,13.909247313283121,-1.2081153095795022e-18,6.881499949080064,-7.618958312133353e-19,81.97605258927443,70.82477356974327
18.180000000000042,1624.104430468208,201.38094221316868,-1.4113132506677742e-16,2.010791716024802e-18,13.90861870971518,-1.2199459877000003e-18,6.886528313741845,-7.48531598908136e-19,81.95534507460349,70.82511574579816
18.190000000000044,1624.9174456375697,201.48092245018472,-1.4116270790006547e-16,2.000277996211277e-18,13.907988680471533,-1.2317975224579507e-18,6.89157142757755,-7.351702449931931e-19,81.93464813185271,70.82545756287578
18.200000000000045,1625.7302655444773,201.58079651374175,-1.411940453533395e-16,1.9897818050165944e-18,13.907357198955019,-1.2436678279537256e-18,6.896629212686551,-7.218136466739718e-19,81.91396177735187,70.82579902036682
18.210000000000047,1626.5428903091642,201.68056422942485,-1.41225337797581e-16,1.9793043109437626e-18,13.906724238957446,-1.2555548361675396e-18,6.901701591827184,-7.084636618896129e-19,81.89328602740157,70.82614011766495
18.22000000000005,1627.3553200518584,201.78022542368868,-1.4125658560258065e-16,1.968846668801417e-18,13.906089774661261,-1.2674564970746357e-18,6.906788488415877,-6.951221292410515e-19,81.87262089827313,70.82648085416679
18.23000000000005,1628.1675548927822,201.8797799238527,-1.4128778913690172e-16,1.958410019673447e-18,13.905453780641004,-1.279370778756564e-18,6.911889826526121,-6.8179086792282715e-19,81.85196640620848,70.82682122927197
18.24000000000005,1628.9795949521526,201.97922755809665,-1.4131894876784402e-16,1.9479954908909683e-18,13.904816231864542,-1.2912956675085873e-18,6.917005530887217,-6.684716776585516e-19,81.83132256742014,70.82716124238301
18.250000000000053,1629.7914403501825,202.07856815545583,-1.4135006486140846e-16,1.937604196006629e-18,13.904177103694124,-1.3032291679432334e-18,6.922135526882871,-6.551663386400038e-19,81.81068939809109,70.82750089290538
18.260000000000055,1630.6030912070798,202.17780154581655,-1.4138113778226206e-16,1.927237234771217e-18,13.90353637188731,-1.3151693030900346e-18,6.927279740549582,-6.418766114698167e-19,81.79006691437463,70.82784018024749
18.270000000000056,1631.4145476430497,202.27692755991168,-1.414121678937036e-16,1.9168956931125576e-18,13.90289401259764,-1.3271141144914694e-18,6.932438098574886,-6.286042371077262e-19,81.76945513239444,70.82817910382063
18.280000000000058,1632.2258097782928,202.37594602931608,-1.414431555576298e-16,1.906580643116664e-18,13.902250002375188,-1.3390616622951397e-18,6.9376105282954095,-6.153509368203467e-19,81.7488540682443,70.82851766303895
18.29000000000006,1633.0368777330077,202.47485678644222,-1.4147410113450197e-16,1.8962931430111356e-18,13.901604318166925,-1.351010025342217e-18,6.94279695769477,-6.021184121344425e-19,81.7282637379881,70.82885585731955
18.30000000000006,1633.8477516273902,202.57365966453565,-1.415050049833133e-16,1.88603423715077e-18,13.900956937316943,-1.3629573012521831e-18,6.947997315401322,-5.889083447936591e-19,81.70768415765974,70.82919368608222
18.310000000000063,1634.6584315816333,202.67235449767082,-1.415358674615566e-16,1.8758049560053686e-18,13.900307837566478,-1.3749016065038875e-18,6.953211530685754,-5.757223967186831e-19,81.68711534326297,70.82953114874978
18.320000000000064,1635.4689177159291,202.77094112074658,-1.4156668892519275e-16,1.8656063161497135e-18,13.89965699705381,-1.386841076512963e-18,6.958439533458524,-5.625622099707963e-19,81.6665573107714,70.82986824474773
18.330000000000066,1636.2792101504676,202.86941936948196,-1.4159746972861948e-16,1.855439320255703e-18,13.899004394314028,-1.3987738657056247e-18,6.96368125426717,-5.494294067187912e-19,81.64601007612825,70.83020497350446
18.340000000000067,1637.089309005438,202.96778908041196,-1.416282102246408e-16,1.845304957086598e-18,13.898350008278593,-1.4106981475888742e-18,6.96893662429348,-5.363255892092121e-19,81.62547365524637,70.8305413344511
18.35000000000007,1637.899214401029,203.06605009088324,-1.41658910764437e-16,1.835204201493388e-18,13.89769381827482,-1.4226121148171555e-18,6.97420557535052,-5.232523397398912e-19,81.60494806400803,70.83087732702161
18.36000000000007,1638.7089264574288,203.16420223905,-1.4168957169753503e-16,1.8251380144132317e-18,13.897035804025206,-1.4345139792554724e-18,6.979488039879545,-5.102112206367416e-19,81.58443331826493,70.83121295065267
18.370000000000072,1639.5184452948254,203.26224536386994,-1.4172019337177968e-16,1.8151073428699535e-18,13.896375945646582,-1.446401972039019e-18,6.9847839509467855,-4.972037742337776e-19,81.56392943383796,70.83154820478377
18.380000000000074,1640.3277710334078,203.3601793050999,-1.41750776133305e-16,1.805113119976586e-18,13.895714223649211,-1.4582743436293362e-18,6.990093242240113,-4.842315228563233e-19,81.54343642651722,70.83188308885705
18.390000000000075,1641.136903793365,203.45800390329214,-1.4178132032650654e-16,1.795156264939911e-18,13.89505061893569,-1.4701293638670353e-18,6.99541584806559,-4.712959688073809e-19,81.52295431206183,70.83221760231746
18.400000000000077,1641.9458436948878,203.55571899979003,-1.4181182629401375e-16,1.7852376830670088e-18,13.894385112799776,-1.4819653220211178e-18,7.000751703343914,-4.5839859435711905e-19,81.5024831061998,70.8325517446126
18.41000000000008,1642.754590858168,203.65332443672423,-1.4184229437666337e-16,1.775358265773753e-18,13.89371768692508,-1.4937805268349183e-18,7.00610074360676,-4.455408617354493e-19,81.48202282462802,70.83288551519279
18.42000000000008,1643.5631454033992,203.75082005700867,-1.4187272491347296e-16,1.7655188905952745e-18,13.893048323383637,-1.5055733065687062e-18,7.011462904993013,-4.3272421312765755e-19,81.46157348301202,70.83321891351103
18.43000000000008,1644.371507450777,203.8482057043367,-1.419031182416151e-16,1.7557204211983194e-18,13.892377004634389,-1.5173420090389777e-18,7.016838124244904,-4.1995007067305243e-19,81.44113509698597,70.83355193902301
18.440000000000083,1645.1796771204995,203.94548122317713,-1.4193347469639217e-16,1.745963707395533e-18,13.891703713521547,-1.5290850016544669e-18,7.022226338704063,-4.0721983646660016e-19,81.4207076821525,70.83388459118703
18.450000000000085,1645.9876545327672,204.04264645877052,-1.419637946112116e-16,1.736249585161596e-18,13.89102843327285,-1.5408006714489064e-18,7.027627486307474,-3.9453489256350746e-19,81.40029125408256,70.83421686946409
18.460000000000086,1646.7954398077843,204.13970125712524,-1.4199407831756153e-16,1.726578876651226e-18,13.890351147497713,-1.552487425110578e-18,7.033041505583343,-3.818966009867203e-19,81.37988582831545,70.83454877331774
18.470000000000088,1647.6030330657575,204.2366454650138,-1.420243261449872e-16,1.7169523902190036e-18,13.889671840185327,-1.5641436890086712e-18,7.038468335646899,-3.6930630373730372e-19,81.35949142035851,70.83488030221424
18.48000000000009,1648.4104344268974,204.3334789299691,-1.4205453842106766e-16,1.7073709204410051e-18,13.888990495702581,-1.5757679092164947e-18,7.0439079161960905,-3.567653228076664e-19,81.33910804568715,70.8352114556224
18.49000000000009,1649.2176440114185,204.43020150028067,-1.4208471547139313e-16,1.697835248138218e-18,13.888307098792014,-1.587358551531568e-18,7.049360187507245,-3.442749601975975e-19,81.3187357197447,70.83554223301364
18.500000000000092,1650.0246619395396,204.52681302499118,-1.4211485761954277e-16,1.6883461404017175e-18,13.887621634569543,-1.5989141014926203e-18,7.054825090430619,-3.3183649793307834e-19,81.29837445794222,70.8358726338619
18.510000000000094,1650.8314883314833,204.62331335389263,-1.4214496518706303e-16,1.6789043506195765e-18,13.886934088522235,-1.6104330643935384e-18,7.060302566385907,-3.1945119808783734e-19,81.27802427565848,70.83620265764381
18.520000000000095,1651.6381233074778,204.71970233752282,-1.4217503849344646e-16,1.6695106185054937e-18,13.886244446505906,-1.6219139652942901e-18,7.065792557357681,-3.071203028076102e-19,81.25768518823986,70.83653230383845
18.530000000000097,1652.4445669877555,204.81597982716187,-1.4220507785611101e-16,1.6601656701291097e-18,13.8855526947427,-1.6333553490288539e-18,7.071295005890764,-2.948450343370737e-19,81.23735721100014,70.83686157192746
18.5400000000001,1653.2508194925545,204.91214567482865,-1.422350835903799e-16,1.6508702179479906e-18,13.884858819818572,-1.644755780210196e-18,7.0768098550855525,-2.8262659504941604e-19,81.21704035922042,70.83719046139505
18.5500000000001,1654.0568809421181,205.00819973327725,-1.4226505600946196e-16,1.6416249608412549e-18,13.884162808680692,-1.656113843232314e-18,7.082337048593278,-2.7046616747850956e-19,81.19673464814908,70.83751897172792
18.5600000000001,1654.8627514566958,205.1041418559936,-1.4229499542443234e-16,1.632430584144827e-18,13.883464648634812,-1.6674281422694001e-18,7.08787653061123,-2.583649143536526e-19,81.17644009300153,70.83784710241528
18.570000000000103,1655.6684311565425,205.19997189719197,-1.4232490214421394e-16,1.6232877596882832e-18,13.882764327342539,-1.6786973012721258e-18,7.09342824587792,-2.463239786368434e-19,81.15615670896025,70.83817485294885
18.580000000000105,1656.4739201619195,205.29568971181172,-1.4235477647555916e-16,1.6141971458332754e-18,13.882061832818545,-1.6899199639611172e-18,7.098992139668202,-2.3434448356255305e-19,81.13588451117457,70.83850222282278
18.590000000000106,1657.2792185930948,205.39129515551377,-1.4238461872303221e-16,1.6051593875135071e-18,13.88135715342775,-1.7010947938176247e-18,7.104568157788361,-2.2242753267996313e-19,81.11562351476059,70.83882921153378
18.600000000000108,1658.0843265703427,205.4867880846774,-1.4241442918899185e-16,1.5961751162762417e-18,13.880650277882408,-1.7122204740714338e-18,7.110156246571148,-2.105742098976319e-19,81.09537373480107,70.83915581858095
18.61000000000011,1658.8892442139447,205.58216835639695,-1.4244420817357464e-16,1.587244950325313e-18,13.879941195239185,-1.7232957076860523e-18,7.115756352870795,-1.9878557953055565e-19,81.07513518634532,70.83948204346585
18.62000000000011,1659.6939716441893,205.6774358284785,-1.4247395597467875e-16,1.5783694945656222e-18,13.879229894896138,-1.7343192173411904e-18,7.121368424057982,-1.8706268634959102e-19,81.05490788440908,70.83980788569252
18.630000000000113,1660.4985089813724,205.77259035943672,-1.4250367288794804e-16,1.5695493406490942e-18,13.878516366589647,-1.745289745412586e-18,7.126992408014779,-1.7540655563320242e-19,81.03469184397443,70.8401333447674
18.640000000000114,1661.3028563457972,205.8676318084916,-1.4253335920675686e-16,1.5607850670220757e-18,13.877800600391375,-1.7562060539492036e-18,7.1326282531295675,-1.6381819322150196e-19,81.01448707998966,70.8404584201993
18.650000000000116,1662.107013857775,205.9625600355654,-1.4256301522219514e-16,1.5520772389741435e-18,13.87708258670508,-1.7670669246478237e-18,7.138275908291924,-1.5229858557254622e-19,80.9942936073692,70.84078311149953
18.660000000000117,1662.910981637625,206.0573749012793,-1.4259264122305405e-16,1.54342640868831e-18,13.876362316263462,-1.777871158825082e-18,7.143935322887485,-1.4084869982085633e-19,80.97411144099344,70.84110741818175
18.67000000000012,1663.7147598056742,206.15207626695062,-1.4262223749581202e-16,1.5348331152925983e-18,13.875639780124922,-1.7886175773869634e-18,7.149606446792798,-1.2946948383812684e-19,80.9539405957087,70.84143133976195
18.68000000000012,1664.5183484822587,206.2466639945894,-1.4265180432462135e-16,1.5262978849129608e-18,13.874914969670328,-1.7993050207958167e-18,7.155289230370147,-1.1816186629608958e-19,80.93378108632707,70.8417548757586
18.690000000000122,1665.3217477877224,206.34113794689563,-1.4268134199129517e-16,1.5178212307275271e-18,13.874187876599702,-1.8099323490348814e-18,7.160983624462357,-1.0692675673149832e-19,80.91363292762634,70.84207802569244
18.700000000000124,1666.124957842418,206.4354979872561,-1.4271085077529491e-16,1.5094036530221559e-18,13.87345849292892,-1.8204984415704032e-18,7.166689580387601,-9.576504561320031e-20,80.89349613434987,70.84240078908664
18.710000000000125,1666.9279787667074,206.5297439797414,-1.4274033095371823e-16,1.5010456392472619e-18,13.872726810986332,-1.83100219731134e-18,7.172407049934183,-8.467760441126092e-20,80.87337072120653,70.84272316546664
18.720000000000127,1667.7308106809612,206.62387578910307,-1.4276978280128737e-16,1.4927476640759024e-18,13.871992823409395,-1.841442534566698e-18,7.178135985355307,-7.366528566810778e-20,80.85325670287054,70.84304515436027
18.73000000000013,1668.5334537055594,206.71789328077054,-1.427992065903379e-16,1.4845101894631025e-18,13.871256523141247,-1.8518183910005467e-18,7.183876339363862,-6.272892307166042e-20,80.83315409398142,70.84336675529765
18.74000000000013,1669.3359079608915,206.81179632084837,-1.428286025908081e-16,1.4763336647063909e-18,13.870517903427308,-1.862128723584724e-18,7.189628065127172,-5.1869331530412176e-20,80.81306290914382,70.84368796781123
18.75000000000013,1670.1381735673565,206.90558477611324,-1.4285797107022847e-16,1.4682185265075268e-18,13.869776957811798,-1.872372508549276e-18,7.195391116261762,-4.108730725043092e-20,80.79298316292756,70.84400879143578
18.760000000000133,1670.9402506453628,206.99925851401122,-1.4288731229371202e-16,1.4601651990353948e-18,13.869033680134235,-1.8825487413306585e-18,7.201165446828119,-3.03836278142451e-20,80.77291486986734,70.8443292257083
18.770000000000135,1671.742139315329,207.09281740265487,-1.429166265239447e-16,1.4521740939900534e-18,13.868288064526013,-1.892656436517751e-18,7.206951011325448,-1.975905226158202e-20,80.75285804446281,70.84464927016815
18.780000000000136,1672.5438396976836,207.1862613108205,-1.429459140211765e-16,1.4442456106679002e-18,13.867540105406803,-1.9026946277956776e-18,7.212747764686437,-9.214321171925266e-21,80.73281270117842,70.84496892435692
18.790000000000138,1673.345351912865,207.27959010794535,-1.429751750432127e-16,1.4363801360279461e-18,13.866789797481095,-1.9126623678875133e-18,7.218555662272024,1.2498432511417136e-21,80.71277885444327,70.84528818781847
18.80000000000014,1674.1466760813223,207.37280366412497,-1.4300440984540594e-16,1.4285780447591683e-18,13.866037135734615,-1.922558728493869e-18,7.224374659866167,1.1632737093838765e-20,80.6927565186511,70.84560706009893
18.81000000000014,1674.9478123235147,207.46590185011036,-1.4303361868064822e-16,1.4208396993489286e-18,13.865282115430796,-1.9323828002304217e-18,7.230204713670619,2.1933674644371554e-20,80.67274570816014,70.84592554074666
18.820000000000142,1675.7487607599119,207.5588845373054,-1.4306280179936376e-16,1.4131654501524221e-18,13.864524732107206,-1.9421336925633883e-18,7.236045780299726,3.2151988303426157e-20,80.65274643729305,70.84624362931228
18.830000000000144,1676.5495215109945,207.6517515977641,-1.4309195944950196e-16,1.4055556354631479e-18,13.86376498157196,-1.9518105337430015e-18,7.241897816775216,4.228702849300803e-20,80.63275872033684,70.8465613253486
18.840000000000146,1677.3500946972538,207.74450290418804,-1.43121091876531e-16,1.398010581584376e-18,13.863002859900162,-1.96141247073501e-18,7.247760780521024,5.2338163563657794e-20,80.61278257154277,70.84687862841072
18.850000000000147,1678.150480439192,207.8371383299237,-1.4315019932343165e-16,1.390530602901587e-18,13.862238363430341,-1.9709386691502398e-18,7.253634629358091,6.2304779700076e-20,80.59281800512622,70.84719553805586
18.86000000000015,1678.9506788573221,207.92965774895995,-1.431792820306916e-16,1.3831160019558644e-18,13.861471488760793,-1.9803883131722323e-18,7.259519321499233,7.218628082518878e-20,80.57286503526667,70.8475120538435
18.87000000000015,1679.7506900721687,208.0220610359254,-1.432083402363002e-16,1.3757670695182216e-18,13.86070223274608,-1.989760605483023e-18,7.265414815543977,8.198208850268639e-20,80.55292367610762,70.84782817533532
18.88000000000015,1680.5505142042673,208.11434806608588,-1.4323737417574346e-16,1.3684840846648354e-18,13.859930592493354,-1.999054767187053e-18,7.271321070473444,9.169164183806641e-20,80.53299394175643,70.84814390209513
18.890000000000153,1681.3501513741646,208.206518715342,-1.4326638408199967e-16,1.361267314853175e-18,13.859156565358827,-2.008270037733284e-18,7.277238045645239,1.0131439737821298e-19,80.51307584628431,70.84845923368898
18.900000000000155,1682.1496017024192,208.29857286022664,-1.4329537018553513e-16,1.354117015998996e-18,13.85838014894414,-2.0174056748355157e-18,7.283165700788359,1.1084982900954367e-19,80.49316940372621,70.84877416968504
18.910000000000156,1682.9488653096007,208.39051037790233,-1.4332433271430051e-16,1.3470334325541882e-18,13.857601341092808,-2.0264609543909657e-18,7.289103995998135,1.2029742785475525e-19,80.47327462808079,70.84908870965367
18.920000000000158,1683.7479423162908,208.482331146159,-1.4335327189372746e-16,1.3400167975854423e-18,13.8568201398866,-2.0354351703971143e-18,7.295052891731186,1.2965670216819928e-19,80.45339153331025,70.84940285316735
18.93000000000016,1684.5468328430827,208.57403504341147,-1.4338218794672564e-16,1.3330673328537381e-18,13.856036543642002,-2.044327634866876e-18,7.301012348800397,1.3892717722991873e-19,80.43352013334035,70.84971659980073
18.94000000000016,1685.3455370105814,208.66562194869704,-1.4341108109368009e-16,1.3261852488946056e-18,13.855250550906595,-2.0531376777420998e-18,7.306982328369929,1.4810839523837613e-19,80.41366044206028,70.85002994913056
18.950000000000163,1686.144054939404,208.75709174167318,-1.43439951552449e-16,1.3193707450991628e-18,13.854462160455528,-2.0618646468054523e-18,7.31296279195025,1.5719991520190382e-19,80.3938124733226,70.85034290073577
18.960000000000164,1686.9423867501791,208.8484443026151,-1.434687995383619e-16,1.3126240097958993e-18,13.853671371287943,-2.070507907590707e-18,7.318953701393188,1.6620131282890737e-19,80.37397624094316,70.85065545419737
18.970000000000166,1687.7405325635477,208.9396795124134,-1.4349762526421796e-16,1.3059452203331839e-18,13.852878182623455,-2.0790668432914645e-18,7.324955018887027,1.7511218041685119e-19,80.35415175870108,70.8509676090985
18.980000000000167,1688.5384925001629,209.03079725257186,-1.4352642894028515e-16,1.2993345431624767e-18,13.85208259389856,-2.0875408546683317e-18,7.330966706951609,1.8393212674005763e-19,80.33433904033859,70.85127936502434
18.99000000000017,1689.33626668069,209.12179740520503,-1.4355521077429916e-16,1.2927921339222404e-18,13.851284604763165,-2.095929359954621e-18,7.336988728433493,1.9266077693634889e-19,80.31453809956106,70.85159072156227
19.00000000000017,1690.1338552258064,209.21267985303604,-1.4358397097146313e-16,1.2863181375225044e-18,13.850484215077044,-2.1042317947605546e-18,7.343021046501119,2.0129777239256112e-19,80.29474895003689,70.85190167830167
19.010000000000172,1690.931258256202,209.3034444793943,-1.436127097344475e-16,1.2799126882300893e-18,13.849681424906352,-2.1124476119760363e-18,7.349063624640023,2.0984277062896132e-19,80.27497160539743,70.85221223483403
19.020000000000174,1691.728475892579,209.3940911682133,-1.436414272633902e-16,1.2735759097544514e-18,13.848876234520144,-2.120576281672016e-18,7.355116426648076,2.182954451825947e-19,80.25520607923693,70.85252239075294
19.030000000000175,1692.5255082556519,209.4846198040283,-1.4367012375589745e-16,1.2673079153341434e-18,13.848068644386888,-2.1286172910004613e-18,7.361179416630744,2.266554854895938e-19,80.23545238511252,70.85283214565398
19.040000000000177,1693.322355466148,209.57503027197436,-1.4369879940704446e-16,1.26110880782386e-18,13.847258655171022,-2.1365701440929877e-18,7.3672525589964115,2.349225967664758e-19,80.21571053654411,70.85314149913486
19.05000000000018,1694.1190176448072,209.66532245778387,-1.437274544093768e-16,1.2549786797820609e-18,13.84644626772953,-2.144434361958162e-18,7.37333581845171,2.4309649989045956e-19,80.19598054701429,70.85345045079531
19.06000000000018,1694.9154949123813,209.75549624778463,-1.43756088952912e-16,1.248917613559139e-18,13.845631483108505,-2.152209482377515e-18,7.3794291599968975,2.5117693127882826e-19,80.17626242996835,70.85375900023709
19.07000000000018,1695.7117873896354,209.8455515288976,-1.4378470322514144e-16,1.2429256813861289e-18,13.844814302539744,-2.159895059800286e-18,7.385532548921272,2.591636427673679e-19,80.15655619881422,70.85406714706403
19.080000000000183,1696.5078951973471,209.93548818863482,-1.4381329741103265e-16,1.2370029454639301e-18,13.843994727437408,-2.167490665236948e-18,7.391645950798614,2.6705640148790913e-19,80.13686186692239,70.85437489088193
19.090000000000185,1697.3038184563068,210.02530611509727,-1.438418716930318e-16,1.2311494580530201e-18,13.843172759394605,-2.17499588615151e-18,7.397769331482672,2.748549897450007e-19,80.1171794476258,70.85468223129865
19.100000000000186,1698.0995572873176,210.11500519697285,-1.4387042625106662e-16,1.2253652615636542e-18,13.842348400180088,-2.1824103263526572e-18,7.40390265710269,2.825592048917412e-19,80.09750895421995,70.85498916792407
19.110000000000188,1698.8951118111954,210.20458532353425,-1.438989612625496e-16,1.2196503886465228e-18,13.84152165173494,-2.1897336058837436e-18,7.410045894058964,2.9016885920479856e-19,80.07785039996266,70.85529570037008
19.12000000000019,1699.6904821487692,210.2940463846369,-1.439274769023814e-16,1.214004862283847e-18,13.840692516169236,-2.1969653609116554e-18,7.4161990090184355,2.9768377975864284e-19,80.05820379807416,70.85560182825051
19.13000000000019,1700.4856684208805,210.38338827071706,-1.439559733429548e-16,1.2084286958809033e-18,13.839860995758816,-2.2041052436146007e-18,7.422361968910336,3.0510380829902076e-19,80.03856916173699,70.85590755118126
19.140000000000192,1701.2806707483837,210.47261087278966,-1.4398445075415868e-16,1.2029218933579554e-18,13.839027092942011,-2.2111529220688287e-18,7.428534740921866,3.124288011156978e-19,80.01894650409596,70.85621286878016
19.150000000000194,1702.0754892521466,210.56171408244631,-1.4401290930338246e-16,1.197484449242568e-18,13.838190810316412,-2.218108080134316e-18,7.434717292493903,3.196586289144961e-19,79.9993358382581,70.85651778066705
19.160000000000196,1702.8701240530493,210.65069779185347,-1.4404134915552078e-16,1.1921163487622988e-18,13.83735215063568,-2.224970417339453e-18,7.440909591316766,3.267931766886522e-19,79.97973717729268,70.85682228646371
19.170000000000197,1703.6645752719855,210.7395618937503,-1.4406977047297845e-16,1.1868175679377414e-18,13.83651111680635,-2.231739648764746e-18,7.447111605326008,3.338323435895248e-19,79.96015053423102,70.85712638579392
19.1800000000002,1704.4588430298616,210.82830628144683,-1.4409817341567582e-16,1.1815880736759067e-18,13.835667711884701,-2.2384155049255794e-18,7.453323302698257,3.4077604279667383e-19,79.94057592206666,70.85743007828339
19.1900000000002,1705.252927447597,210.91693084882198,-1.4412655814105417e-16,1.1764278238639217e-18,13.834821939073612,-2.2449977316540435e-18,7.459544651847098,3.4762420138734116e-19,79.9210133537551,70.8577333635598
19.200000000000202,1706.0468286461241,211.00543549032167,-1.441549248040817e-16,1.171336767463031e-18,13.833973801719457,-2.2514860899798782e-18,7.465775621418992,3.5437676020535525e-19,79.90146284221396,70.85803624125279
19.210000000000203,1706.8405467463888,211.0938201009569,-1.4418327355725945e-16,1.1663148446028886e-18,13.83312330330904,-2.257880356010543e-18,7.472016180289239,3.61033673729488e-19,79.88192440032282,70.85833871099386
19.220000000000205,1707.6340818693493,211.1820845763018,-1.442116045506278e-16,1.161361986676113e-18,13.832270447466552,-2.2641803208104466e-18,7.47826629755798,3.6759490994128587e-19,79.86239804092322,70.85864077241656
19.230000000000206,1708.4274341359774,211.27022881249192,-1.4423991793177303e-16,1.1564781164330995e-18,13.831415237950525,-2.270385790279364e-18,7.484525942546253,3.740604501924038e-19,79.84288377681867,70.85894242515633
19.240000000000208,1709.220603667258,211.3582527062222,-1.4426821384583425e-16,1.1516631480770674e-18,13.830557678650873,-2.2764965850300635e-18,7.490795084792075,3.804302890714633e-19,79.82338162077454,70.85924366885041
19.25000000000021,1710.013590584189,211.44615615474524,-1.4429649243551058e-16,1.1469169873593283e-18,13.829697773585892,-2.2825125402651724e-18,7.497073694046578,3.867044342704623e-19,79.8038915855181,70.85954450313814
19.26000000000021,1710.806395007781,211.53393905586938,-1.443247538410685e-16,1.1422395316747573e-18,13.828835526899356,-2.2884335056533096e-18,7.503361740270189,3.928829064507585e-19,79.78441368373848,70.85984492766063
19.270000000000213,1711.5990170590585,211.621601307957,-1.4435299820034952e-16,1.1376306701574555e-18,13.827970942857585,-2.2942593452045035e-18,7.509659193628835,3.9896573910865265e-19,79.76494792808658,70.86014494206096
19.280000000000214,1712.3914568590585,211.7091428099226,-1.4438122564877816e-16,1.133090283776581e-18,13.827104025846566,-2.2999899371449324e-18,7.51596602449022,4.0495297844059304e-19,79.74549433117515,70.86044454598408
19.290000000000216,1713.1837145288312,211.7965634612311,-1.4440943631936998e-16,1.1286182454323425e-18,13.826234780369122,-2.305625173790997e-18,7.522282203420125,4.108446832080278e-19,79.72605290557867,70.86074373907684
19.300000000000217,1713.97579018944,211.883863161896,-1.444376303427401e-16,1.1242144200521302e-18,13.82536321104208,-2.311164961422774e-18,7.528607701178746,4.166409246019261e-19,79.70662366383341,70.86104252098794
19.31000000000022,1714.7676839619612,211.97104181247764,-1.4446580784711172e-16,1.1198786646867745e-18,13.824489322593466,-2.3166092201568436e-18,7.534942488717103,4.223417861069927e-19,79.6872066184373,70.86134089136802
19.32000000000022,1715.5593959674845,212.0580993140815,-1.444939689583251e-16,1.1156108286069197e-18,13.823613119859779,-2.321957883818552e-18,7.541286537173465,4.2794736336559793e-19,79.66780178185005,70.86163884986951
19.330000000000222,1716.3509263271126,212.14503556835635,-1.4452211379984656e-16,1.1114107533994844e-18,13.822734607783202,-2.327210899813694e-18,7.5476398178698245,4.3345776404144723e-19,79.648409166493,70.86193639614677
19.340000000000224,1717.142275161961,212.23185047749269,-1.4455024249277781e-16,1.1072782730642185e-18,13.821853791408977,-2.3323682289996877e-18,7.5540023023084295,4.388731076830107e-19,79.62902878474922,70.86223352985604
19.350000000000225,1717.9334425931586,212.31854394422086,-1.4457835515586553e-16,1.103213214110313e-18,13.820970675882666,-2.337429845556215e-18,7.560373962168344,4.441935255867379e-19,79.60966064896338,70.86253025065533
19.360000000000227,1718.724428741847,212.4051158718095,-1.4460645190551111e-16,1.0992153956530708e-18,13.820085266447547,-2.34239573685539e-18,7.566754769302056,4.49419160660076e-19,79.59030477144184,70.86282655820452
19.37000000000023,1719.5152337291813,212.49156616406373,-1.4463453285578065e-16,1.0952846295106114e-18,13.819197568441997,-2.34726590333146e-18,7.573144695732139,4.545501672843176e-19,79.5709611644525,70.8631224521654
19.38000000000023,1720.3058576763292,212.57789472532357,-1.4466259811841505e-16,1.091420720300604e-18,13.818307587296909,-2.352040358350074e-18,7.5795437136479284,4.595867111772949e-19,79.55162984022499,70.86341793220151
19.39000000000023,1721.0963007044716,212.6641014604622,-1.4469064780284057e-16,1.0876234655370065e-18,13.817415328533144,-2.356719128077124e-18,7.585951795402282,4.6452896925594765e-19,79.53231081095048,70.86371299797828
19.400000000000233,1721.8865629348024,212.75018627488438,-1.4471868201617923e-16,1.0838926557268033e-18,13.816520797759035,-2.3613022513472115e-18,7.592368913508356,4.693771294987793e-19,79.51300408878171,70.86400764916294
19.410000000000235,1722.6766444885284,212.83614907452477,-1.447467008632598e-16,1.0802280744667229e-18,13.815624000667869,-2.3657897795317277e-18,7.598795040636427,4.741313908082273e-19,79.49370968583308,70.86430188542455
19.420000000000236,1723.4665454868693,212.9219897658463,-1.4477470444662862e-16,1.0766294985399276e-18,13.814724943035445,-2.370181776406599e-18,7.605230149610756,4.787919628729666e-19,79.47442761418048,70.86459570643399
19.430000000000238,1724.256266051058,213.0077082558385,-1.4480269286656095e-16,1.0730966980126573e-18,13.813823630717659,-2.3744783180197066e-18,7.611674213406521,4.83359066030165e-19,79.45515788586147,70.86488911186387
19.44000000000024,1725.04580630234,213.09330445201604,-1.448306662210722e-16,1.0696294363308148e-18,13.812920069648104,-2.378679492558004e-18,7.618127205146753,4.878329311277142e-19,79.43590051287508,70.86518210138875
19.45000000000024,1725.835166361974,213.17877826241698,-1.4485862460592964e-16,1.0662274704164825e-18,13.812014265835723,-2.3827854002143547e-18,7.624589098099342,4.922137993864536e-19,79.41665550718196,70.86547467468488
19.460000000000242,1726.624346351231,213.26412959560125,-1.44886568114664e-16,1.0628905507643523e-18,13.81110622536244,-2.386796153054112e-18,7.631059865674078,4.965019222624073e-19,79.39742288070428,70.8657668314303
19.470000000000244,1727.4133463913956,213.34935836064903,-1.449144968385815e-16,1.0596184215380616e-18,13.810195954380914,-2.390711874881467e-18,7.63753948141973,5.006975613090539e-19,79.37820264532583,70.8660585713049
19.480000000000246,1728.2021666037647,213.43446446715927,-1.449424108667759e-16,1.056410820666422e-18,13.809283459112242,-2.394532701105581e-18,7.644027919021176,5.0480098803964975e-19,79.3589948128919,70.8663498939903
19.490000000000247,1728.990807109648,213.51944782524802,-1.4497031028614084e-16,1.0532674799395186e-18,13.808368745843715,-2.3982587786065184e-18,7.650525152296571,5.088124837896219e-19,79.33979939520934,70.86664079916993
19.50000000000025,1729.7792680303678,213.60430834554697,-1.4499819518138217e-16,1.0501881251046872e-18,13.807451820926639,-2.401890265601022e-18,7.657031155194552,5.127323395790511e-19,79.32061640404662,70.86693128652897
19.51000000000025,1730.5675494872598,213.68904593920186,-1.4502606563503067e-16,1.047172475962335e-18,13.806532690774143,-2.4054273315081245e-18,7.6635459017914975,5.165608559752654e-19,79.30144585113369,70.86722135575435
19.520000000000252,1731.3556516016718,213.77366051787095,-1.4505392172745475e-16,1.0442202464616121e-18,13.805611361859063,-2.408870156814638e-18,7.6700693662888115,5.202983429555581e-19,79.28228774816213,70.8675110065348
19.530000000000253,1732.1435744949645,213.85815199372357,-1.4508176353687344e-16,1.0413311447959044e-18,13.804687840711772,-2.4122189329405215e-18,7.676601523010265,5.239451197700521e-19,79.26314210678507,70.8678002385608
19.540000000000255,1732.931318288511,213.94252027943847,-1.4510959113936939e-16,1.0385048734981543e-18,13.803762133918172,-2.415473862104178e-18,7.683142346399371,5.275015148047276e-19,79.24400893861718,70.86808905152454
19.550000000000257,1733.7188831036972,214.02676528820248,-1.4513740460890217e-16,1.0357411295359829e-18,13.802834248117595,-2.4186351571876615e-18,7.689691811016802,5.309678654446282e-19,79.22488825523482,70.86837744512
19.560000000000258,1734.5062690619213,214.11088693370894,-1.4516520401732164e-16,1.0330396044066094e-18,13.80190419000081,-2.4217030416018495e-18,7.696249891537841,5.343445179372685e-19,79.2057800681758,70.86866541904288
19.57000000000026,1735.2934762845946,214.19488513015614,-1.4519298943438146e-16,1.0303999842315558e-18,13.800971966308019,-2.4246777491515704e-18,7.7028165627498915,5.37631827256253e-19,79.18668438893963,70.86895297299063
19.58000000000026,1736.0805048931402,214.27875979224598,-1.4522076092775277e-16,1.0278219498511257e-18,13.80003758382691,-2.4275595239007365e-18,7.709391799550003,5.408301569651299e-19,79.16760122898738,70.86924010666239
19.590000000000263,1736.8673550089939,214.36251083518243,-1.4524851856303803e-16,1.0253051769186436e-18,13.799101049390726,-2.4303486200374664e-18,7.715975576942461,5.439398790814921e-19,79.14853059974178,70.86952681975907
19.600000000000264,1737.654026753604,214.4461381746701,-1.452762624037849e-16,1.0228493359944506e-18,13.79816236987638,-2.433045301739248e-18,7.722567870036397,5.469613739413442e-19,79.12947251258718,70.8698131119833
19.610000000000266,1738.4405202484313,214.52964172691273,-1.453039925115004e-16,1.0204540926396364e-18,13.79722155220257,-2.43564984303814e-18,7.729168654043447,5.498950300637512e-19,79.11042697886957,70.87009898303938
19.620000000000267,1739.2268356149486,214.61302140861181,-1.45331708945665e-16,1.0181191075095065e-18,13.796278603327952,-2.4381625276860323e-18,7.735777904275453,5.52741244015784e-19,79.0913940098966,70.87038443263337
19.63000000000027,1740.0129729746413,214.6962771369651,-1.4535941176374704e-16,1.0158440364467706e-18,13.795333530249358,-2.4405836490200022e-18,7.742395596142197,5.555004202777786e-19,79.07237361693761,70.87066946047302
19.64000000000027,1740.798932449007,214.77940882966527,-1.4538710102121716e-16,1.0136285305744367e-18,13.794386339999967,-2.4429135098277527e-18,7.749021705149169,5.581729711089247e-19,79.05336581122359,70.87095406626776
19.650000000000272,1741.5847141595552,214.86241640489837,-1.4541477677156287e-16,1.0114722363884137e-18,13.793437039647616,-2.445152422213182e-18,7.755656206895389,5.6075931641319735e-19,79.03437060394728,70.87123824972873
19.660000000000274,1742.3703182278077,214.94529978134253,-1.454424390663032e-16,1.009374795849799e-18,13.792485636293053,-2.447300707462077e-18,7.762299077071249,5.632598836056492e-19,79.01538800626314,70.8715220105688
19.670000000000275,1743.1557447752987,215.0280588781665,-1.4547008795500354e-16,1.0073358464768512e-18,13.791532137068256,-2.449358695907966e-18,7.76895029145641,5.656751074790763e-19,78.99641802928734,70.87180534850245
19.680000000000277,1743.9409939235743,215.11069361502823,-1.4549772348529051e-16,1.0053550214366323e-18,13.790576549134757,-2.4513267267981335e-18,7.775609825917724,5.680054300710732e-19,78.97746068409784,70.87208826324591
19.69000000000028,1744.7260657941927,215.19320391207353,-1.4552534570286705e-16,1.003431949636316e-18,13.78961887968206,-2.4532051481598316e-18,7.782277656407187,5.702513005314899e-19,78.95851598173437,70.87237075451704
19.70000000000028,1745.5109605087239,215.27558968993466,-1.455529546515274e-16,1.0015662558141474e-18,13.788659135925997,-2.4549943166666815e-18,7.788953758959953,5.724131749903091e-19,78.93958393319846,70.87265282203539
19.71000000000028,1746.29567818875,215.35785086972896,-1.4558055037317244e-16,9.997575606300469e-19,13.787697325107187,-2.4566945975053004e-18,7.795638109692367,5.744915164259515e-19,78.92066454945348,70.87293446552219
19.720000000000283,1747.080218955865,215.43998737305745,-1.4560813290782495e-16,9.980054807558513e-19,13.786733454489456,-2.4583063642421575e-18,7.802330684800029,5.764867945340297e-19,78.90175784142461,70.87321568470034
19.730000000000285,1747.8645829316747,215.52199912200354,-1.4563570229364503e-16,9.963096289651814e-19,13.785767531358367,-2.45982999869069e-18,7.80903146055591,5.7839948559655735e-19,78.88286381999895,70.87349647929435
19.740000000000286,1748.648770237797,215.60388603913157,-1.4566325856694556e-16,9.946696142229288e-19,13.7847995630197,-2.461265890778678e-18,7.815740413308491,5.802300723516339e-19,78.86398249602543,70.87377684903043
19.750000000000288,1749.432780995861,215.68564804748556,-1.4569080176220782e-16,9.930850417743518e-19,13.783829556798027,-2.462614438415906e-18,7.822457519479947,5.819790438636115e-19,78.84511388031493,70.87405679363641
19.76000000000029,1750.2166153275082,215.76728507058777,-1.4571833191209715e-16,9.915555132337733e-19,13.782857520035227,-2.4638760473621104e-18,7.82918275556435,5.836468953937614e-19,78.82625798364028,70.87433631284182
19.77000000000029,1751.000273354391,215.8487970324375,-1.4574584904747874e-16,9.900806266728757e-19,13.781883460089169,-2.4650511310952615e-18,7.835916098125924,5.852341282714509e-19,78.80741481673627,70.87461540637774
19.780000000000292,1751.7837551981743,215.93018385750958,-1.4577335319743337e-16,9.886599767085733e-19,13.78090738433222,-2.466140110680141e-18,7.842657523797332,5.867412497658427e-19,78.78858439029969,70.87489407397698
19.790000000000294,1752.5670609805338,216.0114454707532,-1.4580084438927337e-16,9.87293154590476e-19,13.779929300150012,-2.4671434146372984e-18,7.849407009277975,5.881687729581298e-19,78.76976671498933,70.8751723153739
19.800000000000296,1753.3501908231574,216.0925817975905,-1.4582832264855863e-16,9.859797482879088e-19,13.778949214940058,-2.4680614788123296e-18,7.856164531332358,5.895172166143184e-19,78.75096180142604,70.87545013030453
19.810000000000297,1754.1331448477438,216.1735927639153,-1.458557879991126e-16,9.847193425765068e-19,13.777967136110446,-2.4688947462455447e-18,7.862930066788466,5.907871050585676e-19,78.73216966019278,70.87572751850652
19.8200000000003,1754.9159231760036,216.25447829609178,-1.458832404630384e-16,9.835115191243557e-19,13.776983071078611,-2.4696436670420153e-18,7.86970359253617,5.91978968047102e-19,78.71339030183456,70.87600447971917
19.8300000000003,1755.6985259296584,216.33523832095315,-1.45910680060735e-16,9.823558565776893e-19,13.775997027270066,-2.4703086982420204e-18,7.876485085525683,5.930933406427053e-19,78.69462373685859,70.8762810136833
19.840000000000302,1756.4809532304416,216.4158727658004,-1.4593810681091354e-16,9.812519306461228e-19,13.775009012117197,-2.4708903036919053e-18,7.883274522766047,5.941307630898056e-19,78.6758699757342,70.87655712014143
19.850000000000303,1757.2632052000977,216.496381558401,-1.459655207306135e-16,9.8019931418742e-19,13.774019033058055,-2.4713889539153524e-18,7.89007188132362,5.950917806901669e-19,78.65712902889295,70.87683279883764
19.860000000000305,1758.0452819603822,216.57676462698757,-1.4599292183521915e-16,9.791975772917934e-19,13.773027097535213,-2.471805125985116e-18,7.896877138320639,5.95976943679193e-19,78.63840090672862,70.87710804951762
19.870000000000307,1758.8271836330618,216.65702190025667,-1.4602031013847598e-16,9.782462873657178e-19,13.772033212994584,-2.4721393033951776e-18,7.903690270933788,5.96786807102858e-19,78.61968561959725,70.87738287192866
19.880000000000308,1759.6089103399147,216.7371533073675,-1.4604768565250704e-16,9.773450092152682e-19,13.771037386884371,-2.472391975933392e-18,7.910511256392789,5.975219306952704e-19,78.60098317781721,70.87765726581965
19.89000000000031,1760.3904622027299,216.81715877794053,-1.4607504838782957e-16,9.764933051289546e-19,13.770039626653915,-2.472563639554587e-18,7.917340071979054,5.981828787568852e-19,78.58229359166917,70.87793123094107
19.90000000000031,1761.1718393433073,216.89703824205645,-1.461023983533715e-16,9.756907349600676e-19,13.769039939752648,-2.4726547962541644e-18,7.924176695024335,5.987702200333683e-19,78.56361687139616,70.8782047670449
19.910000000000313,1761.9530418834581,216.97679163025472,-1.4612973555648802e-16,9.749368562085153e-19,13.76803833362907,-2.472665953942202e-18,7.931021102909421,5.9928452759512755e-19,78.54495302720363,70.87847787388486
19.920000000000314,1762.7340699450042,217.0564188735324,-1.4615706000297825e-16,9.742312241021517e-19,13.767034815729685,-2.4725976263180518e-18,7.93787327306286,5.997263787175172e-19,78.52630206925949,70.87875055121611
19.930000000000316,1763.5149236497784,217.13591990334288,-1.4618437169710195e-16,9.735733916775883e-19,13.766029393498059,-2.4724503327454875e-18,7.944733182959709,6.000963547617269e-19,78.50766400769407,70.87902279879543
19.940000000000317,1764.2956031196243,217.21529465159463,-1.4621167064159611e-16,9.729629098604858e-19,13.765022074373796,-2.4722245981283607e-18,7.951600810120312,6.003950410563624e-19,78.48903885260025,70.87929461638116
19.95000000000032,1765.0761084763963,217.29454305065,-1.4623895683769184e-16,9.723993275453175e-19,13.764012865791639,-2.4719209527868243e-18,7.95847613210911,6.006230267797277e-19,78.47042661403341,70.8795660037332
19.96000000000032,1765.8564398419592,217.3736650333239,-1.4626623028513099e-16,9.718821916745995e-19,13.7630017751805,-2.4715399323340993e-18,7.9653591265334684,6.007809048428174e-19,78.45182730201157,70.87983696061303
19.970000000000322,1766.636597338189,217.45266053288273,-1.4629349098218305e-16,9.714110473175859e-19,13.76198880996258,-2.4710820775538156e-18,7.9722497710425495,6.008692717730275e-19,78.43324092651534,70.88010748678364
19.980000000000324,1767.416581086972,217.53152948304296,-1.4632073892566191e-16,9.709854377484193e-19,13.760973977552485,-2.4705479342779347e-18,7.979148043326189,6.008887275985928e-19,78.41466749748801,70.88037758200963
19.990000000000325,1768.196391210205,217.61027181797004,-1.4634797411094279e-16,9.70604904523733e-19,13.75995728535636,-2.4699380532652497e-18,7.986053921113823,6.008398757337594e-19,78.39610702483553,70.88064724605708
20.000000000000327,1768.9760278297954,217.68888747227717,-1.4637519653197895e-16,9.70268987559702e-19,13.758938740771056,-2.469252990080502e-18,7.992967382173419,6.007233228646986e-19,78.37755951842661,70.88091647869365
20.01000000000033,1769.7554910676608,217.767376381024,-1.464024061813187e-16,9.699772252085374e-19,13.757918351183319,-2.4684933049740874e-18,7.999888404310449,6.00539678836172e-19,78.35902498809274,70.88118527968852
20.02000000000033,1770.5347810457297,217.84573847971555,-1.4642960305012225e-16,9.697291543344173e-19,13.756896123968982,-2.467659562762401e-18,8.006816965366884,6.002895565389542e-19,78.34050344362824,70.88145364881244
20.03000000000033,1771.3138978859404,217.9239737043009,-1.4645678712817863e-16,9.695243103888506e-19,13.755872066492199,-2.4667523327087926e-18,8.013753043220204,5.999735717980194e-19,78.32199489479025,70.88172158583765
20.040000000000333,1772.0928417102418,218.00208199117202,-1.4648395840392255e-16,9.693622274854743e-19,13.754846186104697,-2.4657721884051763e-18,8.020696615782446,5.995923432615012e-19,78.30349935129884,70.88198909053791
20.050000000000335,1772.8716126405927,218.08006327716262,-1.465111168644514e-16,9.6924243847427e-19,13.753818490145036,-2.4647197076542745e-18,8.027647660999275,5.991464922904294e-19,78.28501682283701,70.88225616268853
20.060000000000336,1773.6502107989625,218.15791749954695,-1.4653826249554215e-16,9.691644750152076e-19,13.752788985937883,-2.463595472352524e-18,8.034606156849065,5.9863664284925465e-19,78.26654731905073,70.88252280206635
20.070000000000338,1774.4286363073304,218.23564459603855,-1.465653952816682e-16,9.691278676513025e-19,13.751757680793355,-2.4624000683736505e-18,8.041572081342016,5.98063421397163e-19,78.248090849549,70.88278900844966
20.08000000000034,1775.2068892876857,218.31324450478914,-1.465925152060165e-16,9.691321458810862e-19,13.750724582006317,-2.4611340854529064e-18,8.048545412519301,5.974274567801891e-19,78.22964742390391,70.88305478161831
20.09000000000034,1775.9849698620278,218.39071716438735,-1.4661962225050427e-16,9.691768382304886e-19,13.749689696855734,-2.4597981170720024e-18,8.055526128452213,5.967293801241347e-19,78.21121705165065,70.88332012135366
20.100000000000342,1776.762878152366,218.4680625138577,-1.4664671639579612e-16,9.69261472324125e-19,13.748653032604047,-2.4583927603447217e-18,8.062514207241362,5.9596982472829655e-19,78.1927997422875,70.88358502743854
20.110000000000344,1777.5406142807194,218.54528049265923,-1.4667379762132077e-16,9.693855749559862e-19,13.747614596496545,-2.456918615903235e-18,8.069509627015874,5.951494259600104e-19,78.17439550527604,70.8838494996573
20.120000000000346,1778.318178369117,218.62237104068456,-1.4670086590528819e-16,9.695486721595282e-19,13.746574395760772,-2.4553762877851197e-18,8.076512365932615,5.942688211500173e-19,78.15600435004097,70.88411353779577
20.130000000000347,1779.095570539598,218.69933409825848,-1.467279212247063e-16,9.69750289277156e-19,13.745532437605952,-2.4537663833210975e-18,8.083522402175447,5.933286494886555e-19,78.13762628597041,70.88437714164127
20.14000000000035,1779.8727909142103,218.77616960613696,-1.46754963555398e-16,9.699899510291067e-19,13.744488729222423,-2.4520895130234915e-18,8.090539713954497,5.923295519228868e-19,78.1192613224157,70.8846403109826
20.15000000000035,1780.6498396150128,218.85287750550597,-1.46781992872018e-16,9.702671815817125e-19,13.743443277781095,-2.450346290475404e-18,8.097564279505445,5.912721710541577e-19,78.10090946869157,70.88490304561007
20.160000000000352,1781.4267167640728,218.9294577379803,-1.4680900914806966e-16,9.705815046150628e-19,13.742396090432928,-2.448537332220644e-18,8.104596077088841,5.901571510371047e-19,78.08257073407619,70.88516534531546
20.170000000000353,1782.203422483468,219.0059102456024,-1.4683601235592184e-16,9.7093244339004e-19,13.741347174308425,-2.446663257654388e-18,8.111635084989436,5.889851374791047e-19,78.06424512781118,70.88542720989197
20.180000000000355,1782.9799568952853,219.08223497084126,-1.468630024668258e-16,9.713195208147474e-19,13.74029653651714,-2.444724688914592e-18,8.118681281515526,5.877567773406782e-19,78.04593265910167,70.88568863913434
20.190000000000357,1783.756320121621,219.15843185659125,-1.4688997945093187e-16,9.717422595103075e-19,13.739244184147202,-2.4427222507741584e-18,8.125734644998339,5.864727188367475e-19,78.02763333711633,70.88594963283876
20.200000000000358,1784.532512284581,219.23450084617102,-1.4691694327730632e-16,9.722001818760432e-19,13.738190124264847,-2.4406565705338682e-18,8.13279515379141,5.851336113387542e-19,78.00934717098747,70.88621019080283
20.21000000000036,1785.3085335062801,219.3104418833223,-1.4694389391394812e-16,9.726928101540316e-19,13.737134363913995,-2.438528277916079e-18,8.139862786270005,5.837401052776417e-19,77.99107416981099,70.8864703128257
20.22000000000036,1786.0843839088432,219.38625491220884,-1.4697083132780557e-16,9.732196664930326e-19,13.73607691011582,-2.4363380049591978e-18,8.146937520830535,5.822928520477047e-19,77.97281434264649,70.88672999870786
20.230000000000363,1786.8600636144038,219.46193987741523,-1.4699775548479312e-16,9.737802730117867e-19,13.735017769868339,-2.4340863859129407e-18,8.154019335890023,5.807925039113105e-19,77.95456769851732,70.88698924825138
20.240000000000364,1787.6355727451046,219.5374967239458,-1.470246663498079e-16,9.743741518616788e-19,13.733956950146,-2.4317740571343604e-18,8.16110820988554,5.792397139044933e-19,77.93633424641064,70.88724806125967
20.250000000000366,1788.4109114230978,219.61292539722345,-1.4705156388674646e-16,9.750008252887747e-19,13.732894457899341,-2.4294016569846906e-18,8.168204121273716,5.776351357434307e-19,77.9181139952774,70.88750643753764
20.260000000000367,1789.1860797705444,219.68822584308862,-1.4707844805852124e-16,9.756598156952197e-19,13.731830300054584,-2.426969825726966e-18,8.175307048530215,5.759794237317971e-19,77.89990695403243,70.8877643768916
20.27000000000037,1789.9610779096145,219.76339800779814,-1.4710531882707727e-16,9.763506456999991e-19,13.730764483513315,-2.424479205424453e-18,8.182416970149273,5.742732326690043e-19,77.88171313155453,70.88802187912937
20.28000000000037,1790.735905962487,219.83844183802407,-1.471321761534086e-16,9.770728381990638e-19,13.729697015152135,-2.4219304398398903e-18,8.189533864643217,5.725172177593292e-19,77.8635325366864,70.88827894406009
20.290000000000372,1791.5105640513502,219.91335728085264,-1.4715901999757473e-16,9.778259164248181e-19,13.728627901822346,-2.419324174335535e-18,8.196657710542018,5.707120345219303e-19,77.84536517823483,70.88853557149442
20.300000000000374,1792.2850522984006,219.98814428378316,-1.4718585031871717e-16,9.786094040049604e-19,13.727557150349654,-2.41666105577403e-18,8.203788486392858,5.688583387017577e-19,77.82721106497063,70.8887917612444
20.310000000000375,1793.0593708258439,220.06280279472682,-1.472126670750757e-16,9.794228250206885e-19,13.72648476753384,-2.413941732420087e-18,8.210926170759713,5.669567861813579e-19,77.80907020562874,70.88904751312351
20.320000000000377,1793.8335197558945,220.13733276200574,-1.4723947022400477e-16,9.802657040642598e-19,13.725410760148533,-2.4111668538430018e-18,8.218070742222942,5.650080328935757e-19,77.79094260890827,70.88930282694668
20.33000000000038,1794.6074992107754,220.21173413435176,-1.4726625972198982e-16,9.811375662959068e-19,13.724335134940887,-2.4083370708199895e-18,8.225222179378909,5.630127347351555e-19,77.77282828347252,70.88955770253013
20.34000000000038,1795.3813093127185,220.2860068609054,-1.4729303552466347e-16,9.820379375001091e-19,13.723257898631376,-2.4054530352403644e-18,8.2323804608396,5.609715474812433e-19,77.75472723794913,70.88981213969164
20.35000000000038,1796.1549501839638,220.3601508912147,-1.4731979758682177e-16,9.829663441412214e-19,13.722179057913523,-2.4025154000105497e-18,8.239545565232277,5.588851267007942e-19,77.7366394809299,70.89006613825029
20.360000000000383,1796.9284219467604,220.4341661752342,-1.4734654586244025e-16,9.839223134184508e-19,13.721098619453704,-2.3995248189599293e-18,8.24671747119912,5.567541276728803e-19,77.71856502097111,70.89031969802662
20.370000000000385,1797.7017247233655,220.5080526633239,-1.4737328030469017e-16,9.849053733201925e-19,13.720016589890891,-2.396481946747544e-18,8.253896157396905,5.545792053039085e-19,77.70050386659342,70.89057281884256
20.380000000000386,1798.474858636045,220.58181030624806,-1.4740000086595435e-16,9.859150526777141e-19,13.718932975836488,-2.393387438769637e-18,8.261081602496684,5.523610140457455e-19,77.68245602628191,70.8908255005214
20.390000000000388,1799.2478238070728,220.6554390551742,-1.4742670749784332e-16,9.869508812181958e-19,13.7178477838741,-2.3902419510680498e-18,8.268273785183485,5.501002078147492e-19,77.66442150848621,70.89107774288786
20.40000000000039,1800.0206203587315,220.72893886167202,-1.4745340015121112e-16,9.880123896171201e-19,13.716761020559387,-2.3870461402394693e-18,8.275472684156018,5.477974399117131e-19,77.64640032162046,70.891329545768
20.41000000000039,1800.7932484133116,220.80230967771226,-1.4748007877617124e-16,9.890991095500128e-19,13.715672692419894,-2.3838006633455412e-18,8.282678278126403,5.454533629427199e-19,77.62839247406342,70.89158090898935
20.420000000000393,1801.565708093112,220.87555145566571,-1.4750674332211238e-16,9.902105737435408e-19,13.714582805954864,-2.3805061778238273e-18,8.289890545819901,5.430686287409062e-19,77.61039797415847,70.89183183238073
20.430000000000394,1802.3379995204402,220.94866414830213,-1.4753339373771417e-16,9.913463160259537e-19,13.713491367635122,-2.3771633413996395e-18,8.297109465974662,5.406438882891419e-19,77.59241683021378,70.89208231577241
20.440000000000396,1803.1101228176108,221.02164770878915,-1.4756002997096284e-16,9.925058713768835e-19,13.712398383902933,-2.373772811998737e-18,8.304335017341488,5.381797916436201e-19,77.57444905050215,70.89233235899594
20.450000000000397,1803.8820781069473,221.09450209069124,-1.475866519691669e-16,9.936887759764942e-19,13.711303861171855,-2.3703352476608766e-18,8.311567178683605,5.356769878583616e-19,77.55649464326125,70.89258196188432
20.4600000000004,1804.6538655107809,221.16722724796864,-1.4761325967897254e-16,9.94894567253982e-19,13.710207805826656,-2.366851306454252e-18,8.31880592877644,5.331361249106332e-19,77.53855361669356,70.89283112427192
20.4700000000004,1805.4254851514506,221.23982313497632,-1.4763985304637923e-16,9.961227839354306e-19,13.709110224223199,-2.3633216463907928e-18,8.32605124640742,5.305578496272783e-19,77.5206259789665,70.89307984599442
20.480000000000402,1806.1969371513035,221.31228970646285,-1.4766643201675507e-16,9.97372966091016e-19,13.708011122688324,-2.359746925342335e-18,8.333303110375788,5.279428076119635e-19,77.5027117382124,70.89332812688887
20.490000000000403,1806.9682216326944,221.38462691756948,-1.4769299653485207e-16,9.986446551815706e-19,13.706910507519808,-2.3561278009576774e-18,8.340561499492395,5.252916431733368e-19,77.48481090252857,70.89357596679372
20.500000000000405,1807.7393387179861,221.45683472382896,-1.477195465448215e-16,9.999373941044905e-19,13.70580838498624,-2.3524649305804993e-18,8.347826392579547,5.226049992541006e-19,77.46692347997741,70.89382336554871
20.510000000000407,1808.510288529549,221.52891308116463,-1.47746081990229e-16,1.0012507272390113e-18,13.704704761327003,-2.348758971168176e-18,8.355097768470847,5.19883517360997e-19,77.44904947858637,70.89407032299496
20.520000000000408,1809.281071189761,221.60086194588922,-1.4777260281406977e-16,1.0025842004908268e-18,13.703599642752167,-2.3450105792114484e-18,8.362375606011012,5.171278374957067e-19,77.43118890634807,70.89431683897496
20.53000000000041,1810.051686821008,221.67268127470396,-1.477991089587835e-16,1.0039373613360713e-18,13.702493035442483,-2.341220410654998e-18,8.36965988405577,5.143385980866584e-19,77.4133417712203,70.8945629133325
20.54000000000041,1810.822135545683,221.74437102469744,-1.4782560036626938e-16,1.0053097588646553e-18,13.701384945549327,-2.33738912081889e-18,8.376950581471693,5.115164359217513e-19,77.39550808112612,70.89480854591271
20.550000000000413,1811.592417486187,221.81593115334462,-1.4785207697790104e-16,1.006700943822961e-18,13.700275379194649,-2.3335173643208954e-18,8.384247677136099,5.086619860819868e-19,77.37768784395385,70.89505373656206
20.560000000000414,1812.3625327649283,221.8873616185058,-1.4787853873454125e-16,1.0081104686558965e-18,13.699164342471011,-2.3296057949997158e-18,8.391551149936916,5.057758818760102e-19,77.35988106755718,70.8952984851284
20.570000000000416,1813.1324815043224,221.95866237842552,-1.479049855765567e-16,1.0095378875483079e-18,13.69805184144148,-2.3256550658390625e-18,8.398860978772593,5.028587547755613e-19,77.34208775975513,70.89554279146078
20.580000000000418,1813.9022638267923,222.0298333917317,-1.4793141744383265e-16,1.010982756465756e-18,13.696937882139704,-2.3216658288926505e-18,8.406177142551995,4.999112343518312e-19,77.32430792833225,70.89578665540974
20.59000000000042,1814.6718798547683,222.1008746174344,-1.4795783427578742e-16,1.0124446331946546e-18,13.695822470569865,-2.3176387352100574e-18,8.413499620194312,4.969339482127266e-19,77.30654158103849,70.896030076827
20.60000000000042,1815.441329710688,222.17178601492503,-1.4798423601138692e-16,1.0139230773817709e-18,13.694705612706722,-2.3135744347634764e-18,8.420828390628989,4.939275219410374e-19,77.28878872558938,70.8962730555657
20.610000000000422,1816.2106135169963,222.24256754397507,-1.4801062258915908e-16,1.0154176505730941e-18,13.693587314495595,-2.309473576375351e-18,8.428163432795643,4.908925790335084e-19,77.27104936966603,70.8965155914802
20.620000000000424,1816.9797313961449,222.31321916473524,-1.4803699394720809e-16,1.0169279162520663e-18,13.692467581852382,-2.3053368076468956e-18,8.435504725644003,4.878297408408123e-19,77.25332352091519,70.89675768442625
20.630000000000425,1817.748683470593,222.38374083773448,-1.480633500232286e-16,1.0184534398771887e-18,13.69134642066364,-2.3011647748875096e-18,8.442852248133857,4.847396265084218e-19,77.23561118694927,70.89699933426085
20.640000000000427,1818.5174698628066,222.45413252387885,-1.4808969075451993e-16,1.019993788918992e-18,13.690223836786574,-2.296958123045061e-18,8.45020597923499,4.816228529183805e-19,77.21791237534644,70.89724054084235
20.65000000000043,1819.2860906952587,222.52439418445059,-1.4811601607800008e-16,1.0215485328963787e-18,13.68909983604908,-2.2927174956370658e-18,8.457565897927159,4.784800346319707e-19,77.20022709365064,70.89748130403034
20.66000000000043,1820.0545460904295,222.59452578110702,-1.4814232593021965e-16,1.0231172434123441e-18,13.68797442424983,-2.28844353468276e-18,8.464931983200044,4.753117838332728e-19,77.18255534937164,70.8977216236858
20.67000000000043,1820.8228361708059,222.6645272758797,-1.4816862024737579e-16,1.0246994941890671e-18,13.68684760715831,-2.2841368806360356e-18,8.472304214053228,4.721187102736185e-19,77.16489714998512,70.89796149967087
20.680000000000433,1821.5909610588815,222.73439863117326,-1.481948989653259e-16,1.026294861102378e-18,13.685719390514844,-2.2797981723192682e-18,8.479682569496173,4.689014212169346e-19,77.14725250293262,70.89820093184908
20.690000000000435,1822.3589208771568,222.8041398097645,-1.4822116201960132e-16,1.0279029222156113e-18,13.684589780030738,-2.27542804685804e-18,8.487067028548195,4.656605213859711e-19,77.12962141562173,70.89843992008525
20.700000000000436,1823.1267157481393,222.87375077480135,-1.4824740934542099e-16,1.0295232578128347e-18,13.683458781388298,-2.2710271396167303e-18,8.49445757023848,4.623966129094176e-19,77.112003895426,70.89867846424544
20.710000000000438,1823.8943457943426,222.9432314898019,-1.4827364087770486e-16,1.0311554504314585e-18,13.682326400240909,-2.266596084134982e-18,8.501854173606048,4.591102952698997e-19,77.09439994968511,70.89891656419697
20.72000000000044,1824.6618111382875,223.01258191865335,-1.482998565510874e-16,1.0327990848942408e-18,13.681192642213158,-2.2621355120650687e-18,8.509256817699782,4.558021652528576e-19,77.07680958570484,70.89915421980848
20.73000000000044,1825.429111902501,223.08180202561118,-1.4832605629993076e-16,1.0344537483406685e-18,13.680057512900897,-2.2576460531101206e-18,8.516665481578428,4.524728168962998e-19,77.05923281075715,70.8993914309499
20.740000000000443,1826.1962482095169,223.15089177529794,-1.4835224005833816e-16,1.0361190302577332e-18,13.678921017871318,-2.253128334963237e-18,8.52408014431061,4.491228414414325e-19,77.0416696320802,70.89962819749236
20.750000000000444,1826.9632201818752,223.2198511327024,-1.483784077601669e-16,1.0377945225101026e-18,13.677783162663104,-2.2485829832474736e-18,8.531500784974835,4.457528272841607e-19,77.02412005687843,70.89986451930831
20.760000000000446,1827.7300279421224,223.28868006317856,-1.4840455933904138e-16,1.039479819369681e-18,13.676643952786513,-2.244010621456704e-18,8.538927382659546,4.423633599274565e-19,77.00658409232261,70.90010039627144
20.770000000000447,1828.4966716128117,223.35737853244467,-1.484306947283661e-16,1.0411745175445666e-18,13.675503393723453,-2.2394118708973486e-18,8.546359916463128,4.389550219345954e-19,76.98906174554986,70.90033582825671
20.78000000000045,1829.2631513165022,223.4259465065822,-1.4845681386133845e-16,1.0428782162074131e-18,13.674361490927653,-2.2347873506309877e-18,8.553798365493952,4.355283928832531e-19,76.97155302366372,70.90057081514034
20.79000000000045,1830.0294671757595,223.49438395203487,-1.4848291667096141e-16,1.0445905170231881e-18,13.673218249824744,-2.230137677417827e-18,8.561242708870415,4.3208404932046217e-19,76.95405793373416,70.90080535679978
20.800000000000452,1830.7956193131552,223.56269083560778,-1.485090030900562e-16,1.0463110241763394e-18,13.672073675812396,-2.225463465661046e-18,8.568692925720985,4.286225647184253e-19,76.9365764827977,70.90103945311375
20.810000000000453,1831.5616078512674,223.63086712446633,-1.4853507305127483e-16,1.0480393443973645e-18,13.670927774260436,-2.220765327352e-18,8.576148995184235,4.2514450943118066e-19,76.9191086778574,70.90127310396221
20.820000000000455,1832.32743291268,223.69891278613528,-1.485611264871125e-16,1.0497750869887962e-18,13.669780550511001,-2.2160438720162954e-18,8.583610896408917,4.2165045065211653e-19,76.9016545258829,70.90150630922638
20.830000000000457,1833.0930946199833,223.7668277884978,-1.4858716332991996e-16,1.0515178638505921e-18,13.66863200987864,-2.211299706660714e-18,8.591078608554,4.18140952372332e-19,76.88421403381054,70.90173906878866
20.840000000000458,1833.8585930957731,223.8346120997945,-1.4861318351191575e-16,1.0532672895049483e-18,13.667482157650495,-2.2065334357210127e-18,8.598552110788745,4.1461657533983954e-19,76.8667872085433,70.90197138253275
20.85000000000046,1834.6239284626517,223.90226568862244,-1.4863918696519822e-16,1.055022981120523e-18,13.66633099908638,-2.201745661010559e-18,8.606031382292757,4.110778770196061e-19,76.84937405695095,70.90220325034358
20.86000000000046,1835.389100843227,223.96978852393423,-1.486651736217577e-16,1.0567845585360887e-18,13.665178539419015,-2.1969369816698472e-18,8.61351640225606,4.0752541155442906e-19,76.83197458587003,70.90243467210725
20.870000000000463,1836.1541103601126,224.037180575037,-1.4869114341348835e-16,1.0585516442836024e-18,13.664024783854094,-2.1921079941168356e-18,8.62100714987917,4.039597297266433e-19,76.81458880210393,70.90266564771116
20.880000000000464,1836.9189571359284,224.10444181159156,-1.4871709627219996e-16,1.0603238636107037e-18,13.662869737570473,-2.1872592919981578e-18,8.628503604373151,4.0038137892065454e-19,76.79721671242291,70.90289617704387
20.890000000000466,1837.6836412932996,224.1715722036113,-1.4874303212962966e-16,1.0621008445026477e-18,13.661713405720334,-2.1823914661411693e-18,8.636005744959727,3.967909030862972e-19,76.77985832356418,70.90312625999523
20.900000000000468,1838.4481629548575,224.23857172146134,-1.4876895091745358e-16,1.0638822177036642e-18,13.660555793429332,-2.1775051045068383e-18,8.64351355087133,3.931888427030104e-19,76.76251364223192,70.90335589645623
20.91000000000047,1839.2125222432387,224.30544033585758,-1.4879485256729833e-16,1.0656676167377554e-18,13.65939690579675,-2.172600792143477e-18,8.651027001351197,3.8957573474482878e-19,76.74518267509737,70.90358508631914
20.92000000000047,1839.9767192810857,224.3721780178657,-1.4882073701075237e-16,1.0674566779289345e-18,13.658236747895666,-2.1676791111413132e-18,8.658546075653465,3.859521126461855e-19,76.72786542879876,70.90381382947739
20.930000000000472,1840.7407541910463,224.4387847389003,-1.4884660417937735e-16,1.0692490404209056e-18,13.657075324773142,-2.162740640587897e-18,8.666070753043249,3.8231850626852097e-19,76.71056190994149,70.90404212582563
20.940000000000474,1841.504627095774,224.5052604707238,-1.4887245400471924e-16,1.0710443461961881e-18,13.655912641450366,-2.157785956524333e-18,8.673601012796734,3.7867544186769385e-19,76.69327212509815,70.90426997525972
20.950000000000475,1842.2683381179274,224.57160518544578,-1.4889828641831947e-16,1.0728422400946894e-18,13.654748702922825,-2.1528156319023485e-18,8.681136834201272,3.750234420621916e-19,76.6759960808085,70.90449737767676
20.960000000000477,1843.031887380171,224.63781885552174,-1.4892410135172587e-16,1.0746423698317333e-18,13.653583514160502,-2.147830236542186e-18,8.688678196555484,3.7136302580213333e-19,76.65873378357955,70.904724332975
20.97000000000048,1843.795275005174,224.70390145375237,-1.4894989873650355e-16,1.0764443860155393e-18,13.652417080108028,-2.142830337091309e-18,8.69622507916935,3.6769470833906247e-19,76.64148523988565,70.90495084105386
20.98000000000048,1844.5585011156118,224.76985295328254,-1.4897567850424567e-16,1.0782479421641641e-18,13.651249405684872,-2.1378164969839397e-18,8.703777461364318,3.6401900119652487e-19,76.62425045616847,70.905176901814
20.99000000000048,1845.3215658341642,224.83567332760035,-1.4900144058658402e-16,1.0800526947219043e-18,13.650080495785524,-2.1327892764014005e-18,8.711335322473397,3.6033641214142645e-19,76.60702943883707,70.90540251515726
21.000000000000483,1846.0844692835167,224.9013625505363,-1.4902718491519971e-16,1.0818583030751635e-18,13.648910355279668,-2.1277492322332775e-18,8.718898641841276,3.56647445156167e-19,76.58982219426797,70.90562768098667
21.010000000000485,1846.8472115863597,224.96692059626227,-1.4905291142183347e-16,1.0836644295677887e-18,13.647738989012375,-2.122696918039376e-18,8.726467398824417,3.5295260041154482e-19,76.57262872880513,70.90585239920641
21.020000000000486,1847.6097928653887,225.03234743929065,-1.4907862003829607e-16,1.0854707395158837e-18,13.646566401804284,-2.1176328840125037e-18,8.734041572791174,3.4925237424042776e-19,76.55544904876007,70.90607666972187
21.030000000000488,1848.3722132433045,225.09764305447337,-1.4910431069647845e-16,1.0872769012220902e-18,13.645392598451778,-2.112557676942029e-18,8.741621143121892,3.4554725911218606e-19,76.53828316041188,70.90630049243958
21.04000000000049,1849.1344728428126,225.16280741700103,-1.491299833283619e-16,1.0890825859893576e-18,13.64421758372721,-2.10747184017826e-18,8.749206089209036,3.418377436078818e-19,76.52113107000726,70.90652386726731
21.05000000000049,1849.8965717866233,225.22784050240202,-1.4915563786602812e-16,1.0908874681341883e-18,13.643041362379043,-2.102375913597594e-18,8.756796390457277,3.3812431239621e-19,76.50399278376057,70.90674679411396
21.060000000000493,1850.6585101974522,225.2927422865415,-1.4918127424166896e-16,1.0926912249993765e-18,13.641863939132078,-2.097270433568477e-18,8.764392026283634,3.3440744621018766e-19,76.48686830785387,70.90696927288951
21.070000000000494,1851.4202881980195,225.3575127456206,-1.4920689238759632e-16,1.0944935369662325e-18,13.640685318687636,-2.0921559329181323e-18,8.771992976117575,3.3068762182458408e-19,76.46975764843698,70.9071913035053
21.080000000000496,1852.1819059110503,225.4221518561754,-1.492324922362518e-16,1.0962940874663046e-18,13.639505505723747,-2.0870329409000785e-18,8.779599219401131,3.2696531203408847e-19,76.45266081162751,70.90741288587364
21.090000000000497,1852.9433634592745,225.4866595950761,-1.492580737202163e-16,1.0980925629925976e-18,13.638324504895358,-2.0819019831624244e-18,8.787210735589023,3.232409856322099e-19,76.43557780351091,70.9076340199081
21.1000000000005,1853.7046609654262,225.55103593952617,-1.4928363677221938e-16,1.0998886531102926e-18,13.63714232083452,-2.0767635817169322e-18,8.794827504148774,3.195151073909043e-19,76.41850863014051,70.90785470552338
21.1100000000005,1854.4657985522447,225.61528086706133,-1.4930918132514872e-16,1.1016820504669708e-18,13.635958958150564,-2.071618254908851e-18,8.802449504560828,3.1578813804092315e-19,76.40145329753754,70.90807494263531
21.120000000000502,1855.2267763424734,225.6793943555487,-1.4933470731205928e-16,1.1034724508023533e-18,13.634774421430352,-2.0664665173875204e-18,8.810076716318676,3.1206053425287884e-19,76.38441181169125,70.90829473116091
21.130000000000503,1855.9875944588607,225.74337638318593,-1.493602146661825e-16,1.1052595529575437e-18,13.633588715238416,-2.0613088800777267e-18,8.817709118928963,3.0833274861902236e-19,76.36738417855885,70.9085140710183
21.140000000000505,1856.7482530241593,225.80722692850026,-1.4938570332093526e-16,1.1070430588837964e-18,13.632401844117203,-2.0561458501518166e-18,8.825346691911633,3.046052296357263e-19,76.35037040406561,70.90873296212678
21.150000000000507,1857.5087521611263,225.87094597034766,-1.494111732099288e-16,1.1088226736508003e-18,13.631213812587248,-2.050977931002567e-18,8.832989414800021,3.0087842168666985e-19,76.33337049410493,70.90895140440675
21.160000000000508,1858.2690919925228,225.93453348791195,-1.4943662426697754e-16,1.1105981054544897e-18,13.630024625147382,-2.045805622216794e-18,8.840637267141,2.9715276502671903e-19,76.31638445453831,70.9091693977798
21.17000000000051,1859.0292726411149,225.99798946070388,-1.494620564261078e-16,1.1123690656243824e-18,13.628834286274946,-2.040629419549713e-18,8.848290228495094,2.9342869576649786e-19,76.29941229119544,70.9093869421686
21.18000000000051,1859.7892942296726,226.06131386856023,-1.494874696215663e-16,1.1141352686304498e-18,13.627642800425958,-2.0354498149000277e-18,8.855948278436596,2.897066458576442e-19,76.28245400987427,70.90960403749698
21.190000000000513,1860.54915688097,226.12450669164303,-1.4951286378782868e-16,1.1158964320895257e-18,13.626450172035353,-2.03026729628576e-18,8.863611396553699,2.8598704307874604e-19,76.26550961634098,70.90982068368987
21.200000000000514,1861.3088607177856,226.18756791043853,-1.495382388596079e-16,1.1176522767712535e-18,13.625256405517165,-2.025082347820806e-18,8.871279562448615,2.8227031102195126e-19,76.24857911633005,70.91003688067335
21.210000000000516,1862.068405862902,226.25049750575644,-1.4956359477186241e-16,1.1194025266035738e-18,13.624061505264718,-2.0198954496922075e-18,8.878952755737705,2.7855686908024666e-19,76.23166251554436,70.91025262837464
21.220000000000518,1862.8277924391057,226.31329545872904,-1.4958893145980439e-16,1.1211469086777716e-18,13.622865475650864,-2.0147070781381647e-18,8.886630956051587,2.7484713243540113e-19,76.2147598196551,70.91046792672198
21.23000000000052,1863.5870205691874,226.37596175081023,-1.4961424885890765e-16,1.1228851532530606e-18,13.621668321028148,-2.0095177054267332e-18,8.894314143035276,2.7114151204656484e-19,76.197871034302,70.91068277564486
21.24000000000052,1864.3460903759417,226.4384963637747,-1.496395469049157e-16,1.1246169937607369e-18,13.620470045729023,-2.0043277998352594e-18,8.902002296348302,2.6744041463952324e-19,76.18099616509316,70.9108971750738
21.250000000000522,1865.1050019821669,226.50089927971715,-1.4966482553384948e-16,1.1263421668078834e-18,13.619270654066057,-1.9991378256304986e-18,8.909695395664828,2.637442426965957e-19,76.16413521760528,70.91111112494042
21.260000000000524,1865.8637555106654,226.56317048105123,-1.4969008468201508e-16,1.128060412180646e-18,13.618070150332132,-1.9939482430494473e-18,8.91739342067378,2.6005339444717685e-19,76.14728819738355,70.9113246251775
21.270000000000525,1866.6223510842435,226.6253099505089,-1.4971532428601136e-16,1.129771472847072e-18,13.616868538800658,-1.988759508280867e-18,8.925096351078961,2.563682638589128e-19,76.13045510994179,70.91153767571889
21.280000000000527,1867.3807888257109,226.68731767113937,-1.4974054428273739e-16,1.1314750949595226e-18,13.615665823725719,-1.9835720734474845e-18,8.932804166599187,2.5268924062950766e-19,76.11363596076247,70.91175027649953
21.29000000000053,1868.1390688578813,226.74919362630837,-1.497657446093999e-16,1.133171027856666e-18,13.614462009342365,-1.9783863865889088e-18,8.940516846968395,2.4901671017915444e-19,76.09683075529672,70.91196242745549
21.30000000000053,1868.8971913035718,226.81093779969726,-1.497909252035205e-16,1.1348590240650459e-18,13.613257099866743,-1.9732028916451885e-18,8.948234371935767,2.4535105364358483e-19,76.0800394989644,70.91217412852392
21.31000000000053,1869.6551562856034,226.87255017530214,-1.4981608600294284e-16,1.1365388393002355e-18,13.61205109949632,-1.9680220284410767e-18,8.955956721265865,2.416926478677317e-19,76.06326219715412,70.91238537964301
21.320000000000533,1870.4129639268003,226.934030737433,-1.4984122694583972e-16,1.138210232467582e-18,13.610844012410073,-1.9628442326709477e-18,8.96368387473873,2.3804186539999884e-19,76.04649885522329,70.91259618075215
21.330000000000535,1871.1706143499905,226.99537947071295,-1.4986634797071996e-16,1.1398729656625452e-18,13.60963584276872,-1.957669935884383e-18,8.97141581215002,2.343990744871332e-19,76.02974947849816,70.91280653179172
21.340000000000536,1871.928107678005,227.05659636007724,-1.4989144901643532e-16,1.1415268041706266e-18,13.608426594714869,-1.952499565472422e-18,8.979152513311119,2.307646390696919e-19,76.01301407227389,70.91301643270322
21.350000000000538,1872.6854440336788,227.11768139077256,-1.4991653002218717e-16,1.1431715164669089e-18,13.607216272373266,-1.947333544654456e-18,8.986893958049261,2.2713891877810024e-19,75.99629264181449,70.9132258834292
21.36000000000054,1873.4426235398496,227.17863454835606,-1.499415909275331e-16,1.1448068742151928e-18,13.606004879850955,-1.942172292465782e-18,8.99464012620764,2.2352226892929363e-19,75.97958519235301,70.91343488391335
21.37000000000054,1874.1996463193589,227.2394558186946,-1.4996663167239354e-16,1.1464326522667478e-18,13.604792421237502,-1.9370162237457984e-18,9.002390997645541,2.199150405239385e-19,75.96289172909145,70.9136434341004
21.380000000000543,1874.9565124950511,227.3001451879639,-1.4999165219705808e-16,1.1480486286586756e-18,13.603578900605182,-1.931865749126832e-18,9.010146552238446,2.1631758024422595e-19,75.94621225720086,70.9138515339361
21.390000000000544,1875.713222189774,227.3607026426476,-1.5001665244219179e-16,1.1496545846118891e-18,13.602364322009157,-1.926721275023605e-18,9.01790676987815,2.1273023045223217e-19,75.92954678182133,70.91405918336734
21.400000000000546,1876.469775526378,227.42112816953662,-1.5004163234884143e-16,1.1512503045287172e-18,13.601148689487703,-1.921583203623333e-18,9.025671630472882,2.0915332918884058e-19,75.91289530806213,70.91426638234206
21.410000000000547,1877.2261726277175,227.48142175572812,-1.5006659185844153e-16,1.1528355759901322e-18,13.599932007062376,-1.916451932876435e-18,9.033441113947413,2.0558721017321924e-19,75.89625784100164,70.91447313080924
21.42000000000055,1877.982413616649,227.54158338862484,-1.5009153091282042e-16,1.1544101897526098e-18,13.598714278738235,-1.9113278564878755e-18,9.041215200243174,2.0203220280284776e-19,75.87963438568742,70.91467942871896
21.43000000000055,1878.7384986160325,227.60161305593417,-1.5011644945420608e-16,1.1559739397446199e-18,13.597495508503988,-1.906211363909099e-18,9.048993869318357,1.9848863215408803e-19,75.86302494713632,70.91488527602229
21.440000000000552,1879.4944277487307,227.6615107456673,-1.5014134742523188e-16,1.1575266230627638e-18,13.596275700332251,-1.901102840330597e-18,9.05677710114805,1.949568189832933e-19,75.84642953033439,70.91509067267143
21.450000000000554,1880.250201137609,227.72127644613855,-1.5016622476894232e-16,1.159068039967543e-18,13.59505485817966,-1.896002666675047e-18,9.064564875724315,1.9143707972844874e-19,75.82984814023702,70.91529561861958
21.460000000000555,1881.0058189055362,227.78091014596433,-1.5019108142879856e-16,1.1605979938787859e-18,13.593832985987131,-1.890911219591075e-18,9.072357173056323,1.8792972651133882e-19,75.81328078176892,70.91550011382101
21.470000000000557,1881.761281175383,227.84041183406254,-1.5021591734868388e-16,1.162116291370717e-18,13.592610087679997,-1.885828871447586e-18,9.080153973170454,1.8443506714023482e-19,75.79672745982423,70.91570415823102
21.480000000000558,1882.516588070023,227.89978149965157,-1.5024073247290906e-16,1.1636227421666878e-18,13.591386167168231,-1.8807559903286954e-18,9.087955256110392,1.8095340511309716e-19,75.78018817926646,70.91590775180599
21.49000000000056,1883.2717397123333,227.9590191322496,-1.502655267462176e-16,1.1651171591335651e-18,13.590161228346622,-1.8756929400292316e-18,9.095761001937253,1.7748503962128615e-19,75.7636629449286,70.91611089450329
21.50000000000056,1884.0267362251925,228.01812472167381,-1.5029030011379098e-16,1.1665993582757772e-18,13.588935275094927,-1.870640080050808e-18,9.103571190729674,1.7403026555377599e-19,75.74715176161311,70.91631358628136
21.510000000000563,1884.7815777314822,228.0770982580394,-1.5031505252125354e-16,1.16806915872904e-18,13.587708311278124,-1.865597765598481e-18,9.111385802583916,1.705893735018653e-19,75.73065463409202,70.9165158270997
21.520000000000564,1885.5362643540866,228.13593973175898,-1.5033978391467758e-16,1.1695263827537443e-18,13.586480340746526,-1.8605663475779508e-18,9.119204817613976,1.6716264976437946e-19,75.7141715671069,70.91671761691876
21.530000000000566,1886.290796215892,228.19464913354162,-1.5036449424058813e-16,1.1709708557280236e-18,13.585251367336001,-1.8555461725933307e-18,9.127028215951677,1.6375037635335752e-19,75.69770256536893,70.91691895570008
21.540000000000568,1887.0451734397873,228.25322645439215,-1.5038918344596772e-16,1.172402406140504e-18,13.58402139486815,-1.850537582945469e-18,9.134855977746781,1.6035283100021917e-19,75.68124763355891,70.91711984340625
21.55000000000057,1887.7993961486634,228.31167168561032,-1.5041385147826103e-16,1.1738208655827344e-18,13.582790427150474,-1.8455409166308106e-18,9.142688083167073,1.5697028716240493e-19,75.66480677632735,70.91732028000081
21.56000000000057,1888.5534644654138,228.36998481878996,-1.5043849828537942e-16,1.1752260687413086e-18,13.581558467976564,-1.8405565073408038e-18,9.150524512398468,1.5360301403048426e-19,75.64837999829446,70.91752026544839
21.570000000000572,1889.307378512934,228.42816584581823,-1.504631238157054e-16,1.1766178533896806e-18,13.580325521126271,-1.8355846844618426e-18,9.158365245645099,1.502512765357256e-19,75.63196730405019,70.9177197997146
21.580000000000574,1890.0611384141218,228.48621475887484,-1.5048772801809692e-16,1.1779960603796728e-18,13.579091590365872,-1.8306257730757344e-18,9.166210263129425,1.469153353581224e-19,75.61556869815428,70.91791888276607
21.590000000000575,1890.814744291877,228.5441315504312,-1.505123108418917e-16,1.1793605336326915e-18,13.577856679448272,-1.8256800939606993e-18,9.174059545092312,1.435954469348693e-19,75.5991841851363,70.91811751457044
21.600000000000577,1891.5681962691015,228.60191621324967,-1.5053687223691129e-16,1.180711120130643e-18,13.576620792113161,-1.8207479635928793e-18,9.181913071793126,1.402918634692829e-19,75.58281376949564,70.91831569509641
21.61000000000058,1892.3214944686988,228.65956874038278,-1.5056141215346518e-16,1.1820476699065592e-18,13.575383932087176,-1.815829694148368e-18,9.189770823509832,1.37004832940161e-19,75.56645745570165,70.9185134243136
21.62000000000058,1893.0746390135748,228.7170891251724,-1.5058593054235476e-16,1.1833700360349397e-18,13.574146103084074,-1.810925593505737e-18,9.197632780539072,1.337345991115748e-19,75.55011524819356,70.91871070219271
21.63000000000058,1893.8276300266373,228.774477361249,-1.5061042735487712e-16,1.1846780746218107e-18,13.572907308804918,-1.806035965249081e-18,9.205498923196265,1.3048140154308767e-19,75.53378715138057,70.91890752870542
21.640000000000583,1894.5804676307955,228.8317334425309,-1.5063490254282886e-16,1.1859716447945035e-18,13.571667552938239,-1.8011611086715407e-18,9.213369231815678,1.2724547560039543e-19,75.51747316964186,70.91910390382436
21.650000000000585,1895.3331519489604,228.88885736322334,-1.506593560585097e-16,1.1872506086911625e-18,13.57042683916019,-1.7963013187793282e-18,9.221243686750535,1.2402705246638202e-19,75.50117330732667,70.91929982752328
21.660000000000586,1896.085683104045,228.94584911781791,-1.506837878547261e-16,1.1885148314499782e-18,13.569185171134718,-1.791456886296233e-18,9.229122268373072,1.2082635915258444e-19,75.48488756875427,70.91949529977676
21.670000000000588,1896.838061218964,229.00270870109162,-1.5070819788479468e-16,1.1897641811981595e-18,13.56794255251372,-1.7866280976686033e-18,9.237004957074639,1.1764361851106187e-19,75.4686159582141,70.9196903205605
21.68000000000059,1897.590286416633,229.0594361081062,-1.5073258610254562e-16,1.1909985290406422e-18,13.566698986937233,-1.7818152350708142e-18,9.244891733265778,1.1447904924666283e-19,75.45235847996567,70.91988488985115
21.69000000000059,1898.34235881997,229.11603133420732,-1.5075695246232597e-16,1.1922177490485375e-18,13.565454478033553,-1.7770185764111874e-18,9.252782577376294,1.113328659296844e-19,75.43611513823869,70.92007900762634
21.700000000000593,1899.094278551894,229.17249437502377,-1.5078129691900278e-16,1.1934217182473304e-18,13.564209029419416,-1.772238395338381e-18,9.260677469855343,1.0820527900891844e-19,75.41988593723308,70.92027267386467
21.710000000000594,1899.8460457353253,229.2288252264668,-1.5080561942796625e-16,1.194610316604827e-18,13.56296264470017,-1.7674749612482464e-18,9.2685763911715,1.0509649482507844e-19,75.40367088111896,70.92046588854579
21.720000000000596,1900.597660493186,229.2850238847292,-1.5082991994513265e-16,1.1957834270188527e-18,13.561715327469893,-1.7627285392911085e-18,9.276479321812845,1.0200671562460163e-19,75.38746997403676,70.92065865165021
21.730000000000597,1901.3491229483989,229.34109034628477,-1.5085419842694734e-16,1.196940935304717e-18,13.560467081311582,-1.7579993903795277e-18,9.284386242287024,9.893613957382054e-20,75.37128322009721,70.92085096315954
21.7400000000006,1902.1004332238888,229.39702460788732,-1.5087845483038754e-16,1.198082730182432e-18,13.559217909797297,-1.7532877711964725e-18,9.292297133121332,9.588496077349854e-20,75.35511062338138,70.92104282305627
21.7500000000006,1902.8515914425811,229.45282666657002,-1.50902689112965e-16,1.1992087032637027e-18,13.557967816488299,-1.7485939342039402e-18,9.300211974862773,9.285336927372341e-20,75.33895218794068,70.92123423132392
21.760000000000602,1903.6025977274026,229.5084965196447,-1.509269012327287e-16,1.2003187490386844e-18,13.556716804935203,-1.7439181276520058e-18,9.30813074807814,8.98415510891535e-20,75.32280791779698,70.92142518794695
21.770000000000604,1904.3534522012808,229.56403416470098,-1.5095109114826738e-16,1.2014127648625184e-18,13.555464878678157,-1.739260595588291e-18,9.316053433354082,8.684968821461074e-20,75.30667781694254,70.9216156929108
21.780000000000605,1905.1041549871445,229.61943959960564,-1.5097525881871203e-16,1.2024906509416403e-18,13.554212041246927,-1.734621577867852e-18,9.323980011297156,8.387795864101496e-20,75.29056188934014,70.92180574620185
21.790000000000607,1905.8547062079238,229.67471282250176,-1.509994042037382e-16,1.2035523103198773e-18,13.552958296161124,-1.7300013101634856e-18,9.331910462533909,8.092653637165408e-20,75.27446013892305,70.92199534780747
21.80000000000061,1906.605105986549,229.72985383180801,-1.510235272635683e-16,1.2045976488643263e-18,13.551703646930271,-1.7254000239764275e-18,9.339844767710938,7.799559143878416e-20,75.25837256959502,70.92218449771597
21.81000000000061,1907.3553544459517,229.784862626218,-1.5104762795897384e-16,1.2056265752510234e-18,13.55044809705399,-1.7208179466474677e-18,9.347782907494938,7.508528992055417e-20,75.2422991852305,70.92237319591665
21.82000000000061,1908.105451709064,229.83973920469938,-1.5107170625127743e-16,1.2066390009504097e-18,13.549191650022127,-1.7162553013684537e-18,9.355724862572787,7.219579395824998e-20,75.2262399896744,70.92256144239968
21.830000000000613,1908.855397898819,229.89448356649322,-1.5109576210235492e-16,1.207634840212592e-18,13.5479343093149,-1.7117123071941837e-18,9.363670613651582,6.932726177385154e-20,75.21019498674235,70.92274923715628
21.840000000000614,1909.6051931381503,229.94909571111322,-1.5111979547463726e-16,1.208614010052406e-18,13.54667607840302,-1.7071891790546834e-18,9.371620141458711,6.647984768789839e-20,75.19416418022064,70.92293658017854
21.850000000000616,1910.354837549992,230.00357563834498,-1.5114380633111234e-16,1.2095764302342879e-18,13.545416960747856,-1.7026861277678712e-18,9.379573426741905,6.36537021376576e-20,75.17814757386624,70.92312347145958
21.860000000000618,1911.104331257279,230.05792334824528,-1.511677946353268e-16,1.2105220232569504e-18,13.544156959801533,-1.6982033600525817e-18,9.387530450269285,6.084897169558892e-20,75.16214517140688,70.92330991099335
21.87000000000062,1911.8536743829466,230.11213884114136,-1.5119176035138774e-16,1.2114507143378755e-18,13.542896079007097,-1.693741078541972e-18,9.395491192829432,5.806579908810163e-20,75.146156976541,70.92349589877483
21.88000000000062,1912.6028670499304,230.16622211763016,-1.5121570344396415e-16,1.2123624313976245e-18,13.541634321798634,-1.6892994817972836e-18,9.403455635231424,5.530432321459746e-20,75.1301829929379,70.92368143479993
21.890000000000622,1913.3519093811665,230.22017317857757,-1.5123962387828864e-16,1.2132571050439658e-18,13.540371691601381,-1.6848787643219567e-18,9.41142375830489,5.2564679166794874e-20,75.11422322423768,70.92386651906546
21.900000000000624,1914.1008014995912,230.2739920251178,-1.512635216201587e-16,1.2141346685558303e-18,13.539108191831886,-1.6804791165761109e-18,9.419395542900066,4.9846998248328385e-20,75.0982776740513,70.92405115156916
21.910000000000625,1914.849543528141,230.3276786586526,-1.5128739663593813e-16,1.2149950578670964e-18,13.53784382589814,-1.6761007249913605e-18,9.427370969887834,4.7151407994618494e-20,75.0823463459606,70.92423533230975
21.920000000000627,1915.598135589753,230.38123308085048,-1.5131124889255834e-16,1.2158382115501978e-18,13.536578597199638,-1.6717437719859675e-18,9.43535002015977,4.4478032193006244e-20,75.06642924351837,70.92441906128686
21.93000000000063,1916.3465778073635,230.4346552936461,-1.5133507835751942e-16,1.2166640707995824e-18,13.535312509127584,-1.6674084359803484e-18,9.443332674628193,4.1826990903147594e-20,75.05052637024832,70.92460233850099
21.94000000000063,1917.0948703039098,230.4879452992395,-1.513588849988914e-16,1.2174725794149971e-18,13.534045565064963,-1.6630948914128896e-18,9.451318914226206,3.9198400477661996e-20,75.03463772964517,70.92478516395363
21.95000000000063,1917.843013202329,230.54110310009537,-1.513826687853151e-16,1.2182636837846233e-18,13.532777768386682,-1.6588033087561068e-18,9.459308719907732,3.659237358303016e-20,75.01876332517466,70.92496753764719
21.960000000000633,1918.591006625558,230.5941286989424,-1.514064296860033e-16,1.2190373328680539e-18,13.531509122459678,-1.6545338545331072e-18,9.467302072647563,3.400901922073571e-20,75.00290316027355,70.92514945958496
21.970000000000635,1919.3388506965334,230.6470220987725,-1.5143016767074137e-16,1.219793478179126e-18,13.530239630643031,-1.6502866913343779e-18,9.475298953441401,3.144844274864554e-20,74.98705723834968,70.92533092977114
21.980000000000636,1920.0865455381918,230.69978330284013,-1.514538827098883e-16,1.2205320737686075e-18,13.528969296288105,-1.646061977834881e-18,9.483299343305882,2.8910745902623726e-20,74.97122556278201,70.92551194821091
21.990000000000638,1920.8340912734695,230.75241231466157,-1.5147757477437722e-16,1.2212530762067343e-18,13.527698122738638,-1.641859868811449e-18,9.491303223278628,2.6396026818373866e-20,74.95540813692064,70.9256925149103
22.00000000000064,1921.5814880253029,230.80490913801427,-1.5150124383571622e-16,1.2219564445656177e-18,13.526426113330873,-1.6376805151604813e-18,9.499310574418272,2.3904380053504724e-20,74.93960496408684,70.92587262987625
22.01000000000064,1922.3287359166272,230.85727377693607,-1.5152488986598876e-16,1.2226421404015088e-18,13.525153271393627,-1.6335240639159296e-18,9.507321377804496,2.1435896609814165e-20,74.92381604757306,70.92605229311668
22.020000000000643,1923.0758350703782,230.90950623572456,-1.5154851283785425e-16,1.2233101277369398e-18,13.523879600248481,-1.6293906582675843e-18,9.51533561453806,1.8990663955786217e-20,74.90804139064299,70.9262315046403
22.030000000000644,1923.8227856094902,230.9616065189364,-1.5157211272454847e-16,1.2239603730427272e-18,13.522605103209797,-1.625280437579624e-18,9.52335326574084,1.656876604929634e-20,74.89228099653158,70.9264102644568
22.040000000000646,1924.5695876568977,231.01357463138655,-1.5159568949988393e-16,1.2245928452198595e-18,13.521329783584902,-1.6211935374094624e-18,9.531374312555846,1.4170283360519827e-20,74.87653486844509,70.92658857257676
22.050000000000647,1925.3162413355342,231.0654105781476,-1.5161924313825005e-16,1.2252075155812577e-18,13.520053644674144,-1.6171300895268525e-18,9.53939873614727,1.17952928950385e-20,74.86080300956104,70.92676642901164
22.06000000000065,1926.0627467683325,231.11711436454917,-1.5164277361461348e-16,1.225804357833419e-18,13.518776689771004,-1.6130902219332662e-18,9.547426517700485,9.443868217140585e-21,74.84508542302835,70.9269438337738
22.07000000000065,1926.8091040782251,231.16868599617706,-1.5166628090451816e-16,1.2263833480579502e-18,13.517498922162222,-1.6090740588815366e-18,9.555457638422094,7.116079473309015e-21,74.82938211196733,70.92712078687651
22.080000000000652,1927.5553133881433,231.22012547887275,-1.5168976498408542e-16,1.226944464692985e-18,13.516220345127877,-1.6050817208957528e-18,9.563492079539953,4.8119934158932275e-21,74.81369307946963,70.92729728833389
22.090000000000654,1928.3013748210176,231.2714328187325,-1.5171322583001392e-16,1.2274876885144955e-18,13.514940961941486,-1.6011133247914082e-18,9.571529822303175,2.5316734269595765e-21,74.7980183285984,70.92747333816101
22.100000000000655,1929.0472884997776,231.3226080221069,-1.5173666341957965e-16,1.228013002617501e-18,13.513660775870106,-1.5971689836958012e-18,9.579570847982174,2.751795423156178e-22,74.78235786238824,70.92764893637373
22.110000000000657,1929.7930545473516,231.37365109559997,-1.517600777306357e-16,1.2285203923971768e-18,13.512379790174444,-1.5932488070686706e-18,9.58761513786868,-1.9574315242965895e-21,74.76671168384522,70.92782408298888
22.12000000000066,1930.5386730866676,231.42456204606864,-1.5178346874161208e-16,1.2290098455298595e-18,13.51109800810893,-1.589352900723073e-18,9.595662673275744,-4.166106356842862e-21,74.75107979594696,70.92799877802413
22.13000000000066,1931.2841442406518,231.47534088062204,-1.5180683643151549e-16,1.2294813519539655e-18,13.50981543292182,-1.5854813668464895e-18,9.603713435537781,-6.350794812479717e-21,74.73546220164263,70.92817302149807
22.14000000000066,1932.0294681322296,231.52598760662076,-1.5183018077992887e-16,1.2299349038508148e-18,13.5085320678553,-1.5816343040221623e-18,9.611767406010568,-8.511449996882301e-21,74.71985890385301,70.92834681343011
22.150000000000663,1932.7746448843247,231.57650223167622,-1.5185350176701106e-16,1.230370495625367e-18,13.507247916145554,-1.5778118072506494e-18,9.619824566071264,-1.064802823942212e-20,74.70426990547041,70.92852015384058
22.160000000000664,1933.51967461986,231.62688476365003,-1.5187679937349633e-16,1.2307881238868742e-18,13.505962981022869,-1.5740139679716038e-18,9.627884897118431,-1.2760489068199136e-20,74.68869520935887,70.92869304275064
22.170000000000666,1934.264557461757,231.67713521065326,-1.5190007358069376e-16,1.2311877874294493e-18,13.504677265711708,-1.5702408740857543e-18,9.635948380572042,-1.4848795184932918e-20,74.67313481835406,70.92886548018234
22.180000000000668,1935.0092935329353,231.72725358104583,-1.5192332437048668e-16,1.2315694872125639e-18,13.503390773430825,-1.5664926099771092e-18,9.644014997873496,-1.6912912439717322e-20,74.65758873526333,70.9290374661586
22.19000000000067,1935.7538829563132,231.7772398834358,-1.5194655172533205e-16,1.2319332263414628e-18,13.502103507393327,-1.5627692565353465e-18,9.652084730485626,-1.8952809805643266e-20,74.64205696286581,70.92920900070321
22.20000000000067,1936.4983258548077,231.8270941266788,-1.5196975562825962e-16,1.2322790100475109e-18,13.500815470806765,-1.5590708911784132e-18,9.660157559892712,-2.0968459353294132e-20,74.62653950391231,70.9293800838408
22.210000000000672,1937.2426223513337,231.87681631987715,-1.5199293606287122e-16,1.2326068456684698e-18,13.499526666873205,-1.5553975878753118e-18,9.668233467600492,-2.295983622511818e-20,74.6110363611255,70.92955071559689
22.220000000000674,1937.9867725688048,231.92640647237948,-1.5201609301333986e-16,1.2329167426287122e-18,13.498237098789334,-1.551749417169085e-18,9.676312435136163,-2.4926918609682504e-20,74.5955475371998,70.92972089599783
22.230000000000675,1938.7307766301328,231.9758645937799,-1.5203922646440886e-16,1.233208712419368e-18,13.496946769746515,-1.548126446199969e-18,9.684394444048399,-2.686968771581283e-20,74.58007303480152,70.92989062507085
22.240000000000677,1939.4746346582274,232.02519069391738,-1.520623364013908e-16,1.2334827685784179e-18,13.49565568293088,-1.5445287387287392e-18,9.692479475907344,-2.878812774662361e-20,74.56461285656879,70.93005990284401
22.25000000000068,1940.2183467759967,232.07438478287511,-1.5208542281016658e-16,1.2337389266707232e-18,13.494363841523398,-1.5409563551602242e-18,9.700567512304625,-3.0682225873442656e-20,74.54916700511164,70.93022872934623
22.26000000000068,1940.9619131063464,232.12344687097985,-1.521084856771842e-16,1.233977204268007e-18,13.493071248699954,-1.5374093525669915e-18,9.708658534853358,-3.255197220963469e-20,74.5337354830121,70.93039710460728
22.27000000000068,1941.7053337721807,232.17237696880127,-1.5213152498945778e-16,1.2341976209287857e-18,13.49177790763144,-1.5338877847132001e-18,9.716752525188141,-3.439735978432808e-20,74.51831829282402,70.93056502865781
22.280000000000683,1942.4486088964013,232.22117508715135,-1.5215454073456619e-16,1.2344001981782465e-18,13.490483821483794,-1.5303917020786076e-18,9.724849464965061,-3.6218384516048793e-20,74.50291543707336,70.93073250152923
22.290000000000685,1943.1917386019081,232.26984123708363,-1.5217753290065187e-16,1.2345849594880879e-18,13.489188993418093,-1.5269211518827413e-18,9.732949335861699,-3.801504518626614e-20,74.48752691825798,70.9308995232539
22.300000000000686,1943.9347230115984,232.31837542989265,-1.522005014764195e-16,1.2347519302563146e-18,13.487893426590647,-1.5234761781092197e-18,9.74105211957712,-3.978734341285405e-20,74.47215273884787,70.93106609386493
22.310000000000688,1944.6775622483674,232.3667776771133,-1.5222344645113461e-16,1.2349011377869916e-18,13.486597124153016,-1.5200568215302136e-18,9.749157797831879,-4.153528362347234e-20,74.456792901285,70.93123221339631
22.32000000000069,1945.4202564351078,232.4150479905202,-1.5224636781462218e-16,1.2350326112699663e-18,13.48530008925211,-1.5166631197310602e-18,9.75726635236802,-4.325887302887184e-20,74.44144740798347,70.93139788188287
22.33000000000069,1946.1628056947102,232.46318638212702,-1.5226926555726514e-16,1.235146381760554e-18,13.484002325030257,-1.5132951071350089e-18,9.765377764949069,-4.495812159612758e-20,74.4261162613295,70.93156309936023
22.340000000000693,1946.9052101500622,232.5111928641858,-1.5229213967000278e-16,1.2352424821591965e-18,13.482703834625266,-1.509952815028106e-18,9.773492017360025,-4.663304202180392e-20,74.41079946368143,70.93172786586491
22.350000000000694,1947.6474699240491,232.55906744918647,-1.523149901443293e-16,1.2353209471910892e-18,13.481404621170489,-1.5066362715842038e-18,9.781609091407367,-4.828364970505579e-20,74.39549701736978,70.93189218143422
22.360000000000696,1948.3895851395537,232.60681014985607,-1.5233781697229202e-16,1.2353818133857817e-18,13.480104687794858,-1.5033455018900958e-18,9.789728968919038,-4.9909962720669805e-20,74.38020892469727,70.9320560461063
22.370000000000697,1949.1315559194559,232.6544209791582,-1.5236062014648978e-16,1.2354251190567674e-18,13.478804037623025,-1.5000805279707837e-18,9.79785163174444,-5.1512001792049253e-20,74.36493518793887,70.93221945992009
22.3800000000007,1949.8733823866328,232.70189995029236,-1.5238339966007119e-16,1.2354509042810358e-18,13.477502673775321,-1.4968413688148411e-18,9.805977061754431,-5.3089790264146946e-20,74.34967580934176,70.9323824229154
22.3900000000007,1950.6150646639587,232.7492470766933,-1.524061555067328e-16,1.2354592108786225e-18,13.476200599367893,-1.4936280403999088e-18,9.814105240841313,-5.464335407634946e-20,74.33443079112543,70.93254493513282
22.400000000000702,1951.356602874305,232.7964623720305,-1.5242888768071736e-16,1.2354500823921388e-18,13.474897817512728,-1.4904405557182879e-18,9.822236150918819,-5.617272173531698e-20,74.31920013548164,70.93270699661383
22.410000000000704,1952.0979971405404,232.84354585020745,-1.5245159617681178e-16,1.235423564066289e-18,13.473594331317718,-1.4872789248026402e-18,9.830369773922111,-5.767792428778218e-20,74.30398384457455,70.93286860740061
22.420000000000705,1952.83924758553,232.890497525361,-1.5247428099034533e-16,1.2353797028273821e-18,13.472290143886717,-1.4841431547517885e-18,9.838506091807762,-5.915899529331216e-20,74.2887819205406,70.93302976753625
22.430000000000707,1953.580354332136,232.9373174118609,-1.524969421171876e-16,1.2353185472628329e-18,13.470985258319601,-1.4810332497566146e-18,9.84664508655375,-6.061597079703675e-20,74.27359436548866,70.93319047706463
22.44000000000071,1954.3213175032176,232.98400552430903,-1.5251957955374648e-16,1.2352401476006612e-18,13.469679677712312,-1.4779492111260438e-18,9.854786740159437,-6.204888930234737e-20,74.25842118150003,70.9333507360304
22.45000000000071,1955.0621372216308,233.03056187753882,-1.525421932969661e-16,1.2351445556889903e-18,13.468373405156916,-1.4748910373131234e-18,9.862931034645563,-6.345779174356965e-20,74.24326237062839,70.93351054447908
22.46000000000071,1955.8028136102278,233.0769864866147,-1.525647833443247e-16,1.2350318249755428e-18,13.46706644374165,-1.4718587239411821e-18,9.871077952054225,-6.484272145861346e-20,74.22811793489997,70.93366990245693
22.470000000000713,1956.5433467918579,233.12327936683138,-1.5258734969383247e-16,1.2349020104871452e-18,13.465758796550993,-1.4688522638300703e-18,9.879227474448873,-6.62037241616043e-20,74.2129878763134,70.93382881001108
22.480000000000715,1957.2837368893665,233.1694405337134,-1.526098923440294e-16,1.2347551688092333e-18,13.46445046666569,-1.4658716470224764e-18,9.887379583914287,-6.754084791549886e-20,74.1978721968399,70.93398726718942
22.490000000000716,1958.0239840255958,233.21547000301442,-1.5263241129398293e-16,1.2345913580653686e-18,13.463141457162815,-1.4629168608103107e-18,9.895534262556552,-6.885414310468899e-20,74.1827708984232,70.93414527404066
22.500000000000718,1958.7640883233844,233.26136779071655,-1.5265490654328572e-16,1.234410637896764e-18,13.46183177111581,-1.4599878897611663e-18,9.90369149250306,-7.014366240759695e-20,74.16768398297961,70.93430283061427
22.51000000000072,1959.504049905567,233.30713391302987,-1.5267737809205335e-16,1.2342130694418235e-18,13.460521411594538,-1.4570847157448367e-18,9.911851255902478,-7.140946076926568e-20,74.15261145239803,70.93445993696058
22.52000000000072,1960.2438688949744,233.3527683863918,-1.5269982594092188e-16,1.2339987153156975e-18,13.45921038166534,-1.4542073179598975e-18,9.920013534924731,-7.265159537394734e-20,74.13755330854002,70.93461659313063
22.530000000000722,1960.9835454144343,233.39827122746644,-1.527222500910455e-16,1.2337676395898526e-18,13.457898684391061,-1.4513556729603436e-18,9.928178311760993,-7.387012561769356e-20,74.12250955323975,70.93477279917634
22.540000000000724,1961.7230795867697,233.44364245314404,-1.5274465054409403e-16,1.2335199077716634e-18,13.45658632283109,-1.4485297546822794e-18,9.93634556862365,-7.506511308095051e-20,74.10748018830405,70.93492855515038
22.550000000000725,1962.4624715348,233.48888208054038,-1.5276702730225045e-16,1.233255586784031e-18,13.455273300041434,-1.4457295344706604e-18,9.944515287746299,-7.623662150116214e-20,74.09246521551252,70.93508386110616
22.560000000000727,1963.2017213813406,233.53399012699617,-1.5278938036820842e-16,1.2329747449450147e-18,13.453959619074725,-1.4429549811060785e-18,9.952687451383712,-7.738471674538507e-20,74.07746463661744,70.93523871709796
22.57000000000073,1963.9408292492026,233.57896661007646,-1.5281170974516963e-16,1.2326774519475e-18,13.452645282980274,-1.4402060608315856e-18,9.960862041811819,-7.850946678291795e-20,74.06247845334383,70.93539312318079
22.58000000000073,1964.679795261193,233.62381154757003,-1.5283401543684122e-16,1.2323637788388918e-18,13.451330294804128,-1.4374827373795652e-18,9.969039041327688,-7.961094165794856e-20,74.04750666738953,70.93554707941045
22.59000000000073,1965.4186195401148,233.66852495748887,-1.5285629744743323e-16,1.2320337980008396e-18,13.450014657589078,-1.4347849719986302e-18,9.9772184322495,-8.068921346222198e-20,74.03254928042516,70.93570058584353
22.600000000000733,1966.1573022087662,233.71310685806748,-1.528785557816558e-16,1.2316875831289898e-18,13.448698374374716,-1.432112723480554e-18,9.98540019691653,-8.174435630773257e-20,74.0176062940942,70.9358536425374
22.610000000000735,1966.8958433899413,233.7575572677624,-1.529007904447165e-16,1.2313252092127829e-18,13.447381448197472,-1.429465948187233e-18,9.99358431768911,-8.277644629944328e-20,74.00267771001292,70.93600624955016
22.620000000000736,1967.6342432064298,233.80187620525157,-1.5292300144231769e-16,1.230946752515281e-18,13.44606388209065,-1.4268446000776701e-18,10.001770776948627,-8.378556150803456e-20,73.98776352977056,70.93615840694076
22.630000000000738,1968.3725017810168,233.84606368943375,-1.5294518878065359e-16,1.230552290553033e-18,13.444745679084448,-1.4242486307349763e-18,10.009959557097469,-8.47717819426868e-20,73.97286375492922,70.93631011476887
22.64000000000074,1969.1106192364825,233.89011973942792,-1.5296735246640752e-16,1.2301419020759888e-18,13.443426842206025,-1.4216779893933989e-18,10.01815064055903,-8.573518952389848e-20,73.9579783870239,70.93646137309496
22.65000000000074,1969.8485956956029,233.93404437457272,-1.5298949250674914e-16,1.2297156670474464e-18,13.442107374479502,-1.4191326229653524e-18,10.026344009777661,-8.667586805634304e-20,73.94310742756265,70.9366121819802
22.660000000000743,1970.5864312811489,233.97783761442594,-1.530116089093315e-16,1.2292736666240537e-18,13.440787278926013,-1.4166124760684697e-18,10.034539647218653,-8.759390320176801e-20,73.92825087802645,70.93676254148659
22.670000000000744,1971.3241261158864,234.02149947876384,-1.5303370168228808e-16,1.2288159831358495e-18,13.439466558563717,-1.4141174910526543e-18,10.042737535368213,-8.848938245193817e-20,73.91340873986925,70.93691245167687
22.680000000000746,1972.0616803225769,234.06502998758063,-1.5305577083423e-16,1.228342700066359e-18,13.438145216407875,-1.4116476080271418e-18,10.050937656733426,-8.936239510162639e-20,73.89858101451813,70.9370619126146
22.690000000000747,1972.7990940239765,234.10842916108786,-1.5307781637424297e-16,1.227853902032737e-18,13.436823255470824,-1.4092027648875565e-18,10.059139993842239,-9.021303222165455e-20,73.88376770337315,70.93721092436398
22.70000000000075,1973.5363673428365,234.1516970197139,-1.5309983831188422e-16,1.2273496747659632e-18,13.435500678762043,-1.4067828973429721e-18,10.067344529243421,-9.10413866319874e-20,73.8689688078075,70.93735948699008
22.71000000000075,1974.2735004019025,234.1948335841034,-1.5312183665717968e-16,1.2268301050910958e-18,13.43417748928817,-1.4043879389429622e-18,10.07555124550655,-9.184755287488172e-20,73.85418432916747,70.93750760055863
22.720000000000752,1975.0104933239159,234.2378388751166,-1.5314381142062072e-16,1.2262952809075781e-18,13.432853690053044,-1.4020178211046457e-18,10.083760125221966,-9.26316271880939e-20,73.83941426877249,70.93765526513621
22.730000000000754,1975.7473462316118,234.2807129138289,-1.5316576261316117e-16,1.2257452911696014e-18,13.431529284057698,-1.3996724731397146e-18,10.091971151000752,-9.339370747814845e-20,73.82465862791514,70.93780248079011
22.740000000000755,1976.4840592477206,234.32345572153014,-1.5318769024621424e-16,1.225180225866534e-18,13.430204274300422,-1.397351822281457e-18,10.100184305474707,-9.413389329366958e-20,73.80991740786119,70.93794924758834
22.750000000000757,1977.220632494967,234.36606731972427,-1.5320959433164933e-16,1.2246001760034062e-18,13.428878663776775,-1.3950557937117535e-18,10.108399571296305,-9.485228579877902e-20,73.79519060984964,70.93809556559967
22.76000000000076,1977.9570660960703,234.40854773012856,-1.532314748817889e-16,1.2240052335814595e-18,13.427552455479612,-1.3927843105880568e-18,10.11661693113867,-9.554898774656211e-20,73.78047823509272,70.93824143489365
22.77000000000076,1978.6933601737442,234.45089697467316,-1.5325333190940527e-16,1.2233954915787633e-18,13.426225652399093,-1.3905372940703452e-18,10.124836367695552,-9.622410345260503e-20,73.7657802847759,70.93838685554054
22.78000000000076,1979.4295148506965,234.49311507550053,-1.5327516542771743e-16,1.2227710439308952e-18,13.424898257522743,-1.3883146633480562e-18,10.133057863681282,-9.687773876860524e-20,73.75109676005796,70.93853182761138
22.790000000000763,1980.1655302496297,234.53520205496488,-1.5329697545038783e-16,1.2221319855116916e-18,13.423570273835434,-1.3861163356669794e-18,10.141281401830751,-9.751000105605779e-20,73.736427662071,70.93867635117792
22.800000000000765,1980.90140649324,234.57715793563165,-1.5331876199151907e-16,1.221478412114066e-18,13.422241704319429,-1.3839422263561277e-18,10.14950696489937,-9.812099916001965e-20,73.72177299192045,70.9388204263126
22.810000000000766,1981.6371437042183,234.61898274027683,-1.5334052506565065e-16,1.2208104204309015e-18,13.420912551954412,-1.3817922488545672e-18,10.15773453566305,-9.871084338295493e-20,73.70713275068506,70.93896405308874
22.820000000000768,1982.372742005249,234.66067649188656,-1.533622646877557e-16,1.2201281080360145e-18,13.419582819717492,-1.3796663147382112e-18,10.165964096918152,-9.927964545866226e-20,73.69250693941707,70.9391072315802
22.83000000000077,1983.1082015190104,234.70223921365653,-1.533839808732376e-16,1.2194315733651905e-18,13.418252510583217,-1.3775643337465732e-18,10.174195631481473,-9.98275185262879e-20,73.677895559142,70.93924996186178
22.84000000000077,1983.8435223681754,234.7436709289914,-1.5340567363792675e-16,1.2187209156973038e-18,13.416921627523632,-1.3754862138094773e-18,10.182429122190197,-1.003545771044256e-19,73.66329861085893,70.93939224400881
22.850000000000772,1984.5787046754099,234.78497166150433,-1.5342734299807706e-16,1.2179962351355031e-18,13.415590173508244,-1.3734318610737184e-18,10.190664551901872,-1.0086093706530629e-19,73.64871609554032,70.93953407809752
22.860000000000774,1985.313748563374,234.82614143501632,-1.5344898897036267e-16,1.2172576325884883e-18,13.414258151504098,-1.3714011799296828e-18,10.19890190349437,-1.0134671560907928e-19,73.63414801413215,70.93967546420478
22.870000000000775,1986.0486541547211,234.86718027355582,-1.5347061157187452e-16,1.216505209751856e-18,13.412925564475742,-1.3693940730379041e-18,10.207141159865857,-1.0181203123818723e-19,73.6195943675539,70.93981640240816
22.880000000000777,1986.7834215720986,234.90808820135803,-1.5349221082011693e-16,1.2157390690895365e-18,13.411592415385279,-1.3674104413555784e-18,10.215382303934767,-1.0225700373183708e-19,73.6050551566986,70.93995689278603
22.89000000000078,1987.5180509381473,234.94886524286449,-1.5351378673300419e-16,1.2149593138153083e-18,13.410258707192373,-1.3654501841630149e-18,10.22362531863974,-1.0268175412056878e-19,73.59053038243285,70.94009693541743
22.90000000000078,1988.252542375501,234.98951142272244,-1.5353533932885704e-16,1.2141660478744e-18,13.408924442854278,-1.363513199090029e-18,10.231870186939627,-1.0308640466092426e-19,73.57602004559678,70.94023653038214
22.91000000000078,1988.9868960067872,235.0300267657844,-1.5355686862639927e-16,1.2133593759251738e-18,13.407589625325812,-1.361599382142275e-18,10.240116891813418,-1.0347107881021788e-19,73.5615241470042,70.94037567776063
22.920000000000783,1989.7211119546268,235.07041129710757,-1.5357837464475424e-16,1.2125394033209017e-18,13.406254257559425,-1.359708627727514e-18,10.248365416260238,-1.0383590120141119e-19,73.54704268744253,70.94051437763412
22.930000000000785,1990.4551903416336,235.1106650419532,-1.5359985740344125e-16,1.2117062360916264e-18,13.404918342505177,-1.3578408286818154e-18,10.256615743299285,-1.0418099761809349e-19,73.53257566767283,70.94065263008454
22.940000000000786,1991.1891312904145,235.1507880257863,-1.5362131692237219e-16,1.210859980926115e-18,13.403581883110785,-1.355995876295694e-18,10.264867855969818,-1.0450649496956997e-19,73.51812308842985,70.9407904351945
22.950000000000788,1991.9229349235695,235.19078027427489,-1.5364275322184788e-16,1.210000745153899e-18,13.402244882321598,-1.3541736603401634e-18,10.27312173733111,-1.0481252126605928e-19,73.50368495042208,70.94092779304736
22.96000000000079,1992.6566013636916,235.23064181328954,-1.536641663225546e-16,1.209128636727409e-18,13.400907343080624,-1.3523740690927321e-18,10.281377370462408,-1.0509920559400314e-19,73.48926125433172,70.94106470372718
22.97000000000079,1993.3901307333667,235.2703726689029,-1.536855562455605e-16,1.2082437642042074e-18,13.399569268328573,-1.3505969893633134e-18,10.289634738462912,-1.0536667809148842e-19,73.47485200081472,70.9412011673187
22.980000000000793,1994.1235231551734,235.3099728673891,-1.5370692301231196e-16,1.207346236729306e-18,13.398230661003819,-1.3488423065200597e-18,10.297893824451727,-1.0561506992378453e-19,73.46045719050083,70.94133718390738
22.990000000000794,1994.856778751683,235.3494424352233,-1.5372826664463016e-16,1.2064361640175856e-18,13.396891524042442,-1.3471099045151153e-18,10.306154611567834,-1.058445132589977e-19,73.44607682399361,70.94147275357942
23.000000000000796,1995.5898976454594,235.38878139908107,-1.537495871647073e-16,1.2055136563363144e-18,13.395551860378239,-1.3453996659102942e-18,10.314417082970042,-1.0605514124384316e-19,73.43171090187043,70.94160787642164
23.010000000000797,1996.322879959059,235.42798978583798,-1.5377088459510316e-16,1.204578824487758e-18,13.394211672942726,-1.3437114719026608e-18,10.322681221836977,-1.0624708797953778e-19,73.41735942468254,70.94174255252166
23.0200000000008,1997.055725815031,235.467067622569,-1.537921589587413e-16,1.2036317797918925e-18,13.392870964665152,-1.3420452023500356e-18,10.330947011367021,-1.0642048849781423e-19,73.40302239295505,70.94187678196772
23.0300000000008,1997.7884353359168,235.506014936548,-1.538134102789056e-16,1.2026726340692157e-18,13.391529738472487,-1.3404007357964029e-18,10.339214434778286,-1.0657547873705835e-19,73.38869980718698,70.94201056484879
23.040000000000802,1998.5210086442498,235.54483175524732,-1.5383463857923647e-16,1.2017014996236638e-18,13.390187997289491,-1.3387779494972386e-18,10.347483475308582,-1.0671219551857148e-19,73.3743916678513,70.94214390125451
23.050000000000804,1999.2534458625562,235.58351810633707,-1.538558438837273e-16,1.2007184892256225e-18,13.38884574403865,-1.3371767194447307e-18,10.355754116215369,-1.0683077652295916e-19,73.36009797539491,70.94227679127525
23.060000000000805,1999.9857471133537,235.6220740176848,-1.5387702621672073e-16,1.1997237160950478e-18,13.387502981640234,-1.3355969203929197e-18,10.364026340775732,-1.0693136026664759e-19,73.3458187302387,70.94240923500205
23.070000000000807,2000.7179125191526,235.66049951735494,-1.5389818560290507e-16,1.1987172938846885e-18,13.386159713012283,-1.3340384258827318e-18,10.37230013228634,-1.0701408607852961e-19,73.33155393277757,70.94254123252662
23.08000000000081,2001.449942202455,235.69879463360817,-1.539193220673105e-16,1.1976993366634114e-18,13.384815941070618,-1.332501108266916e-18,10.380575474063411,-1.0707909407674135e-19,73.31730358338042,70.94267278394139
23.09000000000081,2002.1818362857553,235.73695939490113,-1.539404356353055e-16,1.1966699588996388e-18,13.38347166872886,-1.3309848387348855e-18,10.388852349442677,-1.0712652514557104e-19,73.30306768239024,70.94280388933947
23.10000000000081,2002.9135948915389,235.77499382988572,-1.5396152633259303e-16,1.195629275444885e-18,13.382126898898422,-1.3294894873374498e-18,10.397130741779337,-1.0715652091250161e-19,73.28884623012407,70.94293454881465
23.110000000000813,2003.6452181422833,235.81289796740865,-1.53982594185207e-16,1.1945774015174053e-18,13.380781634488523,-1.3280149230114462e-18,10.405410634448039,-1.0716922372538798e-19,73.27463922687303,70.94306476246138
23.120000000000815,2004.376706160458,235.85067183651103,-1.540036392195084e-16,1.1935144526859519e-18,13.379435878406179,-1.3265610136042629e-18,10.413692010842825,-1.071647766297707e-19,73.26044667290243,70.9431945303748
23.130000000000816,2005.108059068524,235.88831546642774,-1.5402466146218163e-16,1.1924405448536423e-18,13.37808963355624,-1.3251276258982599e-18,10.421974854377108,-1.0714332334632719e-19,73.24626856845168,70.94332385265076
23.140000000000818,2005.839276988933,235.925828886587,-1.5404566094023086e-16,1.1913557942419314e-18,13.376742902841373,-1.3237146256350707e-18,10.430259148483632,-1.0710500824846156e-19,73.23210491373437,70.94345272938577
23.15000000000082,2006.5703600441295,235.96321212660985,-1.5406663768097627e-16,1.1902603173747008e-18,13.375395689162069,-1.3223218775398016e-18,10.438544876614435,-1.0704997634003471e-19,73.21795570893829,70.94358116067698
23.16000000000082,2007.3013083565481,236.00046521630964,-1.5408759171205027e-16,1.1891542310624558e-18,13.374047995416635,-1.3209492453451127e-18,10.446832022240805,-1.0697837323323546e-19,73.20382095422546,70.94370914662228
23.170000000000822,2008.0321220486153,236.03758818569153,-1.5410852306139382e-16,1.1880376523866397e-18,13.372699824501241,-1.3195965918151882e-18,10.455120568853262,-1.0689034512659401e-19,73.18970064973212,70.94383668732019
23.180000000000824,2008.7628012427485,236.07458106495207,-1.5412943175725268e-16,1.1869106986840546e-18,13.371351179309878,-1.3182637787695853e-18,10.463410499961501,-1.0678603878313913e-19,73.17559479556883,70.94396378286989
23.190000000000826,2009.4933460613563,236.11144388447863,-1.5415031782817367e-16,1.1857734875314006e-18,13.370002062734377,-1.3169506671069708e-18,10.47170179909437,-1.0666560150869979e-19,73.16150339182042,70.94409043337123
23.200000000000827,2010.2237566268384,236.14817667484888,-1.54171181303001e-16,1.184626136729932e-18,13.36865247766443,-1.315657116828734e-18,10.47999444979983,-1.0652918113035259e-19,73.147426438546,70.94421663892476
23.21000000000083,2010.9540330615853,236.18477946683038,-1.5419202221087242e-16,1.1834687642902208e-18,13.367302426987571,-1.3143829870624814e-18,10.488288435644918,-1.0637692597501592e-19,73.1333639357791,70.94434239963168
23.22000000000083,2011.6841754879783,236.22125229138004,-1.542128405812155e-16,1.182301488417043e-18,13.365951913589184,-1.313128136085406e-18,10.49658374021571,-1.0620898484819186e-19,73.11931588352756,70.94446771559387
23.23000000000083,2012.4141840283896,236.25759517964366,-1.54233636443744e-16,1.18112442749438e-18,13.364600940352505,-1.3118924213475378e-18,10.504880347117293,-1.0602550701285681e-19,73.10528228177364,70.9445925869138
23.240000000000833,2013.144058805182,236.29380816295543,-1.5425440982845395e-16,1.1799377000705357e-18,13.363249510158631,-1.3106756994948632e-18,10.51317823997371,-1.0582664216850218e-19,73.09126313047399,70.94471701369469
23.250000000000835,2013.873799940709,236.32989127283744,-1.5427516076562003e-16,1.1787414248433718e-18,13.361897625886526,-1.3094778263923216e-18,10.521477402427953,-1.056125404303252e-19,73.07725842955972,70.94484099604036
23.260000000000836,2014.603407557314,236.36584454099918,-1.542958892857918e-16,1.1775357206456637e-18,13.360545290413,-1.3082986571466725e-18,10.529777818141897,-1.0538335230857176e-19,73.06326817893644,70.94496453405529
23.270000000000838,2015.3328817773317,236.4016679993371,-1.5431659541978995e-16,1.17632070643057e-18,13.35919250661273,-1.3071380461292318e-18,10.538079470796287,-1.0513922868803163e-19,73.04929237848417,70.94508762784469
23.28000000000084,2016.0622227230867,236.43736167993407,-1.543372791987025e-16,1.175096501257229e-18,13.35783927735827,-1.305995846998482e-18,10.546382344090697,-1.0488032080768683e-19,73.0353310280575,70.94521027751429
23.29000000000084,2016.791430516894,236.47292561505898,-1.543579406538812e-16,1.1738632242764662e-18,13.35648560552001,-1.3048719127225428e-18,10.554686421743485,-1.0460678024051429e-19,73.02138412748556,70.9453324831706
23.300000000000843,2017.5205052810584,236.50835983716618,-1.543785798169376e-16,1.1726209947166318e-18,13.355131493966237,-1.303766095601518e-18,10.562991687491772,-1.0431875887344349e-19,73.00745167657202,70.94545424492073
23.310000000000844,2018.2494471378752,236.54366437889507,-1.5439919671973945e-16,1.1713699318695491e-18,13.353776945563077,-1.3026782472896964e-18,10.571298125091397,-1.0401640888746971e-19,72.99353367509512,70.94557556287239
23.320000000000846,2018.9782562096295,236.57883927306955,-1.5441979139440695e-16,1.1701101550765936e-18,13.352421963174537,-1.3016082188176289e-18,10.579605718316882,-1.0369988273792378e-19,72.97963012280776,70.94569643713402
23.330000000000847,2019.7069326185965,236.6138845526976,-1.544403638733089e-16,1.1688417837148872e-18,13.351066549662482,-1.3005558606140589e-18,10.587914450961408,-1.03369333134899e-19,72.96574101943744,70.94581686781466
23.34000000000085,2020.435476487041,236.64880025097085,-1.5446091418905918e-16,1.1675649371836178e-18,13.349710707886652,-1.299521022527722e-18,10.596224306836769,-1.0302491302383605e-19,72.95186636468634,70.94593685502397
23.35000000000085,2021.1638879372174,236.68358640126397,-1.5448144237451282e-16,1.166279734890479e-18,13.348354440704638,-1.298503553848999e-18,10.604535269773338,-1.0266677556626632e-19,72.93800615823132,70.94605639887232
23.360000000000852,2021.8921670913703,236.7182430371343,-1.545019484627624e-16,1.1649862962382374e-18,13.346997750971912,-1.2975033033314376e-18,10.612847323620041,-1.0229507412071459e-19,72.92416039972392,70.94617549947068
23.370000000000854,2022.6203140717334,236.75277019232138,-1.5452243248713427e-16,1.1636847406114166e-18,13.3456406415418,-1.2965201192131244e-18,10.621160452244323,-1.0190996222376124e-19,72.91032908879043,70.94629415693062
23.380000000000855,2023.3483290005304,236.78716790074643,-1.5454289448118488e-16,1.1623751873631104e-18,13.344283115265487,-1.2955538492379185e-18,10.629474639532098,-1.0151159357126513e-19,72.89651222503193,70.94641237136445
23.390000000000857,2024.0762119999738,236.82143619651194,-1.5456333447869703e-16,1.161057755801917e-18,13.342925174992029,-1.2946043406765426e-18,10.637789869387733,-1.0110012199974732e-19,72.8827098080242,70.94653014288501
23.40000000000086,2024.8039631922657,236.85557511390118,-1.5458375251367621e-16,1.1597325651790008e-18,13.341566823568348,-1.2936714403475304e-18,10.646106125734004,-1.0067570146793627e-19,72.86892183731793,70.94664747160583
23.41000000000086,2025.5315826995973,236.88958468737772,-1.5460414862034687e-16,1.1583997346752713e-18,13.3402080638392,-1.2927549946380198e-18,10.65442339251207,-1.0023848603847526e-19,72.85514831243856,70.94676435764104
23.42000000000086,2026.2590706441492,236.923464951585,-1.5462452283314874e-16,1.157059383388698e-18,13.338848898647225,-1.291854849524415e-18,10.662741653681433,-9.9788629859792e-20,72.84138923288641,70.94688080110548
23.430000000000863,2026.986427148091,236.95721594134582,-1.5464487518673316e-16,1.1557116303217383e-18,13.337489330832906,-1.2909708505928877e-18,10.671060893219911,-9.93262871481315e-20,72.82764459813667,70.94699680211448
23.440000000000865,2027.7136523335812,236.9908376916619,-1.546652057159594e-16,1.1543565943689025e-18,13.336129363234583,-1.2901028430597385e-18,10.679381095123599,-9.885161216975214e-20,72.81391440763947,70.94711236078415
23.450000000000866,2028.440746322767,237.02433023771349,-1.5468551445589095e-16,1.1529943943044336e-18,13.334768998688446,-1.2892506717916052e-18,10.687702243406841,-9.836475922328582e-20,72.8001986608198,70.94722747723111
23.460000000000868,2029.1677092377847,237.05769361485875,-1.5470580144179195e-16,1.15162514877012e-18,13.333408240028525,-1.2884141813255244e-18,10.696024322102192,-9.78658826222622e-20,72.78649735707765,70.94734215157266
23.47000000000087,2029.8945412007592,237.09092785863348,-1.547260667091234e-16,1.1502489762632332e-18,13.33204709008672,-1.2875932158888398e-18,10.704347315260394,-9.735513667779741e-20,72.772810495788,70.94745638392669
23.48000000000087,2030.621242333804,237.12403300475054,-1.5474631029353963e-16,1.1488659951245869e-18,13.330685551692751,-1.2867876194189617e-18,10.712671206950338,-9.683267568144814e-20,72.75913807630074,70.94757017441177
23.490000000000872,2031.3478127590213,237.15700908909943,-1.5476653223088462e-16,1.1474763235267293e-18,13.329323627674201,-1.2859972355829745e-18,10.720995981259032,-9.629865388823052e-20,72.74548009794091,70.94768352314702
23.500000000000874,2032.0742525985013,237.18985614774584,-1.547867325571884e-16,1.1460800794622551e-18,13.327961320856465,-1.2852219077970857e-18,10.729321622291572,-9.575322549980495e-20,72.73183656000852,70.94779643025221
23.510000000000876,2032.800561974323,237.2225742169312,-1.5480691130866335e-16,1.1446773807322518e-18,13.326598634062808,-1.2844614792459337e-18,10.737648114171105,-9.519654464782656e-20,72.71820746177865,70.94790889584776
23.520000000000877,2033.5267410085537,237.25516333307223,-1.548270685217007e-16,1.14326834493486e-18,13.32523557011429,-1.2837157929017252e-18,10.74597544103881,-9.462876537746197e-20,72.70459280250151,70.94802092005463
23.53000000000088,2034.2527898232486,237.28762353276048,-1.5484720423286682e-16,1.1418530894539785e-18,13.323872131829836,-1.2829846915432354e-18,10.754303587053856,-9.405004163107236e-20,72.6909925814024,70.94813250299445
23.54000000000088,2034.9787085404512,237.31995485276184,-1.5486731847889972e-16,1.1404317314480775e-18,13.322508322026172,-1.2822680177746373e-18,10.762632536393372,-9.346052723206292e-20,72.67740679768178,70.94824364478947
23.550000000000882,2035.7044972821927,237.3521573300162,-1.5488741129670543e-16,1.1390043878391527e-18,13.321144143517863,-1.281565614044186e-18,10.770962273252415,-9.286037586889934e-20,72.66383545051534,70.94835434556248
23.560000000000883,2036.4301561704929,237.38423100163695,-1.5490748272335447e-16,1.1375711753017971e-18,13.319779599117282,-1.2808773226627387e-18,10.779292781843951,-9.22497410792912e-20,72.65027853905383,70.94846460543695
23.570000000000885,2037.1556853273587,237.41617590491046,-1.549275327960782e-16,1.1361322102524072e-18,13.318414691634622,-1.280202985822126e-18,10.787624046398816,-9.162877623454211e-20,72.63673606242337,70.94857442453694
23.580000000000886,2037.8810848747853,237.44799207729577,-1.5494756155226537e-16,1.1346876088385089e-18,13.317049423877899,-1.2795424456133568e-18,10.795956051165682,-9.099763452406759e-20,72.6232080197252,70.9486838029871
23.590000000000888,2038.6063549347552,237.47967955642403,-1.5496756902945856e-16,1.1332374869282147e-18,13.315683798652914,-1.2788955440446696e-18,10.804288780411035,-9.035646894007975e-20,72.60969441003589,70.94879274091268
23.60000000000089,2039.3314956292386,237.51123838009818,-1.549875552653506e-16,1.1317819600998104e-18,13.314317818763296,-1.278262123059428e-18,10.81262221841915,-8.970543226243976e-20,72.59619523240728,70.94890123843957
23.61000000000089,2040.0565070801931,237.54266858629234,-1.5500752029778114e-16,1.130321143631459e-18,13.312951487010464,-1.2776420245538493e-18,10.820956349492047,-8.904467704367748e-20,72.58271048586658,70.94900929569422
23.620000000000893,2040.7813894095639,237.57397021315154,-1.5502746416473316e-16,1.128855152491043e-18,13.311584806193638,-1.2770350903945819e-18,10.829291157949468,-8.837435559417898e-20,72.56924016941628,70.94911691280367
23.630000000000894,2041.5061427392834,237.60514329899118,-1.5504738690432936e-16,1.1273841013261256e-18,13.310217779109825,-1.2764411624361168e-18,10.837626628128865,-8.769461996754108e-20,72.55578428203425,70.94922408989564
23.640000000000896,2042.230767191271,237.63618788229664,-1.550672885548288e-16,1.125908104454041e-18,13.308850408553823,-1.275860082538042e-18,10.84596274438534,-8.700562194609396e-20,72.54234282267376,70.94933082709838
23.650000000000897,2042.9552628874337,237.66710400172283,-1.5508716915462344e-16,1.1244272758521131e-18,13.307482697318216,-1.2752916925821356e-18,10.854299491091645,-8.630751302659094e-20,72.5289157902635,70.9494371245407
23.6600000000009,2043.6796299496652,237.69789169609376,-1.5510702874223464e-16,1.122941729147998e-18,13.306114648193374,-1.274735834489299e-18,10.862636852638142,-8.560044440606596e-20,72.51550318370758,70.94954298235209
23.6700000000009,2044.403868499846,237.72855100440205,-1.5512686735630974e-16,1.1214515776101532e-18,13.304746263967433,-1.2741923502363236e-18,10.870974813432774,-8.488456696785826e-20,72.50210500188561,70.94964840066257
23.680000000000902,2045.1279786598438,237.7590819658086,-1.551466850356187e-16,1.1199569341384358e-18,13.303377547426308,-1.2736610818725043e-18,10.87931335790104,-8.41600312678048e-20,72.48872124365265,70.94975337960278
23.690000000000904,2045.851960551513,237.7894846196421,-1.5516648181905061e-16,1.1184579112548225e-18,13.302008501353667,-1.2731418715360825e-18,10.887652470485971,-8.34269875205996e-20,72.47535190783928,70.94985791930395
23.700000000000905,2046.5758142966945,237.81975900539862,-1.5518625774561039e-16,1.116954621094262e-18,13.300639128530968,-1.2726345614705368e-18,10.895992135648106,-8.26855855863204e-20,72.46199699325166,70.9499620198979
23.710000000000907,2047.299540017216,237.84990516274112,-1.552060128544153e-16,1.115447175395645e-18,13.299269431737406,-1.2721389940406988e-18,10.904332337865444,-8.193597495712251e-20,72.44865649867144,70.95006568151699
23.72000000000091,2048.0231378348917,237.8799231314991,-1.552257471846917e-16,1.1139356854929047e-18,13.297899413749933,-1.2716550117487177e-18,10.91267306163345,-8.117830474409917e-20,72.43533042285593,70.95016890429422
23.73000000000091,2048.746607871522,237.90981295166816,-1.5524546077577164e-16,1.1124202623062454e-18,13.296529077343251,-1.271182457249856e-18,10.921014291465006,-8.041272366430913e-20,72.422018764538,70.95027168836317
23.74000000000091,2049.4699502488934,237.9395746634095,-1.5526515366708955e-16,1.1109010163334894e-18,13.295158425289808,-1.2707211733681232e-18,10.92935601189039,-7.96393800279704e-20,72.40872152242616,70.95037403385793
23.750000000000913,2050.193165088779,237.9692083070496,-1.5528482589817893e-16,1.109378057641556e-18,13.293787460359797,-1.2702710031117508e-18,10.937698207457258,-7.885842172582049e-20,72.39543869520463,70.95047594091331
23.760000000000915,2050.9162525129386,237.99871392307972,-1.5530447750866903e-16,1.1078514958580572e-18,13.292416185321136,-1.2698317896884926e-18,10.946040862730609,-7.806999621664286e-20,72.38217028153328,70.95057740966452
23.770000000000916,2051.639212643117,238.02809155215556,-1.5532410853828157e-16,1.1063214401630287e-18,13.291044602939488,-1.2694033765207783e-18,10.954383962292763,-7.727425051495922e-20,72.36891628004767,70.95067844024751
23.780000000000918,2052.3620456010453,238.05734123509671,-1.553437190268275e-16,1.1047879992807738e-18,13.289672715978217,-1.268985607260686e-18,10.962727490743347,-7.647133117888738e-20,72.35567668935913,70.95077903279874
23.79000000000092,2053.0847515084406,238.08646301288636,-1.5536330901420379e-16,1.103251281471841e-18,13.288300527198436,-1.2685783258047669e-18,10.971071432699251,-7.566138429816473e-20,72.34245150805474,70.95087918745519
23.80000000000092,2053.807330487006,238.11545692667076,-1.5538287854039006e-16,1.1017113945251185e-18,13.286928039358958,-1.268181376308695e-18,10.97941577279462,-7.484455548233655e-20,72.32924073469738,70.95097890435451
23.810000000000922,2054.5297826584297,238.14432301775895,-1.5540242764544552e-16,1.1001684457500557e-18,13.285555255216318,-1.2677946032017589e-18,10.987760495680822,-7.402098984910945e-20,72.3160443678257,70.95107818363485
23.820000000000924,2055.2521081443856,238.1730613276222,-1.5542195636950566e-16,1.0986225419690057e-18,13.28418217752474,-1.267417851201187e-18,10.996105586026435,-7.3190832012869e-20,72.3028624059542,70.95117702543499
23.830000000000926,2055.9743070665336,238.2016718978937,-1.5544146475277915e-16,1.0970737895096956e-18,13.282808809036164,-1.2670509653263138e-18,11.004451028517202,-7.235422607336164e-20,72.28969484757327,70.95127542989421
23.840000000000927,2056.696379546519,238.23015477036805,-1.5546095283554464e-16,1.0955222941978127e-18,13.281435152500231,-1.2666937909125767e-18,11.012796807856036,-7.151131560454055e-20,72.27654169114918,70.9513733971524
23.85000000000093,2057.4183257059717,238.2585099870009,-1.554804206581476e-16,1.0939681613497162e-18,13.280061210664268,-1.2663461736253515e-18,11.021142908762972,-7.066224364357483e-20,72.26340293512403,70.95147092735004
23.86000000000093,2058.140145666507,238.28673758990857,-1.554998682609972e-16,1.0924114957652716e-18,13.27868698627328,-1.266007959473626e-18,11.029489315975168,-6.980715268002171e-20,72.25027857791598,70.95156802062812
23.870000000000932,2058.861839549726,238.31483762136753,-1.555192956845632e-16,1.0908524017208053e-18,13.277312482069963,-1.2656789948235088e-18,11.03783601424686,-6.894618464516164e-20,72.23716861791902,70.95166467712819
23.880000000000933,2059.583407477214,238.34281012381413,-1.5553870296937292e-16,1.0892909829621816e-18,13.275937700794696,-1.2653591264115754e-18,11.046182988349358,-6.807948090149546e-20,72.22407305350325,70.95176089699243
23.890000000000935,2060.3048495705425,238.3706551398441,-1.5555809015600807e-16,1.0877273426979992e-18,13.274562645185535,-1.2650482013580488e-18,11.054530223071016,-6.720718223240373e-20,72.21099188301466,70.95185668036353
23.900000000000936,2061.026165951266,238.39837271221214,-1.5557745728510176e-16,1.0861615835929061e-18,13.273187317978177,-1.2647460671798191e-18,11.062877703217207,-6.632942883196706e-20,72.19792510477536,70.95195202738476
23.910000000000938,2061.7473567409256,238.42596288383152,-1.555968043973354e-16,1.084593807761041e-18,13.27181172190601,-1.2644525718033007e-18,11.071225413610321,-6.54463602949479e-20,72.1848727170835,70.95204693819989
23.92000000000094,2062.4684220610457,238.4534256977737,-1.5561613153343578e-16,1.0830241167595886e-18,13.270435859700074,-1.2641675635771244e-18,11.079573339089716,-6.455811560693246e-20,72.17183471821326,70.95214141295334
23.93000000000094,2063.1893620331357,238.48076119726792,-1.55635438734172e-16,1.0814526115824544e-18,13.269059734089046,-1.2638908912846686e-18,11.087921464511723,-6.366483313463295e-20,72.158811106415,70.95223545179
23.940000000000943,2063.9101767786897,238.5079694257008,-1.556547260403525e-16,1.0798793926540636e-18,13.267683347799279,-1.2636224041564283e-18,11.096269774749608,-6.276665061634925e-20,72.14580187991517,70.95232905485537
23.950000000000944,2064.630866419186,238.53505042661584,-1.5567399349282212e-16,1.0783045598232696e-18,13.266306703554744,-1.2633619518822187e-18,11.104618254693568,-6.186370515258954e-20,72.13280703691642,70.95242222229548
23.960000000000946,2065.3514310760875,238.56200424371318,-1.5569324113245911e-16,1.0767282123573902e-18,13.264929804077067,-1.2631093846232224e-18,11.112966889250695,-6.095613319684975e-20,72.1198265755975,70.95251495425688
23.970000000000947,2066.071870870841,238.58883092084906,-1.5571246900017232e-16,1.0751504489363533e-18,13.263552652085501,-1.262864553023868e-18,11.121315663344971,-6.004407054655074e-20,72.10686049411348,70.95260725088676
23.98000000000095,2066.7921859248772,238.6155305020355,-1.5573167713689816e-16,1.0735713676469648e-18,13.26217525029694,-1.2626273082235557e-18,11.12966456191724,-5.912765233413309e-20,72.09390879059558,70.95269911233272
23.99000000000095,2067.5123763596116,238.6421030314399,-1.5575086558359785e-16,1.0719910659772887e-18,13.260797601425885,-1.2623975018682104e-18,11.138013569925196,-5.820701301830877e-20,72.08097146315131,70.95279053874305
24.000000000000952,2068.232442296443,238.6685485533845,-1.5577003438125444e-16,1.0704096408111484e-18,13.259419708184472,-1.2621749861216854e-18,11.146362672343358,-5.728228637546918e-20,72.06804850986447,70.95288153026648
24.010000000000954,2068.952383856754,238.69486711234626,-1.5578918357087006e-16,1.068827188422739e-18,13.25804157328244,-1.261959613676997e-18,11.154711854163056,-5.635360549124895e-20,72.05513992879516,70.95297208705236
24.020000000000955,2069.6722011619113,238.7210587529562,-1.5580831319346306e-16,1.0672438044713576e-18,13.256663199427145,-1.261751237767404e-18,11.163061100392413,-5.542110275224485e-20,72.04224571797981,70.95306220925049
24.030000000000957,2070.3918943332646,238.7471235199991,-1.558274232900652e-16,1.0656595839962477e-18,13.255284589323566,-1.2615497121773257e-18,11.17141039605633,-5.448490983788944e-20,72.02936587543121,70.95315189701131
24.04000000000096,2071.1114634921482,238.7730614584131,-1.5584651390171888e-16,1.0640746214115548e-18,13.253905745674242,-1.2613548912530944e-18,11.17975972619646,-5.354515771247855e-20,72.01650039913855,70.95324115048575
24.05000000000096,2071.8309087598786,238.7988726132894,-1.558655850694744e-16,1.0624890105014004e-18,13.252526671179346,-1.2611666299135613e-18,11.188109075871202,-5.260197661735213e-20,72.00364928706742,70.95332996982525
24.06000000000096,2072.550230257757,238.8245570298717,-1.558846368343872e-16,1.0609028444150679e-18,13.25114736853663,-1.2609847836605319e-18,11.196458430155674,-5.165549606322784e-20,71.99081253715985,70.95341835518187
24.070000000000963,2073.2694281070667,238.85011475355589,-1.5590366923751519e-16,1.0593162156622953e-18,13.249767840441429,-1.2608092085890462e-18,11.204807774141711,-5.070584482268675e-20,71.97799014733432,70.95350630670809
24.080000000000965,2073.9885024290747,238.87554582988966,-1.5592268231991594e-16,1.0577292161086898e-18,13.248388089586676,-1.2606397613975066e-18,11.213157092937834,-4.975315092281028e-20,71.96518211548582,70.95359382455703
24.090000000000966,2074.707453345031,238.90085030457215,-1.5594167612264412e-16,1.0561419369712436e-18,13.24700811866286,-1.2604762993976346e-18,11.22150637166924,-4.879754163796806e-20,71.95238843948582,70.9536809088823
24.100000000000968,2075.4262809761685,238.92602822345347,-1.559606506867488e-16,1.0545544688139711e-18,13.245627930358072,-1.2603186805242892e-18,11.229855595477785,-4.7839143482755734e-20,71.93960911718236,70.95376755983807
24.11000000000097,2076.1449854437033,238.95107963253437,-1.5597960605327085e-16,1.0529669015436454e-18,13.244247527357942,-1.2601667633451084e-18,11.23820474952198,-4.6878082205082243e-20,71.9268441464,70.95385377757894
24.12000000000097,2076.863566868834,238.97600457796585,-1.5599854226324022e-16,1.0513793244056535e-18,13.24286691234569,-1.2600204070700103e-18,11.246553818976958,-4.5914482779405616e-20,71.91409352493996,70.95393956226015
24.130000000000972,2077.582025372742,239.00080310604875,-1.560174593576735e-16,1.0497918259799575e-18,13.241486088002086,-1.2598794715605297e-18,11.254902789034475,-4.4948469400116937e-20,71.90135725057999,70.95402491403745
24.140000000000974,2078.3003610765913,239.02547526323337,-1.5603635737757124e-16,1.0482044941771623e-18,13.240105057005456,-1.259743817339e-18,11.263251644902885,-4.398016547507141e-20,71.88863532107453,70.95410983306705
24.150000000000976,2079.018574101528,239.0500210961191,-1.5605523636391544e-16,1.0466174162346944e-18,13.238723822031679,-1.2596133055975842e-18,11.27160037180713,-4.300969361926601e-20,71.87592773415467,70.95419431950575
24.160000000000977,2079.7366645686816,239.07444065145404,-1.5607409635766708e-16,1.0450306787130887e-18,13.23734238575419,-1.259487798207148e-18,11.279948954988729,-4.203717564866293e-20,71.8632344875282,70.95427837351086
24.17000000000098,2080.454632599163,239.0987339761346,-1.560929373997635e-16,1.0434443674923777e-18,13.235960750843956,-1.2593671577259785e-18,11.288297379705762,-4.106273257415807e-20,71.85055557887961,70.9543619952402
24.18000000000098,2081.1724783140653,239.12290111720512,-1.5611175953111596e-16,1.0418585677685916e-18,13.234578919969493,-1.2592512474083526e-18,11.296645631232852,-4.008648459569382e-20,71.83789100587013,70.9544451848521
24.190000000000982,2081.8902018344647,239.14694212185745,-1.5613056279260728e-16,1.0402733640503634e-18,13.233196895796851,-1.2591399312129511e-18,11.304993694861166,-3.9108551096515356e-20,71.82524076613777,70.95452794250544
24.200000000000983,2082.6078032814185,239.1708570374307,-1.5614934722508927e-16,1.038688840155634e-18,13.231814680989595,-1.2590330738111173e-18,11.313341555898383,-3.81290506375697e-20,71.81260485729734,70.95461026835959
24.210000000000985,2083.325282775966,239.19464591141067,-1.5616811286938037e-16,1.0371050792084713e-18,13.230432278208845,-1.258930540594971e-18,11.321689199668697,-3.714810095204687e-20,71.79998327694045,70.95469216257446
24.220000000000987,2084.042640439129,239.21830879142965,-1.5618685976626328e-16,1.035522163635982e-18,13.229049690113225,-1.258832197685364e-18,11.330036611512803,-3.6165818940062034e-20,71.78737602263558,70.95477362531047
24.230000000000988,2084.7598763919104,239.24184572526593,-1.5620558795648248e-16,1.0339401751653367e-18,13.227666919358882,-1.2587379119396894e-18,11.33838377678788,-3.5182320663478267e-20,71.77478309192804,70.95485465672851
24.24000000000099,2085.476990755295,239.26525676084344,-1.5622429748074205e-16,1.0323591948208892e-18,13.226283968599478,-1.2586475509595404e-18,11.346730680867578,-3.419772134086877e-20,71.76220448234005,70.95493525699005
24.25000000000099,2086.193983650249,239.28854194623142,-1.562429883797032e-16,1.0307793029214045e-18,13.224900840486193,-1.2585609830982173e-18,11.355077309142017,-3.321213534261796e-20,71.74964019137077,70.95501542625703
24.260000000000993,2086.91085519772,239.31170132964402,-1.56261660693982e-16,1.0292005790773822e-18,13.223517537667707,-1.258478077468089e-18,11.363423647017761,-3.222567618616051e-20,71.7370902164963,70.95509516469194
24.270000000000994,2087.6276055186377,239.33473495943988,-1.562803144641472e-16,1.0276231021884845e-18,13.222134062790206,-1.2583987039478055e-18,11.371769679917826,-3.1238456531357554e-20,71.7245545551697,70.95517447245773
24.280000000000996,2088.344234733912,239.35764288412184,-1.5629894973071773e-16,1.0260469504410637e-18,13.220750418497383,-1.2583227331893598e-18,11.38011539328165,-3.025058817600921e-20,71.71203320482104,70.95525334971788
24.290000000000997,2089.060742964434,239.38042515233653,-1.5631756653416078e-16,1.0244722013057852e-18,13.219366607430402,-1.2582500366250075e-18,11.388460772565104,-2.926218205150257e-20,71.69952616285741,70.95533179663634
24.300000000001,2089.777130331078,239.40308181287392,-1.563361649148893e-16,1.0228989315353559e-18,13.217982632227956,-1.2581804864740388e-18,11.39680580324046,-2.8273348218594364e-20,71.68703342666296,70.95540981337764
24.310000000001,2090.493396954696,239.4256129146671,-1.5635474491325996e-16,1.0213272171623435e-18,13.216598495526208,-1.2581139557494035e-18,11.405150470796396,-2.728419586332743e-20,71.67455499359889,70.95548740010678
24.320000000001002,2091.2095429561227,239.4480185067918,-1.56373306569571e-16,1.0197571334970965e-18,13.21521419995879,-1.2580503182641895e-18,11.413494760737985,-2.6294833293080027e-20,71.66209086100353,70.95556455698926
24.330000000001004,2091.925568456174,239.47029863846606,-1.563918499240599e-16,1.0181887551257628e-18,13.21382974815685,-1.2579894486379666e-18,11.421838658586678,-2.5305367932747314e-20,71.64964102619234,70.95564128419102
24.340000000001005,2092.6414735756453,239.49245335904982,-1.5641037501690154e-16,1.0166221559083983e-18,13.212445142748987,-1.2579312223029723e-18,11.430182149880308,-2.431590632105401e-20,71.63720548645792,70.9557175818786
24.350000000001007,2093.3572584353133,239.51448271804463,-1.564288818882058e-16,1.015057408977178e-18,13.211060386361284,-1.257875515510169e-18,11.438525220173066,-2.332655410699732e-20,71.62478423907004,70.95579345021899
24.36000000000101,2094.072923155935,239.53638676509323,-1.5644737057801568e-16,1.0134945867346946e-18,13.209675481617307,-1.2578222053351476e-18,11.446867855035512,-2.2337416046419395e-20,71.6123772812757,70.95586888937972
24.37000000000101,2094.7884678582477,239.55816554997918,-1.564658411263052e-16,1.0119337608523551e-18,13.208290431138062,-1.2577711696838982e-18,11.455210040054544,-2.1348595998708273e-20,71.59998461029913,70.9559438995287
24.38000000000101,2095.503892662969,239.5798191226265,-1.564842935729773e-16,1.0103750022688708e-18,13.206905237542042,-1.257722287298436e-18,11.463551760833413,-2.0360196923626537e-20,71.58760622334181,70.95601848083447
24.390000000001013,2096.219197690797,239.60134753309933,-1.5650272795786188e-16,1.0088183811888373e-18,13.205519903445204,-1.2576754377622893e-18,11.471893002991697,-1.9372320878266704e-20,71.57524211758252,70.95609263346599
24.400000000001015,2096.93438306241,239.62275083160154,-1.5652114432071382e-16,1.0072639670814082e-18,13.204134431460936,-1.2576305015058445e-18,11.480233752165306,-1.8385069014132547e-20,71.56289229017732,70.95616635759274
24.410000000001016,2097.649448898465,239.64402906847639,-1.56539542701211e-16,1.0057118286790575e-18,13.202748824200112,-1.257587359811559e-18,11.488573994006469,-1.7398541574345265e-20,71.55055673825964,70.95623965338464
24.420000000001018,2098.3643953196006,239.66518229420612,-1.5655792313895234e-16,1.0041620339764342e-18,13.201363084271037,-1.2575458948190311e-18,11.496913714183732,-1.6412837890973853e-20,71.53823545894026,70.9563125210122
24.43000000000102,2099.0792224464344,239.68621055941165,-1.565762856734559e-16,1.0026146502293092e-18,13.199977214279478,-1.2575059895299374e-18,11.505252898381944,-1.5428056382488446e-20,71.52592844930736,70.9563849606463
24.44000000000102,2099.793930399564,239.7071139148522,-1.56594630344157e-16,1.0010697439536032e-18,13.198591216828639,-1.2574675278128284e-18,11.513591532302263,-1.4444294551336018e-20,71.51363570642651,70.95645697245841
24.450000000001022,2100.508519299566,239.7278924114249,-1.5661295719040624e-16,9.995273809245098e-19,13.197205094519164,-1.2574303944077948e-18,11.521929601662132,-1.3461648981637268e-20,71.50135722734076,70.95652855662041
24.460000000001024,2101.2229892669975,239.74854610016448,-1.5663126625146784e-16,9.979876261757035e-19,13.195818849949141,-1.257394474930997e-18,11.530267092195292,-1.2480215337003925e-20,71.48909300907059,70.95659971330474
24.470000000001026,2101.937340422394,239.76907503224285,-1.5664955756651759e-16,9.96450543998636e-19,13.194432485714106,-1.25735965587906e-18,11.53860398965176,-1.1500088358475438e-20,71.47684304861401,70.95667044268424
24.480000000001027,2102.6515728862705,239.7894792589688,-1.5666783117464121e-16,9.949161979419129e-19,13.193046004406995,-1.2573258246333348e-18,11.546940279797843,-1.05213618625742e-20,71.46460734294656,70.95674074493228
24.49000000000103,2103.365686779122,239.80975883178766,-1.566860871148325e-16,9.93384650810765e-19,13.19165940861821,-1.2572928694640325e-18,11.555275948416117,-9.544128739478303e-21,71.45238588902126,70.95681062022271
24.50000000000103,2104.0796822214215,239.8299138022808,-1.5670432542599154e-16,9.918559646665944e-19,13.190272700935564,-1.2572606795342205e-18,11.563610981305423,-8.56848095131086e-21,71.44017868376879,70.95688006872984
24.510000000001032,2104.793559333622,239.8499442221655,-1.5672254614692302e-16,9.903302008266127e-19,13.188885883944305,-1.2572291449036946e-18,11.571945364280875,-7.594509530545072e-21,71.42798572409738,70.95694909062848
24.520000000001033,2105.507318236155,239.8698501432944,-1.567407493163345e-16,9.888074198635542e-19,13.18749896022709,-1.2571981565327143e-18,11.580279083173842,-6.622304578523916e-21,71.4158070068929,70.95701768609395
24.530000000001035,2106.220959049431,239.88963161765525,-1.5675893497283471e-16,9.872876816054796e-19,13.186111932364009,-1.257167606285618e-18,11.588612123831952,-5.6519552640936566e-21,71.40364252901888,70.95708585530191
24.540000000001037,2106.9344818938384,239.90928869737053,-1.5677710315493188e-16,9.857710451356538e-19,13.184724802932552,-1.257137386934301e-18,11.596944472119088,-4.683549822350112e-21,71.39149228731651,70.95715359842868
24.550000000001038,2107.647886889746,239.92882143469708,-1.567952539010321e-16,9.842575687925103e-19,13.18333757450764,-1.2571073921615759e-18,11.605276113915373,-3.71717555349678e-21,71.37935627860473,70.95722091565092
24.56000000000104,2108.3611741574996,239.94822988202583,-1.5681338724943765e-16,9.827473101696915e-19,13.181950249661604,-1.2570775165643981e-18,11.613607035117191,-2.7529188218138464e-21,71.3672344996802,70.95728780714582
24.57000000000104,2109.0743438174236,239.9675140918813,-1.5683150323834546e-16,9.812403261161723e-19,13.180562830964178,-1.2570476556569715e-18,11.621937221637157,-1.790865054737097e-21,71.3551269473173,70.95735427309101
24.580000000001043,2109.787395989821,239.98667411692136,-1.5684960190584552e-16,9.797366727364577e-19,13.179175320982505,-1.2570177058737288e-18,11.63026665940413,-8.310987420457832e-22,71.34303361826824,70.95742031366464
24.590000000001044,2110.5003307949733,240.00571000993693,-1.5686768328991928e-16,9.782364053908626e-19,13.17778772228114,-1.2569875645721844e-18,11.638595334363208,1.2629656484153912e-22,71.33095450926304,70.95748592904525
24.600000000001046,2111.21314835314,240.02462182385148,-1.5688574742843814e-16,9.767395786958635e-19,13.176400037422033,-1.25695713003567e-18,11.646923232475727,1.0812382534641538e-21,71.31888961700955,70.95755111941195
24.610000000001047,2111.9258487845577,240.0434096117208,-1.5690379435916192e-16,9.75246246524534e-19,13.175012268964526,-1.2569263014759439e-18,11.655250339719247,2.0336446508103014e-21,71.3068389381935,70.9576158849442
24.62000000000105,2112.6384322094423,240.06207342673258,-1.569218241197374e-16,9.737564620070477e-19,13.173624419465378,-1.2568949790356819e-18,11.66357664208757,2.983435023703234e-21,71.29480246947851,70.95768022582203
24.63000000000105,2113.350898747987,240.08061332220615,-1.5693983674769683e-16,9.722702775312619e-19,13.17223649147873,-1.256863063790847e-18,11.671902125590718,3.930529579083185e-21,71.28278020750612,70.95774414222588
24.640000000001052,2114.0632485203623,240.09902935159204,-1.569578322804565e-16,9.707877447433729e-19,13.170848487556121,-1.2568304577529408e-18,11.680226776254948,4.874849464186239e-21,71.27077214889582,70.95780763433665
24.650000000001054,2114.7754816467173,240.1173215684717,-1.569758107553153e-16,9.693089145486444e-19,13.16946041024648,-1.2567970638711326e-18,11.68855058012274,5.816316766621065e-21,71.25877829024509,70.95787070233573
24.660000000001055,2115.4875982471776,240.13549002655716,-1.5699377220945328e-16,9.67833837112209e-19,13.168072262096128,-1.256762786034278e-18,11.696873523252801,6.754854514344524e-21,71.2467986281294,70.95793334640493
24.670000000001057,2116.1995984418472,240.1535347796906,-1.5701171667993037e-16,9.66362561859942e-19,13.166684045648765,-1.256727529072813e-18,11.705195591720065,7.690386675537091e-21,71.23483315910224,70.95799556672655
24.68000000000106,2116.9114823508066,240.17145588184414,-1.5702964420368495e-16,9.64895137479405e-19,13.165295763445492,-1.2566911987605405e-18,11.713516771615687,8.622838158379121e-21,71.22288187969517,70.95805736348338
24.69000000000106,2117.6232500941137,240.18925338711938,-1.5704755481753253e-16,9.634316119208605e-19,13.163907418024769,-1.2566537018162935e-18,11.721837049047046,9.552134810728895e-21,71.21094478641784,70.95811873685858
24.70000000000106,2118.334901791804,240.20692734974713,-1.5706544855816442e-16,9.619720323983573e-19,13.162519011922456,-1.256614945905493e-18,11.730156410137747,1.0478203419703484e-20,71.199021875758,70.95817968703584
24.710000000001063,2119.0464375638894,240.22447782408705,-1.5708332546214644e-16,9.605164453908822e-19,13.161130547671792,-1.2565748396415862e-18,11.73847484102762,1.1400971711163369e-20,71.18711314418154,70.95824021419925
24.720000000001065,2119.7578575303596,240.2419048646273,-1.5710118556591773e-16,9.590648966435803e-19,13.159742027803379,-1.2565332925873747e-18,11.746792327872711,1.2320368349101821e-20,71.17521858813254,70.95830031853343
24.730000000001066,2120.46916181118,240.2592085259842,-1.5711902890578936e-16,9.576174311690446e-19,13.15835345484521,-1.2564902152562338e-18,11.755108856845304,1.323632293494006e-20,71.16333820403321,70.95836000022337
24.740000000001068,2121.1803505262938,240.27638886290194,-1.5713685551794324e-16,9.561740932486695e-19,13.15696483132264,-1.2564455191132192e-18,11.763424414133897,1.4148766006729105e-20,71.15147198828406,70.95841925945454
24.75000000000107,2121.89142379562,240.29344593025212,-1.5715466543843084e-16,9.547349264340732e-19,13.155576159758409,-1.2563991165760646e-18,11.771738985943216,1.5057629038259388e-20,71.13961993726379,70.95847809641288
24.76000000000107,2122.602381739055,240.3103797830336,-1.5717245870317203e-16,9.532999735485796e-19,13.154187442672608,-1.2563509210160722e-18,11.780052558494216,1.5962844438079057e-20,71.1277820473294,70.95853651128476
24.770000000001072,2123.313224476471,240.32719047637195,-1.571902353479539e-16,9.518692766887708e-19,13.152798682582718,-1.2563008467588938e-18,11.788365118024076,1.6864345548421986e-20,71.1159583148162,70.95859450425704
24.780000000001074,2124.0239521277167,240.34387806551933,-1.5720799540842966e-16,9.504428772260996e-19,13.151409882003573,-1.2562488090852076e-18,11.796676650786216,1.7762066644046485e-20,71.10414873603779,70.9586520755169
24.790000000001076,2124.734564812617,240.36044260585402,-1.5722573892011748e-16,9.490208158085636e-19,13.150021043447378,-1.256194724231288e-18,11.804987143050276,1.8655942930985643e-20,71.09235330728616,70.95870922525211
24.800000000001077,2125.445062650973,240.37688415288005,-1.5724346591839942e-16,9.476031323624453e-19,13.148632169423689,-1.2561385093894705e-18,11.81329658110213,1.9545910545210385e-20,71.08057202483168,70.95876595365083
24.81000000000108,2126.1554457625616,240.39320276222702,-1.5726117643852035e-16,9.461898660941099e-19,13.147243262439446,-1.2560800827085154e-18,11.821604951243893,2.0431906551206144e-20,71.06880488492313,70.95882226090161
24.82000000000108,2126.8657142671364,240.40939848964962,-1.5727887051558689e-16,9.447810554918644e-19,13.145854324998936,-1.256019363293865e-18,11.829912239793911,2.1313868940464163e-20,71.05705188378774,70.95887814719357
24.830000000001082,2127.5758682844257,240.4254713910274,-1.5729654818456639e-16,9.433767383278764e-19,13.144465359603803,-1.2559562712078017e-18,11.838218433086777,2.2191736629888465e-20,71.04531301763117,70.95893361271612
24.840000000001083,2128.2859079341342,240.44142152236435,-1.573142094802859e-16,9.419769516601537e-19,13.143076368753055,-1.2558907274695044e-18,11.846523517473315,2.306544946011935e-20,71.03358828263762,70.95898865765923
24.850000000001085,2128.9958333359423,240.45724893978866,-1.5733185443743121e-16,9.40581731834579e-19,13.141687354943056,-1.255822654055005e-18,11.85482747932061,2.393494819377455e-20,71.02187767496979,70.95904328221322
24.860000000001087,2129.7056446095057,240.4729536995523,-1.5734948309054586e-16,9.39191114487004e-19,13.140298320667517,-1.2557519738970457e-18,11.863130305011982,2.4800174513608926e-20,71.01018119076892,70.9590974865689
24.870000000001088,2130.4153418744554,240.48853585803082,-1.5736709547403015e-16,9.378051345454004e-19,13.138909268417517,-1.2556786108848392e-18,11.871431980947008,2.5661071020593723e-20,70.99849882615484,70.95915127091752
24.88000000000109,2131.124925250398,240.50399547172282,-1.5738469162214032e-16,9.364238262320643e-19,13.137520200681472,-1.25560248986373e-18,11.879732493541521,2.6517581231916357e-20,70.98683057722599,70.95920463545072
24.89000000000109,2131.8343948569154,240.51933259724981,-1.5740227156898756e-16,9.350472230658798e-19,13.136131119945158,-1.2555235366347614e-18,11.888031829227605,2.736964957890171e-20,70.97517644005941,70.9592575803606
24.900000000001093,2132.5437508135647,240.5345472913558,-1.5741983534853712e-16,9.33675357864634e-19,13.134742028691706,-1.2554416779541473e-18,11.89632997445361,2.821722140485592e-20,70.96353641071089,70.95931010583972
24.910000000001094,2133.252993239877,240.549639610907,-1.5743738299460748e-16,9.323082627473852e-19,13.133352929401573,-1.2553568415326458e-18,11.904626915684155,2.906024296283371e-20,70.9519104852148,70.95936221208102
24.920000000001096,2133.9621222553596,240.56460961289147,-1.574549145408695e-16,9.309459691368885e-19,13.131963824552587,-1.2552689560348472e-18,11.912922639400126,2.9898661413330033e-20,70.94029865958424,70.95941389927789
24.930000000001098,2134.6711379794942,240.57945735441876,-1.5747243002084558e-16,9.295885077620686e-19,13.13057471661992,-1.2551779510783634e-18,11.921217132098676,3.073242482189722e-20,70.92870092981114,70.95946516762417
24.9400000000011,2135.3800405317374,240.5941828927197,-1.574899294679089e-16,9.282359086605448e-19,13.129185608076066,-1.255083757232925e-18,11.929510380293246,3.1561482156688495e-20,70.91711729186613,70.95951601731413
24.9500000000011,2136.08883003152,240.6087862851459,-1.5750741291528253e-16,9.26888201181212e-19,13.127796501390895,-1.254986306019396e-18,11.937802370513557,3.2385783285928904e-20,70.90554774169867,70.9595664485424
24.960000000001102,2136.7975065982473,240.62326758916964,-1.5752488039603882e-16,9.255454139868622e-19,13.126407399031597,-1.2548855299086885e-18,11.946093089305615,3.3205278975314505e-20,70.89399227523701,70.9596164615041
24.970000000001104,2137.506070351299,240.6376268623834,-1.575423319430985e-16,9.242075750568661e-19,13.125018303462712,-1.2547813623205977e-18,11.954382523231724,3.401992088534088e-20,70.88245088838829,70.95966605639478
24.980000000001105,2138.21452141003,240.65186416249955,-1.5755976758923009e-16,9.22874711689893e-19,13.123629217146114,-1.254673737622544e-18,11.962670658870476,3.4829661568561873e-20,70.87092357703851,70.95971523341036
24.990000000001107,2138.9228598937684,240.66597954735008,-1.5757718736704906e-16,9.215468505066887e-19,13.122240142541036,-1.2545625911282317e-18,11.970957482816774,3.5634454466779664e-20,70.85941033705264,70.95976399274724
25.00000000000111,2139.6310859218165,240.67997307488622,-1.575945913090173e-16,9.202240174528892e-19,13.120851082104025,-1.254447859096217e-18,11.979242981681821,3.6434253908166904e-20,70.84791116427449,70.9598123346022
25.01000000000111,2140.3391996134515,240.6938448031782,-1.5761197944744233e-16,9.189062378018906e-19,13.119462038288978,-1.2543294787283998e-18,11.987527142093144,3.7229015104322045e-20,70.83642605452694,70.95986025917247
25.02000000000111,2141.047201087923,240.70759479041482,-1.5762935181447672e-16,9.175935361577598e-19,13.118073013547129,-1.2542073881684226e-18,11.99580995069458,3.801869414725877e-20,70.82495500361179,70.95990776665568
25.030000000001113,2141.755090464456,240.72122309490325,-1.576467084421174e-16,9.162859364581903e-19,13.116684010327047,-1.2540815264999936e-18,12.004091394146293,3.8803248006330456e-20,70.81349800730992,70.95995485724985
25.040000000001115,2142.462867862248,240.73472977506862,-1.5766404936220519e-16,9.149834619775032e-19,13.11529503107464,-1.253951833745123e-18,12.012371459124779,3.958263452509065e-20,70.80205506138122,70.96000153115352
25.050000000001116,2143.170533400471,240.74811488945372,-1.57681374606424e-16,9.136861353296908e-19,13.113906078233134,-1.2538182508622808e-18,12.020650132322874,4.0356812418090524e-20,70.79062616156469,70.9600477885655
25.060000000001118,2143.87808719827,240.76137849671872,-1.5769868420630049e-16,9.12393978471504e-19,13.112517154243111,-1.253680719744476e-18,12.028927400449751,4.1125741267614124e-20,70.77921130357842,70.96009362968513
25.07000000000112,2144.585529374763,240.77452065564086,-1.5771597819320332e-16,9.111070127055803e-19,13.11112826154247,-1.2535391832172518e-18,12.03720325023094,4.1889381520352586e-20,70.76781048311963,70.96013905471213
25.08000000000112,2145.2928600490427,240.78754142511403,-1.5773325659834281e-16,9.09825258683614e-19,13.10973940256645,-1.253393585036611e-18,12.045477668408317,4.264769448401803e-20,70.75642369586475,70.96018406384657
25.090000000001123,2146.0000793401737,240.8004408641486,-1.5775051945277025e-16,9.085487364095672e-19,13.108350579747617,-1.2532438698868538e-18,12.05375064174013,4.340064232389821e-20,70.74505093746937,70.96022865728904
25.100000000001124,2146.7071873671935,240.813219031871,-1.5776776678737753e-16,9.072774652429204e-19,13.10696179551587,-1.2530899833783486e-18,12.062022157000996,4.4148188059352796e-20,70.73369220356831,70.96027283524049
25.110000000001126,2147.4141842491135,240.82587598752343,-1.5778499863289662e-16,9.060114639019603e-19,13.105573052298428,-1.2529318720452209e-18,12.070292200981907,4.489029556025228e-20,70.72234748977561,70.96031659790222
25.120000000001127,2148.121070104918,240.8384117904636,-1.578022150198991e-16,9.047507504671106e-19,13.104184352519848,-1.252769483342975e-18,12.078560760490232,4.562692954336023e-20,70.71101679168467,70.96035994547606
25.13000000000113,2148.8278450535636,240.8508265001643,-1.5781941597879578e-16,9.034953423842965e-19,13.102795698602023,-1.2526027656460347e-18,12.086827822349747,4.6358055568660215e-20,70.69970010486813,70.96040287816415
25.14000000000113,2149.5345092139796,240.8631201762132,-1.578366015398362e-16,9.022452564683472e-19,13.101407092964152,-1.2524316682452153e-18,12.095093373400612,4.708364003562792e-20,70.68839742487795,70.96044539616906
25.150000000001132,2150.2410627050676,240.8752928783125,-1.578537717331083e-16,9.01000508906435e-19,13.100018538022777,-1.2522561413451262e-18,12.103357400499402,4.780365017944947e-20,70.67710874724554,70.96048749969377
25.160000000001133,2150.9475056457027,240.88734466627864,-1.57870926588538e-16,8.997611152615527e-19,13.098630036191764,-1.2520761360614993e-18,12.111619890519098,4.851805406718712e-20,70.66583406748164,70.96052918894166
25.170000000001135,2151.653838154731,240.89927560004188,-1.5788806613588885e-16,8.98527090476021e-19,13.097241589882307,-1.2518916044184494e-18,12.119880830349112,4.9226820593892905e-20,70.65457338107642,70.96057046411656
25.180000000001137,2152.3600603509726,240.91108573964615,-1.5790519040476166e-16,8.97298448875032e-19,13.095853201502909,-1.251702499345664e-18,12.128140206895285,4.992991947867132e-20,70.64332668349951,70.9606113254226
25.190000000001138,2153.066172353218,240.92277514524866,-1.5792229942459422e-16,8.960752041702299e-19,13.094464873459408,-1.251508774675529e-18,12.13639800707989,5.0627321260691904e-20,70.63209397020002,70.96065177306441
25.20000000000114,2153.772174280231,240.93434387711955,-1.5793939322466093e-16,8.94857369463321e-19,13.093076608154977,-1.2513103851401881e-18,12.144654217841648,5.131899729515264e-20,70.62087523660657,70.96069180724696
25.21000000000114,2154.4780662507465,240.94579199564163,-1.5795647183407257e-16,8.936449572497147e-19,13.091688407990091,-1.251107286368527e-18,12.152908826135732,5.2004919749195003e-20,70.6096704781273,70.96073142817563
25.220000000001143,2155.1838483834717,240.95711956131012,-1.5797353528177592e-16,8.924379794222005e-19,13.090300275362562,-1.2508994348831073e-18,12.161161818933788,5.268506159777169e-20,70.59847969014996,70.96077063605624
25.230000000001144,2155.889520797086,240.96832663473225,-1.5799058359655363e-16,8.912364472746524e-19,13.088912212667523,-1.2506867880970226e-18,12.16941318322392,5.335939661946774e-20,70.58730286804186,70.96080943109493
25.240000000001146,2156.5950836102397,240.979413276627,-1.5800761680702387e-16,8.900403715057647e-19,13.087524222297416,-1.2504693043107e-18,12.177662906010719,5.402789939227603e-20,70.57614000714996,70.96084781349828
25.250000000001148,2157.300536941555,240.9903795478248,-1.5802463494164017e-16,8.888497622228173e-19,13.086136306642024,-1.250246942708638e-18,12.185910974315268,5.469054528932813e-20,70.56499110280083,70.96088578347329
25.26000000000115,2158.0058809096254,241.00122550926716,-1.5804163802869118e-16,8.876646289454707e-19,13.084748468088435,-1.2500196633560802e-18,12.194157375175141,5.534731047458112e-20,70.55385615030075,70.96092334122727
25.27000000000115,2158.7111156330157,241.01195122200647,-1.580586260963005e-16,8.864849806095872e-19,13.083360709021063,-1.24978742719563e-18,12.202402095644423,5.599817189846142e-20,70.54273514493572,70.960960486968
25.280000000001152,2159.416241230262,241.02255674720564,-1.5807559917242649e-16,8.853108255710818e-19,13.081973031821635,-1.2495501960438072e-18,12.210645122793716,5.664310729346662e-20,70.53162808197149,70.96099722090366
25.290000000001154,2160.1212578198724,241.03304214613775,-1.5809255728486208e-16,8.841421716098002e-19,13.08058543886921,-1.249307932587547e-18,12.218886443710145,5.728209516972598e-20,70.52053495665352,70.96103354324273
25.300000000001155,2160.8261655203246,241.04340748018583,-1.5810950046123473e-16,8.829790259334189e-19,13.079197932540149,-1.249060600380634e-18,12.227126045497368,5.791511481052034e-20,70.50945576420715,70.96106945419415
25.310000000001157,2161.530964450068,241.05365281084252,-1.5812642872900616e-16,8.81821395181378e-19,13.07781051520815,-1.2488081638400926e-18,12.235363915275592,5.854214626776274e-20,70.49839049983748,70.96110495396724
25.32000000000116,2162.235654727523,241.06377819970976,-1.5814334211547237e-16,8.806692854288332e-19,13.076423189244217,-1.2485505882425072e-18,12.243600040181578,5.916317035744021e-20,70.48733915872951,70.96114004277167
25.33000000000116,2162.94023647108,241.07378370849847,-1.5816024064776344e-16,8.795227021906337e-19,13.075035957016667,-1.248287839720296e-18,12.251834407368644,5.977816865501763e-20,70.47630173604811,70.96117472081757
25.34000000000116,2163.644709799101,241.08366939902828,-1.5817712435284355e-16,8.78381650425325e-19,13.073648820891142,-1.2480198852579308e-18,12.260067004006691,6.038712349080471e-20,70.46527822693807,70.96120898831536
25.350000000001163,2164.3490748299173,241.09343533322726,-1.5819399325751084e-16,8.772461345391744e-19,13.072261783230601,-1.2477466926881003e-18,12.268297817282198,6.099001794528674e-20,70.45426862652408,70.9612428454759
25.360000000001165,2165.053331681832,241.10308157313156,-1.5821084738839744e-16,8.761161583902175e-19,13.070874846395311,-1.247468230687821e-18,12.276526834398235,6.158683584441991e-20,70.44327292991092,70.96127629251043
25.370000000001166,2165.757480473117,241.11260818088513,-1.5822768677196932e-16,8.749917252923296e-19,13.069488012742868,-1.2471844687745019e-18,12.28475404257448,6.217756175489234e-20,70.43229113218324,70.96130932963058
25.380000000001168,2166.4615213220163,241.1220152187394,-1.582445114345264e-16,8.73872838019313e-19,13.06810128462817,-1.2468953773019505e-18,12.292979429047229,6.276218097935114e-20,70.4213232284058,70.9613419570483
25.39000000000117,2167.1654543467425,241.13130274905302,-1.582613214022025e-16,8.727594988090113e-19,13.066714664403433,-1.2466009274563364e-18,12.301202981069387,6.334067955159679e-20,70.41036921362341,70.96137417497602
25.40000000000117,2167.8692796654786,241.14047083429156,-1.5827811670096528e-16,8.71651709367441e-19,13.065328154418195,-1.2463010912521046e-18,12.309424685910512,6.39130442317454e-20,70.39942908286098,70.96140598362643
25.410000000001173,2168.5729973963776,241.1495195370272,-1.5829489735661643e-16,8.705494708729387e-19,13.063941757019302,-1.245995841527836e-18,12.317644530856798,6.447926250135985e-20,70.38850283112349,70.9614373832127
25.420000000001174,2169.276607657562,241.1584489199384,-1.5831166339479159e-16,8.694527839803334e-19,13.062555474550908,-1.2456851519420657e-18,12.325862503211093,6.503932255855017e-20,70.37759045339614,70.9614683739483
25.430000000001176,2169.980110567125,241.16725904580963,-1.583284148409604e-16,8.683616488251331e-19,13.061169309354487,-1.2453689969690562e-18,12.33407859029292,6.559321331304468e-20,70.36669194464426,70.96149895604717
25.440000000001177,2170.683506243128,241.1759499775311,-1.583451517204267e-16,8.672760650277308e-19,13.059783263768834,-1.245047351894522e-18,12.34229277943847,6.614092438123208e-20,70.3558072998134,70.96152912972349
25.45000000000118,2171.3867948036022,241.18452177809846,-1.583618740583285e-16,8.661960316976253e-19,13.058397340130036,-1.2447201928113081e-18,12.350505058000627,6.668244608117539e-20,70.34493651382941,70.96155889519193
25.46000000000118,2172.0899763665493,241.19297451061243,-1.5837858187963811e-16,8.651215474376607e-19,13.057011540771512,-1.2443874966150316e-18,12.358715413348973,6.721776942759897e-20,70.3340795815983,70.9615882526675
25.470000000001182,2172.793051049939,241.2013082382786,-1.5839527520916226e-16,8.640526103482787e-19,13.05562586802398,-1.2440492409996734e-18,12.3669238328698,6.774688612684866e-20,70.3232364980065,70.9616172023655
25.480000000001183,2173.496018971711,241.2095230244071,-1.5841195407154226e-16,8.629892180317921e-19,13.054240324215481,-1.243705404453134e-18,12.375130303966126,6.826978857182655e-20,70.31240725792064,70.96164574450175
25.490000000001185,2174.198880249773,241.21761893241228,-1.5842861849125409e-16,8.619313675966654e-19,13.05285491167136,-1.243355966252742e-18,12.383334814057696,6.878646983690057e-20,70.30159185618781,70.96167387929232
25.500000000001187,2174.901635002004,241.22559602581245,-1.5844526849260862e-16,8.608790556618131e-19,13.051469632714268,-1.243000906460729e-18,12.391537350581007,6.929692367279011e-20,70.29079028763545,70.96170160695368
25.510000000001188,2175.6042833462484,241.23345436822956,-1.5846190409975175e-16,8.598322783609129e-19,13.050084489664167,-1.2426402059196589e-18,12.399737900989305,6.980114450142807e-20,70.2800025470714,70.96172892770267
25.52000000000119,2176.3068254003224,241.24119402338894,-1.5847852533666462e-16,8.587910313467307e-19,13.048699484838343,-1.242273846247824e-18,12.4079364527526,7.029912741080039e-20,70.269228629284,70.96175584175653
25.53000000000119,2177.0092612820094,241.24881505511902,-1.5849513222716373e-16,8.57755309795455e-19,13.04731462055138,-1.2419018098346007e-18,12.41613299335769,7.079086814976362e-20,70.25846852904203,70.96178234933281
25.540000000001193,2177.711591109062,241.25631752735097,-1.5851172479490126e-16,8.567251084110478e-19,13.045929899115173,-1.2415240798357655e-18,12.424327510308158,7.127636312284138e-20,70.24772224109478,70.96180845064944
25.550000000001194,2178.4138149992004,241.26370150411847,-1.5852830306336523e-16,8.557004214296031e-19,13.044545322838923,-1.241140640168782e-18,12.432519991124394,7.175560938500041e-20,70.23698976017208,70.96183414592473
25.560000000001196,2179.115933070114,241.27096704955738,-1.5854486705587979e-16,8.54681242623719e-19,13.043160894029151,-1.2407514755080465e-18,12.440710423343592,7.222860463640681e-20,70.22627108098435,70.96185943537733
25.570000000001198,2179.8179454394594,241.2781142279055,-1.585614167956054e-16,8.536675653068774e-19,13.041776614989674,-1.2403565712801001e-18,12.448898794519783,7.269534721716366e-20,70.21556619822256,70.9618843192263
25.5800000000012,2180.519852224863,241.2851431035022,-1.585779523055391e-16,8.52659382337834e-19,13.040392488021622,-1.2399559136588106e-18,12.45708509222383,7.315583610203002e-20,70.20487510655836,70.96190879769097
25.5900000000012,2181.2216535439175,241.29205374078828,-1.5859447360851495e-16,8.516566861250188e-19,13.03900851542343,-1.239549489560516e-18,12.465269304043447,7.361007089512279e-20,70.19419780064403,70.96193287099113
25.600000000001202,2181.923349514185,241.29884620430548,-1.5861098072720408e-16,8.506594686309436e-19,13.037624699490843,-1.239137286639143e-18,12.473451417583208,7.405805182460157e-20,70.18353427511256,70.96195653934683
25.610000000001204,2182.624940253194,241.30552055869637,-1.5862747368411514e-16,8.496677213766171e-19,13.036241042516911,-1.2387192932812858e-18,12.481631420464566,7.449977973733755e-20,70.17288452457763,70.96197980297853
25.620000000001205,2183.3264258784416,241.31207686870397,-1.5864395250159459e-16,8.48681435445969e-19,13.034857546791999,-1.2382954986012622e-18,12.489809300325856,7.493525609356697e-20,70.16224854363367,70.9620026621071
25.630000000001207,2184.0278065073926,241.31851519917143,-1.5866041720182697e-16,8.477006014902804e-19,13.033474214603759,-1.2378658924361343e-18,12.497985044822316,7.536448296152996e-20,70.15162632685592,70.96202511695364
25.64000000000121,2184.729082257479,241.32483561504188,-1.5867686780683536e-16,8.467252097326196e-19,13.032091048237161,-1.2374304653407036e-18,12.506158641626094,7.578746301209538e-20,70.14101786880043,70.96204716773967
25.65000000000121,2185.4302532461006,241.331038181358,-1.586933043384816e-16,8.457552499722868e-19,13.030708049974493,-1.2369892085824766e-18,12.514330078426257,7.620419951337252e-20,70.13042316400401,70.96206881468711
25.66000000000121,2186.1313195906237,241.3371229632618,-1.5870972681846672e-16,8.447907115892585e-19,13.029325222095318,-1.236542114136603e-18,12.522499342928812,7.661469632530978e-20,70.11984220698446,70.96209005801816
25.670000000001213,2186.832281408382,241.34309002599437,-1.587261352683313e-16,8.438315835486431e-19,13.02794256687653,-1.2360891746807876e-18,12.530666422856719,7.701895789428193e-20,70.1092749922404,70.96211089795538
25.680000000001215,2187.533138816678,241.34893943489553,-1.587425297094559e-16,8.428778544051383e-19,13.026560086592314,-1.2356303835901764e-18,12.538831305949891,7.741698924766594e-20,70.0987215142514,70.9621313347217
25.690000000001216,2188.233891932778,241.35467125540353,-1.5875891016306133e-16,8.419295123074904e-19,13.025177783514165,-1.2351657349322172e-18,12.546993979965222,7.780879598840594e-20,70.08818176747799,70.96215136854038
25.700000000001218,2188.934540873918,241.3602855530549,-1.5877527665020923e-16,8.409865450029595e-19,13.023795659910872,-1.2346952234614947e-18,12.555154432676586,7.819438428956871e-20,70.07765574636171,70.96217099963508
25.71000000000122,2189.6350857572997,241.36578239348398,-1.5879162919180235e-16,8.400489398417873e-19,13.022413718048531,-1.2342188446145453e-18,12.56331265187486,7.857376088888957e-20,70.06714344532512,70.96219022822976
25.72000000000122,2190.335526700091,241.3711618424228,-1.5880796780858506e-16,8.391166837816677e-19,13.021031960190557,-1.2337365945046466e-18,12.571468625367942,7.894693308330983e-20,70.05664485877178,70.96220905454867
25.730000000001223,2191.0358638194275,241.37642396570067,-1.5882429252114374e-16,8.381897633922162e-19,13.019650388597636,-1.2332484699165827e-18,12.579622340980743,7.931390872350612e-20,70.04615998108639,70.96222747881653
25.740000000001224,2191.7360972324104,241.38156882924403,-1.5884060334990727e-16,8.372681648594442e-19,13.01826900552778,-1.2327544683013938e-18,12.587773786555216,7.967469620841243e-20,70.0356888066348,70.96224550125832
25.750000000001226,2192.436227056108,241.38659649907603,-1.588569003151475e-16,8.363518739902354e-19,13.016887813236297,-1.2322545877710993e-18,12.595922949950365,8.002930447973567e-20,70.02523132976388,70.96226312209942
25.760000000001227,2193.1362534075533,241.39150704131637,-1.588731834369796e-16,8.354408762168166e-19,13.015506813975783,-1.2317488270934045e-18,12.604069819042266,8.037774301646473e-20,70.0147875448018,70.96228034156545
25.77000000000123,2193.8361764037477,241.39630052218092,-1.5888945273536277e-16,8.345351566012349e-19,13.01412600999615,-1.231237185686386e-18,12.612214381724066,8.07200218293744e-20,70.00435744605787,70.96229715988247
25.78000000000123,2194.5359961616573,241.40097700798154,-1.5890570823010054e-16,8.336346998398318e-19,13.012745403544605,-1.2307196636131603e-18,12.620356625906002,8.105615145552438e-20,69.99394102782266,70.96231357727686
25.790000000001232,2195.235712798214,241.40553656512566,-1.5892194994084134e-16,8.327394902677169e-19,13.011364996865654,-1.2301962615765343e-18,12.628496539515417,8.1386142952754e-20,69.98353828436801,70.9623295939753
25.800000000001234,2195.9353264303163,241.40997926011616,-1.5893817788707902e-16,8.318495118632382e-19,13.009984792201097,-1.229666980913635e-18,12.636634110496775,8.17100078941735e-20,69.97314920994701,70.96234521020486
25.810000000001235,2196.634837174828,241.414305159551,-1.5895439208815334e-16,8.309647482524552e-19,13.00860479179004,-1.2291318235905306e-18,12.644769326811668,8.202775836265192e-20,69.96277379879417,70.9623604261929
25.820000000001237,2197.3342451485787,241.41851433012295,-1.5897059256325059e-16,8.300851827136049e-19,13.007224997868885,-1.2285907921968254e-18,12.652902176438827,8.233940694530303e-20,69.9524120451253,70.96237524216711
25.830000000001238,2198.033550468363,241.42260683861934,-1.5898677933140398e-16,8.292107981815693e-19,13.005845412671325,-1.2280438899402503e-18,12.66103264737415,8.264496672796908e-20,69.9420639431376,70.9623896583556
25.84000000000124,2198.7327532509416,241.42658275192176,-1.5900295241149435e-16,8.283415772523362e-19,13.004466038428358,-1.2274911206412308e-18,12.669160727630702,8.294445128970339e-20,69.93172948700973,70.96240367498673
25.85000000000124,2199.4318536130404,241.43044213700574,-1.5901911182225063e-16,8.274775021874596e-19,13.003086877368276,-1.2269324887274453e-18,12.67728640523873,8.323787469725242e-20,69.92140867090174,70.9624172922892
25.860000000001243,2200.1308516713502,241.43418506094062,-1.5903525758225042e-16,8.266185549185137e-19,13.001707931716664,-1.2263679992283695e-18,12.685409668245686,8.352525149953741e-20,69.91110148895524,70.96243051049208
25.870000000001244,2200.8297475425275,241.43781159088908,-1.590513897099206e-16,8.25764717051544e-19,13.000329203696404,-1.2257976577698084e-18,12.693530504716227,8.380659672213682e-20,69.9008079352933,70.96244332982477
25.880000000001246,2201.528541343193,241.44132179410704,-1.5906750822353792e-16,8.2491596987151445e-19,12.998950695527677,-1.2252214705684158e-18,12.701648902732241,8.408192586176953e-20,69.89052800402057,70.96245575051692
25.890000000001248,2202.227233189933,241.44471573794326,-1.5908361314122958e-16,8.240722943467465e-19,12.99757240942795,-1.224639444426204e-18,12.709764850392846,8.435125488077979e-20,69.88026168922326,70.96246777279862
25.90000000000125,2202.9258231992985,241.4479934898391,-1.5909970448097381e-16,8.232336711333541e-19,12.996194347611981,-1.2240515867250426e-18,12.717878335814424,8.461460020162428e-20,69.87000898496922,70.96247939690024
25.91000000000125,2203.624311487805,241.45115511732828,-1.5911578226060052e-16,8.224000805796769e-19,12.994816512291838,-1.2234579054211476e-18,12.72598934713062,8.487197870136174e-20,69.85976988530786,70.96249062305245
25.920000000001252,2204.322698171932,241.4542006880366,-1.591318464977919e-16,8.215715027306979e-19,12.993438905676877,-1.2228584090395606e-18,12.734097872492356,8.512340770614581e-20,69.84954438427035,70.96250145148628
25.930000000001254,2205.020983368125,241.4571302696816,-1.5914789721008308e-16,8.207479173324625e-19,12.99206152997372,-1.2222531066686198e-18,12.742203900067848,8.536890498572177e-20,69.83933247586954,70.96251188243309
25.940000000001255,2205.719167192793,241.4599439300724,-1.5916393441486273e-16,8.199293038364869e-19,12.99068438738631,-1.221642007954425e-18,12.750307418042627,8.560848874792742e-20,69.82913415409999,70.96252191612454
25.950000000001257,2206.417249762309,241.46264173710932,-1.591799581293737e-16,8.191156414041607e-19,12.989307480115876,-1.2210251230952936e-18,12.75840841461954,8.584217763319872e-20,69.81894941293805,70.96253155279265
25.96000000000126,2207.1152311930105,241.46522375878365,-1.5919596837071374e-16,8.183069089111374e-19,12.98793081036092,-1.2204024628362073e-18,12.76650687801877,8.606999070908092e-20,69.80877824634184,70.9625407926697
25.97000000000126,2207.8131116011987,241.4676900631774,-1.5921196515583606e-16,8.175030849517231e-19,12.986554380317251,-1.219774038463261e-18,12.774602796477854,8.629194746474521e-20,69.79862064825134,70.96254963598835
25.98000000000126,2208.51089110314,241.470040718463,-1.5922794850155013e-16,8.167041478432503e-19,12.985178192177951,-1.2191398617980953e-18,12.782696158251689,8.650806780551196e-20,69.78847661258838,70.96255808298156
25.990000000001263,2209.2085698150627,241.47227579290305,-1.5924391842452219e-16,8.159100756304471e-19,12.983802248133413,-1.2184999451923355e-18,12.790786951612551,8.671837204738067e-20,69.77834613325668,70.96256613388262
26.000000000001265,2209.9061478531607,241.47439535485003,-1.5925987494127608e-16,8.1512084608979465e-19,12.982426550371294,-1.2178543015220151e-18,12.79887516485011,8.692288091156731e-20,69.76822920414185,70.9625737889251
26.010000000001266,2210.6036253335906,241.47639947274604,-1.592758180681939e-16,8.14336436733876e-19,12.981051101076552,-1.2172029441820074e-18,12.806960786271437,8.712161551904919e-20,69.75812581911151,70.96258104834295
26.020000000001268,2211.301002372473,241.4782882151225,-1.5929174782151658e-16,8.135568248157119e-19,12.979675902431415,-1.2165458870804418e-18,12.815043804201029,8.731459738511852e-20,69.74803597201524,70.96258791237037
26.03000000000127,2211.9982790858908,241.48006165059994,-1.593076642173448e-16,8.127819873330934e-19,12.978300956615422,-1.2158831446331309e-18,12.823124206980815,8.750184841394447e-20,69.73795965668464,70.96259438124191
26.04000000000127,2212.695455589892,241.48171984788772,-1.593235672716395e-16,8.120119010328929e-19,12.97692626580537,-1.215214731757982e-18,12.831201982970164,8.768339089314443e-20,69.72789686693335,70.96260045519249
26.050000000001273,2213.392532000487,241.4832628757837,-1.5933945700022274e-16,8.112465424153738e-19,12.975551832175341,-1.2145406638694193e-18,12.839277120545926,8.785924748836517e-20,69.7178475965571,70.96260613445723
26.060000000001274,2214.0895084336485,241.48469080317406,-1.5935533341877833e-16,8.10485887738485e-19,12.974177657896727,-1.2138609568727984e-18,12.847349608102412,8.802944123787396e-20,69.70781183933376,70.96261141927164
26.070000000001276,2214.7863850053136,241.48600369903292,-1.5937119654285265e-16,8.0972991302214e-19,12.972803745138167,-1.2131756271588209e-18,12.855419434051427,8.819399554716044e-20,69.69778958902327,70.96261630987149
26.080000000001277,2215.483161831382,241.4872016324222,-1.593870463878553e-16,8.089785940524911e-19,12.971430096065617,-1.2124846915979554e-18,12.863486586822289,8.835293418354942e-20,69.68778083936783,70.96262080649296
26.09000000000128,2216.1798390277154,241.48828467249126,-1.5940288296905986e-16,8.082319063861845e-19,12.970056712842277,-1.2117881675348488e-18,12.871551054861822,8.850628127082531e-20,69.6777855840918,70.96262490937244
26.10000000000128,2216.8764167101394,241.48925288847667,-1.5941870630160471e-16,8.074898253546063e-19,12.968683597628656,-1.2110860727827516e-18,12.879612826634396,8.865406128386839e-20,69.6678038169018,70.96262861874666
26.110000000001282,2217.572894994441,241.49010634970196,-1.5943451640049374e-16,8.06752326068114e-19,12.967310752582522,-1.2103784256179347e-18,12.887671890621927,8.879629904330353e-20,69.6578355314867,70.96263193485265
26.120000000001284,2218.2692739963704,241.4908451255773,-1.5945031328059707e-16,8.060193834202552e-19,12.965938179858929,-1.2096652447741145e-18,12.895728235323887,8.893301971016171e-20,69.64788072151768,70.9626348579278
26.130000000001285,2218.9655538316406,241.4914692855993,-1.5946609695665186e-16,8.052909720919724e-19,12.964565881610207,-1.2089465494368795e-18,12.903781849257326,8.906424878055454e-20,69.6379393806483,70.96263738820971
26.140000000001287,2219.661734615926,241.4919788993507,-1.594818674432631e-16,8.0456706655579395e-19,12.963193859985974,-1.2082223592381226e-18,12.91183272095689,8.919001208036288e-20,69.62801150251443,70.9626395259364
26.150000000001288,2220.3578164648634,241.49237403650014,-1.5949762475490433e-16,8.038476410800089e-19,12.961822117133092,-1.207492694250471e-18,12.919880838974825,8.931033575993899e-20,69.61809708073437,70.9626412713461
26.16000000000129,2221.0537994940523,241.49265476680185,-1.5951336890591852e-16,8.0313266973283155e-19,12.960450655195736,-1.206757574981731e-18,12.927926191881005,8.942524628882355e-20,69.60819610890883,70.96264262467739
26.17000000000129,2221.7496838190536,241.49282116009542,-1.5952909991051876e-16,8.024221263865443e-19,12.959079476315324,-1.2060170223693277e-18,12.935968768262926,8.95347704504772e-20,69.59830858062101,70.96264358616915
26.180000000001293,2222.44546955539,241.49287328630552,-1.5954481778278908e-16,8.01715984721633e-19,12.957708582630563,-1.2052710577747575e-18,12.944008556725741,8.963893533702763e-20,69.58843448943658,70.96264415606053
26.190000000001294,2223.1411568185463,241.4928112154417,-1.5956052253668526e-16,8.010142182309004e-19,12.956337976277426,-1.2045197029780439e-18,12.952045545892267,8.9737768344032e-20,69.5785738289038,70.96264433459105
26.200000000001296,2223.836745723969,241.492635017598,-1.595762141860357e-16,8.003168002235674e-19,12.954967659389155,-1.2037629801721994e-18,12.960079724402993,8.98312971652557e-20,69.56872659255336,70.96264412200043
26.210000000001298,2224.5322363870664,241.4923447629528,-1.5959189274454207e-16,7.996237038293582e-19,12.953597634096267,-1.2030009119576968e-18,12.968111080916103,8.991954978746716e-20,69.55889277389872,70.9626435185288
26.2200000000013,2225.2276289232072,241.49194052176853,-1.596075582257803e-16,7.989349020025662e-19,12.952227902526543,-1.2022335213369465e-18,12.976139604107484,9.000255448524979e-20,69.5490723664358,70.96264252441648
26.2300000000013,2225.922923447723,241.49142236439135,-1.5962321064320125e-16,7.982503675261069e-19,12.95085846680503,-1.20146083170878e-18,12.984165282670752,9.008033981583071e-20,69.53926536364327,70.96264113990419
26.240000000001302,2226.618120075905,241.49079036125102,-1.5963885001013161e-16,7.975700730155527e-19,12.949489329054058,-1.2006828668629487e-18,12.992188105317242,9.015293461392724e-20,69.52947175898248,70.96263936523287
26.250000000001304,2227.313218923007,241.49004458286046,-1.5965447633977476e-16,7.968939909231475e-19,12.948120491393185,-1.1998996509746209e-18,13.000208060776057,9.022036798661112e-20,69.51969154589749,70.96263720064377
26.260000000001305,2228.0082201042424,241.48918509981567,-1.5967008964521148e-16,7.962220935418109e-19,12.946751955939279,-1.1991112085989018e-18,13.008225137794057,9.0282669308191e-20,69.50992471781508,70.9626346463785
26.270000000001307,2228.7031237347874,241.48821198279532,-1.5968568993940094e-16,7.955543530091181e-19,12.945383724806447,-1.1983175646653508e-18,13.016239325135874,9.033986821511327e-20,69.5001712681449,70.96263170267885
26.28000000000131,2229.397929929777,241.48712530256063,-1.5970127723518137e-16,7.948907413112638e-19,12.944015800106058,-1.197518744472516e-18,13.024250611583943,9.039199460088224e-20,69.49043119027932,70.962628369787
26.29000000000131,2230.092638804309,241.48592512995498,-1.5971685154527107e-16,7.942312302870101e-19,12.942648183946734,-1.1967147736824788e-18,13.032258985938503,9.0439078610999e-20,69.48070447759366,70.96262464794536
26.30000000000131,2230.78725047344,241.48461153590372,-1.5973241288226912e-16,7.935757916316164e-19,12.941280878434391,-1.1959056783154103e-18,13.04026443701761,9.048115063792025e-20,69.47099112344605,70.96262053739666
26.310000000001313,2231.481765052188,241.48318459141393,-1.5974796125865632e-16,7.929243969007443e-19,12.939913885672173,-1.1950914847441352e-18,13.048266953657164,9.051824131603681e-20,69.46129112117757,70.96261603838396
26.320000000001315,2232.176182655531,241.4816443675741,-1.5976349668679602e-16,7.92277017514353e-19,12.938547207760486,-1.194272219688713e-18,13.056266524710914,9.055038151667238e-20,69.45160446411225,70.96261115115048
26.330000000001316,2232.8705033984083,241.47999093555393,-1.5977901917893492e-16,7.916336247605684e-19,12.937180846796998,-1.1934479102110294e-18,13.064263139050471,9.057760234310293e-20,69.44193114555706,70.9626058759399
26.340000000001318,2233.5647273957184,241.47822436660402,-1.5979452874720398e-16,7.909941897995368e-19,12.93581480487664,-1.1926185837094015e-18,13.072256785565331,9.059993512559658e-20,69.43227115880207,70.96260021299608
26.35000000000132,2234.25885476232,241.47634473205568,-1.5981002540361935e-16,7.903586836672582e-19,12.93444908409159,-1.191784267913194e-18,13.080247453162881,9.06174114164751e-20,69.42262449712031,70.96259416256314
26.36000000000132,2234.9528856130323,241.47435210332063,-1.5982550916008308e-16,7.897270772793982e-19,12.933083686531269,-1.1909449908774522e-18,13.088235130768421,9.063006298519644e-20,69.41299115376793,70.96258772488558
26.370000000001323,2235.646820062634,241.47224655189072,-1.5984098002838412e-16,7.890993414350844e-19,12.93171861428237,-1.1901007809775498e-18,13.09621980732517,9.063792181345918e-20,69.40337112198421,70.9625809002081
26.380000000001324,2236.340658225864,241.4700281493377,-1.5985643802019916e-16,7.884754468206766e-19,12.930353869428819,-1.189251666903845e-18,13.10420147179429,9.06410200903289e-20,69.39376439499154,70.96257368877576
26.390000000001326,2237.03440021742,241.46769696731303,-1.5987188314709346e-16,7.878553640135227e-19,12.928989454051809,-1.1883976776563614e-18,13.112180113154894,9.0639390207387e-20,69.38417096599548,70.96256609083385
26.400000000001327,2237.7280461519604,241.4652530775475,-1.598873154205218e-16,7.872390634856906e-19,12.927625370229768,-1.1875388425394755e-18,13.120155720404059,9.063306475390184e-20,69.37459082818485,70.96255810662795
26.41000000000133,2238.4215961441023,241.46269655185105,-1.5990273485182929e-16,7.866265156076786e-19,12.926261620038362,-1.1866751911566234e-18,13.128128282556844,9.062207651202306e-20,69.36502397473168,70.96254973640393
26.42000000000133,2239.1150503084227,241.46002746211252,-1.599181414522523e-16,7.860176906521105e-19,12.924898205550532,-1.1858067534050274e-18,13.136097788646312,9.06064584519987e-20,69.35547039879128,70.96254098040792
26.430000000001332,2239.8084087594575,241.45724588029938,-1.5993353523291934e-16,7.854125587974011e-19,12.923535128836443,-1.1849335594704311e-18,13.144064227723522,9.058624372741596e-20,69.34593009350229,70.96253183888639
26.440000000001334,2240.501671611702,241.45435187845746,-1.599489162048519e-16,7.848110901314094e-19,12.922172391963505,-1.1840556398218585e-18,13.152027588857578,9.056146567046541e-20,69.33640305198666,70.96252231208601
26.450000000001335,2241.1948389796103,241.45134552871073,-1.5996428437896544e-16,7.842132546550627e-19,12.920809996996367,-1.1831730252063848e-18,13.159987861135603,9.053215778722932e-20,69.32688926734976,70.96251240025374
26.460000000001337,2241.8879109775958,241.44822690326103,-1.5997963976607016e-16,7.836190222859652e-19,12.91944794599693,-1.1822857466439314e-18,13.167945033662788,9.049835375299389e-20,69.31738873268029,70.9625021036369
26.47000000000134,2242.58088772003,241.4449960743878,-1.5999498237687198e-16,7.830283628619799e-19,12.918086241024328,-1.1813938354220717e-18,13.175899095562388,9.046008740758603e-20,69.30790144105048,70.96249142248297
26.48000000000134,2243.273769321245,241.44165311444783,-1.6001031222197342e-16,7.824412461447929e-19,12.916724884134926,-1.1804973230908595e-18,13.183850035975738,9.041739275073482e-20,69.29842738551598,70.9624803570398
26.49000000000134,2243.966555895529,241.43819809587507,-1.6002562931187447e-16,7.818576418234519e-19,12.915363877382328,-1.1795962414576746e-18,13.191797844062275,9.037030393745758e-20,69.28896655911598,70.96246890755543
26.500000000001343,2244.6592475571306,241.4346310911803,-1.600409336569735e-16,7.812775195178865e-19,12.91400322281739,-1.1786906225820896e-18,13.19974250899955,9.031885527347141e-20,69.27951895487318,70.96245707427825
26.510000000001344,2245.3518444202564,241.43095217295092,-1.6005622526756816e-16,7.807008487824011e-19,12.912642922488184,-1.1777804987707518e-18,13.207684019983233,9.026308121062981e-20,69.2700845657939,70.9624448574569
26.520000000001346,2246.044346599071,241.4271614138507,-1.600715041538563e-16,7.801275991091484e-19,12.911282978440006,-1.1768659025722875e-18,13.215622366227139,9.020301634238479e-20,69.26066338486798,70.96243225734024
26.530000000001348,2246.7367542076977,241.42325888661952,-1.600867703259369e-16,7.795577399315814e-19,12.90992339271541,-1.1759468667722272e-18,13.22355753696324,9.013869539927497e-20,69.25125540506902,70.96241927417744
26.54000000000135,2247.4290673602177,241.41924466407306,-1.601020237938109e-16,7.789912406278798e-19,12.90856416735415,-1.1750234243879484e-18,13.23148952144167,9.00701532444395e-20,69.24186061935418,70.96240590821797
26.55000000000135,2248.12128617067,241.41511881910267,-1.601172645673821e-16,7.784280705243535e-19,12.907205304393226,-1.1740956086636392e-18,13.239418308930755,8.999742486915824e-20,69.23247902066441,70.96239215971153
26.560000000001352,2248.813410753052,241.41088142467504,-1.6013249265645818e-16,7.778681988988259e-19,12.905846805866869,-1.1731634530652875e-18,13.247343888717017,8.992054538841815e-20,69.22311060192436,70.96237802890809
26.570000000001354,2249.505441221318,241.406532553832,-1.601477080707515e-16,7.773115949839913e-19,12.904488673806517,-1.1722269912756835e-18,13.255266250105189,8.983955003650652e-20,69.21375535604248,70.96236351605789
26.580000000001355,2250.1973776893815,241.40207227969017,-1.6016291081988004e-16,7.767582279707473e-19,12.90313091024083,-1.171286257189449e-18,13.26318538241823,8.975447416263083e-20,69.20441327591098,70.96234862141142
26.590000000001357,2250.889220271112,241.39750067544085,-1.6017810091336834e-16,7.762080670115098e-19,12.901773517195709,-1.170341284908089e-18,13.271101274997342,8.966535322656548e-20,69.19508435440595,70.96233334521952
26.60000000000136,2251.580969080338,241.39281781434968,-1.6019327836064835e-16,7.756610812234988e-19,12.90041649669427,-1.169392108735063e-18,13.279013917201985,8.957222279432584e-20,69.18576858438736,70.96231768773316
26.61000000000136,2252.2726242308445,241.38802376975642,-1.6020844317106043e-16,7.751172396920009e-19,12.899059850756833,-1.1684387631708768e-18,13.286923298409885,8.947511853386961e-20,69.17646595869905,70.96230164920367
26.62000000000136,2252.964185836374,241.38311861507466,-1.6022359535385415e-16,7.74576511473611e-19,12.897703581400949,-1.1674812829082025e-18,13.294829408017051,8.937407621082549e-20,69.16717647016884,70.96228522988258
26.630000000001363,2253.6556540106258,241.3781024237917,-1.6023873491818928e-16,7.740388655994479e-19,12.896347690641374,-1.1665197028270156e-18,13.302732235437796,8.926913168424969e-20,69.15790011160851,70.96226843002178
26.640000000001365,2254.347028867257,241.3729752694681,-1.602538618731367e-16,7.735042710783458e-19,12.894992180490094,-1.165554057989761e-18,13.310631770104743,8.916032090241035e-20,69.14863687581384,70.96225124987332
26.650000000001366,2255.0383105198816,241.36773722573767,-1.6026897622767928e-16,7.729726969000215e-19,12.89363705295629,-1.1645843836365363e-18,13.31852800146884,8.90476798985997e-20,69.13938675556463,70.96223368968954
26.660000000001368,2255.72949908207,241.36238836630702,-1.602840779907128e-16,7.724441120382182e-19,12.892282310046356,-1.1636107151803024e-18,13.326420918999377,8.893124478697458e-20,69.13014974362481,70.96221574972306
26.67000000000137,2256.42059466735,241.3569287649554,-1.6029916717104686e-16,7.7191848545382585e-19,12.890927953763914,-1.162633088202119e-18,13.334310512184002,8.881105175842518e-20,69.1209258327424,70.96219743022672
26.68000000000137,2257.1115973892056,241.35135849553447,-1.6031424377740585e-16,7.713957860979717e-19,12.889573986109767,-1.1616515384463998e-18,13.342196770528732,8.868713707647236e-20,69.11171501564952,70.96217873145368
26.690000000001373,2257.8025073610775,241.34567763196804,-1.6032930781842978e-16,7.708759829150938e-19,12.888220409081931,-1.1606661018161974e-18,13.350079683557963,8.855953707319329e-20,69.10251728506252,70.96215965365728
26.700000000001374,2258.493324696363,241.33988624825182,-1.6034435930267522e-16,7.703590448459848e-19,12.886867224675644,-1.15967681436851e-18,13.357959240814491,8.842828814517619e-20,69.09333263368194,70.96214019709119
26.710000000001376,2259.1840495084152,241.33398441845316,-1.6035939823861625e-16,7.698449408308117e-19,12.885514434883316,-1.1586837123096102e-18,13.365835431859525,8.829342674950368e-20,69.08416105419255,70.96212036200926
26.720000000001377,2259.8746819105445,241.3279722167108,-1.6037442463464533e-16,7.693336398121125e-19,12.884162041694585,-1.1576868319904078e-18,13.373708246272704,8.815498939976526e-20,69.07500253926342,70.96210014866564
26.73000000000138,2260.565222016017,241.32184971723473,-1.603894384990742e-16,7.688251107377653e-19,12.882810047096273,-1.1566862099018263e-18,13.381577673652094,8.801301266209884e-20,69.06585708154793,70.96207955731475
26.74000000000138,2261.2556699380543,241.31561699430577,-1.6040443984013486e-16,7.683193225639351e-19,12.8814584530724,-1.1556818826702133e-18,13.389443703614234,8.786753315126173e-20,69.05672467368377,70.96205858821124
26.750000000001382,2261.946025789835,241.30927412227547,-1.604194286659804e-16,7.678162442579936e-19,12.880107261604183,-1.1546738870527762e-18,13.397306325794116,8.771858752673065e-20,69.04760530829307,70.96203724160996
26.760000000001384,2262.6362896844926,241.3028211755658,-1.6043440498468594e-16,7.673158448014146e-19,12.878756474670034,-1.1536622599330386e-18,13.405165529845215,8.756621248883165e-20,69.03849897798231,70.96201551776609
26.770000000001385,2263.326461735117,241.29625822866896,-1.6044936880424958e-16,7.668180931926439e-19,12.877406094245552,-1.152647038316326e-18,13.413021305439512,8.741044477489931e-20,69.02940567534245,70.96199341693503
26.780000000001387,2264.0165420547532,241.28958535614706,-1.6046432013259325e-16,7.663229584499446e-19,12.87605612230354,-1.151628259325282e-18,13.42087364226749,8.725132115546579e-20,69.02032539294893,70.96197093937243
26.79000000000139,2264.706530756402,241.28280263263193,-1.6047925897756365e-16,7.658304096142156e-19,12.87470656081397,-1.1506059601954028e-18,13.42872253003816,8.708887843047975e-20,69.0112581233617,70.9619480853342
26.80000000000139,2265.3964279530205,241.27591013282486,-1.6049418534693314e-16,7.653404157517867e-19,12.873357411744008,-1.1495801782706045e-18,13.436567958479062,8.692315342555504e-20,69.00220385912525,70.96192485507643
26.81000000000139,2266.0862337575195,241.2689079314964,-1.6050909924840065e-16,7.648529459571859e-19,12.872008677058007,-1.1485509509988156e-18,13.444409917336296,8.675418298824947e-20,68.99316259276867,70.96190124885557
26.820000000001393,2266.775948282766,241.261796103486,-1.6052400068959258e-16,7.643679693558832e-19,12.870660358717503,-1.147518315927597e-18,13.45224839637453,8.65820039843738e-20,68.98413431680565,70.96187726692821
26.830000000001395,2267.4655716415823,241.254574723702,-1.6053888967806376e-16,7.638854551070076e-19,12.869312458681202,-1.1464823106997889e-18,13.46008338537701,8.640665329433064e-20,68.97511902373455,70.96185290955123
26.840000000001396,2268.1551039467454,241.24724386712114,-1.6055376622129824e-16,7.634053724060403e-19,12.867964978905013,-1.145442973049184e-18,13.467914874145563,8.622816780948393e-20,68.96611670603839,70.96182817698178
26.850000000001398,2268.844545310987,241.2398036087884,-1.6056863032671026e-16,7.629276904874782e-19,12.86661792134199,-1.144400340796231e-18,13.47574285250064,8.604658442855856e-20,68.95712735618494,70.96180306947723
26.8600000000014,2269.5338958469943,241.2322540238169,-1.6058348200164519e-16,7.624523786274774e-19,12.865271287942392,-1.143354451843766e-18,13.483567310281298,8.586194005407052e-20,68.94815096662668,70.96177758729515
26.8700000000014,2270.2231556674087,241.2245951873874,-1.605983212533803e-16,7.6197940614646505e-19,12.863925080653631,-1.1423053441727672e-18,13.491388237345241,8.56742715887875e-20,68.93918752980092,70.9617517306934
26.880000000001402,2270.9123248848264,241.21682717474832,-1.6061314808912585e-16,7.615087424117312e-19,12.862579301420299,-1.1412530558381436e-18,13.499205623568812,8.548361593222006e-20,68.93023703812979,70.96172549993008
26.890000000001404,2271.601403611798,241.20895006121535,-1.6062796251602576e-16,7.6104035683998975e-19,12.86123395218416,-1.1401976249645495e-18,13.507019458847019,8.529000997714351e-20,68.92129948402024,70.96169889526351
26.900000000001405,2272.290391960829,241.2009639221712,-1.6064276454115866e-16,7.605742188999164e-19,12.859889034884127,-1.1391390897422244e-18,13.514829733093551,8.509349060615047e-20,68.91237485986412,70.96167191695227
26.910000000001407,2272.979290044378,241.1928688330655,-1.6065755417153875e-16,7.601102981146609e-19,12.858544551456308,-1.1380774884228718e-18,13.522636436240774,8.489409468823396e-20,68.90346315803824,70.96164456525514
26.92000000000141,2273.66809797486,241.18466486941438,-1.6067233141411662e-16,7.596485640643323e-19,12.857200503833957,-1.1370128593155513e-18,13.530439558239765,8.469185907540173e-20,68.89456437090432,70.96161684043119
26.93000000000141,2274.3568158646412,241.17635210680038,-1.6068709627578025e-16,7.591889863884572e-19,12.85585689394748,-1.1359452407826113e-18,13.538239089060312,8.448682059932101e-20,68.88567849080911,70.96158874273966
26.94000000000141,2275.0454438260444,241.16793062087214,-1.607018487633558e-16,7.587315347884164e-19,12.85451372372447,-1.1348746712356504e-18,13.54603501869094,8.427901606799443e-20,68.87680551008438,70.96156027244011
26.950000000001413,2275.733981971345,241.15940048734416,-1.6071658888360853e-16,7.582761790298508e-19,12.853170995089657,-1.1338011891315009e-18,13.553827337138909,8.406848226246686e-20,68.86794542104694,70.96153142979226
26.960000000001415,2276.422430412773,241.15076178199658,-1.607313166432437e-16,7.578228889450426e-19,12.851828709964924,-1.1327248329682452e-18,13.56161603443024,8.385525593356308e-20,68.85909821599873,70.96150221505607
26.970000000001416,2277.1107892625105,241.14201458067498,-1.607460320489074e-16,7.573716344352739e-19,12.850486870269325,-1.131645641281267e-18,13.56940110060972,8.363937379865674e-20,68.85026388722679,70.96147262849182
26.980000000001418,2277.799058632695,241.1331589592901,-1.6076073510718748e-16,7.569223854731546e-19,12.84914547791905,-1.13056365263932e-18,13.577182525740922,8.342087253847007e-20,68.84144242700334,70.96144267035989
26.99000000000142,2278.487238635417,241.1241949938176,-1.607754258246144e-16,7.564751121049278e-19,12.847804534827457,-1.1294789056406408e-18,13.584960299906212,8.3199788793905e-20,68.83263382758581,70.96141234092097
27.00000000000142,2279.175329382719,241.11512276029782,-1.6079010420766212e-16,7.560297844527455e-19,12.846464042905023,-1.128391438909077e-18,13.592734413206772,8.297615916290508e-20,68.82383808121682,70.961381640436
27.010000000001423,2279.8633309865995,241.10594233483556,-1.608047702627489e-16,7.555863727169246e-19,12.845124004059395,-1.1273012910902576e-18,13.600504855762603,8.275002019734877e-20,68.81505518012435,70.96135056916609
27.020000000001424,2280.551243559008,241.09665379359987,-1.6081942399623827e-16,7.551448471781694e-19,12.843784420195355,-1.1262085008477852e-18,13.608271617712543,8.252140839997388e-20,68.80628511652155,70.96131912737259
27.030000000001426,2281.2390672118477,241.0872572128238,-1.608340654144398e-16,7.547051781997734e-19,12.842445293214817,-1.1251131068594612e-18,13.616034689214276,8.229036022133289e-20,68.79752788260704,70.96128731531712
27.040000000001427,2281.926802056975,241.0777526688041,-1.6084869452361006e-16,7.542673362297946e-19,12.841106625016865,-1.124015147813543e-18,13.623794060444352,8.205691205677994e-20,68.78878347056474,70.96125513326152
27.05000000000143,2282.6144482061986,241.0681402379011,-1.6086331132995338e-16,7.538312918032013e-19,12.83976841749768,-1.1229146624050262e-18,13.6315497215982,8.182110024348863e-20,68.78005187256396,70.96122258146777
27.06000000000143,2283.3020057712815,241.0584199965384,-1.608779158396228e-16,7.533970155439972e-19,12.83843067255061,-1.1218116893319637e-18,13.639301662890128,8.158296105750107e-20,68.77133308075953,70.96118966019819
27.070000000001432,2283.9894748639376,241.0485920212026,-1.608925080587208e-16,7.529644781673147e-19,12.837093392066114,-1.1207062672918087e-18,13.647049874553359,8.134253071080836e-20,68.7626270872917,70.96115636971527
27.080000000001434,2284.6768555958342,241.03865638844323,-1.6090708799330033e-16,7.525336504814894e-19,12.835756577931793,-1.1195984349777943e-18,13.654794346840015,8.109984534846215e-20,68.75393388428623,70.96112271028173
27.090000000001435,2285.364148078591,241.0286131748723,-1.6092165564936548e-16,7.521045033901013e-19,12.834420232032373,-1.118488231075339e-18,13.662535070021162,8.085494104571728e-20,68.74525346385444,70.9610886821605
27.100000000001437,2286.05135242378,241.01846245716425,-1.6093621103287245e-16,7.516770078939964e-19,12.833084356249712,-1.1173756942584856e-18,13.670272034386795,8.060785380520579e-20,68.73658581809322,70.96105428561475
27.11000000000144,2286.7384687429258,241.0082043120556,-1.609507541497303e-16,7.512511350932781e-19,12.831748952462792,-1.1162608631863696e-18,13.678005230245866,8.035861955414212e-20,68.72793093908511,70.9610195209079
27.12000000000144,2287.4254971475048,240.99783881634474,-1.609652850058019e-16,7.508268561892746e-19,12.830414022547703,-1.1151437764997173e-18,13.685734647926294,8.010727414155939e-20,68.71928881889825,70.96098438830349
27.13000000000144,2288.1124377489455,240.98736604689176,-1.6097980360690462e-16,7.504041424864814e-19,12.829079568377685,-1.1140244728173795e-18,13.69346027777498,7.98538533355769e-20,68.71065944958652,70.96094888806542
27.140000000001443,2288.7992906586287,240.97678608061818,-1.6099430995881132e-16,7.49982965394475e-19,12.827745591823057,-1.1129029907328867e-18,13.70118211015781,7.959839282069884e-20,68.70204282318946,70.96091302045767
27.150000000001445,2289.486055987887,240.96609899450667,-1.6100880406725106e-16,7.49563296429806e-19,12.826412094751284,-1.1117793688110488e-18,13.70890013545968,7.934092819514398e-20,68.6934389317324,70.96087678574452
27.160000000001446,2290.1727338480046,240.95530486560088,-1.6102328593790999e-16,7.491451072178614e-19,12.825079079026933,-1.1106536455845728e-18,13.716614344084503,7.908149496820665e-20,68.68484776722649,70.96084018419046
27.170000000001448,2290.859324350217,240.94440377100523,-1.6103775557643216e-16,7.487283694947034e-19,12.823746546511687,-1.1095258595507189e-18,13.724324726455224,7.882012855764867e-20,68.67626932166863,70.9608032160602
27.18000000000145,2291.545827605712,240.93339578788456,-1.6105221298842032e-16,7.483130551088836e-19,12.822414499064335,-1.108396049167985e-18,13.732031273013822,7.855686428712234e-20,68.66770358704164,70.96076588161863
27.19000000000145,2292.2322437256285,240.92228099346406,-1.6106665817943673e-16,7.478991360232291e-19,12.821082938540767,-1.1072642528528246e-18,13.73973397422134,7.829173738362455e-20,68.65915055531423,70.96072818113088
27.200000000001452,2292.918572821057,240.9110594650289,-1.6108109115500406e-16,7.474865843166066e-19,12.819751866793988,-1.1061305089763931e-18,13.747432820557888,7.802478297498182e-20,68.65061021844099,70.96069011486232
27.210000000001454,2293.6048150030388,240.89973127992408,-1.6109551192060608e-16,7.470753721856583e-19,12.818421285674098,-1.1049948558613276e-18,13.755127802522649,7.775603608736618e-20,68.64208256836254,70.96065168307845
27.220000000001455,2294.290970382567,240.88829651555423,-1.6110992048168854e-16,7.466654719465127e-19,12.817091197028311,-1.1038573317785567e-18,13.762818910633907,7.748553164284213e-20,68.63356759700547,70.96061288604507
27.230000000001457,2294.9770390705858,240.87675524938325,-1.6112431684365994e-16,7.462568560364714e-19,12.815761602700926,-1.1027179749441414e-18,13.770506135429049,7.72133044569445e-20,68.62506529628237,70.96057372402814
27.24000000000146,2295.6630211779893,240.8651075589342,-1.611387010118924e-16,7.458494970156678e-19,12.814432504533325,-1.1015768235161473e-18,13.778189467464575,7.693938923628684e-20,68.61657565809197,70.96053419729388
27.25000000000146,2296.3489168156234,240.85335352178902,-1.6115307299172232e-16,7.454433675687065e-19,12.813103904364022,-1.1004339155915526e-18,13.78586889731612,7.666382057620091e-20,68.60809867431908,70.96049430610867
27.26000000000146,2297.0347260942845,240.84149321558834,-1.611674327884513e-16,7.450384405062686e-19,12.811775804028583,-1.0992892892031763e-18,13.79354441557846,7.638663295840678e-20,68.59963433683463,70.9604540507391
27.270000000001463,2297.72044912472,240.82952671803122,-1.6118178040734688e-16,7.44634688766701e-19,12.810448205359686,-1.0981429823166528e-18,13.801216012865519,7.610786074871354e-20,68.59118263749572,70.960413431452
27.280000000001465,2298.4060860176273,240.81745410687492,-1.611961158536433e-16,7.442320854175743e-19,12.80912111018709,-1.0969950328274242e-18,13.808883679810393,7.58275381947507e-20,68.5827435681457,70.96037244851439
27.290000000001466,2299.0916368836547,240.80527545993468,-1.612104391325423e-16,7.438306036572182e-19,12.807794520337639,-1.0958454785577723e-18,13.81654740706536,7.554569942373018e-20,68.57431712061415,70.96033110219352
27.300000000001468,2299.7771018334006,240.79299085508347,-1.6122475024921395e-16,7.434302168162317e-19,12.80646843763526,-1.0946943572538788e-18,13.824207185301882,7.526237844023871e-20,68.5659032867169,70.96028939275679
27.31000000000147,2300.462480977414,240.78060037025185,-1.6123904920879732e-16,7.430308983589677e-19,12.805142863900953,-1.0935417065829177e-18,13.831863005210625,7.497760912406075e-20,68.55750205825615,70.96024732047186
27.32000000000147,2301.147774426194,240.7681040834276,-1.6125333601640132e-16,7.426326218849952e-19,12.8038178009528,-1.0923875641301792e-18,13.839514857501474,7.469142522803177e-20,68.5491134270204,70.96020488560657
27.330000000001473,2301.832982290189,240.75550207265564,-1.6126761067710546e-16,7.422353611305335e-19,12.802493250605963,-1.0912319673962253e-18,13.847162732903533,7.440386037592173e-20,68.54073738478458,70.96016208842896
27.340000000001474,2302.518104679799,240.7427944160377,-1.6128187319596057e-16,7.418390899698634e-19,12.801169214672672,-1.090074953794074e-18,13.854806622165151,7.411494806034905e-20,68.53237392330999,70.96011892920733
27.350000000001476,2303.2031417053718,240.72998119173212,-1.612961235779896e-16,7.414437824167139e-19,12.799845694962226,-1.0889165606464193e-18,13.862446516053925,7.382472164072449e-20,68.52402303434445,70.96007540821005
27.360000000001477,2303.8880934772064,240.71706247795368,-1.6131036182818836e-16,7.4104941262562415e-19,12.798522693280997,-1.0877568251828791e-18,13.87008240535671,7.353321434122527e-20,68.51568470962225,70.96003152570584
27.37000000000148,2304.5729601055514,240.7040383529733,-1.6132458795152625e-16,7.406559548932809e-19,12.79720021143243,-1.0865957845372778e-18,13.87771428087964,7.324045924879912e-20,68.5073589408642,70.95998728196354
27.38000000000148,2305.257741700604,240.69090889511781,-1.6133880195294704e-16,7.402633836598317e-19,12.795878251217003,-1.0854334757449535e-18,13.885342133448132,7.294648931119843e-20,68.49904571977764,70.95994267725217
27.390000000001482,2305.9424383725122,240.67767418276983,-1.6135300383736958e-16,7.398716735101738e-19,12.794556814432296,-1.0842699357401062e-18,13.892965953906906,7.265133733504396e-20,68.4907450380566,70.95989771184102
27.400000000001484,2306.627050231373,240.66433429436742,-1.6136719360968852e-16,7.394807991752187e-19,12.793235902872922,-1.0831052013531699e-18,13.90058573311998,7.235503598391876e-20,68.48245688738166,70.95985238599954
27.410000000001485,2307.311577387231,240.65088930840392,-1.613813712747751e-16,7.390907355331333e-19,12.791915518330564,-1.0819393093082179e-18,13.908201461970704,7.205761777649135e-20,68.47418125942009,70.95980669999734
27.420000000001487,2307.9960199500824,240.6373393034277,-1.6139553683747784e-16,7.387014576105546e-19,12.790595662593937,-1.0807722962203994e-18,13.91581313136175,7.175911508466877e-20,68.46591814582588,70.9597606541043
27.43000000000149,2308.6803780298715,240.62368435804197,-1.6140969030262326e-16,7.383129405837856e-19,12.789276337448845,-1.0796041985934112e-18,13.923420732215135,7.145956013177902e-20,68.45766753823979,70.95971424859044
27.44000000000149,2309.364651736491,240.60992455090454,-1.6142383167501658e-16,7.3792515977996e-19,12.787957544678106,-1.0784350528169908e-18,13.931024255472238,7.11589849907831e-20,68.44942942828929,70.95966748372601
27.45000000000149,2310.048841179783,240.5960599607276,-1.614379609594425e-16,7.375380906781909e-19,12.786639286061604,-1.0772648951644525e-18,13.938623692093794,7.085742158251617e-20,68.4412038075887,70.95962035978143
27.460000000001493,2310.7329464695385,240.58209066627745,-1.6145207816066584e-16,7.371517089106899e-19,12.785321563376268,-1.076093761790246e-18,13.946219033059922,7.055490167395808e-20,68.4329906677392,70.95957287702731
27.470000000001495,2311.416967715497,240.56801674637435,-1.6146618328343227e-16,7.367659902638651e-19,12.784004378396055,-1.0749216887275487e-18,13.953810269370129,7.025145687653297e-20,68.42479000032883,70.95952503573449
27.480000000001496,2312.1009050273465,240.5538382798923,-1.6148027633246906e-16,7.363809106793973e-19,12.782687732891988,-1.0737487118858917e-18,13.961397392043319,6.994711864443804e-20,68.41660179693254,70.95947683617395
27.490000000001498,2312.7847585147238,240.53955534575866,-1.6149435731248566e-16,7.359964462552869e-19,12.781371628632103,-1.0725748670488105e-18,13.96898039211781,6.96419182730011e-20,68.40842604911226,70.95942827861688
27.5000000000015,2313.4685282872133,240.52516802295418,-1.615084262281745e-16,7.356125732468853e-19,12.780056067381468,-1.0714001898715336e-18,13.976559260651337,6.933588689706708e-20,68.4002627484169,70.95937936333469
27.5100000000015,2314.1522144543487,240.51067639051257,-1.6152248308421168e-16,7.352292680678985e-19,12.778741050902214,-1.0702247158786982e-18,13.984133988721076,6.902905548941321e-20,68.39211188638241,70.95933009059895
27.520000000001502,2314.8358171256114,240.49608052752038,-1.6153652788525755e-16,7.348465072913666e-19,12.777426580953483,-1.0690484804620958e-18,13.99170456742364,6.872145485919292e-20,68.38397345453178,70.95928046068143
27.530000000001504,2315.5193364104302,240.48138051311673,-1.6155056063595743e-16,7.3446426765062365e-19,12.776112659291442,-1.0678715188784514e-18,13.999270987875096,6.841311565040817e-20,68.3758474443751,70.95923047385405
27.540000000001505,2316.2027724181835,240.46657642649316,-1.615645813409424e-16,7.340825260402332e-19,12.774799287669296,-1.0666938662472316e-18,14.00683324121099,6.810406834041023e-20,68.3677338474096,70.95918013038899
27.550000000001507,2316.886125258196,240.4516683468933,-1.6157859000482976e-16,7.337012595169001e-19,12.77348646783726,-1.0655155575484833e-18,14.014391318586325,6.77943432384288e-20,68.35963265511965,70.95912943055853
27.56000000000151,2317.5693950397413,240.4366563536128,-1.615925866322239e-16,7.333204453003603e-19,12.772174201542578,-1.0643366276207038e-18,14.021945211175606,6.748397048412917e-20,68.35154385897691,70.95907837463523
27.57000000000151,2318.2525818720396,240.42154052599892,-1.616065712277168e-16,7.3294006077425e-19,12.770862490529513,-1.0631571111587415e-18,14.029494910172831,6.717298004619785e-20,68.34346745044016,70.95902696289174
27.58000000000151,2318.93568586426,240.40632094345045,-1.6162054379588878e-16,7.325600834869483e-19,12.76955133653934,-1.0619770427117254e-18,14.037040406791505,6.686140172095555e-20,68.33540342095554,70.95897519560094
27.590000000001513,2319.618707125518,240.3909976854175,-1.616345043413091e-16,7.321804911524012e-19,12.768240741310347,-1.0607964566810263e-18,14.044581692264657,6.654926513099861e-20,68.32735176195648,70.95892307303593
27.600000000001515,2320.301645764877,240.37557083140112,-1.6164845286853664e-16,7.318012616509216e-19,12.766930706577842,-1.0596153873182498e-18,14.052118757844845,6.623659972386773e-20,68.31931246486374,70.95887059546992
27.610000000001516,2320.9845018913475,240.3600404609533,-1.616623893821205e-16,7.314223730299675e-19,12.765621234074136,-1.0584338687232554e-18,14.059651594804167,6.592343477074455e-20,68.31128552108551,70.95881776317636
27.620000000001518,2321.6672756138873,240.34440665367654,-1.6167631388660068e-16,7.31043803504898e-19,12.76431232552855,-1.0572519348422094e-18,14.067180194434266,6.560979936517557e-20,68.30327092201733,70.95876457642883
27.63000000000152,2322.3499670414017,240.32866948922384,-1.6169022638650869e-16,7.306655314597061e-19,12.763003982667394,-1.0560696194656646e-18,14.074704548046359,6.529572242182352e-20,68.29526865904226,70.95871103550112
27.64000000000152,2323.032576282742,240.31282904729827,-1.6170412688636817e-16,7.302875354477358e-19,12.761696207214003,-1.0548869562266775e-18,14.08222464697122,6.498123267524592e-20,68.2872787235308,70.9586571406672
27.650000000001523,2323.7151034467074,240.29688540765292,-1.617180153906955e-16,7.299097941923668e-19,12.76038900088869,-1.053703978598942e-18,14.089740482559215,6.466635867870073e-20,68.27930110684102,70.95860289220121
27.660000000001524,2324.3975486420436,240.2808386500906,-1.6173189190400045e-16,7.29532286587688e-19,12.759082365408783,-1.0525207198949671e-18,14.097252046180301,6.435112880297901e-20,68.27133580031851,70.9585482903775
27.670000000001526,2325.079911977443,240.26468885446366,-1.6174575643078674e-16,7.291549916991438e-19,12.7577763024886,-1.0513372132642752e-18,14.104759329224038,6.403557123526445e-20,68.2633827952965,70.95849333547051
27.680000000001527,2325.762193561544,240.24843610067367,-1.6175960897555272e-16,7.287778887641601e-19,12.756470813839439,-1.0501534916916322e-18,14.11226232309959,6.371971397801951e-20,68.25544208309582,70.95843802775497
27.69000000000153,2326.4443935029326,240.23208046867137,-1.6177344954279193e-16,7.284009571927504e-19,12.755165901169601,-1.0489695879953105e-18,14.119761019235755,6.340358484789831e-20,68.24751365502499,70.9583823675057
27.70000000000153,2327.1265119101404,240.21562203845633,-1.6178727813699365e-16,7.280241765680989e-19,12.753861566184364,-1.0477855348253748e-18,14.127255409080956,6.308721147468589e-20,68.23959750238022,70.95832635499772
27.710000000001532,2327.808548891646,240.19906089007677,-1.6180109476264357e-16,7.276475266471256e-19,12.752557810586005,-1.0466013646620057e-18,14.13474548410326,6.277062130026365e-20,68.2316936164455,70.95826999050624
27.720000000001534,2328.490504555873,240.18239710362934,-1.6181489942422432e-16,7.27270987361026e-19,12.751254636073769,-1.0454171098138446e-18,14.142231235790382,6.245384157760128e-20,68.22380198849255,70.95821327430662
27.730000000001535,2329.172379011193,240.1656307592589,-1.618286921262161e-16,7.268945388157944e-19,12.749952044343887,-1.0442328024163713e-18,14.14971265564971,6.213689936977446e-20,68.21592260978095,70.9581562066744
27.740000000001537,2329.8541723659214,240.14876193715833,-1.6184247287309722e-16,7.265181612927244e-19,12.748650037089567,-1.0430484744303129e-18,14.157189735208297,6.18198215490086e-20,68.20805547155807,70.95809878788532
27.75000000000154,2330.535884728322,240.13179071756824,-1.6185624166934464e-16,7.261418352488893e-19,12.747348616000988,-1.0418641576400762e-18,14.164662466012874,6.15026347957483e-20,68.20020056505923,70.95804101821525
27.76000000000154,2331.2175162066023,240.11471718077686,-1.6186999851943465e-16,7.25765541317604e-19,12.746047782765316,-1.0406798836522164e-18,14.172130839629874,6.118536559775249e-20,68.19235788150765,70.95798289794024
27.77000000000154,2331.8990669089167,240.09754140711976,-1.618837434278433e-16,7.253892603088607e-19,12.744747539066664,-1.0394956838939237e-18,14.17959484764542,6.086804024921499e-20,68.18452741211446,70.95792442733651
27.780000000001543,2332.580536943365,240.08026347697964,-1.6189747639904705e-16,7.250129732097541e-19,12.743447886586138,-1.0383115896115525e-18,14.187054481665347,6.055068484991037e-20,68.17670914807888,70.95786560668046
27.790000000001545,2333.2619264179925,240.0628834707861,-1.6191119743752326e-16,7.24636661184877e-19,12.74214882700179,-1.0371276318691655e-18,14.19450973331522,6.023332530436524e-20,68.1689030805881,70.95780643624866
27.800000000001546,2333.94323544079,240.04540146901542,-1.6192490654775075e-16,7.242603055767026e-19,12.74085036198864,-1.0359438415471151e-18,14.201960594240315,5.99159873210543e-20,68.16110920081735,70.9577469163178
27.810000000001548,2334.6244641196936,240.02781755219044,-1.6193860373421039e-16,7.238838879059447e-19,12.739552493218676,-1.0347602493406504e-18,14.209407056105661,5.959869641162146e-20,68.15332749993003,70.95768704716482
27.82000000000155,2335.305612562585,240.01013180088026,-1.6195228900138555e-16,7.235073898718974e-19,12.738255222360834,-1.033576885758553e-18,14.216849110596028,5.928147789012564e-20,68.14555796907766,70.95762682906675
27.83000000000155,2335.98668087729,239.9923442957,-1.619659623537627e-16,7.231307933527576e-19,12.736958551081017,-1.0323937811217972e-18,14.224286749415947,5.896435687231136e-20,68.13780059939988,70.95756626230083
27.840000000001552,2336.6676691715807,239.97445511731067,-1.6197962379583192e-16,7.227540804059268e-19,12.73566248104207,-1.0312109655622454e-18,14.231719964289715,5.864735827490353e-20,68.13005538202461,70.95750534714443
27.850000000001554,2337.3485775531735,239.95646434641884,-1.619932733320874e-16,7.223772332682928e-19,12.734367013903794,-1.0300284690213632e-18,14.239148746961398,5.833050681492669e-20,68.122322308068,70.95744408387512
27.860000000001556,2338.02940612973,239.9383720637766,-1.6200691096702798e-16,7.220002343564958e-19,12.733072151322945,-1.0288463212489696e-18,14.24657308919485,5.801382700904848e-20,68.11460136863445,70.95738247277059
27.870000000001557,2338.7101550088564,239.92017835018117,-1.6202053670515765e-16,7.216230662671704e-19,12.731777894953208,-1.0276645518020082e-18,14.253992982773722,5.7697343172947e-20,68.10689255481672,70.95732051410873
27.88000000000156,2339.390824298104,239.9018832864748,-1.6203415055098602e-16,7.212457117771745e-19,12.730484246445227,-1.0264831900433522e-18,14.261408419501459,5.738107942070199e-20,68.09919585769593,70.95725820816757
27.89000000000156,2340.0714141049675,239.8834869535445,-1.6204775250902886e-16,7.208681538437944e-19,12.729191207446583,-1.0253022651406308e-18,14.26881939120132,5.706505966420996e-20,68.09151126834155,70.95719555522533
27.90000000000156,2340.751924536888,239.86498943232183,-1.6206134258380863e-16,7.2049037560493625e-19,12.727898779601786,-1.0241218060650868e-18,14.276225889716393,5.674930761262257e-20,68.08383877781151,70.95713255556032
27.910000000001563,2341.4323557012494,239.84639080378275,-1.6207492077985487e-16,7.201123603792949e-19,12.726606964552305,-1.0229418415904616e-18,14.283627906909578,5.643384677180855e-20,68.0761783771522,70.95706920945108
27.920000000001565,2342.11270770538,239.82769114894737,-1.6208848710170478e-16,7.197340916665058e-19,12.725315763936518,-1.021762400291902e-18,14.291025434663624,5.611870044383892e-20,68.0685300573985,70.95700551717627
27.930000000001566,2342.7929806565535,239.80889054887965,-1.6210204155390367e-16,7.193555531472811e-19,12.72402517938975,-1.020583510544902e-18,14.298418464881118,5.580389172649513e-20,68.06089380957384,70.95694147901473
27.940000000001568,2343.4731746619864,239.78998908468733,-1.6211558414100538e-16,7.189767286835257e-19,12.722735212544256,-1.0194052005242634e-18,14.305806989484509,5.548944351280022e-20,68.05326962469024,70.95687709524545
27.95000000000157,2344.15328982884,239.77098683752166,-1.621291148675728e-16,7.185976023184334e-19,12.721445865029208,-1.0182274982030879e-18,14.313191000416102,5.517537849057282e-20,68.04565749374828,70.95681236614756
27.96000000000157,2344.8333262642195,239.75188388857714,-1.6214263373817835e-16,7.182181582765706e-19,12.720157138470709,-1.0170504313517928e-18,14.320570489638076,5.486171914200355e-20,68.03805740773721,70.95674729200034
27.970000000001573,2345.5132840751735,239.7326803190914,-1.6215614075740442e-16,7.178383809639382e-19,12.718869034491778,-1.015874027537157e-18,14.327945449132484,5.454848774325404e-20,68.03046935763503,70.95668187308328
27.980000000001574,2346.1931633686945,239.71337621034493,-1.621696359298438e-16,7.174582549680179e-19,12.717581554712359,-1.014698314121388e-18,14.335315870901278,5.42357063640783e-20,68.02289333440832,70.95661610967596
27.990000000001576,2346.872964251719,239.6939716436609,-1.6218311926010015e-16,7.1707776505780065e-19,12.716294700749316,-1.0135233182612189e-18,14.34268174696629,5.392339686746589e-20,68.01532932901253,70.95655000205814
28.000000000001577,2347.5526868311267,239.67446670040485,-1.6219659075278842e-16,7.166968961837985e-19,12.715008474216424,-1.0123490669070289e-18,14.350043069369265,5.361158090930741e-20,68.0077773323919,70.9564835505097
28.01000000000158,2348.232331213741,239.65486146198467,-1.6221005041253535e-16,7.1631563347803825e-19,12.71372287672437,-1.0111755868019916e-18,14.357399830171868,5.3300279938081674e-20,68.00023733547938,70.95641675531074
28.02000000000158,2348.911897506328,239.63515600985022,-1.6222349824397984e-16,7.1593396225404e-19,12.712437909880746,-1.0100029044812458e-18,14.364752021455665,5.298951519456441e-20,67.99270932919694,70.95634961674146
28.030000000001582,2349.5913858155977,239.61535042549318,-1.6223693425177338e-16,7.155518680067784e-19,12.711153575290066,-1.008831046271097e-18,14.372099635322163,5.26793077115586e-20,67.98519330445536,70.95628213508222
28.040000000001584,2350.2707962482036,239.5954447904469,-1.622503584405805e-16,7.151693364126258e-19,12.709869874553736,-1.0076600382882378e-18,14.379442663892805,5.2369678313646104e-20,67.97768925215436,70.95621431061349
28.050000000001585,2350.9501289107416,239.57543918628605,-1.6226377081507922e-16,7.147863533292815e-19,12.708586809270072,-1.0064899064389984e-18,14.386781099308964,5.2060647616960276e-20,67.97019716318266,70.95614614361597
28.060000000001587,2351.6293839097502,239.55533369462654,-1.6227717137996137e-16,7.144029047956834e-19,12.707304381034282,-1.0053206764186199e-18,14.394114933731986,5.1752236028979826e-20,67.96271702841797,70.95607763437044
28.07000000000159,2352.308561351712,239.53512839712528,-1.6229056013993307e-16,7.140189770319039e-19,12.706022591438488,-1.0041523737105544e-18,14.401444159343152,5.1444463748343266e-20,67.95524883872709,70.95600878315788
28.08000000000159,2352.9876613430515,239.51482337547992,-1.623039370997151e-16,7.136345564390276e-19,12.704741442071692,-1.0029850235857859e-18,14.408768768343723,5.113735076468421e-20,67.94779258496582,70.95593959025938
28.09000000000159,2353.6666839901363,239.4944187114287,-1.6231730226404328e-16,7.132496295990179e-19,12.703460934519798,-1.0018186511021804e-18,14.416088752954938,5.0830916858486995e-20,67.94034825797917,70.95587005595617
28.100000000001593,2354.3456293992767,239.4739144867502,-1.6233065563766893e-16,7.12864183274564e-19,12.702181070365606,-1.000653281103858e-18,14.423404105418005,5.052518160096276e-20,67.93291584860121,70.95580018052961
28.110000000001595,2355.024497676725,239.4533107832632,-1.6234399722535922e-16,7.124782044089126e-19,12.700901851188789,-9.99488938220589e-19,14.430714817994135,5.022016435394555e-20,67.92549534765533,70.95572996426127
28.120000000001596,2355.703288928676,239.43260768282636,-1.623573270318975e-16,7.120916801256862e-19,12.699623278565912,-9.983256468672154e-19,14.438020882964517,4.99158842698086e-20,67.91808674595401,70.95565940743282
28.130000000001598,2356.382003261268,239.4118052673381,-1.6237064506208377e-16,7.117045977286853e-19,12.698345354070439,-9.97163431243096e-19,14.445322292630362,4.961236029140019e-20,67.91069003429911,70.95558851032607
28.1400000000016,2357.06064078058,239.39090361873642,-1.6238395132073493e-16,7.11316944701674e-19,12.697068079272698,-9.960023153315747e-19,14.452619039312882,4.9309611151999434e-20,67.9033052034817,70.95551727322294
28.1500000000016,2357.7392015926334,239.36990281899855,-1.623972458126853e-16,7.109287087081534e-19,12.695791455739911,-9.948423228994745e-19,14.459911115353297,4.9007655375291305e-20,67.89593224428225,70.95544569640559
28.160000000001602,2358.4176858033925,239.3488029501409,-1.6241052854278689e-16,7.105398775911165e-19,12.694515485036161,-9.936834774966103e-19,14.467198513112875,4.870651127536119e-20,67.88857114747059,70.95537378015624
28.170000000001604,2359.096093518763,239.32760409421877,-1.624237995159097e-16,7.101504393727929e-19,12.693240168722419,-9.925258024553316e-19,14.474481224972893,4.840619695670842e-20,67.88122190380594,70.95530152475725
28.180000000001606,2359.774424844593,239.30630633332615,-1.624370587369422e-16,7.097603822543752e-19,12.691965508356521,-9.913693208900835e-19,14.481759243334686,4.8106730314278925e-20,67.87388450403701,70.95522893049113
28.190000000001607,2360.452679886671,239.28490974959556,-1.6245030621079157e-16,7.093696946157334e-19,12.690691505493184,-9.902140556969933e-19,14.48903256061962,4.7808129033516626e-20,67.86655893890195,70.95515599764056
28.20000000000161,2361.1308587507283,239.26341442519777,-1.6246354194238411e-16,7.089783650151123e-19,12.68941816168398,-9.890600295534773e-19,14.496301169269117,4.7510410590433504e-20,67.85924519912842,70.95508272648834
28.21000000000161,2361.808961542438,239.24182044234163,-1.6247676593666558e-16,7.085863821888186e-19,12.688145478477349,-9.87907264917874e-19,14.503565061744666,4.7213592251698086e-20,67.85194327543371,70.95500911731736
28.220000000001612,2362.4869883674137,239.2201278832739,-1.6248997819860142e-16,7.081937350508908e-19,12.6868734574186,-9.867557840290972e-19,14.510824230527808,4.6917691074742337e-20,67.84465315852465,70.95493517041072
28.230000000001613,2363.164939331212,239.19833683027903,-1.6250317873317722e-16,7.078004126927571e-19,12.685602100049898,-9.856056089063122e-19,14.518078668120168,4.6622723907886635e-20,67.83737483909769,70.95486088605159
28.240000000001615,2363.8428145393286,239.17644736567888,-1.6251636754539893e-16,7.074064043828796e-19,12.684331407910285,-9.84456761348637e-19,14.525328367043436,4.632870739048265e-20,67.830108307839,70.95478626452334
28.250000000001616,2364.5206140972027,239.15445957183258,-1.6252954464029327e-16,7.070116995663823e-19,12.683061382535627,-9.833092629348572e-19,14.532573319839402,4.603565795307421e-20,67.82285355542437,70.95471130610942
28.260000000001618,2365.198338110213,239.13237353113635,-1.6254271002290793e-16,7.066162878646701e-19,12.681792025458664,-9.821631350231746e-19,14.539813519069938,4.5743591817575555e-20,67.81561057251943,70.9546360110934
28.27000000000162,2365.87598668368,239.11018932602326,-1.6255586369831199e-16,7.062201590750319e-19,12.680523338208992,-9.810183987509693e-19,14.547048957317015,4.545252499746723e-20,67.80837934977953,70.95456037975904
28.28000000000162,2366.5535599228647,239.087907038963,-1.6256900567159614e-16,7.0582330317023145e-19,12.679255322313058,-9.798750750345867e-19,14.554279627182712,4.516247329800917e-20,67.80115987784983,70.95448441239022
28.290000000001623,2367.231057932969,239.06552675246175,-1.6258213594787303e-16,7.054257102980816e-19,12.677987979294134,-9.787331845691417e-19,14.561505521289215,4.4873452316471017e-20,67.79395214736533,70.9544081092709
28.300000000001624,2367.908480819137,239.0430485490619,-1.625952545322775e-16,7.050273707810136e-19,12.67672131067235,-9.775927478283522e-19,14.568726632278823,4.458547744237916e-20,67.78675614895097,70.95433147068525
28.310000000001626,2368.585828686451,239.02047251134184,-1.6260836142996692e-16,7.046282751156278e-19,12.6754553179647,-9.76453785064388e-19,14.575942952813959,4.4298563857780833e-20,67.77957187322157,70.95425449691747
28.320000000001627,2369.2631016399355,238.99779872191587,-1.6262145664612145e-16,7.042284139722316e-19,12.674190002684982,-9.753163163077395e-19,14.58315447557718,4.401272653752462e-20,67.7723993107819,70.95417718825198
28.33000000000163,2369.9402997845555,238.97502726343387,-1.6263454018594432e-16,7.038277781943687e-19,12.672925366343868,-9.74180361367112e-19,14.590361193271162,4.3727980249557466e-20,67.7652384522268,70.95409954497327
28.34000000000163,2370.6174232252156,238.95215821858116,-1.6264761205466206e-16,7.034263587983322e-19,12.671661410448838,-9.730459398293363e-19,14.597563098618739,4.344433955523799e-20,67.75808928814102,70.954021567366
28.350000000001632,2371.2944720667615,238.92919167007827,-1.6266067225752486e-16,7.030241469726698e-19,12.670398136504216,-9.719130710593021e-19,14.604760184362876,4.316181880966579e-20,67.75095180909949,70.9539432557149
28.360000000001634,2371.9714464139784,238.90612770068077,-1.6267372079980673e-16,7.026211340776744e-19,12.669135546011175,-9.70781774199915e-19,14.611952443266695,4.288043216202682e-20,67.74382600566717,70.95386461030489
28.370000000001635,2372.648346371592,238.88296639317903,-1.6268675768680584e-16,7.022173116448608e-19,12.667873640467686,-9.696520681720616e-19,14.619139868113479,4.260019355595438e-20,67.73671186839924,70.95378563142098
28.380000000001637,2373.325172044269,238.85970783039807,-1.626997829238447e-16,7.018126713764376e-19,12.66661242136857,-9.685239716746121e-19,14.626322451706654,4.23211167299058e-20,67.729609387841,70.9537063193483
28.39000000000164,2374.001923536614,238.8363520951973,-1.6271279651627046e-16,7.014072051447604e-19,12.665351890205473,-9.67397503184428e-19,14.633500186869838,4.20432152175545e-20,67.72251855452797,70.95362667437212
28.40000000000164,2374.678600953173,238.81289927047033,-1.627257984694551e-16,7.010009049917778e-19,12.664092048466857,-9.662726809563953e-19,14.640673066446807,4.176650234819729e-20,67.71543935898595,70.95354669677782
28.41000000000164,2375.3552043984314,238.78934943914481,-1.6273878878879576e-16,7.00593763128464e-19,12.662832897638006,-9.651495230234784e-19,14.647841083301511,4.1490991247176763e-20,67.708371791731,70.9534663868509
28.420000000001643,2376.0317339768144,238.7657026841822,-1.6275176747971485e-16,7.001857719342437e-19,12.661574439201022,-9.640280471967917e-19,14.655004230318104,4.121669483631863e-20,67.70131584326951,70.95338574487701
28.430000000001645,2376.708189792686,238.74195908857754,-1.6276473454766037e-16,6.997769239564017e-19,12.660316674634835,-9.629082710656888e-19,14.662162500400898,4.094362583438366e-20,67.69427150409827,70.95330477114187
28.440000000001646,2377.384571950351,238.7181187353593,-1.627776899981061e-16,6.993672119094842e-19,12.65905960541517,-9.617902119978738e-19,14.669315886474426,4.067179675753443e-20,67.68723876470442,70.9532234659314
28.450000000001648,2378.060880554053,238.69418170758914,-1.6279063383655179e-16,6.989566286746901e-19,12.657803233014585,-9.606738871395294e-19,14.6764643814834,4.0401219919816216e-20,67.68021761556557,70.95314182953153
28.46000000000165,2378.7371157079738,238.67014808836174,-1.6280356606852346e-16,6.985451672992502e-19,12.656547558902432,-9.595593134154635e-19,14.683607978392743,4.013190743365233e-20,67.67320804714977,70.9530598622284
28.47000000000165,2379.4132775162366,238.64601796080458,-1.628164866995735e-16,6.981328209957974e-19,12.655292584544894,-9.584465075292762e-19,14.69074667018759,3.9863871210353386e-20,67.66621004991562,70.95297756430824
28.480000000001652,2380.0893660829024,238.62179140807774,-1.6282939573528097e-16,6.977195831417239e-19,12.65403831140492,-9.573354859635413e-19,14.697880449873274,3.9597122960640526e-20,67.65922361431224,70.95289493605738
28.490000000001654,2380.7653815119716,238.5974685133737,-1.628422931812517e-16,6.973054472785347e-19,12.652784740942305,-9.562262649800116e-19,14.70500931047536,3.933167419518235e-20,67.65224873077935,70.95281197776227
28.500000000001656,2381.441323907383,238.5730493599172,-1.628551790431186e-16,6.968904071111823e-19,12.651531874613632,-9.55118860619837e-19,14.712133245039627,3.906753622514548e-20,67.64528538974723,70.95272868970949
28.510000000001657,2382.1171933730147,238.54853403096493,-1.6286805332654176e-16,6.964744565073989e-19,12.650279713872264,-9.540132887038019e-19,14.719252246632085,3.8804720162758365e-20,67.6383335816369,70.95264507218576
28.52000000000166,2382.7929900126846,238.52392260980537,-1.6288091603720867e-16,6.960575894970175e-19,12.649028260168391,-9.529095648325825e-19,14.726366308338969,3.8543236921888454e-20,67.63139329686004,70.95256112547786
28.53000000000166,2383.4687139301477,238.49921517975866,-1.6289376718083438e-16,6.956398002712791e-19,12.647777514948991,-9.518077043870183e-19,14.73347542326676,3.8283097218632436e-20,67.62446452581902,70.95247684987271
28.540000000001662,2384.144365229098,238.47441182417634,-1.6290660676316172e-16,6.952210831821364e-19,12.646527479657813,-9.507077225284018e-19,14.740579584542163,3.802431157191922e-20,67.61754725890704,70.95239224565732
28.550000000001663,2384.819944013169,238.44951262644113,-1.6291943478996147e-16,6.948014327415462e-19,12.645278155735442,-9.49609634198788e-19,14.747678785312134,3.7766890304125844e-20,67.61064148650804,70.95230731311888
28.560000000001665,2385.4954503859312,238.4245176699668,-1.6293225126703242e-16,6.943808436207492e-19,12.644029544619197,-9.485134541213165e-19,14.754773018743881,3.7510843541705785e-20,67.60374719899686,70.95222205254461
28.570000000001667,2386.170884450895,238.3994270381979,-1.6294505620020172e-16,6.939593106495488e-19,12.64278164774324,-9.474191968005536e-19,14.761862278024855,3.725618121582976e-20,67.59686438673917,70.95213646422188
28.580000000001668,2386.8462463115075,238.37424081460958,-1.6295784959532484e-16,6.935368288155716e-19,12.64153446653848,-9.46326876522849e-19,14.768946556362767,3.7002913063038726e-20,67.58999304009158,70.95205054843818
28.59000000000167,2387.5215360711554,238.34895908270747,-1.6297063145828588e-16,6.931133932635271e-19,12.640288002432623,-9.452365073567116e-19,14.77602584698559,3.675104862590897e-20,67.58313314940163,70.95196430548107
28.60000000000167,2388.1967538331623,238.32358192602737,-1.6298340179499764e-16,6.926889992944545e-19,12.639042256850157,-9.441481031531972e-19,14.78310014314156,3.650059725372906e-20,67.57628470500786,70.95187773563829
28.610000000001673,2388.871899700791,238.29810942813512,-1.6299616061140178e-16,6.92263642364963e-19,12.637797231212353,-9.43061677546318e-19,14.790169438099175,3.6251568103188577e-20,67.56944769723982,70.9517908391976
28.620000000001674,2389.5469737772405,238.27254167262637,-1.6300890791346898e-16,6.918373180864627e-19,12.636552926937254,-9.41977243953462e-19,14.797233725147212,3.600397013907841e-20,67.56262211641813,70.9517036164469
28.630000000001676,2390.2219761656497,238.24687874312642,-1.6302164370719903e-16,6.914100222243892e-19,12.635309345439682,-9.408948155758336e-19,14.804292997594713,3.5757812135002454e-20,67.55580795285447,70.95161606767427
28.640000000001677,2390.896906969094,238.22112072328997,-1.6303436799862104e-16,6.909817506974168e-19,12.634066488131221,-9.39814405398904e-19,14.811347248771003,3.551310267410058e-20,67.5490051968517,70.95152819316776
28.65000000000168,2391.571766290586,238.195267696801,-1.6304708079379347e-16,6.905524995766688e-19,12.632824356420242,-9.387360261928838e-19,14.818396472025684,3.5269850149782636e-20,67.54221383870386,70.95143999321566
28.66000000000168,2392.246554233077,238.1693197473725,-1.6305978209880435e-16,6.901222650849162e-19,12.63158295171188,-9.376596905132056e-19,14.825440660728656,3.5028062766473526e-20,67.53543386869613,70.95135146810624
28.670000000001682,2392.921270899455,238.14327695874627,-1.630724719197713e-16,6.8969104359577e-19,12.630342275408037,-9.36585410701023e-19,14.832479808270087,3.478774854036881e-20,67.528665277105,70.95126261812798
28.680000000001684,2393.5959163925463,238.11713941469282,-1.6308515026284176e-16,6.892588316328668e-19,12.62910232890738,-9.355131988837254e-19,14.839513908060452,3.4548915300201164e-20,67.52190805419819,70.9511734435694
28.690000000001685,2394.2704908151136,238.09090719901104,-1.63097817134193e-16,6.888256258690457e-19,12.627863113605343,-9.344430669754676e-19,14.846542953530514,3.431157068801709e-20,67.51516219023476,70.95108394471916
28.700000000001687,2394.944994269857,238.06458039552814,-1.6311047254003224e-16,6.883914231255194e-19,12.626624630894122,-9.333750266777122e-19,14.853566938131335,3.407572215996404e-20,67.50842767546511,70.95099412186599
28.71000000000169,2395.619426859414,238.03815908809932,-1.6312311648659685e-16,6.879562203710391e-19,12.625386882162676,-9.323090894797886e-19,14.860585855334273,3.384137698708758e-20,67.50170450013105,70.95090397529873
28.72000000000169,2396.2937886863588,238.0116433606077,-1.631357489801543e-16,6.875200147210481e-19,12.624149868796707,-9.312452666594633e-19,14.867599698630999,3.360854225613858e-20,67.49499265446579,70.95081350530636
28.73000000000169,2396.968079853203,237.98503329696405,-1.631483700270024e-16,6.87082803436835e-19,12.622913592178694,-9.301835692835294e-19,14.874608461533477,3.337722487039015e-20,67.48829212869403,70.95072271217786
28.740000000001693,2397.642300462395,237.9583289811066,-1.6316097963346928e-16,6.866445839246756e-19,12.621678053687857,-9.291240082084035e-19,14.88161213757399,3.3147431550464303e-20,67.48160291303192,70.95063159620243
28.750000000001695,2398.3164506163193,237.93153049700086,-1.631735778059135e-16,6.862053537349692e-19,12.620443254700165,-9.28066594080741e-19,14.888610720305126,3.2919168835168054e-20,67.47492499768721,70.95054015766928
28.760000000001696,2398.990530417298,237.90463792863946,-1.6318616455072419e-16,6.857651105613708e-19,12.61920919658836,-9.270113373380648e-19,14.895604203299792,3.269244308233887e-20,67.46825837285918,70.95044839686778
28.770000000001698,2399.6645399675895,237.87765136004185,-1.6319873987432105e-16,6.853238522399145e-19,12.617975880721906,-9.25958248209403e-19,14.902592580151207,3.2467260469699334e-20,67.46160302873872,70.95035631408734
28.7800000000017,2400.3384793693886,237.85057087525422,-1.6321130378315445e-16,6.848815767481312e-19,12.61674330846703,-9.249073367159451e-19,14.90957584447291,3.224362699572073e-20,67.4549589555084,70.9502639096175
28.7900000000017,2401.012348724827,237.82339655834926,-1.6322385628370555e-16,6.8443828220416245e-19,12.615511481186699,-9.238586126717094e-19,14.916553989898762,3.2021548480495675e-20,67.44832614334243,70.95017118374791
28.800000000001702,2401.686148135972,237.79612849342598,-1.632363973824863e-16,6.839939668658653e-19,12.614280400240624,-9.228120856842208e-19,14.923527010082953,3.180103056661929e-20,67.44170458240676,70.95007813676825
28.810000000001704,2402.359877704828,237.76876676460947,-1.632489270860395e-16,6.835486291299142e-19,12.613050066985258,-9.21767765155206e-19,14.930494898699987,3.1582078720079046e-20,67.43509426285907,70.9499847689684
28.820000000001706,2403.0335375333348,237.74131145605074,-1.6326144540093895e-16,6.831022675308966e-19,12.6118204827738,-9.207256602812966e-19,14.937457649444701,3.136469823115293e-20,67.4284951748489,70.94989108063824
28.830000000001707,2403.707127723369,237.71376265192654,-1.6327395233378937e-16,6.826548807404008e-19,12.610591648956172,-9.19685780054748e-19,14.944415256032265,3.1148894215316025e-20,67.42190730851753,70.94979707206774
28.84000000000171,2404.3806483767426,237.68612043643918,-1.6328644789122653e-16,6.822064675661026e-19,12.609363566879052,-9.18648133264169e-19,14.951367712198179,3.093467161415497e-20,67.41533065399817,70.94970274354705
28.85000000000171,2405.054099595204,237.65838489381628,-1.632989320799173e-16,6.817570269508428e-19,12.608136237885834,-9.176127284952627e-19,14.958315011698266,3.072203519629054e-20,67.40876520141592,70.94960809536634
28.860000000001712,2405.7274814804377,237.63055610831063,-1.6331140490655968e-16,6.813065579717032e-19,12.606909663316658,-9.165795741315821e-19,14.965257148308707,3.051098955830805e-20,67.40221094088777,70.94951312781588
28.870000000001713,2406.4007941340633,237.60263416419994,-1.6332386637788279e-16,6.808550598390735e-19,12.605683844508379,-9.15548678355293e-19,14.972194115825998,3.030153912569523e-20,67.39566786252273,70.94941784118603
28.880000000001715,2407.0740376576364,237.57461914578673,-1.63336316500647e-16,6.804025318957193e-19,12.604458782794609,-9.145200491479548e-19,14.979125908066985,3.009368815378779e-20,67.38913595642182,70.9493222357673
28.890000000001717,2407.7472121526484,237.54651113739806,-1.633487552816439e-16,6.799489736158373e-19,12.603234479505652,-9.13493694291304e-19,14.98605251886885,2.988744072872222e-20,67.38261521267813,70.94922631185017
28.900000000001718,2408.420317720526,237.51831022338538,-1.6336118272769633e-16,6.79494384604116e-19,12.602010935968577,-9.124696213680603e-19,14.992973942089115,2.968280076839591e-20,67.3761056213768,70.94913006972534
28.91000000000172,2409.0933544626314,237.49001648812433,-1.6337359884565838e-16,6.790387645947801e-19,12.60078815350714,-9.114478377627292e-19,14.999890171605648,2.947977202343422e-20,67.36960717259507,70.94903350968349
28.92000000000172,2409.7663224896974,237.46162943836606,-1.6338600364926612e-16,6.785821134506427e-19,12.599566133441845,-9.104283506624316e-19,15.006801201316659,2.927835807816451e-20,67.36311985640238,70.94893663201543
28.930000000001723,2410.439221912911,237.43314856952665,-1.6339839715241834e-16,6.78124439400086e-19,12.598345306028111,-9.094111618532555e-19,15.013756513280935,2.907856235855533e-20,67.35664703998324,70.94883943503423
28.940000000001724,2411.1120528437664,237.40457337494328,-1.6341077936906654e-16,6.776657508453933e-19,12.597126102288872,-9.083962729245995e-19,15.020757507622616,2.888038954205117e-20,67.35018883796364,70.94874191701412
28.950000000001726,2411.784815394064,237.37590334584152,-1.6342315031321518e-16,6.772060562279913e-19,12.595908947061458,-9.073836853542135e-19,15.027804792267176,2.8683844149624817e-20,67.34374531176718,70.94864407622222
28.960000000001727,2412.4575096759063,237.34713797130266,-1.6343550999892172e-16,6.767453640281556e-19,12.594694259068387,-9.063734005079454e-19,15.034898971806133,2.8488930523554375e-20,67.33731652298212,70.9485459109185
28.97000000000173,2413.130135801697,237.31827673823096,-1.6344785844029685e-16,6.7628368276471815e-19,12.593482450988516,-9.05365419639503e-19,15.042040647563287,2.8295652828356325e-20,67.33090253336644,70.94844741935556
28.98000000000173,2413.8026938841394,237.28931913132118,-1.6346019565150458e-16,6.758210209947702e-19,12.592273929528616,-9.043597438902164e-19,15.049230417661718,2.8104015051729085e-20,67.32450340485303,70.9483485997786
28.990000000001732,2414.475184036233,237.26026463302594,-1.6347252164676244e-16,6.753573873133649e-19,12.591069095495252,-9.03356374288813e-19,15.056468877091557,2.791402100550693e-20,67.31811919955463,70.94824945042524
29.000000000001734,2415.1476063712716,237.2311127235233,-1.6348483644034155e-16,6.748927903532231e-19,12.589868343867161,-9.023553117512068e-19,15.063756617778502,2.772567432662393e-20,67.31174997976896,70.94814996952545
29.010000000001735,2415.8199610028432,237.20186288068422,-1.6349714004656677e-16,6.744272387844315e-19,12.588672063867829,-9.013565570802812e-19,15.07109422865307,2.7538978478087774e-20,67.30539580798369,70.94805015530147
29.020000000001737,2416.4922480448254,237.17251458004023,-1.6350943247981682e-16,6.73960741314142e-19,12.587480639038514,-9.003601109656967e-19,15.078482295720613,2.735393674996328e-20,67.29905674688135,70.94795000596763
29.03000000000174,2417.1644676113847,237.14306729475098,-1.6352171375452444e-16,6.7349330668627425e-19,12.586294447311582,-8.993659739836979e-19,15.085921402132032,2.7170552260365315e-20,67.29273285934441,70.94784951973031
29.04000000000174,2417.8366198169742,237.1135204955719,-1.6353398388517648e-16,6.730249436812095e-19,12.585113861084121,-8.983741465969303e-19,15.093412128255236,2.6988827956461017e-20,67.2864242084601,70.94774869478772
29.05000000000174,2418.508704776332,237.08387365082183,-1.63546242886314e-16,6.725556611154887e-19,12.583939247291916,-8.973846291542695e-19,15.100955051747338,2.6808766615481e-20,67.28013085752538,70.9476475293299
29.060000000001743,2419.1807226044775,237.05412622635072,-1.6355849077253246e-16,6.720854678415049e-19,12.582770967483663,-8.963974218906526e-19,15.108550747627518,2.6630370845739522e-20,67.27385287005173,70.94754602153861
29.070000000001745,2419.852673416712,237.0242776855073,-1.635707275584817e-16,6.7161437274719965e-19,12.581609377895527,-8.954125249269245e-19,15.116199788350642,2.6453643087663157e-20,67.2675903097701,70.94744416958711
29.080000000001746,2420.5245573286156,236.9943274891067,-1.6358295325886614e-16,6.711423847557519e-19,12.580454829525934,-8.9442993826969e-19,15.123902743881542,2.627858561482807e-20,67.26134324063568,70.94734197164017
29.090000000001748,2421.1963744560435,236.96427509539825,-1.6359516788844494e-16,6.706695128252715e-19,12.57930766821067,-8.93449661811175e-19,15.131660181770048,2.6105200535005453e-20,67.2551117268327,70.94723942585387
29.10000000000175,2421.868124915126,236.93411996003306,-1.6360737146203192e-16,6.701957659484855e-19,12.57816823469817,-8.924716953290925e-19,15.139472667226645,2.5933489791215085e-20,67.2488958327792,70.94713653037556
29.11000000000175,2422.5398088222664,236.90386153603174,-1.6361956399449584e-16,6.697211531524279e-19,12.57703686472515,-8.914960384865264e-19,15.147340763198875,2.57634551627868e-20,67.24269562313182,70.94703328334367
29.120000000001752,2423.211426294138,236.87349927375203,-1.636317455007604e-16,6.692456834981247e-19,12.57591388909238,-8.905226908318132e-19,15.155265030448408,2.5595098266429552e-20,67.23651116279058,70.94692968288773
29.130000000001754,2423.882977447683,236.8430326208564,-1.636439159958043e-16,6.687693660802802e-19,12.574799633740758,-8.895516517984393e-19,15.163246027628785,2.5428420557308152e-20,67.23034251690345,70.9468257271281
29.140000000001756,2424.5544624001095,236.81246102227968,-1.6365607549466147e-16,6.682922100269601e-19,12.573694419827595,-8.885829207049445e-19,15.171284311363841,2.5263423330127168e-20,67.22418975087119,70.94672141417595
29.150000000001757,2425.2258812688906,236.78178392019663,-1.63668224012421e-16,6.678142244992732e-19,12.572598563803057,-8.876164967548333e-19,15.179380436326818,2.510010772022212e-20,67.21805293035194,70.9466167421332
29.16000000000176,2425.8972341717613,236.75100075398942,-1.6368036156422727e-16,6.673354186910538e-19,12.571512377486906,-8.866523790364957e-19,15.187534955320155,2.493847470465756e-20,67.2119321212659,70.94651170909223
29.17000000000176,2426.5685212267176,236.72011096021515,-1.6369248816528012e-16,6.668558018285398e-19,12.570436168145344,-8.856905665231343e-19,15.195748419355901,2.4778525103331964e-20,67.20582738979998,70.94640631313601
29.180000000001762,2427.2397425520135,236.68911397257327,-1.637046038308348e-16,6.663753831700545e-19,12.569370238568155,-8.847310580727067e-19,15.204021377736867,2.4620259580089283e-20,67.19973880241238,70.94630055233773
29.190000000001763,2427.910898266159,236.65800922187293,-1.6371670857620214e-16,6.658941720056799e-19,12.568314887145906,-8.83773852427863e-19,15.212354378138395,2.4463678643836885e-20,67.19366642583725,70.94619442476096
29.200000000001765,2428.5819884879193,236.62679613600034,-1.6372880241674854e-16,6.654121776569364e-19,12.567270407947447,-8.828189482159048e-19,15.220747966690816,2.4308782649669835e-20,67.18761032708917,70.94608792845926
29.210000000001767,2429.2530133363107,236.59547413988597,-1.6374088536789617e-16,6.649294094764578e-19,12.566237090797511,-8.818663439487465e-19,15.229202688062546,2.4155571800001257e-20,67.18157057346782,70.94598106147632
29.220000000001768,2429.9239729306005,236.56404265547167,-1.6375295744512287e-16,6.644458768476637e-19,12.56521522135448,-8.80916038022883e-19,15.237719085543894,2.4004046145698617e-20,67.17554723256247,70.94587382184568
29.23000000000177,2430.5948673903035,236.53250110167787,-1.6376501866396235e-16,6.639615891844351e-19,12.564205081188362,-8.799680287193681e-19,15.24629770113149,2.3854205587225824e-20,67.16954037225653,70.94576620759071
29.24000000000177,2431.2656968351807,236.5008488943705,-1.637770690400042e-16,6.634765559307868e-19,12.563206947858879,-8.790223142038025e-19,15.2549390756134,2.3706049875790957e-20,67.16355006073206,70.94565821672441
29.250000000001773,2431.936461385237,236.4690854463279,-1.6378910858889398e-16,6.629907865605387e-19,12.562221094993733,-8.78078892526325e-19,15.263643748654887,2.3559578614499395e-20,67.15757636647432,70.94554984724938
29.260000000001774,2432.607161160719,236.43721016720764,-1.6380113732633324e-16,6.625042905769868e-19,12.561247792366961,-8.771377616216144e-19,15.272412258884874,2.3414791259512294e-20,67.15161935827615,70.94544109715768
29.270000000001776,2433.2777962821124,236.40522246351318,-1.638131552680796e-16,6.620170775125755e-19,12.560287305977546,-8.761989193089007e-19,15.28124514398303,2.3271687121210187e-20,67.14567910524258,70.94533196443074
29.280000000001777,2433.948366870141,236.37312173856057,-1.6382516242994683e-16,6.615291569285651e-19,12.55933989812801,-8.752623632919785e-19,15.29014294076756,2.3130265365361574e-20,67.13975567679522,70.94522244703913
29.29000000000178,2434.618873045763,236.34090739244476,-1.6383715882780487e-16,6.610405384147043e-19,12.55840582750331,-8.743280911592367e-19,15.299106185283637,2.2990525014296344e-20,67.13384914267671,70.94511254294261
29.30000000000178,2435.2893149301703,236.3085788220061,-1.638491444775799e-16,6.605512315888981e-19,12.557485349249724,-8.733961003836859e-19,15.308135412892542,2.2852464948083885e-20,67.12795957295522,70.94500225008993
29.310000000001782,2435.9596926447853,236.27613542079638,-1.6386111939525438e-16,6.600612460968768e-19,12.55657871505393,-8.724663883229994e-19,15.317231158361453,2.2716083905715733e-20,67.12208703802882,70.9448915664187
29.320000000001784,2436.630006311259,236.24357657904508,-1.6387308359686713e-16,6.595705916118655e-19,12.555686173222217,-8.715389522195614e-19,15.326393955953911,2.2581380486292593e-20,67.11623160862996,70.94478048985532
29.330000000001785,2437.3002560514683,236.2109016836252,-1.6388503709851335e-16,6.590792778342534e-19,12.554807968759789,-8.706137892005199e-19,15.335624339520994,2.2448353150215648e-20,67.11039335582979,70.94466901831485
29.340000000001787,2437.970441987515,236.17811011801902,-1.6389697991634467e-16,6.585873144912623e-19,12.553944343450205,-8.69690896277847e-19,15.34492284259316,2.2317000220381868e-20,67.1045723510427,70.94455714970087
29.35000000000179,2438.640564241722,236.1452012622838,-1.639089120665692e-16,6.580947113366152e-19,12.553095535934917,-8.687702703484075e-19,15.354289998472794,2.2187319883383416e-20,67.09876866603062,70.94444488190535
29.36000000000179,2439.3106229366313,236.11217449301708,-1.6392083356545164e-16,6.576014781502087e-19,12.552261781792996,-8.678519081940359e-19,15.363726340327428,2.205931019071076e-20,67.09298237290746,70.94433221280865
29.37000000000179,2439.980618195002,236.07902918332218,-1.639327444293132e-16,6.571076247377791e-19,12.551443313620842,-8.66935806481615e-19,15.3732324012837,2.193296905995952e-20,67.08721354414345,70.94421914027922
29.380000000001793,2440.6505501398083,236.04576470277306,-1.639446446745317e-16,6.566131609305759e-19,12.55064036111216,-8.660219617631673e-19,15.382808714521982,2.180829427604087e-20,67.08146225256955,70.94410566217367
29.390000000001795,2441.320418894236,236.0123804173794,-1.6395653431754168e-16,6.561180965850322e-19,12.549853151137928,-8.651103704759476e-19,15.392455813371773,2.1685283492395293e-20,67.07572857138187,70.94399177633646
29.400000000001796,2441.99022458168,235.97887568955127,-1.6396841337483431e-16,6.556224415824365e-19,12.549081907826574,-8.642010289425469e-19,15.402174231407745,2.1563934232209707e-20,67.07001257414593,70.94387748059995
29.410000000001798,2442.659967325744,235.94524987806358,-1.639802818629576e-16,6.551262058286048e-19,12.54832685264418,-8.632939333709977e-19,15.4119645025466,2.1444243889637672e-20,67.06431433480113,70.94376277278418
29.4200000000018,2443.3296472502348,235.91150233802043,-1.6399213979851624e-16,6.546293992535569e-19,12.547588204474895,-8.623890798548894e-19,15.421827161144586,2.1326209731022633e-20,67.05863392766506,70.94364765069679
29.4300000000018,2443.999264479162,235.87763242081925,-1.6400398719817178e-16,6.541320318111893e-19,12.546866179701373,-8.614864643734884e-19,15.431762742095811,2.120982889612408e-20,67.05297142743791,70.94353211213286
29.440000000001803,2444.668819136734,235.84363947411455,-1.6401582407864265e-16,6.536341134789525e-19,12.54616099228541,-8.60586082791863e-19,15.441771780931285,2.1095098399346486e-20,67.04732690920677,70.94341615487481
29.450000000001804,2445.3383113473565,235.80952284178164,-1.6402765045670415e-16,6.5313565425753e-19,12.545472853848652,-8.596879308610164e-19,15.451854813918741,2.098201513097086e-20,67.04170044845006,70.94329977669233
29.460000000001806,2446.0077412356295,235.77528186387997,-1.6403946634918853e-16,6.526366641705171e-19,12.54480197375344,-8.587920042180219e-19,15.462012378163221,2.0870575858388864e-20,67.03609212104182,70.94318297534215
29.470000000001807,2446.677108926344,235.7409158766163,-1.6405127177298504e-16,6.521371532641006e-19,12.54414855918377,-8.57898298386167e-19,15.47224501170844,2.076077722733931e-20,67.03050200325615,70.94306574856797
29.48000000000181,2447.3464145444796,235.70642421230755,-1.6406306674503989e-16,6.516371316067455e-19,12.543512815226403,-8.570068087751008e-19,15.482553253638956,2.0652615763146976e-20,67.02493017177152,70.94294809410037
29.49000000000181,2448.015658215202,235.67180619934345,-1.6407485128235637e-16,6.511366092888775e-19,12.542894944952101,-8.561175306809881e-19,15.492937644183137,2.0546087871963604e-20,67.01937670367515,70.94283000965663
29.500000000001812,2448.68484006386,235.63706116214888,-1.6408662540199485e-16,6.506355964225717e-19,12.542295149496972,-8.552304592866659e-19,15.50339872481695,2.0441189842010947e-20,67.01384167646738,70.94271149294059
29.510000000001813,2449.3539602159817,235.60218842114594,-1.6409838912107284e-16,6.501341031412435e-19,12.541713628143999,-8.543455896618075e-19,15.513937038368583,2.0337917844825735e-20,67.0083251680661,70.94259254164258
29.520000000001815,2450.023018797273,235.5671872927157,-1.64110142456765e-16,6.496321395993379e-19,12.541150578404645,-8.534629167630893e-19,15.524553129123907,2.0236267936506595e-20,67.00282725681102,70.9424731534393
29.530000000001817,2450.6920159336137,235.5320570891597,-1.6412188542630317e-16,6.491297159720283e-19,12.540606196100693,-8.525824354343628e-19,15.535247542932783,2.0136236058962575e-20,66.99734802146814,70.94235332599352
29.540000000001818,2451.360951751054,235.49679711866122,-1.6413361804697644e-16,6.486268424549121e-19,12.540080675446173,-8.517041404068317e-19,15.546020827316266,2.0037818041163374e-20,66.99188754123416,70.94223305695427
29.55000000000182,2452.029826375813,235.46140668524592,-1.6414534033613118e-16,6.481235292637122e-19,12.539574209129475,-8.508280262992312e-19,15.556873531574682,1.9941009600391097e-20,66.9864458957408,70.94211234395631
29.56000000000182,2452.698639934274,235.42588508874258,-1.6415705231117108e-16,6.476197866339819e-19,12.539086988395614,-8.499540876180125e-19,15.567806206896593,1.9845806343493408e-20,66.98102316505928,70.94199118462036
29.570000000001823,2453.3673925529815,235.39023162474322,-1.6416875398955718e-16,6.471156248208117e-19,12.538619203128702,-8.490823187575322e-19,15.578819406468705,1.9752203768138017e-20,66.97561942970468,70.94186957655276
29.580000000001824,2454.036084358639,235.35444558456297,-1.641804453888079e-16,6.466110540985399e-19,12.53817104193454,-8.482127140002407e-19,15.589913685586698,1.966019726406839e-20,66.97023477064039,70.94174751734535
29.590000000001826,2454.7047154781044,235.31852625519957,-1.641921265264991e-16,6.461060847604688e-19,12.537742692223468,-8.473452675168819e-19,15.601089601767004,1.9569782114360578e-20,66.9648692692826,70.94162500457539
29.600000000001828,2455.373286038387,235.2824729192926,-1.642037974202641e-16,6.456007271185817e-19,12.537334340293329,-8.464799733666859e-19,15.612347714859572,1.94809534966811e-20,66.95952300750466,70.94150203580539
29.61000000000183,2456.041796166644,235.2462848550821,-1.6421545808779378e-16,6.450949915032667e-19,12.536946171412719,-8.456168254975741e-19,15.623688587161599,1.9393706484545734e-20,66.95419606764159,70.94137860858301
29.62000000000183,2456.7102459901776,235.20996133636723,-1.6422710854683653e-16,6.445888882630433e-19,12.536578369904394,-8.447558177463611e-19,15.63511278353228,1.930803604857918e-20,66.94888853249458,70.94125472044084
29.630000000001832,2457.3786356364303,235.173501632464,-1.6423874881519838e-16,6.440824277642927e-19,12.536231119228889,-8.438969438389598e-19,15.646620871508606,1.922393705777547e-20,66.9436004853354,70.94113036889634
29.640000000001834,2458.0469652329825,235.13690500816304,-1.64250378910743e-16,6.43575620390996e-19,12.53590460206843,-8.430401973905932e-19,15.658213421422182,1.9141404280759052e-20,66.93833200991097,70.94100555145164
29.650000000001835,2458.7152349075473,235.10017072368686,-1.6426199885139174e-16,6.430684765444715e-19,12.535599000411008,-8.421855719060003e-19,15.669891006517124,1.906043238704643e-20,66.93308319044786,70.9408802655934
29.660000000001837,2459.383444787968,235.06329803464655,-1.6427360865512372e-16,6.425610066431247e-19,12.535314495634793,-8.413330607796535e-19,15.681654203069064,1.8981015948308368e-20,66.92785411165683,70.94075450879275
29.67000000000184,2460.051595002213,235.02628619199814,-1.6428520833997587e-16,6.420532211221947e-19,12.535051268592705,-8.404826572959681e-19,15.693503590505252,1.8903149439632422e-20,66.92264485873739,70.940628278505
29.68000000000184,2460.7196856783735,234.9891344419986,-1.642967979240429e-16,6.415451304335138e-19,12.534809499697346,-8.396343546295199e-19,15.705439751525825,1.8826827240785897e-20,66.9174555173823,70.94050157216961
29.69000000000184,2461.387716944657,234.95184202616124,-1.643083774254775e-16,6.410367450452675e-19,12.534589369006195,-8.387881458452611e-19,15.717463272226212,1.8752043637479004e-20,66.91228617378228,70.94037438720996
29.700000000001843,2462.0556889293857,234.9144081812108,-1.6431994686249025e-16,6.405280754417626e-19,12.534391056307074,-8.3794402389873755e-19,15.729574742220745,1.8678792822628196e-20,66.90713691463056,70.94024672103326
29.710000000001845,2462.7236017609907,234.87683213903793,-1.643315062533498e-16,6.400191321232005e-19,12.534214741203945,-8.371019816363063e-19,15.741774754767487,1.8607068897619675e-20,66.90200782712746,70.94011857103035
29.720000000001846,2463.3914555680085,234.83911312665327,-1.6434305561638282e-16,6.395099256054573e-19,12.534060603203047,-8.362620117953536e-19,15.754063906894329,1.853686587357284e-20,66.89689899898514,70.93998993457559
29.730000000001848,2464.059250479076,234.8012503661411,-1.6435459496997411e-16,6.390004664198696e-19,12.533928821799364,-8.354241070045139e-19,15.766442799526285,1.8468177672603784e-20,66.89181051843221,70.93986080902664
29.74000000000185,2464.7269866229267,234.76324307461226,-1.643661243325667e-16,6.384907651130268e-19,12.533819576563419,-8.345882597838862e-19,15.778912037614184,1.840099812908861e-20,66.88674247421845,70.93973119172436
29.75000000000185,2465.394664128385,234.7250904641569,-1.6437764372266185e-16,6.379808322465715e-19,12.533733047228493,-8.337544625452553e-19,15.791472230264624,1.8335320990926628e-20,66.88169495561958,70.93960107999263
29.760000000001853,2466.062283124363,234.6867917417963,-1.6438915315881913e-16,6.374706783970052e-19,12.53366941377819,-8.329227075923046e-19,15.804123990871323,1.8271139920803296e-20,66.87666805244189,70.93947047113816
29.770000000001854,2466.7298437398554,234.6483461094345,-1.6440065265965652e-16,6.369603141555012e-19,12.533628856534389,-8.320929871208327e-19,15.816867937247856,1.8208448497452836e-20,66.87166185502716,70.93933936245041
29.780000000001856,2467.3973461039327,234.6097527638092,-1.6441214224385046e-16,6.364497501277285e-19,12.533611556245686,-8.3126529321896985e-19,15.829704691761819,1.8147240216920525e-20,66.86667645425736,70.93920775120132
29.790000000001857,2468.0647903457398,234.57101089644217,-1.6442362193013594e-16,6.35938996933677e-19,12.533617694176195,-8.304396178673893e-19,15.842634881470437,1.8087508493824516e-20,66.86171194155955,70.93907563464518
29.80000000000186,2468.7321765944876,234.53211969358895,-1.6443509173730656e-16,6.354280652074977e-19,12.533647452194872,-8.296159529395188e-19,15.855659138257705,1.8029246662617242e-20,66.85676840891068,70.93894301001852
29.81000000000186,2469.3995049794494,234.49307833618818,-1.644465516842146e-16,6.349169655973452e-19,12.53370101286524,-8.287942902017492e-19,15.868778098973024,1.7972447978846203e-20,66.85184594884257,70.93880987453981
29.820000000001862,2470.066775629956,234.4538859998101,-1.6445800178977115e-16,6.3440570876523135e-19,12.533778559535687,-8.279746213136396e-19,15.881992405571435,1.791710562041423e-20,66.84694465444673,70.93867622540948
29.830000000001863,2470.733988675389,234.4145418546047,-1.6446944207294612e-16,6.338943053868887e-19,12.53388027643024,-8.271569378281226e-19,15.895302705255418,1.786321268883909e-20,66.8420646193794,70.9385420598095
29.840000000001865,2471.4011442451765,234.37504506524894,-1.6448087255276844e-16,6.333827661516385e-19,12.534006348739853,-8.263412311917034e-19,15.908709650618396,1.781076221051236e-20,66.83720593786647,70.93840737490345
29.850000000001867,2472.068242468787,234.3353947908936,-1.6449229324832602e-16,6.328711017622721e-19,12.534156962714281,-8.25527492744655e-19,15.92221389978986,1.7759747137957627e-20,66.83236870470863,70.93827216783616
29.860000000001868,2472.735283475724,234.29559018510923,-1.6450370417876593e-16,6.323593229349405e-19,12.534332305754578,-8.247157137212143e-19,15.935816116582277,1.7710160351087858e-20,66.82755301528624,70.93813643573357
29.87000000000187,2473.4022673955187,234.25563039583176,-1.645151053632945e-16,6.318474403990513e-19,12.534532566506087,-8.239058852497673e-19,15.949516970639722,1.7661994658461944e-20,66.82275896556463,70.93800017570263
29.88000000000187,2474.0691943577262,234.21551456530702,-1.6452649682117742e-16,6.313354648971783e-19,12.534757934952154,-8.230979983530352e-19,15.96331713758836,1.7615242798540442e-20,66.81798665209907,70.93786338483102
29.890000000001873,2474.736064491918,234.1752418300349,-1.6453787857173976e-16,6.308234071849802e-19,12.535008602508462,-8.222920439482527e-19,15.977217299188752,1.7569897440940284e-20,66.81323617204002,70.93772606018699
29.900000000001874,2475.402877927676,234.13481132071269,-1.6454925063436624e-16,6.303112780311284e-19,12.535284762118039,-8.214880128473418e-19,15.991218143490096,1.7525951187688678e-20,66.80850762313838,70.93758819881916
29.910000000001876,2476.0696347945855,234.09422216217754,-1.6456061302850118e-16,6.297990882172474e-19,12.535586608346954,-8.206858957570796e-19,16.005320364986407,1.7483396574475942e-20,66.80380110375067,70.93744979775637
29.920000000001878,2476.7363352222305,234.05347347334853,-1.645719657736487e-16,6.2928684853786465e-19,12.535914337480772,-8.198856832792614e-19,16.019524664774682,1.7442226071907364e-20,66.79911671284432,70.93731085400742
29.93000000000188,2477.402979340185,234.0125643671676,-1.645833088893729e-16,6.287745698003724e-19,12.536268147621781,-8.190873659108554e-19,16.03383175071516,1.740243208675399e-20,66.79445455000314,70.93717136456094
29.94000000000188,2478.069567278008,233.97149395053998,-1.6459464239529783e-16,6.282622628249997e-19,12.536648238786915,-8.182909340441519e-19,16.048242337593628,1.736400696320242e-20,66.7898147154325,70.9370313263851
29.950000000001882,2478.736099165235,233.93026132427366,-1.646059663111078e-16,6.277499384447983e-19,12.537054813006637,-8.174963779669052e-19,16.062757147285932,1.732694298410341e-20,66.78519730996491,70.93689073642751
29.960000000001884,2479.402575131371,233.88886558301823,-1.6461728065654736e-16,6.272376075056375e-19,12.53748807442452,-8.1670368786246655e-19,16.077376908924677,1.7291232372219414e-20,66.7806024350655,70.93674959161497
29.970000000001885,2480.0689953058854,233.84730581520273,-1.6462858545142154e-16,6.267252808662151e-19,12.53794822939782,-8.159128538099116e-19,16.092102359068193,1.7256867291471016e-20,66.77603019283742,70.9366078888532
29.980000000001887,2480.7353598182012,233.80558110297275,-1.6463988071559594e-16,6.262129693980757e-19,12.538435486598887,-8.151238657841561e-19,16.106934241871837,1.722383984818212e-20,66.77148068602753,70.93646562502668
29.99000000000189,2481.40166879769,233.7636905221267,-1.6465116646899692e-16,6.257006839856486e-19,12.53895005711757,-8.143367136560663e-19,16.12187330926168,1.719214209232406e-20,66.76695401803194,70.93632279699854
30.00000000000189,2482.067922373664,233.7216331420511,-1.6466244273161173e-16,6.251884355262912e-19,12.539492154564549,-8.135513871925559e-19,16.136920321110622,1.7161766018758467e-20,66.76245029290175,70.93617940161012
30.01000000000189,2482.7341206753654,233.67940802565516,-1.6467370952348866e-16,6.246762349303536e-19,12.540061995175728,-8.127678760566771e-19,16.152076045417033,1.713270356847897e-20,66.75796961534873,70.93603543568092
30.020000000001893,2483.400263831963,233.63701422930427,-1.6468496686473723e-16,6.241640931212499e-19,12.54065979791764,-8.119861698076991e-19,16.167341258485962,1.7104946629851668e-20,66.75351209075112,70.93589089600833
30.030000000001895,2484.06635197254,233.59445080275265,-1.6469621477552833e-16,6.236520210355491e-19,12.541285784593958,-8.112062579011749e-19,16.182716745113016,1.7078487039854433e-20,66.7490778251594,70.9357457793674
30.040000000001896,2484.7323852260865,233.55171678907504,-1.6470745327609446e-16,6.231400296230773e-19,12.541940179953135,-8.104281296890009e-19,16.19820329877087,1.7053316585314953e-20,66.74466692530233,70.93560008251056
30.050000000001898,2485.3983637214924,233.5088112245975,-1.6471868238672981e-16,6.226281298470352e-19,12.542623211797169,-8.096517744194595e-19,16.21380172179864,1.7029427004147607e-20,66.74027949859268,70.93545380216754
30.0600000000019,2486.0642875875365,233.4657331388271,-1.6472990212779056e-16,6.221163326841318e-19,12.54333511109164,-8.0887718123725345e-19,16.22951282559406,1.700680998658909e-20,66.73591565313343,70.93530693504489
30.0700000000019,2486.7301569528786,233.42248155438065,-1.6474111251969494e-16,6.216046491247325e-19,12.544076112076905,-8.081043391835252e-19,16.245337430808604,1.6985457176432876e-20,66.73157549772371,70.93515947782605
30.080000000001903,2487.395971946051,233.37905548691253,-1.6475231358292357e-16,6.210930901730229e-19,12.544846452380686,-8.073332371958641e-19,16.261276367545577,1.6965360172262435e-20,66.727259141865,70.93501142717078
30.090000000001904,2488.061732695446,233.33545394504128,-1.6476350533801955e-16,6.205816668471897e-19,12.5456463731319,-8.065638641082996e-19,16.27733047556135,1.694651052868334e-20,66.72296669576724,70.93486277971512
30.100000000001906,2488.727439329311,233.2916759302752,-1.6477468780558875e-16,6.20070390179617e-19,12.546476119075916,-8.057962086512789e-19,16.293500604469667,1.6928899757554115e-20,66.71869827035516,70.93471353207114
30.110000000001907,2489.393091975734,233.247720436937,-1.6478586100629998e-16,6.195592712170997e-19,12.547335938691218,-8.050302594516306e-19,16.309787613949283,1.6912519329215987e-20,66.71445397727454,70.93456368082661
30.12000000000191,2490.058690762637,233.20358645208708,-1.6479702496088525e-16,6.190483210210757e-19,12.54822608430758,-8.042660050325144e-19,16.326192373954868,1.6897360673721508e-20,66.71023392889862,70.93441322254472
30.13000000000191,2490.7242358177637,233.15927295544597,-1.6480817969013994e-16,6.185375506678733e-19,12.549146812225693,-8.035034338133504e-19,16.34271576493135,1.6883415182062045e-20,66.70603823833447,70.93426215376394
30.140000000001912,2491.389727268669,233.11477891931537,-1.6481932521492311e-16,6.180269712489782e-19,12.55009838283844,-8.02742534109735e-19,16.359358678031768,1.6870674207394165e-20,66.7018670194297,70.93411047099762
30.150000000001913,2492.05516524271,233.07010330849812,-1.648304615561577e-16,6.175165938713181e-19,12.551081060753766,-8.019832941333402e-19,16.37612201533871,1.6859129066265062e-20,66.69772038677878,70.93395817073385
30.160000000001915,2492.720549867033,233.02524508021702,-1.6484158873483081e-16,6.170064296575678e-19,12.55209511491921,-8.0122570199179025e-19,16.393006690089447,1.684877103983683e-20,66.69359845572998,70.93380524943501
30.170000000001917,2493.385881268563,232.98020318403232,-1.6485270677199393e-16,6.164964897464719e-19,12.553140818748233,-8.004697456885264e-19,16.41001362690488,1.68395913751099e-20,66.68950134239185,70.93365170353776
30.180000000001918,2494.051159573993,232.93497656175802,-1.6486381568876324e-16,6.159867852931868e-19,12.554218450248248,-7.997154131226449e-19,16.42714376202234,1.6831581286145404e-20,66.6854291636402,70.9334975294525
30.19000000000192,2494.716384909771,232.8895641473769,-1.6487491550631983e-16,6.154773274696453e-19,12.555328292150618,-7.989626920887214e-19,16.44439804353241,1.6824731955286738e-20,66.68138203712488,70.93334272356313
30.20000000000192,2495.3815574020887,232.8439648669542,-1.6488600624591003e-16,6.149681274649392e-19,12.556470632042465,-7.98211570276611e-19,16.461777431619847,1.681903453438023e-20,66.67736008127684,70.93318728222695
30.210000000001923,2496.046677176869,232.79817763855007,-1.648970879288457e-16,6.144591964857251e-19,12.557645762500524,-7.974620352712276e-19,16.479282898808698,1.681448014599503e-20,66.6733634153151,70.93303120177416
30.220000000001924,2496.711744359753,232.75220137213051,-1.649081605765045e-16,6.139505457566495e-19,12.558853981226985,-7.967140745523018e-19,16.496915430211757,1.681105988464225e-20,66.66939215925385,70.93287447850766
30.230000000001926,2497.3767590760885,232.70603496947712,-1.649192242103302e-16,6.134421865207983e-19,12.5600955911875,-7.959676754941158e-19,16.51467602378445,1.6808764817993432e-20,66.6654464339097,70.93271710870266
30.240000000001928,2498.0417214509152,232.6596773240952,-1.6493027885183304e-16,6.129341300401667e-19,12.561370900751303,-7.952228253652133e-19,16.53256569058329,1.680758598809839e-20,66.66152636090898,70.93255908860648
30.25000000000193,2498.7066316089526,232.61312732112077,-1.6494132452259002e-16,6.1242638759615455e-19,12.562680223833631,-7.94479511328088e-19,16.55058545502899,1.6807514412602496e-20,66.65763206269509,70.9324004144382
30.26000000000193,2499.371489674585,232.56638383722566,-1.6495236124424518e-16,6.119189704900822e-19,12.564023880040397,-7.937377204388427e-19,16.568736355174394,1.680854108596355e-20,66.6537636625359,70.93224108238832
30.270000000001932,2500.0362957718494,232.5194457405215,-1.6496338903851003e-16,6.114118900437338e-19,12.565402194815361,-7.929974396468265e-19,16.58701944297736,1.6810656980668145e-20,66.6499212845314,70.93208108861839
30.280000000001934,2500.7010500244182,232.47231189046198,-1.6497440792716386e-16,6.109051575999218e-19,12.56681549958961,-7.922586557942412e-19,16.6054357845787,1.681385304844782e-20,66.64610505362126,70.93192042926078
30.290000000001935,2501.3657525555877,232.42498113774357,-1.649854179320541e-16,6.103987845230798e-19,12.56826413193375,-7.91521355615724e-19,16.62398646058528,1.681812022149491e-20,66.64231509559261,70.93175910041838
30.300000000001937,2502.030403488261,232.37745232420474,-1.649964190750967e-16,6.098927821998793e-19,12.569748435712603,-7.907855257378983e-19,16.64267256635856,1.6823449413678296e-20,66.6385515370878,70.93159709816403
30.31000000000194,2502.695002944933,232.3297242827234,-1.6500741137827651e-16,6.093871620398735e-19,12.571268761242685,-7.900511526788963e-19,16.661495212308555,1.682983152175911e-20,66.63481450561238,70.93143441854046
30.32000000000194,2503.359551047675,232.28179583711275,-1.6501839486364765e-16,6.088819354761669e-19,12.572825465452443,-7.8931822284785095e-19,16.680455524193455,1.683725742660647e-20,66.63110412954309,70.93127105755974
30.33000000000194,2504.0240479181184,232.23366580201565,-1.650293695533339e-16,6.083771139661153e-19,12.574418912045395,-7.885867225443558e-19,16.699554643425046,1.6845717994413403e-20,66.62742053813594,70.93110701120307
30.340000000001943,2504.688493677439,232.18533298279678,-1.6504033546952915e-16,6.078727089920508e-19,12.576049471666241,-7.878566379578946e-19,16.718793727380085,1.6855204077913044e-20,66.62376386153448,70.93094227542026
30.350000000001945,2505.352888446339,232.13679617543355,-1.6505129263449783e-16,6.07368732062038e-19,12.577717522070055,-7.871279551672344e-19,16.738173949717794,1.6865706517595257e-20,66.62013423077805,70.9307768461295
30.360000000001946,2506.01723234503,232.0880541664048,-1.650622410705753e-16,6.068651947106582e-19,12.579423448294603,-7.864006601397855e-19,16.757696500703624,1.6877216142923674e-20,66.61653177781028,70.93061071921692
30.370000000001948,2506.6815254932167,232.03910573257798,-1.6507318080016825e-16,6.063621084998256e-19,12.581167642836009,-7.856747387309278e-19,16.777362587539507,1.6889723773553538e-20,66.61295663548752,70.93044389053625
30.38000000000195,2507.345768010077,231.9899496410942,-1.6508411184575526e-16,6.058594850196326e-19,12.582950505827688,-7.849501766832962e-19,16.797173434700706,1.6903220220550183e-20,66.60940893758752,70.93027635590839
30.39000000000195,2508.0099600142444,231.94058464925155,-1.6509503422988723e-16,6.053573358892284e-19,12.584772445222839,-7.842269596260318e-19,16.81713028427951,1.6917696287608522e-20,66.60588881881822,70.93010811112102
30.400000000001953,2508.67410162379,231.89100950438635,-1.6510594797518782e-16,6.048556727577282e-19,12.586633876980475,-7.835050730739936e-19,16.837234396335937,1.6933142772273606e-20,66.60239641482647,70.92993915192827
30.410000000001954,2509.338192956203,231.84122294375237,-1.6511685310435394e-16,6.043545073051593e-19,12.588535225255182,-7.827845024269281e-19,16.857487049255628,1.6949550467162372e-20,66.59893186220715,70.9297694740502
30.420000000001956,2510.0022341283684,231.79122369439816,-1.6512774964015629e-16,6.038538512434366e-19,12.590476922590666,-7.820652329686004e-19,16.87788954011515,1.6966910161186823e-20,66.59549529851212,70.92959907317254
30.430000000001957,2510.6662252565507,231.7410104730422,-1.6513863760543984e-16,6.033537163173757e-19,12.592459410117227,-7.813472498658799e-19,16.898443185054898,1.698521264077874e-20,66.5920868622595,70.92942794494611
30.44000000000196,2511.3301664563705,231.69058198594584,-1.6514951702312438e-16,6.028541143057414e-19,12.594483137753327,-7.806305381677833e-19,16.91914931965986,1.7004448691116168e-20,66.58870669294295,70.92925608498649
30.45000000000196,2511.994057842785,231.63993692878424,-1.6516038791620507e-16,6.023550570223334e-19,12.596548564411316,-7.799150828044736e-19,16.940009299348358,1.7024609097351765e-20,66.58535493104111,70.92908348887359
30.460000000001962,2512.6578995300647,231.58907398651493,-1.6517125030775293e-16,6.018565563171075e-19,12.598656158207458,-7.792008685862109e-19,16.961024499769113,1.7045684645843346e-20,66.5820317180272,70.92891015215116
30.470000000001964,2513.3216916317724,231.53799183324423,-1.6518210422091547e-16,6.01358624077337e-19,12.600806396676434,-7.784878802022537e-19,16.982196317206785,1.7067666125386673e-20,66.57873719637861,70.92873607032635
30.480000000001965,2513.985434260741,231.48668913209124,-1.6519294967891723e-16,6.008612722288128e-19,12.602999766990427,-7.777761022197152e-19,17.00352616899625,1.7090544328450784e-20,66.57547150958688,70.92856123886932
30.490000000001967,2514.6491275290487,231.4351645350495,-1.652037867050604e-16,6.0036451273708395e-19,12.605236766182943,-7.77065519082365e-19,17.025015493945887,1.7114310052416122e-20,66.57223480216742,70.92838565321269
30.500000000001968,2515.312771547997,231.38341668284625,-1.652146153227254e-16,5.998683576087397e-19,12.607517901377491,-7.763561151093776e-19,17.0466657527701,1.713895410081554e-20,66.5690272196698,70.92820930875114
30.51000000000197,2515.976366428085,231.33144420479923,-1.6522543555537157e-16,5.9937281889273305e-19,12.609843690021327,-7.756478744940313e-19,17.068478428531318,1.7164467284578578e-20,66.56584890868785,70.9280322008408
30.52000000000197,2516.639912278986,231.2792457186709,-1.6523624742653768e-16,5.988779086817498e-19,12.612214660124383,-7.749407813023463e-19,17.090455027091828,1.7190840423279175e-20,66.56270001687002,70.927854324799
30.530000000001973,2517.30340920952,231.2268198305201,-1.6524705095984272e-16,5.9838363911362e-19,12.614631350503549,-7.742348194716665e-19,17.11259707757561,1.7218064346387086e-20,66.55958069292984,70.92767567590349
30.540000000001974,2517.9668573276304,231.1741651345511,-1.6525784617898649e-16,5.97890022372776e-19,12.617094311032497,-7.735299728091881e-19,17.134906132840573,1.7246129894523248e-20,66.55649108665662,70.92749624939218
30.550000000001976,2518.6302567403545,231.12128021295982,-1.6526863310775025e-16,5.973970706917578e-19,12.619604102897164,-7.728262249904159e-19,17.15738376996139,1.7275027920719446e-20,66.55343134892615,70.92731604046243
30.560000000001978,2519.2936075537978,231.06816363577755,-1.6527941176999751e-16,5.969047963527655e-19,12.622161298857154,-7.721235595575669e-19,17.180031590723317,1.730474929168248e-20,66.55040163171164,70.92713504427067
30.57000000000198,2519.956909873106,231.0148139607116,-1.6529018218967473e-16,5.964132116892637e-19,12.624766483513225,-7.714219599179054e-19,17.20285122212727,1.733528488906317e-20,66.5474020880948,70.9269532559318
30.58000000000198,2520.620163802436,230.9612297329831,-1.6530094439081197e-16,5.95922329087631e-19,12.627420253580945,-7.707214093420087e-19,17.22584431690651,1.736662561073054e-20,66.54443287227699,70.92677067051862
30.590000000001982,2521.2833694449264,230.9074094851621,-1.6531169839752377e-16,5.954321609888686e-19,12.630123218170915,-7.700218909619698e-19,17.24901255405524,1.7398762372051443e-20,66.54149413959067,70.92658728306135
30.600000000001984,2521.9465269026687,230.8533517369993,-1.6532244423400975e-16,5.949427198903574e-19,12.632875999075575,-7.693233877695245e-19,17.272357639369535,1.7431686107175996e-20,66.53858604651087,70.92640308854702
30.610000000001985,2522.6096362766743,230.7990549952549,-1.6533318192455556e-16,5.944540183476715e-19,12.635679231062914,-7.686258826141081e-19,17.29588130600086,1.7465387770329222e-20,66.53570875066688,70.92621808191888
30.620000000001987,2523.2726976668455,230.74451775352435,-1.653439114935336e-16,5.939660689764479e-19,12.63853356217727,-7.679293582008354e-19,17.319585315022653,1.749985833710915e-20,66.5328624108541,70.92603225807588
30.63000000000199,2523.9357111719414,230.68973849206068,-1.6535463296540382e-16,5.934788844543131e-19,12.641439654047414,-7.672337970884039e-19,17.3434714560103,1.7535088805791887e-20,66.53004718704598,70.925845611872
30.64000000000199,2524.598676889546,230.63471567759373,-1.6536534636471464e-16,5.929924775228714e-19,12.644398182202261,-7.665391816869173e-19,17.36754154763489,1.7571070198643904e-20,66.52726324040633,70.92565813811568
30.65000000000199,2525.2615949160336,230.57944776314585,-1.6537605171610375e-16,5.925068609897519e-19,12.647409836394287,-7.658454942556266e-19,17.391797438271205,1.7607793563242116e-20,66.52451073330148,70.92546983156923
30.660000000001993,2525.924465346535,230.52393318784428,-1.65386749044299e-16,5.920220477307195e-19,12.650475320931056,-7.651527169005861e-19,17.416241006620332,1.7645249973802027e-20,66.52178982931292,70.92528068694818
30.670000000001995,2526.587288274901,230.4681703767299,-1.6539743837411937e-16,5.915380506918484e-19,12.653595355014977,-7.644608315722195e-19,17.440874162347374,1.7683430532514467e-20,66.51910069324997,70.92509069892058
30.680000000001996,2527.2500637936673,230.41215774056238,-1.6540811973047572e-16,5.910548828917653e-19,12.65677067309173,-7.637698200628027e-19,17.465698846734625,1.7722326370891366e-20,66.51644349116253,70.92489986210646
30.690000000001998,2527.912791994016,230.3558936756218,-1.6541879313837194e-16,5.905725574239582e-19,12.660002025207435,-7.630796640038451e-19,17.490717033350816,1.776192865112103e-20,66.51381839035426,70.92470817107704
30.700000000002,2528.5754729657383,230.29937656350612,-1.6542945862290574e-16,5.90091087459155e-19,12.663290177375028,-7.623903448633808e-19,17.515930728736798,1.7802228567433412e-20,66.5112255593957,70.9245156203542
30.710000000002,2529.2381067971946,230.24260477092523,-1.6544011620926977e-16,5.896104862477746e-19,12.666635911950003,-7.617018439431579e-19,17.54134197310818,1.78432173474759e-20,66.50866516813774,70.92432220440963
30.720000000002003,2529.9006935752755,230.18557664949063,-1.6545076592275253e-16,5.891307671224534e-19,12.670040028015942,-7.610141423757278e-19,17.566952841075537,1.7884886253700172e-20,66.50613738772515,70.92412791766428
30.730000000002004,2530.563233385359,230.1282905355013,-1.6546140778873948e-16,5.886519435006472e-19,12.673503341780064,-7.603272211214276e-19,17.592765442382554,1.7927226584760646e-20,66.50364239061044,70.9239327544875
30.740000000002006,2531.225726311271,230.07074474972538,-1.6547204183271403e-16,5.881740288873089e-19,12.677026686979165,-7.596410609652546e-19,17.61878192266283,1.797022967692511e-20,66.50118035056778,70.92373670919638
30.750000000002007,2531.8881724352395,230.0129375971775,-1.6548266808025864e-16,5.876970368776514e-19,12.680610915296263,-7.589556425136291e-19,17.64500446421581,1.8013886905498154e-20,66.49875144270722,70.92353977605508
30.76000000000201,2532.5505718378517,229.9548673668919,-1.6549328655705595e-16,5.872209811599907e-19,12.68425689678835,-7.582709461910414e-19,17.671435286802467,1.8058189686258012e-20,66.49635584348901,70.92334194927388
30.77000000000201,2533.2129245980086,229.89653233169085,-1.6550389728888987e-16,5.867458755186752e-19,12.687965520325545,-7.575869522365792e-19,17.698076648461335,1.8103129476907445e-20,66.49399373073825,70.9231432230086
30.780000000002012,2533.8752307928785,229.8379307479488,-1.6551450030164673e-16,5.862717338371031e-19,12.691737694042079,-7.569036407003325e-19,17.72493084634557,1.814869777853938e-20,66.49166528365966,70.92294359135968
30.790000000002014,2534.5374904978494,229.77906085535164,-1.6552509562131653e-16,5.8579857010083e-19,12.695574345799464,-7.562209914396708e-19,17.752000217581624,1.819488613711798e-20,66.48937068285251,70.92274304837149
30.800000000002015,2535.1997037864794,229.71992087665126,-1.6553568327399407e-16,5.853263984007706e-19,12.69947642366232,-7.5553898411539e-19,17.779287140150306,1.8241686144975876e-20,66.48711011032593,70.92254158803132
30.810000000002017,2535.861870730447,229.66050901741508,-1.655462632858802e-16,5.8485523293649715e-19,12.703444896387207,-7.548575981877245e-19,17.80679403379082,1.8289089442328322e-20,66.48488374951428,70.9223392042688
30.82000000000202,2536.5239913995015,229.60082346577073,-1.6555683568328311e-16,5.843850880196357e-19,12.70748075392491,-7.5417681291221695e-19,17.834523360928628,1.8337087718805065e-20,66.48269178529281,70.9221358909548
30.83000000000202,2537.186065861407,229.54086239214539,-1.655674004926196e-16,5.839159780773643e-19,12.711585007936668,-7.534966073354463e-19,17.86247762762779,1.8385672715000747e-20,66.48053440399354,70.9219316419007
30.84000000000202,2537.8480941818902,229.48062394899998,-1.6557795774041637e-16,5.834479176560199e-19,12.715758692324785,-7.528169602906056e-19,17.890659384568657,1.8434836224044698e-20,66.47841179342134,70.9217264508575
30.850000000002023,2538.5100764245863,229.42010627055785,-1.6558850745331148e-16,5.82980921424809e-19,12.720002863778133,-7.52137850392927e-19,17.91907122805163,1.8484570093190994e-20,66.47632414287028,70.92152031151487
30.860000000002024,2539.1720126509786,229.35930747252792,-1.6559904965805556e-16,5.825150041796344e-19,12.724318602332996,-7.514592560349458e-19,17.94771580102792,1.8534866225429696e-20,66.47427164314017,70.92131321750018
30.870000000002026,2539.8339029203435,229.29822565182215,-1.656095843815134e-16,5.820501808470359e-19,12.728707011949865,-7.507811553816027e-19,17.976595794158126,1.8585716581120283e-20,66.47225448655337,70.92110516237769
30.880000000002028,2540.4957472896895,229.23685888626719,-1.6562011165066524e-16,5.815864664882498e-19,12.73316922110666,-7.501035263651737e-19,18.005713946899515,1.8637113179648208e-20,66.47027286697183,70.9208961396474
30.89000000000203,2541.157545813695,229.1752052343099,-1.6563063149260833e-16,5.811238763033919e-19,12.737706383408918,-7.494263466800266e-19,18.035073048623037,1.8689048101105642e-20,66.46832697981436,70.92068614274432
30.90000000000203,2541.819298544646,229.113262734717,-1.6564114393455845e-16,5.806624256357685e-19,12.742319678217651,-7.487495937771951e-19,18.064675939760892,1.874151348799753e-20,66.46641702207422,70.92047516503716
30.910000000002032,2542.481005532371,229.0510294062681,-1.656516490038514e-16,5.802021299763162e-19,12.747010311295364,-7.480732448587661e-19,18.094525512985843,1.8794501546973983e-20,66.46454319233685,70.92026319982757
30.920000000002034,2543.142666824176,228.98850324744245,-1.6566214672794464e-16,5.797430049681794e-19,12.751779515470899,-7.473972768720728e-19,18.124624714423135,1.884800455059034e-20,66.46270569079786,70.92005024034894
30.930000000002035,2543.8042824647746,228.9256822360991,-1.6567263713441881e-16,5.792850664114264e-19,12.75662855132378,-7.467216665036873e-19,18.154976544896243,1.8902014839095934e-20,66.46090471928146,70.91983627976536
30.940000000002037,2544.4658524962188,228.86256432915013,-1.656831202509795e-16,5.788283302679084e-19,12.761558707888717,-7.460463901732057e-19,18.1855840612075,1.8956524822252928e-20,66.45914048125896,70.91962131117059
30.95000000000204,2545.127376957827,228.7991474622269,-1.6569359610545885e-16,5.78372812666271e-19,12.76657130338098,-7.453714240268204e-19,18.216450377454805,1.901152698118664e-20,66.45741318186754,70.91940532758684
30.96000000000204,2545.788855886111,228.73542954933922,-1.6570406472581733e-16,5.779185299071173e-19,12.771667685943402,-7.446967439306688e-19,18.24757866638561,1.9067013870268486e-20,66.45572302792947,70.91918832196374
30.97000000000204,2546.450289314699,228.6714084825271,-1.6571452614014548e-16,5.774654984683297e-19,12.776849234415714,-7.440223254639522e-19,18.27897216078943,1.912297811903324e-20,66.45407022797139,70.91897028717712
30.980000000002043,2547.1116772742594,228.60708213150505,-1.6572498037666572e-16,5.770137350105582e-19,12.782117359127051,-7.433481439118197e-19,18.310634154930238,1.9179412434131945e-20,66.45245499224403,70.9187512160278
30.990000000002045,2547.7730197924193,228.54244834329836,-1.657354274637342e-16,5.765632563828792e-19,12.787473502712507,-7.426741742580052e-19,18.34256800602003,1.9236309601322066e-20,66.45087753274211,70.91853110124036
31.000000000002046,2548.434316893684,228.4775049418717,-1.6574586742984274e-16,5.7611407962862565e-19,12.792919140954407,-7.420003911772065e-19,18.37477713573502,1.9293662487496573e-20,66.4493380632246,70.9183099354621
31.010000000002048,2549.0955685993513,228.4122497277494,-1.6575630030362064e-16,5.756662219914062e-19,12.798455783649446,-7.413267690272075e-19,18.4072650317759,1.9351464042753557e-20,66.44783679923519,70.91808771126142
31.02000000000205,2549.7567749274267,228.3466804776274,-1.6576672611383682e-16,5.752197009213066e-19,12.804084975502402,-7.406532818407212e-19,18.44003524947374,1.9409707302508188e-20,66.4463739581232,70.91786442112686
31.03000000000205,2550.4179358925326,228.28079494397636,-1.6577714488940173e-16,5.747745340812899e-19,12.80980829704753,-7.39979903316955e-19,18.473091413443054,1.9468385389648905e-20,66.44494975906456,70.9176400574656
31.040000000002053,2551.0790515058184,228.21459085463627,-1.6578755665936946e-16,5.74330739353795e-19,12.815627365598523,-7.39306606812879e-19,18.506437219283654,1.952749151673963e-20,66.44356442308334,70.91741461260206
31.050000000002054,2551.740121774866,228.1480659124016,-1.6579796145293984e-16,5.738883348475463e-19,12.821543836228232,-7.386333653341944e-19,18.54007643533314,1.958701898827016e-20,66.44221817307347,70.91718807877672
31.060000000002056,2552.401146703593,228.0812177945972,-1.658083592994607e-16,5.734473389045798e-19,12.827559402779087,-7.379601515259866e-19,18.574012904471637,1.9646961202956722e-20,66.4409112338207,70.9169604481445
31.070000000002057,2553.062126292154,228.01404415264466,-1.6581875022842994e-16,5.730077701074902e-19,12.833675798905432,-7.372869376630503e-19,18.608250545980717,1.97073116560949e-20,66.43964383202506,70.9167317127734
31.08000000000206,2553.7230605368386,227.94654261161864,-1.6582913426949795e-16,5.725696472869124e-19,12.83989479914895,-7.366136956398807e-19,18.642793357458476,1.976806394196723e-20,66.43841619632343,70.91650186464304
31.09000000000206,2554.383949429966,227.87871076979303,-1.6583951145246982e-16,5.721329895292419e-19,12.846218220048371,-7.359403969603101e-19,18.67764541679264,1.9829211756307793e-20,66.4372285573127,70.91627089564311
31.100000000002062,2555.044792959778,227.81054619817675,-1.6584988180730777e-16,5.716978161846051e-19,12.852647921284778,-7.352670127267864e-19,18.71281088419391,1.9890748898826386e-20,66.43608114757293,70.91603879757183
31.110000000002064,2555.7055911103275,227.74204644003868,-1.658602453641336e-16,5.712641468750853e-19,12.859185806863813,-7.345935136292684e-19,18.748294004291665,1.9952669275794714e-20,66.43497420169118,70.91580556213435
31.120000000002065,2556.3663438613644,227.67320901042152,-1.658706021532312e-16,5.708320015032199e-19,12.865833826336253,-7.339198699337379e-19,18.784099108294274,2.001496690269742e-20,66.43390795628538,70.91557118094116
31.130000000002067,2557.027051188219,227.60403139564437,-1.6588095220504902e-16,5.704014002607707e-19,12.872593976058246,-7.332460514702989e-19,18.820230616216417,2.007763590695078e-20,66.4328826500288,70.9153356455064
31.14000000000207,2557.6877130616813,227.5345110527934,-1.6589129555020276e-16,5.699723636377854e-19,12.879468300492908,-7.32572027620861e-19,18.85669303917579,2.0140670530691906e-20,66.43189852367473,70.91509894724624
31.15000000000207,2558.348329447876,227.46464540920056,-1.6590163221947798e-16,5.695449124319541e-19,12.88645889355469,-7.318977673063823e-19,18.893490981761882,2.0204065133641725e-20,66.43095582008148,70.91486107747698
31.16000000000207,2559.0089003081357,227.3944318619099,-1.659119622438329e-16,5.691190677582798e-19,12.893567899998324,-7.312232389736627e-19,18.93062914447931,2.0267814196044737e-20,66.43005478423787,70.91462202741344
31.170000000002073,2559.6694255988687,227.32386777713106,-1.6592228565440124e-16,5.6869485105906425e-19,12.900797516853867,-7.305484105816604e-19,18.968112326268677,2.0331912321689186e-20,66.42919566328897,70.91438178816703
31.180000000002075,2560.3299052714237,227.2529504896795,-1.6593260248249495e-16,5.682722841142339e-19,12.908149994909826,-7.298732495873251e-19,19.005945427107697,2.03963542410109e-20,66.42837870656226,70.91414035074398
31.190000000002076,2560.990339271952,227.1816773024034,-1.6594291275960725e-16,5.678513890520069e-19,12.915627640246122,-7.291977229309178e-19,19.044133450695707,2.0461134814284725e-20,66.42760416559415,70.91389770604331
31.200000000002078,2561.6507275412628,227.1100454855963,-1.6595321651741566e-16,5.674321883599237e-19,12.923232815818844,-7.285217970208047e-19,19.082681507224667,2.0526249034907277e-20,66.42687229415684,70.91365384485499
31.21000000000208,2562.311070014675,227.03805227639566,-1.6596351378778505e-16,5.670147048962482e-19,12.930967943098878,-7.278454377177009e-19,19.121594816239924,2.0591692032775056e-20,66.42618334828572,70.91340875785782
31.22000000000208,2562.9713666218663,226.9656948781664,-1.659738046027708e-16,5.665989619017598e-19,12.938835503766525,-7.271686103183458e-19,19.160878709594233,2.065745907776228e-20,66.42553758630689,70.91316243561754
31.230000000002082,2563.6316172867173,226.89297045986913,-1.6598408899462204e-16,5.661849830119472e-19,12.946838041464284,-7.264912795385781e-19,19.200538634498532,2.0723545583302684e-20,66.42493526886528,70.91291486858451
31.240000000002084,2564.2918219271487,226.81987615541283,-1.6599436699578495e-16,5.657727922696232e-19,12.954978163610223,-7.25813409495804e-19,19.240580156673282,2.0789947110080074e-20,66.42437665895316,70.91266604709175
31.250000000002085,2564.9519804549554,226.74640906299115,-1.660046386389062e-16,5.653624141379745e-19,12.963258543274227,-7.251349636908114e-19,19.281008963604222,2.0856659369832403e-20,66.4238620219389,70.91241596135264
31.260000000002087,2565.612092775636,226.672566244402,-1.6601490395683646e-16,5.649538735140666e-19,12.971681921119815,-7.24455904988925e-19,19.32183086790662,2.0923678229274535e-20,66.4233916255963,70.91216460145863
31.27000000000209,2566.272158788216,226.59834472434994,-1.6602516298263384e-16,5.645471957428191e-19,12.980251107414036,-7.237761956004603e-19,19.363051810802336,2.0990999714144915e-20,66.42296574013426,70.911911957377
31.28000000000209,2566.9321783850664,226.52374148973072,-1.6603541574956771e-16,5.641424066314738e-19,12.988968984108338,-7.230957970604558e-19,19.40467786571408,2.1058620013381917e-20,66.42258463822682,70.9116580189484
31.29000000000209,2567.5921514517154,226.44875348889747,-1.6604566229112233e-16,5.637395324645738e-19,12.997838506993267,-7.224146702076528e-19,19.446715241981533,2.1126535483435528e-20,66.42224859504378,70.91140277588443
31.300000000002093,2568.2520778666562,226.37337763090792,-1.6605590264100076e-16,5.633386000194732e-19,13.006862707929978,-7.21732775162684e-19,19.489170288704198,2.1194742652720667e-20,66.42195788828157,70.91114621776522
31.310000000002095,2568.9119575011478,226.2976107847522,-1.6606613683312878e-16,5.62939636582405e-19,13.016044697161888,-7.210500713054533e-19,19.53204949871612,2.126323822621856e-20,66.42171279819456,70.91088833403671
31.320000000002096,2569.5717902190077,226.22144977856033,-1.6607636490165897e-16,5.625426699651206e-19,13.025387665709612,-7.203665172516536e-19,19.575359512697684,2.1332019090232868e-20,66.42151360762706,70.91062911400815
31.330000000002098,2570.2315758764025,226.14489139878881,-1.6608658688097476e-16,5.6214772852213795e-19,13.034894887852863,-7.196820708284049e-19,19.619107123430165,2.1401082317307777e-20,66.4213606020454,70.91036854684924
31.3400000000021,2570.891314321628,226.06793238938602,-1.6609680280569483e-16,5.617548411686096e-19,13.044569723702798,-7.189966890489591e-19,19.663299280198792,2.147042517131541e-20,66.42125406957072,70.9101066215876
31.3500000000021,2571.5510053948847,225.99056945093497,-1.661070127106773e-16,5.613640373988515e-19,13.054415621868808,-7.183103280864469e-19,19.70794309335046,2.1540045112720492e-20,66.42119430101216,70.90984332710565
31.360000000002103,2572.2106489280422,225.91279923977348,-1.6611721663102439e-16,5.609753473055463e-19,13.064436122223576,-7.176229432466087e-19,19.753045839012437,2.1609939804030416e-20,66.42118158990037,70.90957865213785
31.370000000002104,2572.870244744403,225.83461836709048,-1.6612741460208682e-16,5.6058880159966455e-19,13.07463485877082,-7.169344889394839e-19,19.798614963978814,2.168010711543939e-20,66.42121623252169,70.90931258526767
31.380000000002106,2573.5297926584512,225.75602339799778,-1.661376066594687e-16,5.602044316311203e-19,13.085015562619908,-7.162449186499963e-19,19.844658090771638,2.175054513067574e-20,66.42129852795269,70.90904511492445
31.390000000002107,2574.1892924755994,225.67701085057655,-1.6614779283903223e-16,5.598222694102087e-19,13.095582065072225,-7.155541849074014e-19,19.89118302288413,2.1821252153061953e-20,66.42142877809518,70.90877622938034
31.40000000000211,2574.8487439919213,225.59757719489775,-1.6615797317690275e-16,5.594423476298442e-19,13.106338300823888,-7.148622392535338e-19,19.93819775021365,2.1892226711797444e-20,66.42160728771178,70.9085059167469
31.41000000000211,2575.5081469938814,225.5177188520153,-1.661681477094738e-16,5.590646996886477e-19,13.117288311290098,-7.141690322098103e-19,19.9857104546925,2.1963467568474708e-20,66.42183436446186,70.9082341649719
31.420000000002112,2576.1675012580517,225.43743219293128,-1.661783164734123e-16,5.586893597149129e-19,13.128436248056408,-7.134745132429277e-19,20.033729516125025,2.2034973723839844e-20,66.42211031893808,70.90796096183577
31.430000000002114,2576.82680655082,225.35671353753236,-1.66188479505664e-16,5.58316362591492e-19,13.139786376462483,-7.127786307292e-19,20.082263518239884,2.2106744424809293e-20,66.42243546470344,70.90768629494812
31.440000000002115,2577.4860626280897,225.27555915349598,-1.6619863684345904e-16,5.579457439816477e-19,13.151343079324366,-7.120813319174717e-19,20.131321254966863,2.2178779171754998e-20,66.42281011832877,70.90741015174414
31.450000000002117,2578.145269234968,225.19396525516572,-1.6620878852431744e-16,5.575775403559063e-19,13.163110860801272,-7.113825628905411e-19,20.180911736947905,2.225107772607106e-20,66.42323459943073,70.90713251948084
31.46000000000212,2578.8044261054447,225.1119280023945,-1.6621893458605506e-16,5.572117890199672e-19,13.175094350413659,-7.106822685250312e-19,20.231044198292803,2.2323640118035477e-20,66.42370923071046,70.90685338523313
31.47000000000212,2579.4635329620596,225.02944349935456,-1.6622907506678956e-16,5.568485281437081e-19,13.187298307219159,-7.099803924496285e-19,20.281728103590144,2.2396466654981405e-20,66.42423433799262,70.90657273589007
31.48000000000212,2580.122589515558,224.94650779331286,-1.6623921000494651e-16,5.564877967913452e-19,13.1997276241538,-7.092768770016204e-19,20.332973155185055,2.246955792979314e-20,66.42481025026505,70.90629055815054
31.490000000002123,2580.781595464536,224.86311687337113,-1.6624933943926572e-16,5.561296349527974e-19,13.212387332545982,-7.085716631816508e-19,20.38478930073548,2.254291482974284e-20,66.42543729971904,70.90600683851935
31.500000000002125,2581.4405504950714,224.77926666916866,-1.662594634088077e-16,5.557740835763117e-19,13.225282606811161,-7.078646906066052e-19,20.437186741059662,2.2616538545684798e-20,66.42611582178996,70.90572156330266
31.510000000002126,2582.0994542803437,224.69495304954697,-1.6626958195296045e-16,5.554211846024077e-19,13.238418769335683,-7.071558974605446e-19,20.49017593828792,2.269043058162524e-20,66.42684615519873,70.9054347186038
31.520000000002128,2582.7583064802398,224.6101718211747,-1.6627969511144614e-16,5.550709809992119e-19,13.251801295558595,-7.064452204435889e-19,20.543767624332638,2.2764592764686297e-20,66.42762864199364,70.90514629031854
31.53000000000213,2583.417106740946,224.52491872713145,-1.6628980292432835e-16,5.547235167992376e-19,13.265435819260725,-7.057325947186557e-19,20.597972809691008,2.2839027255484114e-20,66.42846362759295,70.9048562641305
31.54000000000213,2584.0758546945262,224.43918944544876,-1.6629990543201916e-16,5.543788371376877e-19,13.279328138070797,-7.050179538559477e-19,20.652802792595942,2.291373655894206e-20,66.42935146082797,70.90456462550621
31.550000000002132,2584.734549958483,224.35297958760697,-1.6631000267528678e-16,5.540369882923528e-19,13.293484219198989,-7.043012297750833e-19,20.708269168531256,2.2988723535561183e-20,66.43029249398687,70.90427135969026
31.560000000002134,2585.3931921353073,224.26628469698602,-1.6632009469526307e-16,5.536980177251803e-19,13.307910205408733,-7.035823526847493e-19,20.76438384012822,2.3063991413171357e-20,66.43128708285901,70.90397645170006
31.570000000002135,2586.051780812006,224.17910024726862,-1.663301815334516e-16,5.533619741256014e-19,13.322612421238313,-7.028612510197603e-19,20.82115902746141,2.313954379918789e-20,66.43233558678008,70.90367988632063
31.580000000002137,2586.7103155596183,224.09142164079384,-1.663402632317357e-16,5.530289074557004e-19,13.337597379484366,-7.021378513753928e-19,20.878607278762715,2.321538469339978e-20,66.43343836867778,70.9033816480991
31.59000000000214,2587.3687959327094,224.00324420685934,-1.6635033983238685e-16,5.526988689973192e-19,13.352871787960005,-7.014120784388566e-19,20.936741481573627,2.329151850131739e-20,66.43459579511828,70.9030817213391
31.60000000000214,2588.02722146885,223.91456319997013,-1.663604113780733e-16,5.523719114011945e-19,13.36844255654112,-7.006838549177618e-19,20.99557487435662,2.3367950048108806e-20,66.4358082363534,70.902780090095
31.61000000000214,2588.6855916880722,223.82537379803193,-1.6637047791186903e-16,5.520480887382322e-19,13.384316804515134,-6.999531014654298e-19,21.055121058588025,2.3444684593156035e-20,66.43707606636849,70.90247673816587
31.620000000002143,2589.3439060923097,223.73567110048666,-1.663805394772628e-16,5.51727456553029e-19,13.400501868247188,-6.992197366028854e-19,21.11539401135575,2.352172784526393e-20,66.43839966293113,70.90217164908937
31.630000000002145,2590.002164164813,223.64545012638817,-1.6639059611816768e-16,5.514100719197523e-19,13.417005309179697,-6.984836766373592e-19,21.17640809848661,2.3599085978556612e-20,66.43977940764069,70.90186480613539
31.640000000002146,2590.660365369545,223.55470581241545,-1.664006478789307e-16,5.510959935005103e-19,13.43383492218219,-6.9774483557712385e-19,21.23817808822944,2.367676564909864e-20,66.4412156859785,70.90155619229938
31.650000000002148,2591.318509150553,223.46343301082106,-1.6641069480434292e-16,5.507852816063323e-19,13.450998744269006,-6.970031250424661e-19,21.30071916552157,2.3754774012279725e-20,66.44270888735933,70.90124579029576
31.66000000000215,2591.9765949313164,223.37162648731208,-1.664207369396497e-16,5.504779982609062e-19,13.46850506370393,-6.9625845417260015e-19,21.36404694686802,2.3833118741005038e-20,66.44425940518327,70.90093358255072
31.67000000000215,2592.63462211407,223.27928091886068,-1.6643077433056145e-16,5.501742072672138e-19,13.486362429511459,-6.955107295283e-19,21.428177495864034,2.391180804473485e-20,66.44586763688909,70.90061955119509
31.680000000002153,2593.292590079101,223.18639089144165,-1.664408070232645e-16,5.498739742772227e-19,13.504579661415951,-6.947598549900287e-19,21.493127339393997,2.3990850689420727e-20,66.44753398400817,70.90030367805686
31.690000000002154,2593.9504981840173,223.09295089769378,-1.6645083506443258e-16,5.495773668647997e-19,13.523165860230842,-6.940057316513182e-19,21.55891348454102,2.4070256018387757e-20,66.44925885221994,70.89998594465348
31.700000000002156,2594.6083457629884,222.99895533450183,-1.6646085850123832e-16,5.492844546020189e-19,13.542130418721742,-6.932482577071461e-19,21.62555343624399,2.415003397421599e-20,66.45104265140814,70.89966633218376
31.710000000002157,2595.2661321259566,222.90439850049574,-1.6647087738136559e-16,5.489953091390546e-19,13.56148303296838,-6.924873283370363e-19,21.693065215740884,2.4230195121677168e-20,66.45288579571849,70.89934482151978
31.72000000000216,2595.9238565578157,222.8092745934638,-1.664808917530217e-16,5.487100042878566e-19,13.581233714252097,-6.917228355825921e-19,21.76146737983936,2.4310750671786594e-20,66.45478870361761,70.89902139319825
31.73000000000216,2596.5815183175573,222.71357770767568,-1.6649090166495048e-16,5.484286161098166e-19,13.601392801497012,-6.909546682191564e-19,21.83077904105837,2.4391712507033918e-20,66.45675179795334,70.89869602741173
31.740000000002162,2597.2391166373823,222.61730183111192,-1.6650090716644543e-16,5.481512230076525e-19,13.621970974294838,-6.901827116212662e-19,21.901019888686886,2.4473093207860324e-20,66.45877550601668,70.89836870399942
31.750000000002164,2597.8966507217765,222.5204408425954,-1.665109083073636e-16,5.4787790582175295e-19,13.64297926654529,-6.894068476215647e-19,21.972210210808893,2.455490608045469e-20,66.46086025960507,70.8980394024378
31.760000000002165,2598.554119746549,222.42298850882082,-1.6652090513813963e-16,5.476087479312298e-19,13.664429080745588,-6.886269543627823e-19,22.044370917346686,2.4637165185945108e-20,66.46300649508785,70.89770810183079
31.770000000002167,2599.211522857829,222.32493848127734,-1.665308977098006e-16,5.473438353599588e-19,13.68633220296523,-6.878429061424092e-19,22.117523564177777,2.4719885371068202e-20,66.46521465347323,70.8973747808996
31.78000000000217,2599.868859171023,222.2262842930599,-1.6654088607398103e-16,5.470832568878928e-19,13.708700818544031,-6.870545732496262e-19,22.19169037838416,2.4803082300403246e-20,66.46748518047754,70.89703941797224
31.79000000000217,2600.526127769726,222.12701935556424,-1.6655087028293873e-16,5.468271041679599e-19,13.731547528554104,-6.862618217940511e-19,22.266894284696473,2.4886772490264617e-20,66.46981852659673,70.89670199097267
31.80000000000217,2601.1833277045903,222.02713695505997,-1.6656085038957098e-16,5.465754718488766e-19,13.754885367068926,-6.854645135258202e-19,22.343158933199337,2.4970973344351932e-20,66.47221514718018,70.89636247740944
31.810000000002173,2601.840457992142,221.92663024913662,-1.665708264474313e-16,5.4632845770422935e-19,13.778727819285553,-6.846625056464943e-19,22.420508728368677,2.5055703191264295e-20,66.4746755025074,70.89602085436411
31.820000000002175,2602.497517613549,221.82549226301649,-1.6658079851074693e-16,5.460861627682005e-19,13.803088840548853,-6.838556506102415e-19,22.498968859516214,2.5140981323992184e-20,66.4772000578675,70.89567709847898
31.830000000002176,2603.154505513335,221.7237158857281,-1.6659076663443674e-16,5.458486914783473e-19,13.827982876330145,-6.830437959147215e-19,22.578565332721187,2.5226828041508477e-20,66.47978928364199,70.8953311859446
31.840000000002178,2603.811420598039,221.62129386613404,-1.6660073087412997e-16,5.456161518258584e-19,13.853424883215657,-6.822267838810351e-19,22.65932500433477,2.5313264692588387e-20,66.48244365539114,70.89498309248671
31.85000000000218,2604.468261734813,221.51821880880578,-1.6661069128618555e-16,5.453886555137593e-19,13.879430350964386,-6.814044514220895e-19,22.741275616148155,2.5400313721997475e-20,66.4851636539442,70.89463279335264
31.86000000000218,2605.125027749961,221.4144831697387,-1.6662064792771212e-16,5.45166318123558e-19,13.906015325698608,-6.80576629798653e-19,22.824445832321324,2.548799871919645e-20,66.48794976549405,70.89428026329725
31.870000000002182,2605.78171742741,221.31007925189923,-1.666306008565888e-16,5.449492592908591e-19,13.93319643429464,-6.797431443623411e-19,22.908865278176197,2.5576344469722266e-20,66.49080248169656,70.8939254765683
31.880000000002184,2606.438329507113,221.2049992005962,-1.6664055013148678e-16,5.447376028905288e-19,13.960990910046297,-6.789038142847199e-19,22.994564580964663,2.566537700941637e-20,66.49372229977531,70.89356840689125
31.890000000002185,2607.094863612944,221.0992434970729,-1.666504957463637e-16,5.445314772320069e-19,13.989416619678071,-6.780584522716435e-19,23.081575412729755,2.5755123681683498e-20,66.49670972263216,70.89320902745347
31.900000000002187,2607.751319424757,220.9928131931301,-1.6666043769069556e-16,5.44330862922495e-19,14.018475014165197,-6.772070315775973e-19,23.169177822151138,2.5845613776580066e-20,66.49972187515002,70.8928473399525
31.91000000000219,2608.4076966172743,220.88570934552737,-1.6667037595385026e-16,5.441357311840189e-19,14.048166431470513,-6.76349536089573e-19,23.257322853836158,2.593683646340862e-20,66.50275501516074,70.89248334803743
31.92000000000219,2609.063994860048,220.7779330159411,-1.666803105250877e-16,5.439460539882186e-19,14.078491223720631,-6.754859492883707e-19,23.34601052775436,2.6028778202573895e-20,66.5058082446933,70.89211705537457
31.93000000000219,2609.7202138174234,220.66948527092214,-1.6669024139355968e-16,5.437618040544346e-19,14.109449757102874,-6.746162542501768e-19,23.43524088485763,2.612142550273218e-20,66.50888066167681,70.89174846564724
31.940000000002193,2610.3763531485,220.56036718185297,-1.667001685483099e-16,5.435829548478888e-19,14.141042411762527,-6.737404336480484e-19,23.52501398701948,2.6214764921461612e-20,66.51197135994492,70.89137758255563
31.950000000002195,2611.032412507093,220.45057982490457,-1.6671009197827406e-16,5.434094805779567e-19,14.173269581700437,-6.728584697533049e-19,23.61532991697525,2.6308783065959722e-20,66.51507942924063,70.89100440981672
31.960000000002196,2611.688391541693,220.3401242809928,-1.6672001167227966e-16,5.432413561965368e-19,14.206131674671052,-6.71970344436833e-19,23.706188778263247,2.6403466593767457e-20,66.51820395522182,70.89062895116406
31.970000000002198,2612.344289895428,220.22900163573448,-1.6672992761904615e-16,5.430785573965065e-19,14.23962911208065,-6.71076039170293e-19,23.797590695166768,2.649880221351904e-20,66.52134401946742,70.89025121034757
31.9800000000022,2613.000107206023,220.11721297940286,-1.6673983980718482e-16,5.429210606102759e-19,14.273762328886013,-6.701755350272402e-19,23.889535812657023,2.6594776685716925e-20,66.5244986994841,70.88987119113354
31.9900000000022,2613.6558431057592,220.00475940688284,-1.6674974822519886e-16,5.427688430084311e-19,14.30853177349331,-6.692688126841488e-19,23.982024296336945,2.6691376823531077e-20,66.52766706871373,70.88948889730439
32.0000000000022,2614.311497221433,219.8916420176256,-1.6675965286148327e-16,5.426218824984684e-19,14.343937907657315,-6.683558524213478e-19,24.075056332385856,2.6788589493622008e-20,66.53084819654141,70.88910433265848
32.0100000000022,2614.9670691743163,219.77786191560287,-1.6676955370432486e-16,5.424801577236232e-19,14.379981206380888,-6.674366341238632e-19,24.168632127504985,2.6886401616986826e-20,66.53404114830411,70.88871750100994
32.0200000000022,2615.6225585801135,219.66342020926066,-1.6677945074190228e-16,5.423436480617858e-19,14.416662157814716,-6.665111372821658e-19,24.26275190886386,2.698480016982752e-20,66.53724498530013,70.88832840618865
32.0300000000022,2616.277965048921,219.54831801147265,-1.6678934396228596e-16,5.422123336245138e-19,14.453981263157312,-6.655793409928313e-19,24.357415924047494,2.7083772184441043e-20,66.54045876479901,70.88793705203993
32.040000000002195,2616.933288185184,219.43255643949288,-1.667992333534381e-16,5.420861952561305e-19,14.491939036555213,-6.64641223959102e-19,24.45262444100444,2.7183304750130274e-20,66.54368154005232,70.8875434424245
32.05000000000219,2617.588527587655,219.3161366149082,-1.6680911890321267e-16,5.419652145329171e-19,14.530536005003455,-6.636967644913587e-19,24.54837774799559,2.7283385014135395e-20,66.54691236030504,70.88714758121814
32.06000000000219,2618.243682849349,219.19905966359005,-1.6681900059935534e-16,5.418493737623966e-19,14.569772708246218,-6.627459405074986e-19,24.64467615354386,2.7384000182584953e-20,66.55015027080766,70.88674947231176
32.07000000000219,2618.898753557504,219.08132671564573,-1.6682887842950356e-16,5.417386559827048e-19,14.609649698677634,-6.617887295332172e-19,24.741519986384574,2.7485137521466005e-20,66.55339431282896,70.88634911961101
32.08000000000219,2619.5537392935316,218.9629389053693,-1.6683875238118645e-16,5.416330449620577e-19,14.650167541242874,-6.608251087022008e-19,24.83890959541668,2.758678435761262e-20,66.55664352366958,70.88594652703627
32.090000000002185,2620.2086396329796,218.84389737119176,-1.6684862244182485e-16,5.415325251983039e-19,14.691326813339296,-6.598550547562174e-19,24.936845349654728,2.7688928079712315e-20,66.55989693667621,70.88554169852237
32.10000000000218,2620.8634541454826,218.72420325563087,-1.6685848859873128e-16,5.414370819185728e-19,14.733128104717792,-6.588785440451188e-19,25.035327638181545,2.7791556139329574e-20,66.5631535812567,70.88513463801854
32.11000000000218,2621.51818239472,218.6038577052403,-1.668683508391099e-16,5.413467010790118e-19,14.775572017384324,-6.578955525267436e-19,25.134356870101744,2.7894656051946075e-20,66.56641248289561,70.88472534948811
32.12000000000218,2622.17282393837,218.48286187055825,-1.6687820915005657e-16,5.412613693646126e-19,14.818659165501435,-6.569060557667238e-19,25.233933474495856,2.799821539801675e-20,66.56967266317093,70.88431383690838
32.13000000000218,2622.827378328066,218.36121690605555,-1.668880635185588e-16,5.411810741891347e-19,14.862390175290102,-6.559100289381983e-19,25.33405790037526,2.810222182404141e-20,66.57293313977118,70.88390010427047
32.140000000002175,2623.481845109348,218.23892397008316,-1.6689791393149573e-16,5.411058036951134e-19,14.906765684931466,-6.549074468214249e-19,25.434730616637776,2.820666304365106e-20,66.57619292651353,70.88348415557913
32.15000000000217,2624.1362238216193,218.11598422481904,-1.6690776037563815e-16,5.410355467539633e-19,14.951786344468776,-6.538982838032965e-19,25.535952112023963,2.831152683870849e-20,66.57945103336264,70.88306599485249
32.16000000000217,2624.7905139981,217.99239883621456,-1.6691760283764849e-16,5.409702929661765e-19,14.997452815709389,-6.528825138767601e-19,25.63772289507409,2.8416801060422554e-20,66.58270646645033,70.88264562612201
32.17000000000217,2625.4447151657782,217.8681689739401,-1.6692744130408083e-16,5.409100326616047e-19,15.043765772126802,-6.518601106401333e-19,25.740043494085793,2.852247363047549e-20,66.585958228096,70.8822230534322
32.18000000000217,2626.0988268453666,217.74329581133023,-1.6693727576138087e-16,5.408547568998425e-19,15.090725898762749,-6.508310472963244e-19,25.842914457072354,2.862853254216282e-20,66.58920531682794,70.88179828084036
32.190000000002165,2626.7528485512526,217.6177805253282,-1.6694710619588595e-16,5.408044574706994e-19,15.138333892129353,-6.497952966519509e-19,25.94633635172167,2.8734965861545236e-20,66.59244672740543,70.88137131241662
32.20000000000216,2627.4067797914518,217.49162429642968,-1.6695693259382513e-16,5.407591268947642e-19,15.186590460111214,-6.487528311163543e-19,26.050309765355806,2.884176172861187e-20,66.5956814508418,70.88094215224349
32.21000000000216,2628.0606200675606,217.36482830862613,-1.6696675494131907e-16,5.407187584240663e-19,15.235496321867652,-6.477036227005174e-19,26.154835304891208,2.894890835845456e-20,66.59890847442816,70.88051080441585
32.22000000000216,2628.7143688747083,217.23739374934726,-1.6697657322438016e-16,5.406833460428287e-19,15.285052207734786,-6.466476430158754e-19,26.25991359679949,2.9056394042452426e-20,66.6021267817582,70.88007727304065
32.23000000000216,2629.368025701507,217.1093218094029,-1.6698638742891245e-16,5.406528844683159e-19,15.335258859127709,-6.455848632730236e-19,26.365545287068826,2.9164207149466327e-20,66.60533535275378,70.87964156223677
32.240000000002155,2630.021590030006,216.9806136829243,-1.6699619754071175e-16,5.406273691517772e-19,15.386117028442571,-6.445152542803218e-19,26.471731041165967,2.9272336127042614e-20,66.60853316369142,70.87920367613476
32.25000000000215,2630.6750613356403,216.85127056730454,-1.670060035454656e-16,5.406067962794863e-19,15.437627478958635,-6.434387864423915e-19,26.57847154399872,2.9380769502625776e-20,66.61171918722968,70.87876361887673
32.26000000000215,2631.328439087183,216.7212936631386,-1.6701580542875334e-16,5.4059116277387725e-19,15.489790984740305,-6.423554297585098e-19,26.685767499879113,2.948949588477929e-20,66.61489239243761,70.87832139461602
32.27000000000215,2631.9817227466956,216.5906841741623,-1.670256031760461e-16,5.405804662947743e-19,15.542608330539005,-6.412651538208904e-19,26.793619632487008,2.959850396441441e-20,66.61805174482393,70.87787700751714
32.28000000000215,2632.634911769478,216.45944330719084,-1.670353967727069e-16,5.40574705240724e-19,15.59608031169506,-6.401679278128622e-19,26.90202868483429,2.97077825160262e-20,66.62119620636734,70.87743046175537
32.290000000002145,2633.288005604019,216.32757227205647,-1.670451862039906e-16,5.405738787504221e-19,15.650207734039437,-6.39063720506934e-19,27.010995419229545,2.981732039893642e-20,66.6243247355477,70.87698176151677
32.30000000000214,2633.941003691946,216.19507228154555,-1.6705497145504407e-16,5.405779867042408e-19,15.704991413795353,-6.379525002627503e-19,27.12052061724329,2.99271065585428e-20,66.6274362873782,70.87653091099777
32.31000000000214,2634.5939054679757,216.0619445513347,-1.6706475251090613e-16,5.405870297258559e-19,15.760432177479855,-6.368342350249363e-19,27.23060507967363,3.003713002757415e-20,66.63052981343863,70.87607791440506
32.32000000000214,2635.2467103598606,215.92819029992637,-1.670745293565077e-16,5.406010091839726e-19,15.816530861805106,-6.35708892320827e-19,27.34124962651245,3.014737992735099e-20,66.63360426190943,70.87562277595535
32.33000000000214,2635.899417788342,215.79381074858352,-1.670843019766718e-16,5.406199271941565e-19,15.873288313579687,-6.345764392580855e-19,27.452455096912026,3.025784546905099e-20,66.63665857760702,70.8751654998751
32.340000000002135,2636.5520271670966,215.65880712126366,-1.6709407035611368e-16,5.406437866207631e-19,15.93070538960962,-6.334368425222043e-19,27.564222349152143,3.036851595497902e-20,66.6396917020201,70.8747060904004
32.35000000000213,2637.204537902686,215.52318064455199,-1.6710383447944081e-16,5.40672591078974e-19,15.988782956599303,-6.322900683738908e-19,27.676552260607572,3.0479380779841257e-20,66.64270257334678,70.87424455177664
32.36000000000213,2637.856949394504,215.3869325475937,-1.6711359433115305e-16,5.407063449369327e-19,16.047521891052142,-6.311360826463326e-19,27.78944572771605,3.059042943202282e-20,66.64569012653315,70.8737808882583
32.37000000000213,2638.509261034728,215.25006406202573,-1.671233498956427e-16,5.40745053317992e-19,16.10692307917113,-6.299748507423474e-19,27.902903665946607,3.070165149486867e-20,66.64865329331265,70.87331510410874
32.38000000000213,2639.1614722082636,215.11257642190748,-1.671331011571946e-16,5.407887221030622e-19,16.16698741675907,-6.288063376314092e-19,28.01692700976835,3.081303664796722e-20,66.6515910022466,70.87284720359999
32.390000000002125,2639.813582292695,214.97447086365068,-1.6714284809998623e-16,5.408373579330705e-19,16.227715809118685,-6.2763050784655365e-19,28.131516712619543,3.092457466843622e-20,66.65450217876602,70.8723771910124
32.40000000000212,2640.4655906582325,214.83574862594867,-1.671525907080878e-16,5.40890968211526e-19,16.289109170952404,-6.264473254811595e-19,28.246673746877168,3.103625543221065e-20,66.65738574521427,70.87190507063458
32.41000000000212,2641.1174966676585,214.69641094970459,-1.6716232896546243e-16,5.409495611071981e-19,16.35116842626194,-6.252567541856054e-19,28.362399103826704,3.114806891533197e-20,66.66024062089113,70.87143084676295
32.42000000000212,2641.7692996762776,214.55645907795883,-1.6717206285596622e-16,5.410131455569028e-19,16.41389450824761,-6.240587571638001e-19,28.47869379363238,3.1260005195238553e-20,66.66306572209785,70.87095452370167
32.43000000000212,2642.4209990318614,214.41589425581566,-1.6718179236334837e-16,5.410817312684024e-19,16.477288359207318,-6.228532971695821e-19,28.59555884530764,3.137205445205678e-20,66.6658599621835,70.87047610576226
32.440000000002115,2643.072594074598,214.27471773036882,-1.6719151747125138e-16,5.411553287234211e-19,16.541350930435332,-6.216403365029953e-19,28.71299530668599,3.1484206969892374e-20,66.6686222515924,70.86999559726341
32.45000000000211,2643.7240841370367,214.13293075062646,-1.6720123816321112e-16,5.412339491807727e-19,16.606083182120695,-6.204198370064271e-19,28.831004244392094,3.159645313812166e-20,66.6713514979129,70.86951300253074
32.46000000000211,2644.375468544037,213.99053456743496,-1.672109544226571e-16,5.413176046796066e-19,16.67148608324532,-6.191917600606147e-19,28.949586743813168,3.170878345268241e-20,66.6740466059272,70.8690283258965
32.47000000000211,2645.0267466127148,213.84753043340208,-1.6722066623291247e-16,5.414063080427706e-19,16.73756061148178,-6.179560665805189e-19,29.068743909070626,3.1821188517363645e-20,66.67670647766272,70.86854157169928
32.48000000000211,2645.677917652388,213.703919602819,-1.672303735771944e-16,5.415000728802972e-19,16.80430775309077,-6.16712717011059e-19,29.188476862991998,3.193365904509443e-20,66.67933001244431,70.86805274428386
32.490000000002105,2646.3289809645235,213.55970333158155,-1.6724007643861402e-16,5.415989135930051e-19,16.871728502818165,-6.154616713227085e-19,29.30878674708302,3.204618585923088e-20,66.68191610694817,70.86756184800083
32.5000000000021,2646.979935842686,213.41488287711036,-1.6724977480017687e-16,5.417028453762298e-19,16.939823863791734,-6.142028890069524e-19,29.429674721500028,3.215875989484131e-20,66.68446365525674,70.86706888720633
32.5100000000021,2647.6307815724804,213.26945949827038,-1.672594686447829e-16,5.418118842236739e-19,17.008594847417488,-6.129363290715986e-19,29.551141965022467,3.227137219998908e-20,66.68697154891508,70.86657386626186
32.5200000000021,2648.281517431502,213.1234344552891,-1.6726915795522676e-16,5.419260469313874e-19,17.078042473275605,-6.116619500359477e-19,29.673189675025608,3.2384013937012653e-20,66.6894386769886,70.86607678953392
32.5300000000021,2648.9321426892793,212.97680900967404,-1.6727884271419806e-16,5.420453511018751e-19,17.148167769015995,-6.103797099258144e-19,29.79581906745346,3.249667638380286e-20,66.69186392612194,70.86557766139371
32.540000000002095,2649.5826566072233,212.8295844241291,-1.6728852290428152e-16,5.4216981514833355e-19,17.21897177025338,-6.090895662684014e-19,29.91903137679181,3.2609350935076635e-20,66.69424618059946,70.86507648621698
32.55000000000209,2650.233058438571,212.68176196247012,-1.6729819850795727e-16,5.422994582990212e-19,17.29045552046199,-6.077914760870192e-19,30.04282785604136,3.2722029103647165e-20,66.69658432240705,70.86457326838354
32.56000000000209,2650.8833474283333,212.53334288953928,-1.6730786950760105e-16,5.424343006017622e-19,17.362620070869816,-6.064853958956572e-19,30.167209776691042,3.283470252169011e-20,66.69887723129514,70.86406801227716
32.57000000000209,2651.533522813241,212.38432847111858,-1.6731753588548458e-16,5.425743629285854e-19,17.43546648035236,-6.051712816933947e-19,30.292178428691397,3.294736294200536e-20,66.7011237848435,70.86356072228517
32.58000000000209,2652.183583821689,212.23471997384232,-1.6732719762377571e-16,5.427196669805062e-19,17.508995815325996,-6.038490889586572e-19,30.417735120428013,3.30600022392743e-20,66.70332285852716,70.8630514027982
32.590000000002085,2652.8335296736846,212.08451866510848,-1.6733685470453878e-16,5.428702352924423e-19,17.583209149640762,-6.025187726433108e-19,30.543881178695067,3.31726124113121e-20,66.70547332578397,70.86254005820987
32.60000000000208,2653.483359580792,211.93372581298922,-1.673465071097349e-16,5.430260912382775e-19,17.658107564472694,-6.011802871665935e-19,30.67061794866889,3.328518558031478e-20,66.70757405808354,70.86202669291643
32.61000000000208,2654.133072746079,211.78234268614017,-1.6735615482122223e-16,5.431872590360697e-19,17.7336921482157,-5.998335864088823e-19,30.79794679388152,3.339771399410074e-20,66.70962392499779,70.86151131131656
32.62000000000208,2654.7826683640637,211.63037055370873,-1.6736579782075638e-16,5.433537637534048e-19,17.80996399637281,-5.984786237052915e-19,30.925869096194354,3.351019002734648e-20,66.71162179427293,70.86099391781099
32.63000000000208,2655.432145620659,211.47781068524142,-1.6737543608999066e-16,5.435256313129026e-19,17.886924211447006,-5.971153518391002e-19,31.054386255771675,3.362260618281625e-20,66.71356653190298,70.86047451680219
32.640000000002075,2656.08150369312,211.32466435058998,-1.673850696104765e-16,5.437028884978749e-19,17.964573902831393,-5.957437230350063e-19,31.18349969105423,3.373495509258531e-20,66.71545700220489,70.85995311269403
32.65000000000207,2656.730741749989,211.17093281981658,-1.6739469836366374e-16,5.438855629581396e-19,18.042914186698948,-5.943636889522054e-19,31.31321083873273,3.384722951925652e-20,66.71729206789519,70.85942970989153
32.66000000000207,2657.3798589510443,211.01661736309777,-1.6740432233090106e-16,5.440736832159913e-19,18.121946185891563,-5.92975200677289e-19,31.443521153721246,3.395942235717005e-20,66.71907059016836,70.85890431280048
32.67000000000207,2658.0288544472432,210.86171925062743,-1.6741394149343634e-16,5.442672786723347e-19,18.201671029808605,-5.915782087169618e-19,31.574432109130576,3.4071526633605966e-20,66.72079142877656,70.8583769258271
32.68000000000207,2658.6777273806706,210.70623975251866,-1.6742355583241706e-16,5.4446637961298e-19,18.282089854294835,-5.901726629905732e-19,31.705945196241434,3.4183535509979307e-20,66.72245344211134,70.85784755337774
32.690000000002065,2659.326476884485,210.5501801387044,-1.6743316532889077e-16,5.446710172151076e-19,18.363203801527725,-5.887585128224612e-19,31.838061924477582,3.429544228302755e-20,66.72405548728665,70.85731619985854
32.70000000000206,2659.9751020828653,210.39354167883712,-1.6744276996380542e-16,5.448812235538988e-19,18.445014019904157,-5.873357069341035e-19,31.970783821378706,3.4407240385990175e-20,66.72559642022381,70.85678286967504
32.71000000000206,2660.6236020909564,210.23632564218724,-1.6745236971800987e-16,5.45097031609344e-19,18.527521663926514,-5.85904193436076e-19,32.10411243257324,3.451892338978006e-20,66.72707509573803,70.85624756723189
32.72000000000206,2661.2719760148184,210.07853329754042,-1.6746196457225435e-16,5.453184752732239e-19,18.61072789408812,-5.844639198198128e-19,32.23804932175085,3.46304850041465e-20,66.72849036762672,70.8557102969325
32.73000000000206,2661.920222951371,209.9201659130938,-1.6747155450719095e-16,5.455455893562698e-19,18.694633876757962,-5.830148329491626e-19,32.372596070634884,3.4741919078829714e-20,66.72984108875941,70.85517106317866
32.740000000002055,2662.5683419883435,209.76122475635097,-1.6748113950337405e-16,5.457784095955099e-19,18.77924078406483,-5.8155687905174225e-19,32.507754278954366,3.4853219604706417e-20,66.73112611116963,70.8546298703702
32.75000000000205,2663.2163322042193,209.60171109401588,-1.6749071954126082e-16,5.460169726617993e-19,18.86454979378076,-5.800900037100818e-19,32.64352556441592,3.496438071492646e-20,66.73234428614836,70.85408672290461
32.76000000000205,2663.8641926681858,209.4416261918855,-1.6750029460121186e-16,5.46261316167541e-19,18.950562089203743,-5.786141518525566e-19,32.77991156267527,3.507539668604024e-20,66.73349446433946,70.85354162517667
32.77000000000205,2664.511922440081,209.2809713147412,-1.6750986466349162e-16,5.465114786746009e-19,19.03727885903977,-5.771292677441032e-19,32.91691392730852,3.518626193911667e-20,66.73457549583675,70.85299458157817
32.78000000000205,2665.1595205703425,209.1197477262393,-1.6751942970826897e-16,5.467674997024187e-19,19.12470129728412,-5.756352949767154e-19,33.05453432978307,3.529697104085151e-20,66.73558623028312,70.85244559649743
32.790000000002046,2665.8069860999544,208.95795668879992,-1.675289897156178e-16,5.470294197363227e-19,19.212830603101985,-5.741321764597165e-19,33.1927744594281,3.540751870466599e-20,66.7365255169713,70.85189467431893
32.80000000000204,2666.4543180603973,208.7955994634951,-1.6753854466551765e-16,5.472972802360487e-19,19.301667980708295,-5.726198544098042e-19,33.331636023404855,3.551789979179537e-20,66.73739220494663,70.85134181942303
32.81000000000204,2667.101515473596,208.6326773099354,-1.6754809453785417e-16,5.47571123644468e-19,19.39121463924683,-5.71098270340862e-19,33.47112074667635,3.5628109312367364e-20,66.73818514311178,70.85078703618542
32.82000000000204,2667.7485773518683,208.46919148615524,-1.6755763931241995e-16,5.478509933965302e-19,19.48147179266852,-5.695673650535341e-19,33.611230371976674,3.5738142426470304e-20,66.73890318033324,70.85023032897693
32.83000000000204,2668.395502697876,208.30514324849742,-1.6756717896891496e-16,5.481369339284239e-19,19.572440659609036,-5.680270786245619e-19,33.75196665977996,3.5847994445210784e-20,66.7395451655499,70.84967170216302
32.840000000002036,2669.0422905045725,208.14053385149592,-1.6757671348694736e-16,5.484289906869592e-19,19.66412246326555,-5.664773503958706e-19,33.8933313882687,3.5957660831760665e-20,66.7401099478835,70.8491111601033
32.850000000002034,2669.6889397551545,207.9753645477577,-1.6758624284603407e-16,5.487272101391802e-19,19.756518431272724,-5.649181189634102e-19,34.03532635330167,3.606713720239335e-20,66.74059637675111,70.8485487071514
32.86000000000203,2670.335449423011,207.80963658784327,-1.6759576702560153e-16,5.490316397822051e-19,19.84962979557784,-5.633493221657388e-19,34.17795336838129,3.617641932750909e-20,66.74100330197967,70.8479843476542
32.87000000000203,2670.9818184716755,207.64335122014592,-1.6760528600498642e-16,5.493423281533078e-19,19.943457792315172,-5.617708970723469e-19,34.32121426462039,3.6285503132649285e-20,66.74132957392241,70.8474180859518
32.88000000000203,2671.628045854775,207.47650969076966,-1.6761479976343637e-16,5.496593248402378e-19,20.03800366167946,-5.6018277997171705e-19,34.465110890708445,3.639438469949961e-20,66.74157404357744,70.84684992637678
32.890000000002026,2672.2741305159834,207.30911324340605,-1.6762430828011068e-16,5.499826804917898e-19,20.133268647798626,-5.585849063591143e-19,34.609645112877125,3.6503060266881773e-20,66.74173556270844,70.84627987325393
32.900000000002024,2672.9200713889722,207.14116311920958,-1.6763381153408114e-16,5.503124468286238e-19,20.229253998605557,-5.569772109241006e-19,34.754818814865224,3.661152623173396e-20,66.74181298396729,70.84570793089995
32.91000000000202,2673.5658673973635,206.97266055667185,-1.6764330950433288e-16,5.506486766543425e-19,20.325960965709033,-5.5535962753776805e-19,34.900633897882976,3.6719779150079654e-20,66.74180516101899,70.84513410362273
32.92000000000202,2674.2115174546816,206.80360679149447,-1.6765280216976506e-16,5.509914238668348e-19,20.42339080426381,-5.537320892396878e-19,35.04709228057554,3.682781573798492e-20,66.74171094866855,70.84455839572118
32.93000000000202,2674.8570204643074,206.63400305646064,-1.6766228950919178e-16,5.513407434698846e-19,20.52154477283979,-5.5209452822456595e-19,35.19419589898587,3.693563287250393e-20,66.74152920299021,70.84398081148466
32.940000000002016,2675.5023753194314,206.46385058130545,-1.6767177150134294e-16,5.5169669158505765e-19,20.620424133290314,-5.504468758286023e-19,35.341946706516744,3.7043227592612705e-20,66.7412587814586,70.84340135519257
32.950000000002014,2676.1475809030085,206.29315059258488,-1.6768124812486512e-16,5.52059325463867e-19,20.720030150619507,-5.487890625155451e-19,35.49034667389203,3.715059710013087e-20,66.74089854308241,70.84282003111396
32.96000000000201,2676.792636087712,206.1219043135434,-1.6769071935832246e-16,5.52428703500226e-19,20.82036409284873,-5.471210178624356e-19,35.63939778911712,3.725773876063167e-20,66.74044734853992,70.84223684350697
32.97000000000201,2677.437539735888,205.95011296398047,-1.6770018518019756e-16,5.528048852431961e-19,20.92142723088209,-5.454426705450383e-19,35.78910205743851,3.7364650104339686e-20,66.73990406031709,70.84165179661845
32.98000000000201,2678.0822906995136,205.77777776011547,-1.6770964556889247e-16,5.531879314100332e-19,21.02322083837098,-5.43753948322946e-19,35.93946150130249,3.747132882701667e-20,66.73926754284766,70.84106489468357
32.990000000002006,2678.7268878201508,205.6048999144515,-1.6771910050272967e-16,5.535779038995409e-19,21.125746191577782,-5.420547780243583e-19,36.09047816031284,3.7577772790835127e-20,66.7385366626557,70.84047614192518
33.000000000002004,2679.3713299289047,205.43148063563774,-1.67728549959953e-16,5.539748658057384e-19,21.229004569238395,-5.403450855305219e-19,36.242154091187736,3.7683980025239747e-20,66.73771028850035,70.83988554255349
33.010000000002,2680.0156158463806,205.25752112833058,-1.677379939187287e-16,5.543788814318468e-19,21.332997252424004,-5.386247957598284e-19,36.39449136771547,3.7789948727796596e-20,66.73678729152293,70.83929310076554
33.020000000002,2680.6597443826417,205.08302259305333,-1.677474323571465e-16,5.547900163046061e-19,21.437725524401703,-5.368938326515625e-19,36.54749208070927,3.789567726502999e-20,66.73576654539636,70.83869882074478
33.030000000002,2681.30371433717,204.90798622605456,-1.677568652532206e-16,5.552083371889261e-19,21.543190670494237,-5.351521191492925e-19,36.70115833796105,3.800116417324722e-20,66.73464692647696,70.83810270666046
33.040000000001996,2681.9475244988216,204.73241321916527,-1.677662925848908e-16,5.556339121028809e-19,21.64939397793868,-5.333995771838933e-19,36.85549226419398,3.810640815935077e-20,66.73342731395863,70.83750476266732
33.050000000001994,2682.5911736457915,204.55630475965455,-1.677757143300236e-16,5.560668103330542e-19,21.75633673574409,-5.316361276562006e-19,37.01049600101401,3.8211408101638373e-20,66.73210659002937,70.83690499290499
33.06000000000199,2683.234660545572,204.379662030084,-1.6778513046641337e-16,5.565071024502435e-19,21.864020234548146,-5.298616904192786e-19,37.16617170686026,3.831616305059067e-20,66.7306836400303,70.8363034014975
33.07000000000199,2683.8779839549134,204.20248620816074,-1.6779454097178343e-16,5.569548603255336e-19,21.972445766472838,-5.280761842603039e-19,37.32252155695401,3.84206722296465e-20,66.72915735261707,70.83569999255282
33.08000000000199,2684.5211426197893,204.02477846658903,-1.678039458237873e-16,5.574101571467433e-19,22.081614624978886,-5.26279526882046e-19,37.4795477432467,3.852493503596597e-20,66.72752661992362,70.83509477016233
33.090000000001986,2685.164135275357,203.84653997292077,-1.6781334500000986e-16,5.578730674352603e-19,22.19152810471942,-5.244716348839479e-19,37.63725247436646,3.862895104118115e-20,66.7257903377287,70.83448773840034
33.100000000001984,2685.8069606459217,203.66777188940435,-1.6782273847796867e-16,5.583436670632667e-19,22.302187501392293,-5.226524237427839e-19,37.79563797556343,3.8732719992134467e-20,66.72394740562453,70.83387890132353
33.11000000000198,2686.4496174449037,203.4884753728323,-1.6783212623511515e-16,5.58822033271371e-19,22.413594111591518,-5.208218077928987e-19,37.95470648865363,3.8836241811604933e-20,66.7219967271882,70.83326826297053
33.12000000000198,2687.092104374801,203.30865157438768,-1.678415082488359e-16,5.593082446866513e-19,22.52574923265757,-5.189797002060105e-19,38.1144602719615,3.893951659902209e-20,66.71993721015554,70.83265582736126
33.13000000000198,2687.7344201271567,203.12830163948885,-1.6785088449645405e-16,5.598023813411204e-19,22.638654162526546,-5.171260129705691e-19,38.274901600260975,3.904254463116782e-20,66.71776776659746,70.8320415984965
33.140000000001976,2688.3765633825274,202.94742670763318,-1.6786025495523055e-16,5.603045246906258e-19,22.752310199578243,-5.152606568706623e-19,38.43603276471506,3.914532636286601e-20,66.71548731309895,70.83142558035739
33.150000000001974,2689.0185328104494,202.76602791223922,-1.6786961960236554e-16,5.608147576341915e-19,22.866718642483224,-5.133835414644576e-19,38.597856072813926,3.924786242766017e-20,66.7130947709406,70.8308077769048
33.16000000000197,2689.66032706941,202.5841063804876,-1.6787897841499978e-16,5.613331645338151e-19,22.98188079004862,-5.114945750621697e-19,38.76037384831136,3.9350153638479075e-20,66.71058906628275,70.8301881920788
33.17000000000197,2690.3019448068158,202.4016632331606,-1.678883313702161e-16,5.618598312347275e-19,23.097797941062918,-5.095936647035431e-19,38.9235884311597,3.9452200988290516e-20,66.70796913035214,70.82956682979824
33.18000000000197,2690.943384658965,202.21869958448022,-1.678976784450408e-16,5.623948450861306e-19,23.214471394139498,-5.076807161348364e-19,39.08750217744301,3.9554005650743106e-20,66.70523389963138,70.82894369396006
33.190000000001966,2691.5846452510186,202.03521654194518,-1.6790701961644515e-16,5.629382949624236e-19,23.33190244755918,-5.05755633785303e-19,39.25211745930865,3.9655568980796456e-20,66.70238231605087,70.82831878843878
33.200000000001964,2692.2257251969745,201.85121520616627,-1.6791635486134691e-16,5.634902712849257e-19,23.450092399111462,-5.038183207431477e-19,39.41743666489704,3.975689251533966e-20,66.69941332718346,70.827692117086
33.21000000000196,2692.86662309964,201.66669667070065,-1.679256841566119e-16,5.640508660441148e-19,23.569042545934693,-5.018686787309546e-19,39.583462198269665,3.985797797379819e-20,66.6963258864418,70.82706368372973
33.22000000000196,2693.507337550609,201.48166202188455,-1.679350074790555e-16,5.646201728223892e-19,23.688754184355084,-4.999066080805699e-19,39.7501964793352,3.9958827258729436e-20,66.69311895327832,70.82643349217398
33.23000000000196,2694.147867130237,201.29611233866487,-1.6794432480544433e-16,5.651982868173668e-19,23.80922860972449,-4.979320077074301e-19,39.91764194377381,4.005944245640683e-20,66.68979149338792,70.82580154619798
33.240000000001956,2694.788210407619,201.11004869242927,-1.6795363611249783e-16,5.657853048657344e-19,23.930467116257002,-4.959447750843147e-19,40.08580104295943,4.0159825837392896e-20,66.68634247891337,70.82516784955584
33.250000000001954,2695.428365940568,200.92347214683505,-1.6796294137688991e-16,5.663813254676659e-19,24.05247099686445,-4.939448062145228e-19,40.25467624388015,4.02599798571011e-20,66.68277088865352,70.82453240597573
33.26000000000195,2696.0683322755945,200.73638375763667,-1.6797224057525072e-16,5.669864488118137e-19,24.175241542990534,-4.919319956044454e-19,40.424270029056494,4.035990715634692e-20,66.67907570827401,70.82389521915952
33.27000000000195,2696.708107947888,200.54878457251198,-1.6798153368416827e-16,5.676007768008993e-19,24.29878004444397,-4.899062362355315e-19,40.59458489645768,4.045961056188805e-20,66.67525593052102,70.82325629278202
33.28000000000195,2697.3476914812986,200.3606756308871,-1.6799082068019026e-16,5.682244130779082e-19,24.42308778923022,-4.878674195356242e-19,40.76562335941566,4.055909308695401e-20,66.67131055543756,70.82261563049052
33.290000000001946,2697.9870813883213,200.17205796376004,-1.6800010153982584e-16,5.688574630529111e-19,24.548166063382126,-4.858154353496562e-19,40.937387946537086,4.065835793176533e-20,66.66723859058264,70.82197323590404
33.300000000001944,2698.6262761700796,199.98293259352306,-1.6800937623954745e-16,5.69500033930525e-19,24.674016150789278,-4.837501719096878e-19,41.109881201612865,4.0757408484042516e-20,66.66303905125311,70.82132911261287
33.31000000000194,2699.265274316312,199.79330053378362,-1.6801864475579261e-16,5.701522347380289e-19,24.800639333026172,-4.8167151580427285e-19,41.28310568352565,4.085624831950475e-20,66.6587109607084,70.82068326417792
33.32000000000194,2699.9040743053606,199.6031627891842,-1.6802790706496586e-16,5.708141763541547e-19,24.9280368891791,-4.795793519471327e-19,41.457063966154735,4.0954881202358787e-20,66.65425335039806,70.82003569413007
33.33000000000194,2700.542674604157,199.4125203552208,-1.6803716314344064e-16,5.714859715385658e-19,25.056210095671787,-4.774735635451235e-19,41.63175863827874,4.105331108577819e-20,66.6496652601919,70.8193864059696
33.340000000001936,2701.181073668215,199.22137421806008,-1.6804641296756125e-16,5.72167734962047e-19,25.185160226089888,-4.753540320654812e-19,41.80719230347575,4.1151542112372923e-20,66.64494573861323,70.81873540316553
33.350000000001934,2701.8192699416204,199.02972535435543,-1.6805565651364486e-16,5.728595832374181e-19,25.31488855100403,-4.732206372023213e-19,41.9833675800209,4.124957861464972e-20,66.64009384307465,70.81808268915509
33.36000000000193,2702.4572618570255,198.83757473106172,-1.680648937579835e-16,5.735616349511947e-19,25.445396337791834,-4.710732568423779e-19,42.16028710078146,4.134742511546335e-20,66.6351086401169,70.81742826734295
33.37000000000193,2703.095047835642,198.6449233052487,-1.68074124676846e-16,5.742740106960133e-19,25.57668485045845,-4.689117670299641e-19,42.33795351310928,4.144508632845897e-20,66.62998920565033,70.81677214110067
33.38000000000193,2703.7326262872384,198.45177202391343,-1.6808334924648029e-16,5.749968331038411e-19,25.708755349455988,-4.667360419311295e-19,42.51636947873049,4.154256715850596e-20,66.6247346251993,70.81611431376612
33.390000000001926,2704.369995610135,198.25812182379127,-1.6809256744311533e-16,5.75730226879992e-19,25.8416090915016,-4.645459537969998e-19,42.69553767363246,4.163987270212325e-20,66.61934399414942,70.81545478864271
33.400000000001924,2705.0071541912057,198.0639736311658,-1.6810177924296336e-16,5.764743188379678e-19,25.975247329394243,-4.623413729262719e-19,42.875460787947986,4.1737008247896584e-20,66.61381641799757,70.81479356899885
33.41000000000192,2705.644100405877,197.86932836167756,-1.68110984622222e-16,5.77229237935152e-19,26.109671311830308,-4.601221676268502e-19,43.05614152583658,4.1833979276887834e-20,66.60815101260485,70.81413065806727
33.42000000000192,2706.28083261813,197.6741869201316,-1.6812018355707657e-16,5.779951153093692e-19,26.244882283217752,-4.578882041765923e-19,43.23758260536278,4.1930791463036774e-20,66.60234690445226,70.81346605904432
33.43000000000192,2706.917349180505,197.47855020030389,-1.6812937602370223e-16,5.787720843163443e-19,26.380881483489123,-4.556393467831506e-19,43.41978675837152,4.202745067355544e-20,66.59640323089926,70.81279977508939
33.440000000001916,2707.5536484341064,197.28241908474646,-1.6813856199826634e-16,5.79560280568078e-19,26.517670147913222,-4.5337545754288e-19,43.60275673036041,4.212396296931546e-20,66.5903191404452,70.81213180932423
33.450000000001914,2708.18972870861,197.08579444459176,-1.6814774145693078e-16,5.803598419721648e-19,26.65524950690542,-4.510963963987888e-19,43.786495280348866,4.2220334605228573e-20,66.58409379299356,70.81146216483226
33.46000000000191,2708.8255883222714,196.88867713935548,-1.681569143758543e-16,5.811709087720817e-19,26.79362078583677,-4.488020210975093e-19,43.97100518074405,4.231657203062068e-20,66.577726360119,70.81079084465793
33.47000000000191,2709.4612255819375,196.6910680167386,-1.6816608073119487e-16,5.819936235884709e-19,26.93278520484176,-4.464921871452609e-19,44.156289217203565,4.2412681889599694e-20,66.57121602533729,70.81011785180603
33.48000000000191,2710.096638783058,196.49296791242824,-1.681752404991122e-16,5.828281314614432e-19,27.07274397862471,-4.44166747762776e-19,44.34235018849479,4.250867102141759e-20,66.56456198437795,70.809443189241
33.490000000001906,2710.7318262097006,196.29437764989748,-1.681843936557701e-16,5.836745798939347e-19,27.213498316265007,-4.418255538391693e-19,44.52919090635085,4.2604546460826744e-20,66.55776344545988,70.8087668598863
33.500000000001904,2711.3667861345657,196.0952980402041,-1.6819354017733907e-16,5.845331188961389e-19,27.35504942102088,-4.394684538847114e-19,44.716814195323046,4.270031543843124e-20,66.55081962956967,70.80808886662373
33.5100000000019,2712.001516819005,195.8957298817885,-1.6820268003999879e-16,5.854039010310498e-19,27.49739849013196,-4.37095293982487e-19,44.90522289262983,4.279598538103311e-20,66.54372977074274,70.80740921229268
33.5200000000019,2712.6360165130413,195.6956739602702,-1.682118132199407e-16,5.862870814611421e-19,27.64054671462049,-4.3470591773890045e-19,45.09441984800208,4.289156391197416e-20,66.53649311634724,70.80672789968946
33.5300000000019,2713.2702834553907,195.49513104824388,-1.6822093969337068e-16,5.871828179962223e-19,27.784495279091168,-4.323001662330009e-19,45.28440792352478,4.29870588514735e-20,66.52910892737083,70.80604493156667
33.540000000001896,2713.904315873485,195.29410190507411,-1.6823005943651154e-16,5.88091271142487e-19,27.92924536152988,-4.298778779645952e-19,45.47518999347486,4.308247821696123e-20,66.52157647871016,70.80536031063248
33.550000000001894,2714.5381119834983,195.09258727668927,-1.6823917242560588e-16,5.890126041528097e-19,28.07479813310079,-4.274388888011113e-19,45.6667689441552,4.3177830223408784e-20,66.51389505946302,70.80467403954985
33.56000000000189,2715.171669990374,194.89058789537458,-1.6824827863691872e-16,5.899469830783096e-19,28.221154757942443,-4.2498303192318416e-19,45.859147673724856,4.3273123283655914e-20,66.5060639732235,70.80398612093595
33.57000000000189,2715.8049880878557,194.6881044795642,-1.682573780467403e-16,5.908945768212179e-19,28.36831639296232,-4.2251013776892096e-19,46.05232909202512,4.3368366008735265e-20,66.49808253837948,70.80329655736136
33.58000000000189,2716.438064458517,194.48513773363243,-1.6826647063138878e-16,5.9185555718909635e-19,28.516284187630216,-4.200200339768172e-19,46.24631612040163,4.346356720819431e-20,66.48995008841321,70.80260535134946
33.590000000001886,2717.0708972737975,194.28168834768422,-1.6827555636721325e-16,5.928300989504331e-19,28.665059283770212,-4.1751254532727874e-19,46.44111169152236,4.355873589041555e-20,66.48166597220437,70.80191250537557
33.600000000001884,2717.703484694037,194.07775699734475,-1.6828463523059642e-16,5.938183798916638e-19,28.814642815351398,-4.1498749368271525e-19,46.63671874919125,4.3653881262935116e-20,66.47322955433579,70.80121802186645
33.61000000000188,2718.3358248685145,193.8733443435482,-1.6829370719795765e-16,5.948205808756524e-19,28.965035908277258,-4.1244469792616265e-19,46.83314024815775,4.3749012732760183e-20,66.464640215402,70.80052190319935
33.62000000000188,2718.9679159354882,193.6684510323259,-1.6830277224575589e-16,5.958368859016798e-19,29.116239680173727,-4.0988397389839367e-19,47.030379153921764,4.384413990668584e-20,66.45589735232011,70.79982415170147
33.63000000000188,2719.5997560222395,193.46307769459355,-1.6831183035049256e-16,5.968674821669786e-19,29.268255240176018,-4.0730513433347347e-19,47.22843844253435,4.393927259161147e-20,66.44700037864362,70.7991247696492
33.640000000001876,2720.231343245115,193.25722494593802,-1.6832088148871474e-16,5.979125601298604e-19,29.421083688714006,-4.047079887927151e-19,47.42732110039369,4.4034420794857475e-20,66.4379487248786,70.79842375926725
33.650000000001874,2720.8626757095763,193.0508933864032,-1.6832992563701808e-16,5.989723135744843e-19,29.574726117296443,-4.020923435969898e-19,47.62703012403658,4.4129594724482495e-20,66.4287418388024,70.79772112272822
33.66000000000187,2721.493751510247,192.84408360027538,-1.6833896277204998e-16,6.000469396773095e-19,29.729183608293763,-3.9945800175734306e-19,47.827568519925094,4.422480478960173e-20,66.41937918578505,70.79701686215155
33.67000000000187,2722.124568730967,192.63679615586798,-1.6834799287051271e-16,6.011366390752887e-19,29.884457234719722,-3.9680476290387124e-19,48.028939304228565,4.432006160070675e-20,66.409860249113,70.79631097960302
33.68000000000187,2722.7551254448445,192.42903160530565,-1.6835701590916661e-16,6.022416159358439e-19,30.040548060011556,-3.9413242321280084e-19,48.231145502600626,4.4415375969987254e-20,66.40018453031537,70.79560347709395
33.69000000000187,2723.3854197143132,192.2207904843079,-1.6836603186483325e-16,6.033620780286886e-19,30.197457137809085,-3.9144077533172756e-19,48.43419014995127,4.451075891165531e-20,66.39035154949269,70.79489435658039
33.700000000001864,2724.015449591192,192.01207331197222,-1.6837504071439871e-16,6.04498236799539e-19,30.35518551173223,-3.887296083029497e-19,48.63807629021391,4.460622164227258e-20,66.38036084564784,70.79418361996252
33.71000000000186,2724.6452131167443,191.8028805905566,-1.6838404243481692e-16,6.056503074457827e-19,30.513734215157616,-3.859987074848513e-19,48.84280697610725,4.4701775581080826e-20,66.37021197701958,70.79347126908377
33.72000000000186,2725.2747083217437,191.59321280526189,-1.6839303700311287e-16,6.068185089941536e-19,30.673104270993573,-3.8324785447126735e-19,49.04838526889199,4.479743235033646e-20,66.35990452141822,70.79275730573023
33.73000000000186,2725.9039332265397,191.38307042401337,-1.684020243963861e-16,6.080030643804782e-19,30.833296691453995,-3.804768270087759e-19,49.254814238122144,4.4893203775649456e-20,66.34943807656363,70.79204173162981
33.74000000000186,2726.5328858411267,191.17245389724226,-1.6841100459181406e-16,6.092042005315561e-19,30.99431247783101,-3.776853989118549e-19,49.46209696139095,4.4989101886327156e-20,66.3388122604255,70.79132454845147
33.750000000001855,2727.161564165215,190.96136365766682,-1.6841997756665548e-16,6.104221484492369e-19,31.156152620266248,-3.748733399758383e-19,49.67023652407136,4.508513891572363e-20,66.32802671156574,70.79060575780461
33.76000000000185,2727.789966188306,190.74980012007308,-1.68428943298254e-16,6.116571432967615e-19,31.318818097520946,-3.7204041588760347e-19,49.879236019050865,4.518132730159492e-20,66.31708108948303,70.78988536123823
33.77000000000185,2728.4180898897675,190.53776368109536,-1.6843790176404153e-16,6.1290942448744e-19,31.482309876744793,-3.6918638813392503e-19,50.08909854646061,4.527767968646082e-20,66.30597507495948,70.78916336024017
33.78000000000185,2729.045933238913,190.32525471899663,-1.6844685294154192e-16,6.141792357757302e-19,31.64662891324347,-3.663110139074189e-19,50.29982721339883,4.537420891797372e-20,66.29470837040934,70.78843975623643
33.79000000000185,2729.6734941950854,190.1122735934487,-1.6845579680837453e-16,6.154668253508008e-19,31.8117761502451,-3.634140460100079e-19,50.51142513364831,4.5470928049295076e-20,66.28328070022962,70.7877145505904
33.800000000001845,2730.300770707739,189.89882064531213,-1.6846473334225778e-16,6.167724459326478e-19,31.977752518665298,-3.6049523275382653e-19,50.72389542738792,4.5567850339479965e-20,66.2716918111528,70.78698774460209
33.81000000000184,2730.92776071653,189.68489619641633,-1.6847366252101295e-16,6.180963548708488e-19,32.14455893687115,-3.575543178594921e-19,50.9372412208981,4.566498925387041e-20,66.25994147260126,70.78625933950738
33.82000000000184,2731.554462151404,189.47050054933928,-1.6848258432256775e-16,6.194388142460348e-19,32.312196310443916,-3.5459104035165504e-19,51.15146564626018,4.5762358464498057e-20,66.24802947704353,70.78552933647737
33.83000000000184,2732.1808729326913,189.25563398718757,-1.684914987249602e-16,6.208000909741667e-19,32.48066553194054,-3.516051344517453e-19,51.36657184104934,4.585997185049659e-20,66.23595564035256,70.78479773661749
33.84000000000184,2732.8069909712,189.04029677337627,-1.685004057063423e-16,6.221804569137024e-19,32.64996748065396,-3.485963294678281e-19,51.58256294802141,4.595784349852475e-20,66.22371980216526,70.78406454096687
33.850000000001835,2733.4328141683163,188.82448915140904,-1.685093052449839e-16,6.235801889757503e-19,32.82010302237234,-3.455643496814754e-19,51.79944211479304,4.605598770320028e-20,66.2113218262441,70.7833297504975
33.86000000000183,2734.058340416107,188.60821134465826,-1.6851819731927653e-16,6.249995692372978e-19,32.991073009136876,-3.425089142315598e-19,52.01721249351538,4.6154418967545684e-20,66.19876160083994,70.78259336611353
33.87000000000183,2734.683567597421,188.39146355614542,-1.6852708190773732e-16,6.264388850576221e-19,33.16287827899883,-3.3942973699487313e-19,52.23587724054111,4.6253152003446066e-20,66.18603903905657,70.78185538865063
33.88000000000183,2735.3084935859993,188.1742459683218,-1.6853595898901286e-16,6.278984291979737e-19,33.33551965577508,-3.3632652646346704e-19,52.45543951608473,4.6352201732120044e-20,66.17315407921654,70.781115818875
33.89000000000183,2735.933116246583,187.95655874284924,-1.6854482854188325e-16,6.293784999446512e-19,33.50899794880266,-3.331989856186106e-19,52.67590248387596,4.6451583284604e-20,66.16010668522853,70.78037465748284
33.900000000001825,2736.557433435027,187.73840202038156,-1.6855369054526603e-16,6.308794012355668e-19,33.68331395269222,-3.300468118012556e-19,52.897269310806216,4.6551312002250624e-20,66.14689684695564,70.77963190509955
33.91000000000182,2737.181442998419,187.51977592034606,-1.6856254497822025e-16,6.324014427904208e-19,33.858468447080334,-3.2686969657889783e-19,53.11954316656797,4.6651403437242133e-20,66.13352458058532,70.77888756227891
33.92000000000182,2737.8051427751934,187.30068054072566,-1.685713918199505e-16,6.339449402446021e-19,34.03446219638066,-3.2366732560871094e-19,53.34272722328707,4.6751873353118905e-20,66.11998992900011,70.7781416295025
33.93000000000182,2738.428530595258,187.0811159578415,-1.6858023104981104e-16,6.355102152869383e-19,34.21129594953404,-3.204393784968401e-19,53.566824655147634,4.685273772532438e-20,66.10629296214944,70.77739410717878
33.94000000000182,2739.0516042801173,186.86108222613598,-1.6858906264730998e-16,6.370975958014226e-19,34.3889704397577,-3.1718552865372e-19,53.79183863800977,4.6954012741766446e-20,66.09243377742249,70.77664499564249
33.950000000001815,2739.6743616430003,186.6405793779566,-1.685978865921133e-16,6.387074160130446e-19,34.56748638429303,-3.139054431452892e-19,54.01777234901964,4.705571480339642e-20,66.07841250002187,70.77589429515382
33.96000000000181,2740.296800488993,186.41960742334038,-1.6860670286404924e-16,6.403400166378683e-19,34.74684448415269,-3.1059878253996604e-19,54.24462896621207,4.7157860524806036e-20,66.064229283338,70.77514200589778
33.97000000000181,2740.918918615172,186.19816634979884,-1.6861551144311242e-16,6.419957450374978e-19,34.927045423866446,-3.0726520075124205e-19,54.47241166810552,4.726046673484327e-20,66.04988430932421,70.7743881279834
33.98000000000181,2741.5407138107435,185.976256122104,-1.6862431230946816e-16,6.436749553780732e-19,35.10808987122607,-3.039043448757446e-19,54.70112363328914,4.736355047724762e-20,66.03537778887244,70.77363266144299
33.99000000000181,2742.162183857182,185.75387668207506,-1.686331054434567e-16,6.453780087939567e-19,35.28997847702928,-3.0051585502661875e-19,54.93076804000205,4.746712901130551e-20,66.02070996218933,70.77287560623145
34.000000000001805,2742.7833265283757,185.53102794836613,-1.6864189082559768e-16,6.471052735562655e-19,35.47271187482264,-2.970993641620684e-19,55.16134806570462,4.757121981252659e-20,66.00588109917285,70.77211696222558
34.0100000000018,2743.4041395907743,185.3077098162547,-1.686506684365944e-16,6.488571252464146e-19,35.656290680643544,-2.936544979088892e-19,55.392866886641634,4.7675840573341746e-20,65.990891499789,70.77135672922326
34.0200000000018,2744.024620803537,185.08392215743123,-1.686594382573382e-16,6.506339469348442e-19,35.840715492761106,-2.9018087438082585e-19,55.62532767739732,4.7781009203823234e-20,65.97574149444881,70.77059490694285
34.0300000000018,2744.6447679186876,184.85966481978994,-1.68668200268913e-16,6.524361293651123e-19,36.02598689141642,-2.866781039915727e-19,55.858733610441995,4.7886743832428e-20,65.96043144438542,70.76983149502243
34.0400000000018,2745.264578681272,184.63493762722052,-1.6867695445259965e-16,6.542640711435291e-19,36.21210543856155,-2.8314578926223035e-19,56.093087855670355,4.799306280676478e-20,65.94496174203094,70.76906649301904
34.050000000001795,2745.8840508295166,184.40974037940117,-1.6868570078988045e-16,6.561181789345399e-19,36.39907167759784,-2.7958352462303197e-19,56.32839357993134,4.80999846943857e-20,65.92933281139335,70.76829990040805
34.06000000000179,2746.5031820949926,184.1840728515929,-1.6869443926244372e-16,6.579988676620457e-19,36.58688613311336,-2.759908962091314e-19,56.56465394654925,4.820752828360319e-20,65.91354510843294,70.76753171658248
34.07000000000179,2747.1219702027824,183.9579347944352,-1.6870316985218828e-16,6.599065607168754e-19,36.77554931061933,-2.72367481650249e-19,56.80187211483627,4.8315712584332976e-20,65.89759912143849,70.76676194085219
34.08000000000179,2747.74041287165,183.73132593374294,-1.6871189254122803e-16,6.618416901706284e-19,36.96506169628589,-2.687128498539559e-19,57.04005123959611,4.8424556828963883e-20,65.88149537140275,70.76599057244331
34.09000000000179,2748.3585078142128,183.50424597030496,-1.6872060731189658e-16,6.638046969961074e-19,37.15542375667687,-2.650265607823733e-19,57.2791944706188,4.8534080473255285e-20,65.86523441239744,70.76521761049749
34.100000000001785,2748.97625273712,183.2766945796841,-1.6872931414675188e-16,6.657960312945878e-19,37.34663593848397,-2.613081652220488e-19,57.519304952166365,4.864430319726292e-20,65.84881683194736,70.76444305407122
34.11000000000178,2749.5936453412314,183.04867141201865,-1.6873801302858083e-16,6.678161525301539e-19,37.53869866825995,-2.5755720454676646e-19,57.76038582244955,4.875524490629393e-20,65.8322432514036,70.7636669021352
34.12000000000178,2750.210683321801,182.82017609182586,-1.68746703940404e-16,6.698655297713713e-19,37.731612352151174,-2.537732104730357e-19,58.00244021309516,4.886692573189195e-20,65.8155143263157,70.76288915357364
34.13000000000178,2750.827364368663,182.59120821780684,-1.687553868654804e-16,6.719446419405506e-19,37.9253773756294,-2.4995570480799406e-19,58.24547124860417,4.897936603285296e-20,65.79863074680269,70.76210980718358
34.14000000000178,2751.443686166423,182.3617673626534,-1.68764061787312e-16,6.740539780708888e-19,38.11999410322294,-2.4610419918944635e-19,58.48948204580046,4.9092586396272854e-20,65.78159323792265,70.76132886167423
34.150000000001775,2752.0596463946504,182.13185307285687,-1.6877272868964874e-16,6.761940375717647e-19,38.315462878246905,-2.4221819481775256e-19,58.734475713269916,4.9206607638627473e-20,65.764402560041,70.7605463156664
34.16000000000177,2752.675242728075,181.90146486851862,-1.6878138755649314e-16,6.783653305024996e-19,38.51178402253298,-2.3829718217926367e-19,58.980455350790066,4.932145080688599e-20,65.747059509197,70.75976216769178
34.17000000000177,2753.2904728367876,181.67060224316288,-1.6879003837210513e-16,6.805683778548925e-19,38.708957836158554,-2.343406407609947e-19,59.22742404874989,4.943713717965845e-20,65.7295649174686,70.75897641619221
34.18000000000177,2753.9053343864434,181.43926466355146,-1.6879868112100689e-16,6.8280371184485215e-19,38.906984597175,-2.303480387562049e-19,59.4753848875599,4.955368826837843e-20,65.71191965333526,70.75818905951932
34.19000000000177,2754.5198250384688,181.2074515695008,-1.6880731578798768e-16,6.850718762134759e-19,39.10586456133572,-2.263188327605498e-19,59.72434093705232,4.9671125818521594e-20,65.69412462203888,70.75740009593365
34.200000000001765,2755.133942450272,180.97516237370107,-1.688159423581087e-16,6.873734265379188e-19,39.30559796182324,-2.2225246745844423e-19,59.974295255871304,4.9789471810861044e-20,65.67618076594232,70.75660952360414
34.21000000000176,2755.747684275457,180.74239646153785,-1.6882456081670796e-16,6.897089305524343e-19,39.50618500897606,-2.181483752992732e-19,60.225250890852976,4.9908748462760506e-20,65.65808906488562,70.75581734060748
34.22000000000176,2756.361048164038,180.50915319091592,-1.688331711494052e-16,6.920789684799626e-19,39.70762589001472,-2.1400597616305728e-19,60.47721087639538,5.002897822950595e-20,65.63985053653964,70.75502354492758
34.23000000000176,2756.974031762665,180.27543189208575,-1.6884177334210677e-16,6.944841333746826e-19,39.90992076876758,-2.0982467701517485e-19,60.73017823381828,5.015018380567688e-20,65.6214662367571,70.7542281344549
34.24000000000176,2757.586632714844,180.04123186747245,-1.688503673810106e-16,6.969250314759332e-19,40.113069785396064,-2.0560387154971726e-19,60.98415597071238,5.027238812655812e-20,65.60293725992052,70.75343110698599
34.250000000001755,2758.1988486611644,179.8065523915073,-1.6885895325261106e-16,6.994022825739574e-19,40.31707305611931,-2.013429398210382e-19,61.23914708027835,5.039561436959296e-20,65.58426473928726,70.75263246022266
34.26000000000175,2758.8106772395317,179.5713927104621,-1.6886753094370404e-16,7.019165203879203e-19,40.521930672938645,-1.970412478630393e-19,61.495154540655214,5.051988595587868e-20,65.56544984733131,70.75183219177175
34.27000000000175,2759.4221160854,179.33575204228623,-1.6887610044139184e-16,7.044683929566842e-19,40.72764270336147,-1.926981472957099e-19,61.75218131423819,5.0645226551705425e-20,65.54649379608163,70.75103029914429
34.28000000000175,2760.03316283201,179.09962957644652,-1.6888466173308816e-16,7.070585630428385e-19,40.934209190124854,-1.8831297491842307e-19,62.010230346985885,5.0771660070139367e-20,65.52739783745699,70.75022677975514
34.29000000000175,2760.643815110631,178.86302447377017,-1.6889321480652312e-16,7.096877085505151e-19,41.141630150918836,-1.8388505228946213e-19,62.26930456771674,5.089921067265133e-20,65.50816326359684,70.74942163092231
34.300000000001745,2761.2540705508036,178.62593586629066,-1.6890175964974827e-16,7.12356522957528e-19,41.34990557810935,-1.7941368529122966e-19,62.52940688739462,5.102790277079153e-20,65.48879140718854,70.74861484986657
34.31000000000174,2761.863926780589,178.38836285709672,-1.6891029625114157e-16,7.150657157624151e-19,41.5590354384608,-1.7489816368056914e-19,62.79054019840362,5.1157761027911885e-20,65.46928364179008,70.74780643371086
34.32000000000174,2762.473381426818,178.1503045201845,-1.6891882459941244e-16,7.178160129469838e-19,41.76901967285857,-1.7033776062359735e-19,63.052707373811785,5.1288810360936533e-20,65.4496413821488,70.74699637947977
34.33000000000174,2763.082432115348,177.91175990031297,-1.689273446836068e-16,7.206081574549792e-19,41.979858196031145,-1.6573173221442337e-19,63.315911266623935,5.1421075942181935e-20,65.42986608451531,70.74618468409903
34.34000000000174,2763.69107647132,177.67272801286276,-1.6893585649311209e-16,7.234429096875383e-19,42.191550896272176,-1.6107931697709684e-19,63.58015470902333,5.1554583201227486e-20,65.40995924695285,70.74537134439514
34.350000000001735,2764.2993121194168,177.43320784369834,-1.6894436001766232e-16,7.263210480161101e-19,42.404097635162174,-1.5637973535009989e-19,63.845440511602256,5.1689357826837647e-20,65.38992240964174,70.74455635709478
34.36000000000173,2764.907136684133,177.1931983490337,-1.6895285524734314e-16,7.292433693135673e-19,42.61749824729029,-1.5163218915266464e-19,64.11177146258133,5.182542576893694e-20,65.36975715517852,70.74373971882441
34.37000000000173,2765.5145477900383,176.95269845530166,-1.6896134217259683e-16,7.322106895042542e-19,42.83175253997588,-1.468358610321635e-19,64.37915032701765,5.196281324063869e-20,65.34946510886992,70.74292142610979
34.38000000000173,2766.1215430620496,176.7117070590268,-1.689698207842274e-16,7.352238441337689e-19,43.046860292990004,-1.419899138917824e-19,64.64757984600159,5.2101546720328794e-20,65.32904793902131,70.74210147537552
34.39000000000173,2766.728120125707,176.4702230267022,-1.6897829107340562e-16,7.382836889592948e-19,43.26282125827687,-1.3709349029765338e-19,64.91706273584222,5.224165295380574e-20,65.30850735721921,70.74127986294475
34.400000000001725,2767.3342766074497,176.22824519467005,-1.689867530316741e-16,7.413911005613574e-19,43.479635159675404,-1.3214571186457911e-19,65.18760168724145,5.2383158956477785e-20,65.28784511860812,70.7404565850386
34.41000000000172,2767.940010134898,175.98577236900596,-1.6899520665095232e-16,7.445469769779088e-19,43.69730169264055,-1.2714567861944133e-19,65.45919936445662,5.252609201561897e-20,65.26706302216087,70.73963163777584
34.42000000000172,2768.5453183371355,175.7428033254075,-1.6900365192354164e-16,7.477522383616923e-19,43.915820523964975,-1.2209246834134174e-19,65.73185840445167,5.267047969268466e-20,65.24616291094286,70.73880501717254
34.43000000000172,2769.150198844999,175.49933680908677,-1.690120888421304e-16,7.510078276618877e-19,44.135191291500526,-1.1698513587747697e-19,66.00558141603688,5.2816349825688347e-20,65.22514667236945,70.73797671914164
34.44000000000172,2769.754649291367,175.2553715346671,-1.6902051739979893e-16,7.543147113310859e-19,44.35541360388011,-1.1182271243369845e-19,66.280370978997,5.2963730531640715e-20,65.20401623845673,70.73714673949259
34.450000000001715,2770.3586673114546,175.0109061860839,-1.6902893759002459e-16,7.576738800586888e-19,44.576487040239456,-1.0660420483865809e-19,66.55622964320786,5.311265020905233e-20,65.18277358606505,70.7363150739311
34.46000000000171,2770.962250543109,174.76593941649008,-1.6903734940668676e-16,7.610863495318969e-19,44.79841114993932,-1.0132859478038452e-19,66.8331599277415,5.3263137540501426e-20,65.16142073713542,70.7354817180587
34.47000000000171,2771.5653966271097,174.52046984816565,-1.6904575284407187e-16,7.645531612254861e-19,45.02118545228758,-9.599483801407592e-20,67.11116431995963,5.341522149526792e-20,65.13995975891824,70.73464666737247
34.48000000000171,2772.1681032074735,174.2744960724319,-1.6905414789687843e-16,7.680753832216631e-19,45.244809436262,-9.060186353983736e-20,67.39024527459551,5.356893133203525e-20,65.11839276419455,70.73380991726481
34.49000000000171,2772.7703679317565,174.0280166495702,-1.6906253456022197e-16,7.716541110613251e-19,45.46928256023285,-8.514857274902061e-20,67.6704052128244,5.3724296601661504e-20,65.09672191148897,70.73297146302299
34.500000000001705,2773.3721884513666,173.7810301087454,-1.6907091282963999e-16,7.752904686281399e-19,45.6946042516862,-7.963383853776024e-20,67.95164652132225,5.388134715002101e-20,65.07494940527471,70.73213129982912
34.5100000000017,2773.973562421874,173.53353494793402,-1.69079282701097e-16,7.789856090669223e-19,45.920773906947296,-7.405650438622534e-20,68.23397155131285,5.404011312091822e-20,65.05307749617003,70.73128942275966
34.5200000000017,2774.574487503325,173.28552963385715,-1.690876441709894e-16,7.827407157378695e-19,46.14779089090453,-6.841538340202997e-20,68.51738261760363,5.420062495907525e-20,65.03110848112608,70.73044582678537
34.5300000000017,2775.174961360563,173.0370126019184,-1.6909599723615044e-16,7.865570032082862e-19,46.37565453673369,-6.270925732616195e-20,68.8018819976096,5.436291341319475e-20,65.00904470360568,70.72960050677098
34.5400000000017,2775.774981663546,172.7879822561468,-1.6910434189385507e-16,7.904357182835316e-19,46.6043641456227,-5.693687549970793e-20,69.0874719303661,5.452700953909946e-20,64.98688855375325,70.72875345747504
34.550000000001695,2776.374546087671,172.5384369691446,-1.6911267814182486e-16,7.943781410789988e-19,46.83391898649694,-5.109695378955695e-20,69.37415461552983,5.469294470295066e-20,64.9646424685549,70.72790467354972
34.56000000000169,2776.9736523141023,172.2883750820405,-1.691210059782329e-16,7.983855861350451e-19,47.06431829574502,-4.51881734711701e-20,69.6619322123686,5.486075058454652e-20,64.9423089319894,70.72705414954066
34.57000000000169,2777.5722980300975,172.0377949044478,-1.6912932540170853e-16,8.024594035768798e-19,47.29556127694506,-3.920918006640222e-20,69.9508068387396,5.503045918070277e-20,64.91989047516883,70.72620187988682
34.58000000000169,2778.1704809293415,171.7866947144281,-1.6913763641134225e-16,8.066009803215395e-19,47.5276471005916,-3.31585821342502e-20,70.24078057005637,5.520210280871692e-20,64.89738967646937,70.72534785892032
34.59000000000169,2778.7681987122805,171.53507275846033,-1.6914593900669047e-16,8.108117413341942e-19,47.76057490382338,-2.7034950012289173e-20,70.53185543824458,5.53757141099184e-20,64.87480916165161,70.72449208086633
34.600000000001685,2779.3654490864583,171.282927251415,-1.6915423318778021e-16,8.150931509361327e-19,47.99434379015128,-2.0836814506435196e-20,70.82403343068637,5.555132605330617e-20,64.85215160397026,70.72363453984306
34.61000000000168,2779.962229766857,171.03025637653442,-1.691625189551139e-16,8.194467141669344e-19,48.228952829187484,-1.4562665526541138e-20,71.11731648915377,5.57289719392758e-20,64.82941972427302,70.72277522986155
34.62000000000168,2780.558538476239,170.7770582854181,-1.6917079630967407e-16,8.238739782034464e-19,48.464401056375166,-8.210950665196941e-21,71.41170650873096,5.590868540343844e-20,64.80661629108835,70.72191414482573
34.63000000000168,2781.154372945491,170.52333109801415,-1.6917906525292795e-16,8.283765338383492e-19,48.70068747271886,-1.7800737169560064e-21,71.70720533672561,5.609050042053317e-20,64.78374412070178,70.72105127853231
34.64000000000168,2781.749730913973,170.2690729026163,-1.6918732578683213e-16,8.329560170212387e-19,48.937811044515705,4.731606864945036e-21,72.0038147715693,5.627445130843546e-20,64.76080607722079,70.72018662467077
34.650000000001675,2782.344610129866,170.01428175586682,-1.6919557791383717e-16,8.376141104653356e-19,49.17577070308774,1.1325779577471967e-20,72.30153656170717,5.646057273226366e-20,64.73780507262761,70.71932017682343
34.66000000000167,2782.9390083505245,169.75895568276525,-1.692038216368921e-16,8.423525453230783e-19,49.41456534451476,1.800418154556331e-20,72.60037240447697,5.664889970858585e-20,64.7147440668201,70.71845192846536
34.67000000000167,2783.532923342831,169.50309267668325,-1.6921205695944898e-16,8.471731029340896e-19,49.65419382936844,2.4768600272245272e-20,72.90032394497757,5.68394676097297e-20,64.6916260676402,70.71758187296454
34.68000000000167,2784.1263528835525,169.2466906993855,-1.6922028388546735e-16,8.520776166491527e-19,49.894654982446944,3.162087546476016e-20,73.20139277492702,5.703231216819744e-20,64.66845413088976,70.71671000358182
34.69000000000167,2784.7192947596986,168.9897476810566,-1.6922850241941864e-16,8.570679737341033e-19,50.1359475925111,3.8562900940585494e-20,73.50358043151034,5.722746948118898e-20,64.64523136033351,70.71583631347109
34.700000000001666,2785.3117467688826,168.73226152033425,-1.6923671256629059e-16,8.621461173577241e-19,50.37807041202119,4.5596626617449215e-20,73.80688839621732,5.742497601523535e-20,64.62196090768897,70.71496079567933
34.71000000000166,2785.9037067196837,168.47423008434873,-1.6924491433159152e-16,8.673140486680013e-19,50.621022156875014,5.2724060591692825e-20,74.11131809367018,5.762486861094558e-20,64.59864597260302,70.7140834431467
34.72000000000166,2786.495172432013,168.21565120876878,-1.692531077213547e-16,8.72573828961341e-19,50.86480150614679,5.994727130958742e-20,74.41687089044157,5.782718448786984e-20,64.57528980261479,70.71320424870682
34.73000000000166,2787.086141737479,167.9565226978536,-1.6926129274214256e-16,8.77927581949649e-19,51.10940710182772,6.726838983649154e-20,74.72354809386299,5.803196124948169e-20,64.55189569310475,70.71232320508679
34.74000000000166,2787.6766124797573,167.69684232451164,-1.692694694010508e-16,8.833774961304309e-19,51.354837548567176,7.468961222902742e-20,75.03135095082354,5.823923688828274e-20,64.52846698722978,70.71144030490747
34.750000000001656,2788.2665825149593,167.43660783036577,-1.6927763770571268e-16,8.889258272654252e-19,51.60109141341535,8.221320201577535e-20,75.3402806465598,5.844904979103272e-20,64.50500707584378,70.71055554068367
34.760000000001654,2788.8560497120066,167.17581692582507,-1.6928579766430294e-16,8.945749009735997e-19,51.84816722556721,8.984149279231803e-20,75.65033830343638,5.866143874410858e-20,64.48151939740382,70.70966890482435
34.77000000000165,2789.445011953003,166.91446729016323,-1.6929394928554193e-16,9.003271154447006e-19,52.09606347610766,9.757689093682983e-20,75.96152497971782,5.887644293899579e-20,64.45800743786141,70.708780389633
34.78000000000165,2790.0334671336104,166.65255657160378,-1.6930209257869955e-16,9.061849442799398e-19,52.34477861775799,1.0542187845279373e-19,76.27384166833187,5.909410197791604e-20,64.43447473053875,70.7078899873077
34.79000000000165,2790.621413163427,166.39008238741198,-1.6931022755359915e-16,9.121509394668157e-19,52.59431106462383,1.133790159458381e-19,76.58728929562437,5.931445587959441e-20,64.41092485598965,70.70699768994164
34.800000000001646,2791.208847966364,166.1270423239936,-1.6931835422062133e-16,9.182277344955009e-19,52.84465919194427,1.214509457421343e-19,76.9018687201062,5.953754508517063e-20,64.38736144184497,70.70610348952336
34.810000000001644,2791.7957694810257,165.86343393700062,-1.6932647259070789e-16,9.244180476247134e-19,53.09582133584262,1.296403951562668e-19,77.21758073119213,5.97634104642582e-20,64.3637881626423,70.70520737793701
34.82000000000164,2792.3821756610923,165.5992547514438,-1.693345826753653e-16,9.307246853054924e-19,53.347795793078554,1.379501799169967e-19,77.53442604793248,5.999209332115585e-20,64.3402087396396,70.70430934696294
34.83000000000164,2792.9680644757004,165.3345022618123,-1.6934268448666858e-16,9.3715054577185e-19,53.60058082080192,1.4638320775989205e-19,77.85240531773707,6.022363540121581e-20,64.31662694061275,70.70340938827788
34.84000000000164,2793.553433909828,165.06917393220036,-1.6935077803726473e-16,9.436986228078404e-19,53.85417463630756,1.5494248219637327e-19,78.17151911509251,6.045807889737363e-20,64.29304657963648,70.70250749345546
34.850000000001636,2794.1382819646783,164.80326719644097,-1.6935886334037635e-16,9.5037200970126e-19,54.10857541679253,1.6363110646936928e-19,78.49176794027268,6.069546645684468e-20,64.2694715168488,70.70160365396666
34.860000000001634,2794.7226066580656,164.53677945824688,-1.69366940409805e-16,9.571739033948091e-19,54.36378129911416,1.72452287706439e-19,78.81315221804283,6.0935841187992e-20,64.24590565819851,70.70069786118029
34.87000000000163,2795.3064060248025,164.2697080913586,-1.6937500925993467e-16,9.641076088463322e-19,54.61979037955031,1.8140934128195553e-19,79.13567229635773,6.117924666737166e-20,64.2223529551756,70.69979010636335
34.88000000000163,2795.889678117087,164.00205043969981,-1.69383069905735e-16,9.711765436104982e-19,54.87660071356101,1.9050569540072694e-19,79.45932844505401,6.142572694696078e-20,64.19881740452435,70.69888038068177
34.89000000000163,2796.472421004891,163.73380381753984,-1.6939112236276455e-16,9.78384242655143e-19,55.1342103155518,1.99744895916274e-19,79.78412085453725,6.167532656157434e-20,64.17530304793897,70.6979686752008
34.900000000001626,2797.0546327763495,163.4649655096637,-1.693991666471739e-16,9.857343634264137e-19,55.392617158639105,2.091306113978952e-19,80.11004963446409,6.19280905364771e-20,64.15181397174149,70.69705498088554
34.910000000001624,2797.63631153815,163.19553277154935,-1.6940720277570872e-16,9.932306911778024e-19,55.65181917441708,2.1866663846162786e-19,80.43711481241968,6.218406439519718e-20,64.1283543065418,70.69613928860173
34.92000000000162,2798.2174554159224,162.92550282955233,-1.6941523076571286e-16,1.0008771445792607e-18,55.91181425272651,2.2835690738127317e-19,80.76531633259094,6.244329416754833e-20,64.10492822687945,70.69522158911612
34.93000000000162,2798.7980625546306,162.65487288109787,-1.694232506351311e-16,1.0086777816236891e-18,56.17260024142546,2.382054879967956e-19,81.09465405443609,6.27058263978677e-20,64.08153995084746,70.69430187309732
34.94000000000162,2799.3781311189628,162.3836400948805,-1.6943126240251207e-16,1.0166368058493391e-18,56.434174946161775,2.4821659593863478e-19,81.42512775135076,6.297170815347756e-20,64.05819373969729,70.69338013111631
34.950000000001616,2799.957659293723,162.11180161107106,-1.6943926608701097e-16,1.02475857289802e-18,56.69653613014755,2.583945991878107e-19,81.75673710933098,6.324098703337815e-20,64.03489389742549,70.69245635364729
34.960000000001614,2800.5366452842222,161.83935454153132,-1.6944726170839216e-16,1.0330475974304077e-18,56.9596815139357,2.6874402499313364e-19,82.08948172563396,6.351371117718075e-20,64.01164477034138,70.69153053106822
34.97000000000161,2801.115087316671,161.56629597003604,-1.6945524928703182e-16,1.0415085604213438e-18,57.223608775198315,2.7926956716839685e-19,82.42336110743652,6.378992927428963e-20,63.98845074661573,70.69060265366174
34.98000000000161,2801.6929836385702,161.2926229525027,-1.6946322884392036e-16,1.0501463168596817e-18,57.48831554850718,2.8997609379411956e-19,82.75837467049209,6.406969057334223e-20,63.96531625581042,70.68967271161578
34.99000000000161,2802.270332519103,161.01833251722886,-1.6947120040066477e-16,1.0589659038790784e-18,57.75379942511607,3.0086865535023347e-19,83.0945217377865,6.435304489191777e-20,63.94224576838868,70.68874069502449
35.000000000001606,2802.8471322495257,160.74342166513688,-1.69479163979491e-16,1.0679725493481307e-18,58.02005795274588,3.119524933081057e-19,83.43180153819318,6.464004262652427e-20,63.919243795205986,70.687806593889
35.010000000001604,2803.4233811435597,160.46788737002663,-1.6948711960324605e-16,1.0771716809503635e-18,58.287088635370836,3.2323304921242675e-19,83.77021320512833,6.493073476287563e-20,63.89631488698133,70.6868703981182
35.0200000000016,2803.9990775377814,160.19172657883553,-1.6949506729540012e-16,1.0865689357869854e-18,58.554888933007824,3.347159742858553e-19,84.10975577520622,6.522517288646988e-20,63.873463633748784,70.6859320975298
35.0300000000016,2804.5742197920135,159.91493621190648,-1.695030070800486e-16,1.0961701705378119e-18,58.82345626150711,3.46407139591843e-19,84.45042818689578,6.55234091934813e-20,63.850694664289264,70.68499168185103
35.0400000000016,2805.1488062897142,159.63751316326326,-1.6951093898191403e-16,1.1059814722185841e-18,59.09278799234617,3.583126467938443e-19,84.79222927917834,6.582549650197928e-20,63.82801264554228,70.68404914071968
35.050000000001596,2805.7228354383665,159.35945430089376,-1.6951886302634777e-16,1.116009169575858e-18,59.362881452424794,3.704388395521149e-19,85.13515779020764,6.613148826348772e-20,63.80542228199766,70.68310446368501
35.060000000001594,2806.2963056698663,159.0807564670408,-1.6952677923933178e-16,1.1262598451640032e-18,59.633733923863296,3.8279231560261603e-19,85.47921235597228,6.644143857489967e-20,63.782928315067096,70.68215764020873
35.07000000000159,2806.869215440911,158.8014164785007,-1.6953468764748027e-16,1.1367403481523723e-18,59.90534264380273,3.9537993956609407e-19,85.82439150896137,6.675540219076253e-20,63.760535522435454,70.68120865966603
35.08000000000159,2807.4415632333853,158.52143112692943,-1.695425882780411e-16,1.1474578079146442e-18,60.17770480420718,4.0820885653934896e-19,86.17069367683415,6.707343453595043e-20,63.738248717391706,70.68025751134662
35.09000000000159,2808.0133475547473,158.24079717915652,-1.6955048115889724e-16,1.1584196484566184e-18,60.450817551669,4.2128650652495235e-19,86.51811718109369,6.739559171874075e-20,63.716072748139446,70.67930418445567
35.100000000001586,2808.584566938413,157.9595113775067,-1.6955836631856802e-16,1.1696336037434003e-18,60.724677987216076,4.346206397603714e-19,86.8666602357658,6.772193054431398e-20,63.694012497086916,70.6783486681151
35.110000000001584,2809.1552199441394,157.67757044012902,-1.695662437862103e-16,1.1811077339920367e-18,60.99928316612163,4.482193330125529e-19,87.21632094608357,6.805250852869548e-20,63.6720728801165,70.67739095136447
35.12000000000158,2809.7253051584075,157.39497106133388,-1.6957411359161954e-16,1.1928504430012674e-18,61.274630097716546,4.620910069096351e-19,87.56709730717809,6.8387383913161e-20,63.65025884583359,70.67643102316224
35.13000000000158,2810.294821194802,157.1117099119374,-1.6958197576523085e-16,1.2048704965962017e-18,61.55071574520421,4.762444443875939e-19,87.9189872027762,6.872661567912717e-20,63.628575374794856,70.67546887238693
35.14000000000158,2810.8637666943905,156.82778363961376,-1.695898303381197e-16,1.2171770422724542e-18,61.82753702547776,4.906888103363708e-19,88.27198840390574,6.907026356355118e-20,63.607027478715814,70.67450448783825
35.150000000001576,2811.4321403261015,156.54318886925486,-1.6959767734200276e-16,1.2297796301317111e-18,62.10509080894021,5.054336725374392e-19,88.62609856760933,6.94183880748643e-20,63.58562019965771,70.67353785823835
35.160000000001574,2811.9999407870996,156.25792220333776,-1.6960551680923849e-16,1.2426882352088036e-18,62.38337391932679,5.204890239929035e-19,88.98131523566676,6.977105050946599e-20,63.56435860919375,70.67256897223308
35.17000000000157,2812.5671668031605,155.9719802222996,-1.6961334877282768e-16,1.2559132812993648e-18,62.662383133530135,5.358653067551974e-19,89.33763583332734,7.012831296880704e-20,63.54324780755455,70.67159781839317
35.18000000000157,2813.133817129042,155.6853594849201,-1.6962117326641384e-16,1.2694656664070022e-18,62.94211518142821,5.5157343737631965e-19,89.69505766805257,7.049023837709214e-20,63.522292922753046,70.67062438521558
35.19000000000157,2813.6998905488554,155.3980565287115,-1.6962899032428343e-16,1.2833567899398119e-18,63.22256674571464,5.676248341064377e-19,90.05357792826987,7.085689049963395e-20,63.5014991096886,70.66964866112485
35.200000000001566,2814.265385876431,155.1100678703161,-1.6963679998136616e-16,1.2975985817981098e-18,63.50373446173218,5.840314459837309e-19,90.41319368213824,7.122833396189358e-20,63.48087154923058,70.6686706344744
35.210000000001564,2814.8303019556865,154.82139000591118,-1.6964460227323495e-16,1.3122035335085274e-18,63.785614917308536,6.008057839706302e-19,90.77390187632642,7.160463426924411e-20,63.460415447281335,70.66769029354782
35.22000000000156,2815.3946376609897,154.53201941162126,-1.696523972361059e-16,1.327184731574355e-18,64.06820465259509,6.17960954306335e-19,91.13569933480444,7.198585782749668e-20,63.44013603381863,70.66670762656041
35.23000000000156,2815.958391897518,154.24195254393788,-1.696601849068381e-16,1.342555893228336e-18,64.35150015990862,6.355106942618102e-19,91.49858275764936,7.237207196423148e-20,63.42003856191774,70.66572262166049
35.24000000000156,2816.521563601619,153.95118584014665,-1.696679653229334e-16,1.358331404792153e-18,64.63549788357568,6.534694105015186e-19,91.8625487198657,7.276334495097882e-20,63.40012830675301,70.66473526693088
35.250000000001556,2817.0841517411645,153.65971571876145,-1.6967573852253586e-16,1.3745263628670031e-18,64.92019421977973,6.718522202762748e-19,92.22759367022174,7.315974602629882e-20,63.3804105645793,70.66374555039035
35.260000000001554,2817.646155315905,153.36753857996604,-1.6968350454443139e-16,1.3911566186019553e-18,65.20558551641146,6.906749956939257e-19,92.59371393010207,7.356134541981169e-20,63.360890651693204,70.66275345999514
35.27000000000155,2818.207573357819,153.07465080606283,-1.69691263428047e-16,1.4082388253116727e-18,65.49166807292191,7.099544113394415e-19,92.96090569237751,7.39682143772344e-20,63.34157390337424,70.66175898364047
35.28000000000155,2818.7684049314603,152.78104876192867,-1.696990152134501e-16,1.4257904897428033e-18,65.77843814017837,7.297079955437244e-19,93.32916502029313,7.438042518648415e-20,63.32246567280609,70.66076210916196
35.29000000000155,2819.3286491343033,152.48672879547777,-1.697067599413475e-16,1.4438300273193312e-18,66.06589192032362,7.49954185631427e-19,93.69848784637486,7.479805120491235e-20,63.30357132997819,70.65976282433746
35.300000000001546,2819.8883050970835,152.1916872381317,-1.6971449765308455e-16,1.4623768217317348e-18,66.3540255666378,7.7071238751263925e-19,94.06886997135607,7.52211668877396e-20,63.2848962605676,70.65876111688839
35.310000000001544,2820.447371984134,151.89592040529615,-1.69722228390644e-16,1.481451289273594e-18,66.64283518340346,7.920030400220831e-19,94.44030706312444,7.564984781776576e-20,63.26644586480151,70.65775697448139
35.32000000000154,2821.0058489937223,151.59942459684487,-1.6972995219664466e-16,1.5010749483726918e-18,66.93231682577408,8.138476844528619e-19,94.81279465569028,7.608417073643606e-20,63.24822555630048,70.65675038473009
35.33000000000154,2821.5637353583807,151.3021960976101,-1.6973766911434014e-16,1.5212704948123759e-18,67.22246649964494,8.362690397805502e-19,95.18632814817688,7.652421357635042e-20,63.23024076090266,70.65574133519667
35.34000000000154,2822.1210303452317,151.00423117787997,-1.697453791876174e-16,1.542061883193855e-18,67.51328016152753,8.592910841282864e-19,95.56090280383391,7.697005549530989e-20,63.21249691546916,70.65472981339352
35.350000000001536,2822.677733256315,150.70552609390248,-1.6975308246099508e-16,1.5634744152517598e-18,67.8047537184274,8.829391430852122e-19,95.93651374907465,7.742177691200234e-20,63.194999466670836,70.65371580678497
35.360000000001534,2823.233843428906,150.4060770883961,-1.6976077897962186e-16,1.5855348357049502e-18,68.09688302772459,9.072399855602478e-19,96.3131559725378,7.787945954343706e-20,63.177753869756685,70.65269930278907
35.37000000000153,2823.7893602358304,150.10588039106688,-1.6976846878927465e-16,1.6082714364032485e-18,68.38966389705767,9.322219279318842e-19,96.6908243241749,7.8343186444248e-20,63.160765587304226,70.65168028877927
35.38000000000153,2824.3442830857794,149.80493221913196,-1.6977615193635661e-16,1.631714169619758e-18,68.68309208421094,9.57914947343667e-19,97.06951351436402,7.88130420479954e-20,63.144040087951915,70.65065875208622
35.39000000000153,2824.8986114236163,149.50322877784947,-1.6978382846789515e-16,1.6558947714393777e-18,68.97716329700481,9.843508050959759e-19,97.4492181130507,7.928911221060572e-20,63.12758284511414,70.64963467999951
35.400000000001526,2825.45234473068,149.20076626105475,-1.697914984315398e-16,1.6808468963087007e-18,69.27187319318976,1.0115631811993108e-18,97.82993254891684,7.977148425610376e-20,63.1113993356789,70.64860805976961
35.410000000001524,2826.005482525086,148.89754085170256,-1.6979916187555991e-16,1.7066062639428735e-18,69.5672173803431,1.0395878212846617e-18,98.2116511085786,8.026024702480286e-20,63.095495038688554,70.64757887860961
35.42000000000152,2826.5580243620198,148.5935487224155,-1.6980681884884232e-16,1.7332108199336221e-18,69.86319141576972,1.0684626972151802e-18,98.59436793581388,8.0755490924135e-20,63.079875434004016,70.64654712369702
35.43000000000152,2827.1099698340295,148.2887860360385,-1.6981446940088884e-16,1.7607009115723423e-18,70.15979080640588,1.0982281829130578e-18,98.97807703082059,8.125730798231872e-20,63.064546000952625,70.64551278217581
35.44000000000152,2827.661318571311,147.98324894619887,-1.6982211358181375e-16,1.789119480596381e-18,70.45701100872631,1.1289272471097544e-18,99.362772249506,8.17657919050815e-20,63.049512216960174,70.64447584115817
35.450000000001516,2828.2120702419897,147.67693359787262,-1.6982975144234109e-16,1.8185122747893293e-18,70.75484742865515,1.1606056649504018e-18,99.7484473028086,8.228103813567338e-20,63.03477955616733,70.64343628772647
35.460000000001514,2828.7622245523976,147.36983612795595,-1.6983738303380188e-16,1.848928080622028e-18,71.05329542147996,1.1933122506391016e-18,100.135095756053,8.280314391843128e-20,63.02035348803102,70.64239410893526
35.47000000000151,2829.3117812473447,147.06195266584268,-1.6984500840813125e-16,1.8804189794156946e-18,71.35235029176967,1.2270991136065373e-18,100.52271102833863,8.333220836617883e-20,63.00623947591097,70.64134929181307
35.48000000000151,2829.860740110386,146.75327933400695,-1.698526276178656e-16,1.9130406298486686e-18,71.65200729329564,1.2620219410214172e-18,100.91128639196307,8.386833253177484e-20,62.99244297564198,70.64030182336455
35.49000000000151,2830.409100964083,146.44381224859137,-1.6986024071613936e-16,1.946852580021787e-18,71.95226162895669,1.2981403098607675e-18,101.30081497188128,8.441161948415454e-20,62.978969434092356,70.6392516905724
35.500000000001506,2830.956863670261,146.13354752000035,-1.6986784775668213e-16,1.9819186127536753e-18,72.25310845070732,1.3355180322103887e-18,101.69128974520063,8.496217438924337e-20,62.965824287708735,70.63819888039929
35.510000000001504,2831.5040281302604,145.82248125349864,-1.6987544879381527e-16,2.0183071283077247e-18,72.55454285949016,1.3742235379972574e-18,102.08270354071358,8.552010459616237e-20,62.95301296104814,70.63714337979006
35.5200000000015,2832.050594285181,145.51060954981475,-1.6988304388244874e-16,2.0560915693707733e-18,72.8565599051715,1.414330299973919e-18,102.47504903846786,8.608551972918886e-20,62.94054086529732,70.63608517567361
35.5300000000015,2832.596562116125,145.19792850574933,-1.6989063307807778e-16,2.0953508938260507e-18,73.15915458648067,1.4559173064974459e-18,102.86831876937556,8.665853178598563e-20,62.9284133967803,70.63502425496513
35.5400000000015,2833.1419316444294,144.88443421478834,-1.6989821643677952e-16,2.136170101709651e-18,73.46232185095381,1.499069588492263e-18,103.2625051148616,8.723925524266887e-20,62.916635935454146,70.6339606045679
35.550000000001496,2833.6867029318973,144.57012276772073,-1.6990579401520954e-16,2.1786408237347416e-18,73.7660565948804,1.5438788079810598e-18,103.6576003065524,8.782780716634819e-20,62.90521384339401,70.63289421137576
35.560000000001494,2834.23087608102,144.25499025326081,-1.6991336587059843e-16,2.2228619799405864e-18,74.07035366325431,1.5904439167409166e-18,104.0535964260055,8.842430733584476e-20,62.89415246326753,70.63182506227487
35.57000000000149,2834.774451235195,143.93903275867478,-1.6992093206074826e-16,2.2689405184099507e-18,74.3752078497283,1.6388718950282288e-18,104.45048540448083,8.902887837137562e-20,62.88345711679938,70.63075314414608
35.58000000000149,2835.3174285789382,143.62224637041172,-1.699284926440291e-16,2.316992245642999e-18,74.68061389657292,1.6892785819605854e-18,104.84825902275433,8.964164587408516e-20,62.87313310322648,70.62967844386692
35.59000000000149,2835.859808338088,143.3046271747385,-1.6993604767937549e-16,2.367142762132686e-18,74.98656649463888,1.7417896111006427e-18,105.24690891097472,9.026273857641247e-20,62.86318569774441,70.62860094831385
35.60000000000149,2836.4015907800062,142.98617125837882,-1.6994359722628292e-16,2.4195285190233284e-18,75.29306028332334,1.7965414671237224e-18,105.64642654856382,9.08922885044036e-20,62.85362014994567,70.62752064436437
35.610000000001484,2836.942776213771,142.66687470915593,-1.6995114134480436e-16,2.4742980145341792e-18,75.6000898505407,1.8536826822510076e-18,106.04680326416154,9.153043115321962e-20,62.84444168225028,70.62643751889918
35.62000000000148,2837.4833649903635,142.34673361663914,-1.6995868009554685e-16,2.5316131521978082e-18,75.90764973269694,1.91337519449819e-18,106.44803023561566,9.21773056772508e-20,62.83565548832949,70.6253515588045
35.63000000000148,2838.023357502848,142.02574407279383,-1.6996621353966806e-16,2.59165078702984e-18,76.21573441466802,1.9757958938561948e-18,106.85009849001733,9.283305509643405e-20,62.82726673152314,70.62426275097411
35.64000000000148,2838.562754186546,141.70390217263488,-1.69973741738873e-16,2.654604490677132e-18,76.52433832978313,2.0411383874511034e-18,107.252998903783,9.349782652058516e-20,62.819280543251246,70.6231710823117
35.65000000000148,2839.1015555192057,141.38120401488342,-1.6998126475541091e-16,2.720686572594066e-18,76.83345585981101,2.1096150207330676e-18,107.65672220278282,9.417177139380767e-20,62.81170202142062,70.622076539733
35.660000000001475,2839.6397620211587,141.0576457026265,-1.6998878265207214e-16,2.790130401637611e-18,77.14308133495136,2.1814591990849017e-18,108.06125896251677,9.485504576132973e-20,62.80453622882707,70.62097911016811
35.67000000000147,2840.1773742554774,140.7332233439799,-1.6999629549218538e-16,2.863193081489882e-18,77.45320903382982,2.256928063259236e-18,108.46659960833864,9.554781056146174e-20,62.79778819155389,70.61987878056365
35.68000000000147,2840.7143928281207,140.40793305275358,-1.700038033396149e-16,2.9401585444502927e-18,77.76383318349825,2.3363055831863628e-18,108.87273441572808,9.625023194576435e-20,62.79146289736739,70.61877553788514
35.69000000000147,2841.2508183880745,140.08177094911997,-1.7001130625875827e-16,3.0213411419525862e-18,78.07494795943794,2.419906148508251e-18,109.27965351061216,9.69624816309869e-20,62.78556529411003,70.61766936911914
35.70000000000147,2841.786651627484,139.75473316028453,-1.7001880431454426e-16,3.1070898273930124e-18,78.38654748556812,2.508078751425079e-18,109.68734686973576,9.768473728689024e-20,62.78010028809199,70.61656026127565
35.710000000001465,2842.321893281781,139.42681582115875,-1.7002629757243114e-16,3.197793048469232e-18,78.69862583425933,2.6012118790540354e-18,110.09580432108201,9.841718296472584e-20,62.77507274248188,70.61544820139031
35.72000000000146,2842.8565441298015,139.09801507503533,-1.700337860984055e-16,3.2938844935005917e-18,79.01117702634969,2.6997392597712222e-18,110.50501554434283,9.916000957192788e-20,62.77048747569727,70.61433317652673
35.73000000000146,2843.3906049938983,138.7683270742654,-1.700412699589815e-16,3.395849870824009e-18,79.32419503116705,2.8041466426310764e-18,110.91497007144012,9.991341539951419e-20,62.766349259795824,70.61321517377874
35.74000000000146,2843.9240767400447,138.4377479809373,-1.7004874922120084e-16,3.504234944605375e-18,79.63767376655578,2.914979833203441e-18,111.32565728709768,1.0067760670982133e-19,62.762662818867774,70.6120941802728
35.75000000000146,2844.456960277931,138.10627396755757,-1.7005622395263355e-16,3.61965510734076e-18,79.95160709890666,3.0328542661028527e-18,111.7370664294646,1.0145279839356641e-19,62.75943282743053,70.61097018317027
35.760000000001455,2844.989256561055,137.77390121773288,-1.7006369422137944e-16,3.742806843120793e-18,80.26598884319333,3.158466468283704e-18,112.14918659078984,1.022392147068883e-19,62.75666390882609,70.60984316966959
35.77000000000145,2845.5209665868015,137.44062592685367,-1.7007116009607097e-16,3.874481532133524e-18,80.58081276301243,3.292607863576921e-18,112.56200671814878,1.0303709010105243e-19,62.75436063362224,70.60871312700884
35.78000000000145,2846.0520913965183,137.10644430277884,-1.7007862164587712e-16,4.015582173849741e-18,80.89607257062804,3.4361814959125704e-18,112.9755156142217,1.0384667016000064e-19,62.752527518018006,70.60758004246793
35.79000000000145,2846.5826320755814,136.77135256652144,-1.70086078940509e-16,4.167143775031334e-18,81.21176192702296,3.5902224173694096e-18,113.38970193812433,1.0466821266401904e-19,62.7511690222545,70.60644390337092
35.80000000000145,2847.112589753454,136.43534695293525,-1.7009353205022728e-16,4.330358374940553e-18,81.52787444195124,3.755922713429835e-18,113.80455420629072,1.0550198880164864e-19,62.75028954903175,70.60530469708841
35.810000000001445,2847.641965603736,136.0984237114019,-1.7010098104585176e-16,4.506605986575322e-18,81.84440367400072,3.93466244426598e-18,114.22006079340854,1.0634828455679953e-19,62.749893441932315,70.60416241103984
35.82000000000144,2848.1707608442084,135.76057910651858,-1.7010842599877384e-16,4.697493152298204e-18,82.16134313065511,4.12804820042542e-18,114.63620993340689,1.0720740230414312e-19,62.74998498385259,70.60301703269586
35.83000000000144,2848.6989767368664,135.42180941878604,-1.7011586698097232e-16,4.904901393229385e-18,82.47868626836521,4.337961552287657e-18,115.0529897204966,1.0807966265365627e-19,62.75056839544262,70.60186854958064
35.84000000000144,2849.2266145879457,135.08211094529673,-1.701233040650332e-16,5.131048646350896e-18,82.79642649262385,4.566620487239855e-18,115.47038811026309,1.0896540659522337e-19,62.75164783355511,70.60071694927423
35.85000000000144,2849.7536757479415,134.74148000042277,-1.701307373241748e-16,5.378567940636984e-18,83.11455715804425,4.816658085887987e-18,115.88839292081177,1.0986499800723269e-19,62.75322738970463,70.59956221941489
35.860000000001435,2850.280161611619,134.39991291650387,-1.7013816683227916e-16,5.650609231816942e-18,83.4330715684477,5.091224356911375e-18,116.30699183396581,1.107788266102007e-19,62.75531108853771,70.59840434770142
35.87000000000143,2850.806073618013,134.0574060445348,-1.7014559266393167e-16,5.950972758116761e-18,83.75196297695199,5.394119592909039e-18,116.72617239651642,1.1170731146914322e-19,62.75790288631475,70.59724332189553
35.88000000000143,2851.3314132504247,133.7139557548521,-1.7015301489447096e-16,6.284285917687308e-18,84.07122458606756,5.729971247948066e-18,117.14592202152508,1.1265090517887068e-19,62.761006669404544,70.59607912982416
35.89000000000143,2851.8561820364025,133.36955843782036,-1.701604336000523e-16,6.6562411900028244e-18,84.39084954780067,6.1044718591009166e-18,117.56622798967814,1.1361009890782798e-19,62.76462625279219,70.59491175938183
35.90000000000143,2852.380381547722,133.0242105045172,-1.7016784885772858e-16,7.073921177413572e-18,84.71083096375696,6.524704088159595e-18,117.98707745069288,1.145854285332894e-19,62.768765378601394,70.5937411985329
35.910000000001425,2852.904013400352,132.67790838741743,-1.701752607455547e-16,7.546250399751151e-18,85.03116188525637,6.999592516430255e-18,118.4084574247753,1.1557748218090405e-19,62.7734277146318,70.59256743531401
35.92000000000142,2853.4270792544144,132.3306485410756,-1.7018266934272358e-16,8.084635511272024e-18,85.35183531344943,7.540543861900561e-18,118.83035480412924,1.1658690959596827e-19,62.77861685291239,70.59139045783633
35.93000000000142,2853.9495808141337,131.98242744280722,-1.7019007472974582e-16,8.703892458596723e-18,85.67284419944184,8.162374137446113e-18,119.25275635451617,1.1761443394014504e-19,62.784336308271556,70.59021025428788
35.94000000000142,2854.471519827781,131.6332415933684,-1.7019747698869105e-16,9.42362271704826e-18,85.99418144442205,8.88468488749136e-18,119.67564871686575,1.1866086685450777e-19,62.79058951692497,70.58902681293593
35.95000000000142,2854.9928980876048,131.28308751763345,-1.7020487620351814e-16,1.0270314634854043e-17,86.3158398997989,9.73396453260564e-18,120.09901840893653,1.1972712800600114e-19,62.79737983508184,70.58784012212915
35.960000000001415,2855.5137174297574,130.93196176527033,-1.7021227246053784e-16,1.1280658468869445e-17,86.63781236733986,1.0746903405715298e-17,120.52285182702609,1.2081427092293243e-19,62.80471053757047,70.58665017030005
35.97000000000141,2856.0339797342085,130.57986091141424,-1.7021966584907943e-16,1.2506979988071678e-17,86.96009159931843,1.1975827356213337e-17,120.94713524773053,1.2192351787491713e-19,62.81258481648406,70.58545694596725
35.98000000000141,2856.5536869246534,130.22678155733846,-1.702270564624843e-16,1.4026560395780073e-17,87.28267029866885,1.349801767297104e-17,121.3718548297527,1.230563081417514e-19,62.82100577984735,70.58426043773767
35.99000000000141,2857.072840968409,129.87272033112257,-1.7023444439965086e-16,1.5958524100661025e-17,87.60554111914325,1.5432598856383815e-17,121.79699661575832,1.242143667881246e-19,62.82997645030518,70.58306063430894
36.00000000000141,2857.591443876302,129.51767388831817,-1.7024182976756788e-16,1.849658518329002e-17,87.9286966654767,1.7973285086341355e-17,122.22254653427962,1.2539980614441637e-19,62.839499763833565,70.58185752447156
36.010000000001405,2858.1094977025514,129.16163891261132,-1.7024921268576343e-16,2.197824926262166e-17,88.25212949355938,2.1457582090669585e-17,122.6484904016659,1.266152820877823e-19,62.849578568474264,70.58065109711123
36.0200000000014,2858.6270045446354,128.8046121164819,-1.702565932948777e-16,2.7048601538865415e-17,88.57583211061242,2.653057519089173e-17,123.07481392407996,1.2786424794065461e-19,62.860215623093545,70.57944134121107
36.0300000000014,2859.143966543154,128.44659024185972,-1.7026397177550583e-16,3.511399022548121e-17,88.89979697537369,3.459861273869412e-17,123.50150269954037,1.2915139641717164e-19,62.87141359616593,70.57822824585385
36.0400000000014,2859.6603858816816,128.08757006077693,-1.7027134839900776e-16,4.9934620983059785e-17,89.22401649828892,4.9421900557293443e-17,123.92854222000783,1.3048350352230895e-19,62.88317506458387,70.57701180022421
36.0500000000014,2860.176264786609,127.72754837601673,-1.7027872372627305e-16,8.609059518983938e-17,89.54848304170605,8.558054022598913e-17,124.35591787351579,1.3187126655016327e-19,62.8955025124939,70.5757919936109
36.060000000001395,2860.6916055269776,127.3665220217583,-1.7028610086447183e-16,3.075897086626711e-16,89.87318892007606,3.0708232783259803e-16,124.7836149463439,1.3333421356186682e-19,62.90839833016023,70.57456881540895
36.07000000000139,2861.2064104143037,127.00448786421744,-6.953404218540848e-08,180.0,89.80187359982556,180.0,125.21161862523347,1.3491972061275685e-19,62.921864812856455,70.57334225512186
36.08000000000139,2861.7206818023933,126.64144280228302,-2.0729312560496054e-07,179.99880576965714,89.47671229858221,179.99880575079885,125.63991399964432,1.3691671164148576e-19,62.93590415978613,70.57211230236378
36.09000000000139,2862.2344220871482,126.27738376814897,-4.120930104798193e-07,179.9977941171585,89.1513350038454,179.9977940526433,126.06848606405178,6.5545712432484634e-06,62.95051847303338,70.57087894686167
36.10000000000139,2862.747633706362,125.91230772794145,-6.828751837941508e-07,179.99681607503044,88.82574959029395,179.99681593056266,126.49731972028094,1.9753391213802458e-05,62.96570975654349,70.56964217845743
36.110000000001385,2863.260319139509,125.54621168234145,-1.0187077474034913e-06,179.99585187853603,88.49996397939275,179.99585161275667,126.92639977988023,3.968477931180743e-05,62.9814799151341,70.56840198711002
36.12000000000138,2863.7724809075194,125.17909266720204,-1.418786228949586e-06,179.9948958043706,88.17398613912998,179.99489536928166,127.35571096653314,6.643571482689369e-05,62.99783075353862,70.56715836289757
36.13000000000138,2864.2841215725493,124.81094775416068,-1.8824343171149706e-06,179.993945548551,87.84782408378238,179.99394488993048,127.78523791850611,0.00010009185525821871,63.01476397548209,70.56591129601948
36.14000000000138,2864.7952437377394,124.44177405124594,-2.409104522631398e-06,179.99299997954628,87.5214858736468,179.9929990373533,128.21496519113145,0.00014073755497138348,63.03228118279013,70.56466077679846
36.15000000000138,2865.305850046964,124.07156870347875,-2.998378766505904e-06,179.99205845723594,87.19497961477651,179.9920571660065,128.64487725932403,0.00018845588418238697,63.05038387453173,70.56340679568261
36.160000000001375,2865.8159431845734,123.70032889346777,-3.6499688969764346e-06,179.99112057709377,86.86831345870736,179.9911188663269,129.07495852013085,0.0002433286482587213,63.0690734461965,70.56214934324753
36.17000000000137,2866.3255258751215,123.32805184199896,-4.363717136755541e-06,179.99018605904314,86.54149560217927,179.9901838535771,129.50519329531178,0.00030543640732765465,63.08835118890687,70.56088841019807
36.18000000000137,2866.8346008830895,122.95473480861885,-5.1395964621656584e-06,179.98925469375482,86.21453428684352,179.98925191413358,129.935565833951,0.0003748584961816963,63.108218288666116,70.5596239873707
36.19000000000137,2867.3431710125974,122.58037509221167,-5.977710915812811e-06,179.98832631449864,85.88743779897118,179.9883228773287,130.3660603150969,0.00045167304447119304,63.12867582564249,70.55835606573514
36.20000000000137,2867.8512391071063,122.20497003156979,-6.878295854487278e-06,179.98740078140636,85.56021446914471,179.9873965997036,130.79666085043038,0.0005359569971739617,63.14972477349032,70.55708463639652
36.210000000001365,2868.358808049112,121.8285170059577,-7.84171813401973e-06,179.98647797219834,85.23287267195161,179.9864729557249,131.22735148695884,0.0006277861353318269,63.171365998708396,70.55580969059723
36.22000000000136,2868.86588075983,121.45101343566903,-8.868476232859565e-06,179.98555777647593,84.90542082566189,179.98555183206716,131.65811620973582,0.0007272350970439032,63.19360026003634,70.55453121971881
36.23000000000136,2869.372460198867,121.07245678257648,-9.959200316178681e-06,179.9846400920761,84.57786739190126,179.98463312395768,132.08893894460402,0.0008343773987064272,63.216428207889386,70.5532492152839
36.24000000000136,2869.8785493638898,120.69284455067475,-1.111465224233856e-05,179.98372482266944,84.25022087531859,179.98371673276424,132.51980356096098,0.0009492854564889292,63.239850383832135,70.55196366895797
36.25000000000136,2870.3841512902786,120.31217428661589,-1.2335725513591434e-05,179.98281187613296,83.92248982324072,179.98280256435788,132.95069387454544,0.001072030608036516,63.263867220091655,70.5506745725513
36.260000000001355,2870.8892690507755,119.93044358023722,-1.3623445172917308e-05,179.9819011634216,83.59468282532161,179.98189052797434,133.38159365024353,0.00120268313438802,63.28847903911046,70.54938191802069
36.27000000000135,2871.393905755121,119.54765006508154,-1.4978967648927782e-05,179.98099259776882,83.26680851318508,179.9809805354044,133.8124866049129,0.0013413122820997707,63.31368605313984,70.54808569747125
36.28000000000135,2871.898064549682,119.16379141890937,-1.640358055079492e-05,179.98008609410962,82.93887556005555,179.9800725004069,134.24335641022364,0.0014879862855647365,63.339488363873734,70.54678590315818
36.29000000000135,2872.4017486170724,118.77886536420323,-1.78987024151888e-05,179.97918156865734,82.61089268038315,179.9791663382751,134.67418669551466,0.001642772389516794,63.36588596212384,70.54548252748847
36.30000000000135,2872.9049611757605,118.39286966866362,-1.946588240723082e-05,179.9782789385884,82.28286862946044,179.9782619655111,135.10496105066335,0.0018057368717098842,63.39287872753607,70.54417556302262
36.310000000001345,2873.4077054796726,118.00580214569668,-2.110679997749156e-05,179.9773781218043,81.9548122030288,179.97735929957784,135.53566302896806,0.0019769450657618447,63.42046642834878,70.54286500247628
36.32000000000134,2873.9099848177834,117.6176606548932,-2.2823264477081418e-05,179.97647903674962,81.62673223687909,179.97645825870654,135.96627615004115,0.002156461384152705,63.4486487211931,70.5415508387219
36.33000000000134,2874.4118025136995,117.22844310249907,-2.4617214732900198e-05,179.9755816022717,81.29863760644123,179.97555876174593,136.39678390271152,0.002344349341367279,63.477425150935645,70.54023306479039
36.34000000000134,2874.913161925233,116.83814744187669,-2.6490718585127466e-05,179.9746857375109,80.97053722636763,179.97466072804244,136.8271697479347,0.0025406715771719075,63.50679515056379,70.53891167387259
36.35000000000134,2875.414066443967,116.44677167395744,-2.8445972389049383e-05,179.97379136181422,80.6424400501049,179.9737640773429,137.25741712170966,0.0027454898800152445,63.5367580411139,70.53758665932098
36.360000000001335,2875.9145194948114,116.05431384768501,-3.0485300483329645e-05,179.9728983946667,80.31435506946067,179.9728687297159,137.68750943800023,0.0029588652105430207,63.567313031642556,70.53625801465101
36.37000000000133,2876.414524535551,115.66077206044923,-3.261115462684219e-05,179.97200675563641,79.98629131415846,179.9719746054861,138.11743009165968,0.0031808577252167673,63.59845921924108,70.53492573354276
36.38000000000133,2876.914085056386,115.26614445851055,-3.482611340619126e-05,179.97111636433024,79.6582578513854,179.9710816251794,138.54716246135757,0.003411526800026535,63.630195589093454,70.53358980984227
36.39000000000133,2877.413204579458,114.87042923741481,-3.7132881616050836e-05,179.9702271403578,79.33026378533074,179.97018970947644,138.97668991250643,0.003650931054287706,63.662521014577784,70.53225023756302
36.40000000000133,2877.9118866583776,114.47362464239824,-3.9534289614459264e-05,179.9693390033021,79.00231825671543,179.96929877917262,139.40599580018744,0.0038991283745120476,63.69543425741142,70.53090701088736
36.410000000001325,2878.4101348777344,114.07572896878246,-4.2033292655207646e-05,179.96845187269557,78.67443044231321,179.96840875514326,139.83506347207359,0.004156175938343247,63.728933967839794,70.52956012416777
36.42000000000132,2878.9079528526036,113.67674056235953,-4.463297019946097e-05,179.96756566799968,78.34660955446125,179.96751955831303,140.26387627134812,0.004422130238547215,63.76301868486901,70.52820957192822
36.43000000000132,2879.405344228042,113.27665781976661,-4.733652520874916e-05,179.96668030858876,78.01886484056449,179.96663110962865,140.69241753961794,0.004697047107047545,63.797686836542276,70.52685534886551
36.44000000000132,2879.9023126785787,112.87547918885042,-5.0147283421462704e-05,179.96579571373604,77.69120558258821,179.9657433300343,141.1206706198194,0.004980981738996609,63.83293674026003,70.52549744985045
36.45000000000132,2880.398861907695,112.47320316902103,-5.306869261498156e-05,179.96491180260193,77.3636410965427,179.96485614044923,141.54861885911555,0.0052739887168728175,63.868766603143925,70.5241358699291
36.460000000001315,2880.894995647298,112.0698283115952,-5.610432185556018e-05,179.96402849422432,77.03618073195962,179.9639694617473,141.97624561178344,0.005576122034594721,63.90517452244442,70.52277060432395
36.47000000000131,2881.3907176571847,111.66535322012884,-5.925786073808185e-05,179.9631457075104,76.70883387135764,179.96308321473768,142.40353424208976,0.0058874351216426975,63.94215848599202,70.5214016484351
36.48000000000131,2881.886031724502,111.25977655073856,-6.253311861778598e-05,179.9622633612293,76.3816099297005,179.962197320147,142.83046812715344,0.006207980867179085,63.97971637269192,70.52002899784134
36.49000000000131,2882.3809416631952,110.85309701241238,-6.59340238360593e-05,179.96138137400646,76.05451835384426,179.96131169860246,143.2570306597942,0.006537811644157723,64.0178459530621,70.51865264830114
36.50000000000131,2882.875451313451,110.44531336730907,-6.94646229423684e-05,179.96049966431804,75.7275686219771,179.96042627061564,143.68320525136497,0.006876979333414021,64.05654488981446,70.51727259575388
36.510000000001305,2883.369564541133,110.0364244310464,-7.312907991439564e-05,179.9596181504868,75.40077024304863,179.95954095656714,144.1089753345673,0.007225535347726692,64.095810738479,70.51588883632058
36.5200000000013,2883.863285237211,109.62642907297797,-7.693167537842315e-05,179.95873675067793,75.07413275619044,179.95865567669148,144.53432436624843,0.0075835306558425615,64.13564094807064,70.5145013663051
36.5300000000013,2884.356617317181,109.21532621645858,-8.087680583199102e-05,179.95785538289581,74.74766573012793,179.95777035106292,144.95923583017807,0.007951015806455864,64.17603286179857,70.51311018219492
36.5400000000013,2884.8495647204804,108.80311483909793,-8.49689828708358e-05,179.95697396498093,74.42137876258215,179.95688489958118,145.38369323980467,0.008328040952133636,64.2169837178178,70.51171528066203
36.5500000000013,2885.342131409896,108.38979397300275,-8.921283242209348e-05,179.95609241460738,74.09528147966259,179.95599924195778,145.80768014098865,0.008714655873178923,64.2584906500225,70.51031665856381
36.560000000001295,2885.8343213709645,107.97536270500702,-9.361309398572776e-05,179.95521064928027,73.76938353525141,179.9551132977024,146.23118011471217,0.009110910001423726,64.30055068888093,70.5089143129438
36.57000000000129,2886.326138611368,107.55982017689036,-9.817461988612028e-05,179.95432858633387,73.44369461037803,179.9542269861097,146.6541767797641,0.009516852443943652,64.34316076231154,70.50750824103244
36.58000000000129,2886.8175871603235,107.14316558558438,-0.00010290237453573294,179.9534461429294,73.1182244125839,179.953340226246,147.07665379539847,0.00993253200668649,64.38631769659975,70.50609844024781
36.59000000000129,2887.3086710679627,106.725398183367,-0.00010780143371272531,179.95256323605358,72.79298267527963,179.9524529369365,147.49859486396585,0.010357997218007007,64.43001821735518,70.50468490819632
36.60000000000129,2887.7993944047116,106.30651727804457,-0.00011287698385438149,179.95167978251675,72.46797915709145,179.95156503675196,147.91998373351612,0.0107932963521005,64.47425895050876,70.50326764267332
36.610000000001286,2888.2897612606607,105.88652223312165,-0.00011813432136817066,179.9507956989516,72.14322364119974,179.95067644399617,148.3408042003717,0.011238477452327702,64.51903642334912,70.50184664166366
36.62000000000128,2888.779775744929,105.46541246795866,-0.0001235788519622347,179.94991090181156,71.8187259346677,179.94978707669296,148.7610401116698,0.01169358835442392,64.5643470655982,70.5004219033423
36.63000000000128,2889.2694419850254,105.04318745791689,-0.00012921608999706381,179.94902530736965,71.49449586776122,179.94889685257345,149.18067536787316,0.012158676709585337,64.6101872105249,70.49899342607483
36.64000000000128,2889.758764126204,104.61984673449118,-0.0001350516578600873,179.9481388317171,71.17054329326044,179.94800568906325,149.59969392524792,0.012633790007425691,64.6565530960969,70.49756120841784
36.65000000000128,2890.2477463308123,104.19538988542998,-0.00014109128536487315,179.94725139076218,70.84687808576075,179.94711350326972,150.0180797983075,0.013118975598796632,64.70344086616959,70.4961252491194
36.660000000001276,2890.7363927776387,103.76981655484278,-0.0001473408091765934,179.94636290022905,70.52351014096658,179.94622021196923,150.43581706222176,0.013614280718465302,64.75084657171163,70.4946855471195
36.670000000001274,2891.2247076612507,103.34312644329493,-0.00015380617226537705,179.9454732756565,70.20044937497569,179.94532573159427,150.85288985519068,0.014119752507642813,64.7987661720668,70.4932421015503
36.68000000000127,2891.712695191333,102.91531930788967,-0.00016049342338913348,179.94458243239703,69.87770572355396,179.94442997822065,151.26928238078105,0.014635438036357534,64.84719553625095,70.4917949117364
36.69000000000127,2892.200359592018,102.48639496233739,-0.00016740871660739267,179.94369028561553,69.5552891414028,179.94353286755478,151.68497891022605,0.015161384325667233,64.89613044428393,70.49034397719521
36.70000000000127,2892.687705101215,102.05635327701204,-0.00017455831082766838,179.9427967502883,69.23320960141699,179.94263431492053,152.0999637846862,0.01569763836970434,64.94556658855554,70.48888929763709
36.710000000001266,2893.1747359699348,101.62519417899475,-0.0001819485693858109,179.94190174120195,68.91147709393383,179.9417342352464,152.51422141747148,0.01624424715754884,64.99549957522466,70.48743087296543
36.720000000001264,2893.6614564616084,101.19291765210444,-0.00018958595966177624,179.9410051729523,68.59010162597475,179.94083254305264,152.92773629622369,0.016801257694923282,65.04592492565124,70.48596870327697
36.73000000000126,2894.1478708514064,100.75952373691554,-0.00019747705273219577,179.9401069599432,68.26909322047733,179.93992915243788,153.34049298505795,0.017368717025705017,65.09683807785989,70.48450278886163
36.74000000000126,2894.6339834255537,100.32501253076273,-0.00020562852306109099,179.93920701638558,67.94846191551993,179.93902397706628,153.75247612666334,0.017946672253250386,65.14823438803472,70.48303313020276
36.75000000000126,2895.11979848064,99.8893841877327,-0.00021404714823003372,179.93830525629622,67.62821776353731,179.93811693015422,154.1636704443615,0.018535170561526346,65.20010913204449,70.48155972797699
36.760000000001256,2895.605320322928,99.45263891864286,-0.00022273980870901025,179.93740159349665,67.30837083052853,179.93720792445708,154.5740607441228,0.019134259236044886,65.25245750699702,70.4800825830542
36.770000000001254,2896.0905532676625,99.01477699100707,-0.00023171348766920443,179.93649594161207,66.98893119525727,179.93629687225584,154.98363191653974,0.019743985684595778,65.30527463282256,70.47860169649748
36.78000000000125,2896.575501638372,98.57579872898827,-0.00024097527083887147,179.9355882140701,66.66990894844288,179.93538368534377,155.3923689387565,0.020364397457773718,65.35855555388464,70.47711706956288
36.79000000000125,2897.0601697661727,98.13570451333818,-0.00025053234640343006,179.93467832409968,66.35131419194511,179.93446827501282,155.80025687635478,0.020995542269295665,65.41229524061815,70.4756287036993
36.80000000000125,2897.5445619890697,97.69449478132383,-0.0002603920049508553,179.93376618472985,66.03315703794019,179.93355055204026,156.20728088519505,0.021637468016104836,65.46648859119325,70.4741366005482
36.810000000001246,2898.028682651255,97.25217002664115,-0.00027056163946341234,179.93285170878863,65.71544760808939,179.93263042667473,156.61342621321305,0.02229022279825766,65.52113043320459,70.47264076194344
36.820000000001244,2898.5125361024066,96.80873079931553,-0.00028104874535672463,179.93193480890167,65.39819603270098,179.93170780862292,157.01867820217106,0.022953854938590413,65.57621552538465,70.47114118991075
36.83000000000124,2898.996126696985,96.36417770558931,-0.0002918609205671256,179.93101539749105,65.08141244988354,179.93078260703535,157.42302228936362,0.023628413002162393,65.63173855934065,70.46963788666753
36.84000000000124,2899.4794587935307,95.9185114077964,-0.00030300586568819855,179.93009338677408,64.7651070046933,179.92985473049282,157.82644400927754,0.024313945815472776,65.68769416131346,70.46813085462237
36.85000000000124,2899.9625367539597,95.47173262422379,-0.00031449138415736496,179.92916868876193,64.4492898482736,179.92892408699217,158.22892899520562,0.025010502485448234,65.74407689395842,70.46662009637461
36.860000000001236,2900.44536494286,95.0238421289603,-0.00032632538249333467,179.9282412152584,64.13397113698794,179.9279905839324,158.63046298081446,0.025718132418199022,65.80088125814626,70.46510561471383
36.870000000001234,2900.9279477267864,94.57484075173231,-0.00033851587058518853,179.92731087785845,63.81916103154634,179.92705412810045,159.03103180166542,0.02643688533754108,65.85810169478377,70.46358741261936
36.88000000000123,2901.4102894735584,94.12472937772675,-0.0003510709620338184,179.92637758794706,63.5048696961246,179.92611462565696,159.43062139668933,0.027166811303282096,65.91573258665287,70.46206549325954
36.89000000000123,2901.892394551556,93.67350894740117,-0.00036399887454640484,179.92544125669767,63.19110729747775,179.92517198212195,159.8292178096143,0.027907960729269574,65.97376826026733,70.46053985999124
36.90000000000123,2902.374267329018,93.22118045628123,-0.0003773079303845677,179.92450179507094,62.877884004046756,179.92422610236036,160.22680719034688,0.02866038440119926,66.032202987746,70.45901051635921
36.910000000001226,2902.8559121733406,92.76774495474531,-0.00039100655686678267,179.92355911381307,62.565209985059695,179.92327689056762,160.6233757963064,0.029424133494182422,66.09103098870149,70.45747746609514
36.920000000001224,2903.3373334503776,92.31320354779665,-0.00040510328692561085,179.9226131234547,62.253095409626404,179.92232425025503,161.0189099937125,0.030199259590070613,66.15024643214356,70.45594071311714
36.93000000000122,2903.818535523743,91.85755739482288,-0.00041960675972024504,179.92166373430925,61.9415504458279,179.92136808423496,161.4133962588262,0.030985814694536894,66.20984343839582,70.45440026152882
36.94000000000122,2904.2995227541137,91.40080770934306,-0.00043452572130483504,179.92071085647135,61.63058525980003,179.92040829460623,161.80682117914372,0.0317838512539126,66.26981608102514,70.45285611561845
36.95000000000122,2904.780299498536,90.94295575874231,-0.00044986902535300836,179.91975439981553,61.32021001481176,179.91944478273922,162.19917145454448,0.03259342217177892,66.33015838878225,70.45130827985804
36.960000000001216,2905.260870109734,90.48400286399419,-0.0004656456339389635,179.91879427399456,61.010434870338706,179.91847744926065,162.59043389839212,0.033414580825312706,66.39086434755309,70.44975675890251
36.970000000001214,2905.7412389354195,90.02395039937075,-0.00048186461837546865,179.91783038843784,60.70126998113094,179.91750619403888,162.98059543858952,0.03424738108138644,66.45192790231926,70.44820155758865
36.98000000000121,2906.2214103176084,89.56279979214054,-0.0004985351601090583,179.91686265234995,60.392725496276704,179.9165309161685,163.3696431185879,0.03509187731242192,66.51334295912702,70.44664268093406
36.99000000000121,2906.701388591935,89.10055252225452,-0.000515666551672679,179.91589097470896,60.08481155826158,179.91555151395528,163.75756409834983,0.03594812441199798,66.57510338706354,70.44508013413619
37.00000000000121,2907.1811780869743,88.63721012202011,-0.0005332681976959953,179.91491526426472,59.77753830202287,179.9145678849005,164.14434565526705,0.0368161778102123,66.6372030202395,70.44351392257113
37.010000000001206,2907.660783123565,88.17277417576338,-0.0005513496159735271,179.9139354295374,59.470915854000175,179.9135799256859,164.52997518503267,0.03769609348879794,66.69963565977682,70.44194405179259
37.020000000001204,2908.1402080141397,87.70724631947954,-0.0005699204385907514,179.9129513788155,59.16495433118199,179.91258753215791,164.91444020246885,0.03858792799599505,66.76239507580077,70.4403705275307
37.0300000000012,2908.619457062055,87.24062824047185,-0.0005889904131082599,179.91196302015445,58.859663840148755,179.91159059931218,165.2977283423098,0.03949173846117863,66.82547500943518,70.43879335569068
37.0400000000012,2909.09853456093,86.77292167697915,-0.0006085694038040315,179.91097026137456,58.55505447611216,179.9105890212776,165.67982735994022,0.04040758260924335,66.88886917479981,70.43721254235169
37.0500000000012,2909.577444793988,86.30412841779196,-0.0006286673929738366,179.90997301005953,58.25113632195165,179.90958269130076,166.06072513209065,0.041335518774746505,66.9525712610089,70.43562809376559
37.060000000001196,2910.056192033401,85.83425030185744,-0.0006492944822897557,179.90897117355442,57.94791944724747,179.90857150173,166.4404096574888,0.042275605915810525,67.01657493416978,70.43404001635538
37.070000000001194,2910.534780539645,85.36328921787334,-0.0006704608942167619,179.90796465896398,57.64541390731131,179.90755534399912,166.81886905746853,0.043227903627786474,67.08087383938067,70.43244831671413
37.08000000000119,2911.013214560854,84.89124710387102,-0.0006921769734872772,179.9069533731506,57.34362974221423,179.9065341086118,167.19609157653596,0.044192472156680214,67.14546160272647,70.43085300160327
37.09000000000119,2911.491498332186,84.41812594678773,-0.0007144531886335822,179.9059372227326,57.042576975812395,179.90550768512483,167.57206558289394,0.04516937241234312,67.21033183327177,70.42925407795144
37.10000000000119,2911.969636075189,83.94392778202825,-0.0007373001335779251,179.90491611408228,56.74226561477071,179.9044759621323,167.9467795689249,0.04615866598142926,67.27547812504986,70.42765155285274
37.110000000001186,2912.4476319971786,83.4686546930162,-0.0007607285292801437,179.90388995332373,56.44270564758484,179.90343882724886,168.32022215163323,0.0471604151401213,67.34089405904685,70.42604543356539
37.120000000001184,2912.925490290618,82.99230881073497,-0.0007847492254425811,179.9028586463312,56.14390704360148,179.90239616709357,168.69238207304664,0.048174682866627336,67.40657320518007,70.42443572751013
37.13000000000118,2913.4032151325086,82.51489231325863,-0.0008093732022720478,179.9018220987267,55.8458797520374,179.90134786727302,169.0632482005786,0.049201532853451115,67.47250912426954,70.42282244226857
37.14000000000118,2913.880810683782,82.03640742527288,-0.0008346115722985517,179.90078021587829,55.54863370099746,179.90029381236488,169.43280952735105,0.050241029519438415,67.53869537000169,70.42120558558167
37.15000000000118,2914.3582810887046,81.55685641758626,-0.0008604755822504909,179.8997329028976,55.2521787964919,179.89923388590103,169.80105517247887,0.05129323802160228,67.60512549088429,70.41958516534804
37.160000000001176,2914.8356304742865,81.07624160663177,-0.0008869766149859726,179.898680064638,54.95652492145314,179.89816797035067,170.16797438131624,0.05235822426672974,67.6717930321919,70.41796118962219
37.170000000001174,2915.312862949699,80.59456535395913,-0.0009141261914798996,179.89762160569225,54.66168193475216,179.89709594710362,170.53355652566617,0.05343605492277355,67.7386915379006,70.41633366661293
37.18000000000117,2915.7899826056996,80.11183006571787,-0.0009419359728664367,179.8965574303903,54.367659670214906,179.8960176964529,170.8977911039528,0.054526797430031734,67.8058145526114,70.41470260468154
37.19000000000117,2916.266993514064,79.62803819213136,-0.0009704177625364454,179.89548744279702,54.074467935639134,179.8949330975779,171.26066774135842,0.05563052001211849,67.87315562346099,70.41306801233999
37.20000000000117,2916.7438997270283,79.1431922269621,-0.0009995835082894516,179.89441154670988,53.78211651181175,179.89384202852708,171.62217618992463,0.05674729168672967,67.94070830201973,70.41142989824917
37.210000000001166,2917.2207052767385,78.65729470696837,-0.0010294453045396885,179.89332964565656,53.49061515152648,179.89274436620042,171.9823063286196,0.057877182276206696,68.00846614617507,70.409788271217
37.220000000001164,2917.6974141747087,78.1703482113525,-0.0010600153945757346,179.8922416428926,53.19997357860337,179.8916399863324,172.34104816337083,0.05902026241790235,68.07642272200032,70.40814314019659
37.23000000000116,2918.1740304112873,77.68235536120096,-0.0010913061728732448,179.89114744139886,52.91020148690903,179.89052876347418,172.69839182706534,0.06017660357435249,68.1445716056075,70.40649451428429
37.24000000000116,2918.6505579551335,77.19331881891644,-0.001123330187460256,179.89004694387904,52.62130853937856,179.8894105709761,173.05432757951692,0.06134627804325732,68.21290638498373,70.40484240271788
37.25000000000116,2919.1270007527028,76.7032412876422,-0.0011561001423345246,179.8889400527571,52.33330436703953,179.88828528097008,173.40884580740223,0.06252935896727659,68.28142066181012,70.40318681487449
37.260000000001156,2919.6033627277397,76.21212551067889,-0.001189628899932342,179.88782667017455,52.04619856803784,179.88715276435164,173.76193702416543,0.06372592034364272,68.35010805326253,70.40152776026865
37.270000000001154,2920.0796477807835,75.719974270894,-0.0012239294836482479,179.8867066979879,51.760000706666176,179.88601289076215,174.1135918698931,0.06493603703359606,68.41896219379353,70.39986524855036
37.28000000000115,2920.555859788681,75.22679039012421,-0.0012590150804050583,179.88558003776578,51.474720312395036,179.88486552857086,174.46380111115926,0.0661597847716469,68.48797673689448,70.39819928950297
37.29000000000115,2921.03200260411,74.73257672857092,-0.0012948990432735971,179.88444659078613,51.190366878906495,179.8837105448569,174.8125556408419,0.06739724017466825,68.55714535683742,70.39652989304118
37.30000000000115,2921.508080055112,74.23733618418906,-0.0013315948941415138,179.88330625803337,50.906949863131494,179.8825478053909,175.15984647791166,0.06864848075082443,68.6264617503959,70.39485706920894
37.310000000001146,2921.9840959446365,73.74107169206954,-0.001369116326430556,179.8821589401954,50.62447868429047,179.88137717461706,175.50566476719294,0.06991358490834002,68.6959196385438,70.39318082817731
37.320000000001144,2922.4600540500956,73.24378622381546,-0.0014074772078616542,179.8810045376606,50.342962722937436,179.88019851563456,175.85000177909907,0.07119263196411348,68.76551276813204,70.39150118024251
37.33000000000114,2922.935958122926,72.74548278691245,-0.0014466915832671567,179.87984295051464,50.062411320008486,179.87901169017928,176.19284890934128,0.07248570215218098,68.83523491354198,70.38981813582353
37.34000000000114,2923.4118118881656,72.24616442409318,-0.0014867736774495607,179.87867407853736,49.78283377587423,179.87781655860533,176.53419767861328,0.07379287663203482,68.90507987831528,70.3881317054602
37.35000000000114,2923.8876190440387,71.7458342126965,-0.001527737898086055,179.8774978211995,49.504239349396755,179.87661297986628,176.87403973225116,0.07511423749680156,68.97504149675943,70.3864418998108
37.360000000001136,2924.363383261551,71.24449526402127,-0.001569598838678201,179.87631407765934,49.226637256991644,179.87540081149666,177.21236683987027,0.07644986778128514,69.0451136355284,70.38474872965008
37.370000000001134,2924.8391081840987,70.74215072267526,-0.0016123712815460552,179.87512274675916,48.95003667169464,179.8741799095931,177.5491708949794,0.07779985146987982,69.11529019517789,70.38305220586689
37.38000000000113,2925.3147974270846,70.23880376591924,-0.0016560702008660434,179.87392372702186,48.674446722233846,179.87295012879542,177.8844439145728,0.07916427350435841,69.1855651116946,70.38135233946198
37.39000000000113,2925.790454577549,69.73445760300659,-0.0017007107657518855,179.8727169166473,48.39987649210731,179.8717113222679,178.21817803870152,0.08054321979154096,69.25593235799911,70.3796491415458
37.40000000000113,2926.2660831938097,69.2291154745186,-0.001746308343377864,179.8715022135084,48.12633501866665,179.8704633416799,178.55036553002398,0.08193677721084915,69.3263859454217,70.3779426233362
37.410000000001126,2926.741686805113,68.72278065169583,-0.0017928785021437295,179.87027951514753,47.85383129220633,179.8692060371871,178.88099877333707,0.08334503362175207,69.39691992515083,70.37623279615615
37.420000000001124,2927.2172689112995,68.21545643576562,-0.0018404370148805331,179.86904871877243,47.58237425505965,179.86793925741202,179.21007027508833,0.08476807787110842,69.46752838965375,70.37451967143149
37.43000000000112,2927.6928329824746,67.70714615726611,-0.0018889998620966728,179.86780972125226,47.31197280070106,179.86666284942487,179.53757266287005,0.08620599980041124,69.5382054740687,70.37280326068856
37.44000000000112,2928.168382458699,67.19785317536697,-0.0019385832352634405,179.86656241911334,47.04263577285504,179.86537665872424,179.86349868489575,0.08765889025293999,69.60894535756866,70.37108357555196
37.45000000000112,2928.6439207496837,66.68758087718707,-0.001989203540139359,179.86530670853494,46.77437196461264,179.8640805292174,-179.8121587905399,0.08912684108082627,69.67974226469573,70.3693606277422
37.460000000001116,2929.119451234501,66.17633267710943,-0.002040877400132597,179.8640424853448,46.5071901175544,179.862774303201,-179.48940677561723,0.09060994515203853,69.75059046666634,70.36763442907333
37.470000000001114,2929.5949772613044,65.66411201609353,-0.0020936216597007506,179.86276964501477,46.24109892088163,179.86145782134136,-179.1682521635629,0.09210829635729112,69.82148428264664,70.36590499145066
37.48000000000111,2930.0705021470626,65.15092236098538,-0.0021474533877872837,179.86148808265594,45.976107010554806,179.8601309226547,-178.84870172923598,0.09362198961688437,69.8924180809977,70.36417232686838
37.49000000000111,2930.5460291773043,64.63676720382557,-0.002202389881293931,179.860197693014,45.71222296844019,179.8587934444874,-178.5307621297279,0.09515112088748026,69.96338628049057,70.36243644740718
37.50000000000111,2931.021561605873,64.12165006115544,-0.002258448668588353,179.85889837046415,45.449455321464505,179.85744522249612,-178.21443990497528,0.09669578716882057,70.03438335149055,70.3606973652319
37.51000000000111,2931.4971026546987,63.60557447332172,-0.0023156475130463572,179.85759000900632,45.18781254077807,179.8560860906279,-177.89974147838592,0.09825608651039251,70.10540381711074,70.3589550925892
37.520000000001104,2931.972655513574,63.08854400377988,-0.0023740044166279963,179.85627250225954,44.92730304092659,179.85471588110002,-177.58667315747607,0.09983211801804817,70.17644225433448,70.35720964180513
37.5300000000011,2932.4482233399494,62.57056223839638,-0.0024335376234868567,179.85494574345694,44.667935179031595,179.8533344243799,-177.27524113451923,0.10142398186058367,70.24749329510641,70.35546102528279
37.5400000000011,2932.923809258736,62.051632784750026,-0.0024942656236118686,179.85360962543993,44.40971725398009,179.851941549165,-176.96545148720543,0.10303177927628342,70.31855162739232,70.3537092554999
37.5500000000011,2933.3994163621214,61.53175927143286,-0.0025562071565009676,179.85226404065267,44.15265750562332,179.85053708236237,-176.6573101793104,0.10465561257943602,70.38961199620726,70.35195434500646
37.5600000000011,2933.8750477093977,61.010945347350564,-0.0026193812148659515,179.8509088811361,43.896764113985036,179.8491208490685,-176.3508230613743,0.10629558516682748,70.46066920461192,70.35019630642236
37.570000000001095,2934.3507063268007,60.489194681022795,-0.0026838070483678838,179.84954403852194,43.642045198479295,179.84769267254867,-176.04599587138867,0.10795180152421754,70.53171811467723,70.34843515243502
37.58000000000109,2934.8263952073617,59.96651095988364,-0.002749504167382405,179.84816940402655,43.38850881713817,179.84625237421656,-175.74283423549193,0.10962436723280528,70.60275364841712,70.34667089579686
37.59000000000109,2935.30211731077,59.4428978895824,-0.0028164923467943258,179.84678486844427,43.13616296584944,179.84479977361352,-175.44134366867215,0.11131338897568985,70.67377078868917,70.34490354932313
37.60000000000109,2935.7778755632485,58.91835919328492,-0.0028847916298208797,179.84539032214113,42.88501557760442,179.84333468838813,-175.14152957547685,0.11301897454433264,70.7447645800633,70.34313312588937
37.61000000000109,2936.25367285744,58.3928986109758,-0.0029544223318630426,179.84398565504787,42.63507452175615,179.84185693427517,-174.843397250729,0.11474123284502599,70.81573012965849,70.34135963842907
37.620000000001085,2936.7295120523063,57.8665198987615,-0.0030254050443843123,179.84257075665295,42.386347603288236,179.84036632507488,-174.54695188024894,0.11648027390537566,70.88666260794734,70.33958309993132
37.63000000000108,2937.205395973037,57.33922682817486,-0.003097760638816382,179.8411455159955,42.138842562094105,179.8388626726322,-174.25219854158155,0.11823620888080202,70.95755724952863,70.33780352343837
37.64000000000108,2937.681327410972,56.81102318548092,-0.0031715102704911345,179.83970982165764,41.89256707226751,179.83734578681543,-173.95914220472815,0.12000915006106615,71.02840935386803,70.33602092204337
37.65000000000108,2938.157309123533,56.28191277098455,-0.0032466753825984096,179.83826356175712,41.647528741403676,179.8358154754955,-173.66778773288243,0.12179921087682728,71.09921428600667,70.33423530888791
37.66000000000108,2938.6333438341712,55.751899398339916,-0.003323277710169005,179.83680662393928,41.40373510991181,179.83427154452468,-173.37813988317038,0.12360650590623723,71.169967477238,70.33244669715967
37.670000000001075,2939.1094342323195,55.22098689386209,-0.003401339284082393,179.83533889536915,41.16119365033893,179.8327137977152,-173.09020330739298,0.1254311508815772,71.24066442575293,70.33065510009007
37.68000000000107,2939.585582973362,54.68917909584095,-0.003480882435098645,179.83386026272282,40.91991176670498,179.8311420368182,-172.80398255277223,0.12727326269594402,71.31130069725313,70.32886053095204
37.69000000000107,2940.061792678611,54.156479853857626,-0.0035619297979140718,179.83237061217923,40.67989679384977,179.8295560615021,-172.5194820626987,0.1291329594099911,71.38187192553312,70.32706300305752
37.70000000000107,2940.5380659352977,53.622893028103675,-0.0036445043152401146,179.83086982941106,40.441155996791274,179.82795566933137,-172.2367061774815,0.13101036025872959,71.45237381303068,70.32526252975516
37.71000000000107,2941.0144052965725,53.08842248870316,-0.003728629241905017,179.8293577995759,40.20369657009622,179.82634065574476,-171.9556591350991,0.1329055856583967,71.52280213134637,70.32345912442818
37.720000000001065,2941.490813281515,52.55307211503786,-0.003814328148977853,179.82783440730663,39.96752563726224,179.82471081403366,-171.67634507195143,0.13481875721339584,71.59315272173185,70.3216528004918
37.73000000000106,2941.9672923751573,52.01684579507578,-0.0039016249279144803,179.82629953670218,39.73265025011226,179.82306593532067,-171.3987680236123,0.1367499977233157,71.66342149554752,70.31984357139119
37.74000000000106,2942.4438450285174,51.47974742470319,-0.003990543794725018,179.8247530713173,39.49907738820103,179.82140580853746,-171.1229319255818,0.13869943119003297,71.73360443468943,70.31803145059898
37.75000000000106,2942.9204736586416,50.94178090706029,-0.004081109294162465,179.8231948941526,39.26681395823394,179.81973022040316,-170.8488406140386,0.14066718282490495,71.803697591986,70.31621645161316
37.76000000000106,2943.397180648659,50.40295015188078,-0.004173346303932094,179.82162488764416,39.03586679349818,179.8180389554022,-170.5764978265915,0.1426533790560579,71.87369709156468,70.31439858795467
37.770000000001055,2943.8739683478448,49.86325907483544,-0.004267280038921272,179.82004293365247,38.80624265330648,179.81633179576235,-170.3059072030298,0.14465814753577705,71.94359912918851,70.31257787316531
37.78000000000105,2944.3508390716966,49.32271159687994,-0.00436293605544937,179.81844891345182,38.57794822245304,179.81460852143272,-170.0370722860723,0.14668161714800326,72.01339997256342,70.31075432080542
37.79000000000105,2944.8277951020177,48.781311643606976,-0.004460340255537483,179.81684270771854,38.350990110682524,179.81286891006133,-169.7699965221146,0.1487239180159429,72.08309596161611,70.30892794445158
37.80000000000105,2945.304838687012,48.23906314460301,-0.0045595188911976324,179.81522419651964,38.125374852171525,179.81111273697292,-169.50468326197438,0.15078518150979575,72.152683508743,70.30709875769465
37.81000000000105,2945.7819720413877,47.69597003280963,-0.004660498568741215,179.81359325930057,37.90110890502262,179.8093397751467,-169.24113576163384,0.1528655402546073,72.22215909903059,70.30526677413732
37.820000000001045,2946.2591973464723,47.15203624388984,-0.004763306253106432,179.81194977487306,37.67819865077172,179.80754979519358,-168.97935718297995,0.15496512813825056,72.29151929044744,70.30343200739216
37.83000000000104,2946.736516750335,46.607265715599254,-0.004867969272204479,179.81029362140234,37.45665039390777,179.8057425653339,-168.71935059454134,0.15708408031954302,72.36076071400828,70.30159447107931
37.84000000000104,2947.2139323679203,46.06166238716254,-0.00497451532128429,179.8086246763943,37.23647036140567,179.80391785137462,-168.46111897222187,0.15922253323650404,72.42988007391047,70.29975417882446
37.85000000000104,2947.6914462811897,45.51523019865506,-0.005082972467315638,179.8069428166818,37.01766470227216,179.8020754166867,-168.20466520003095,0.16138062461475905,72.49887414764314,70.29791114425662
37.86000000000104,2948.169060539273,44.96797309038998,-0.005193369153390452,179.80524791841142,36.80023948710453,179.8002150221822,-167.94999207080946,0.16355849347609447,72.56773978606968,70.29606538100614
37.870000000001035,2948.6467771586276,44.41989500231094,-0.005305734203142174,179.80353985702888,36.58420070766267,179.79833642629123,-167.69710228695206,0.16575628014717006,72.63647391348353,70.29421690270256
37.88000000000103,2949.124598123208,43.870999873390346,-0.005420096825183065,179.8018185072649,36.3695542764538,179.79643938493925,-167.44599846112484,0.16797412626839353,72.70507352763802,70.29236572297258
37.89000000000103,2949.6025253846433,43.32129164103357,-0.005536486617559335,179.8000837431202,36.15630602633058,179.79452365152366,-167.1966831169787,0.17021217480296236,72.77353569975052,70.29051185543798
37.90000000000103,2950.0805608624205,42.77077424048896,-0.00565493357222403,179.79833543785037,35.94446171010233,179.79258897689073,-166.94915868985754,0.17247057004607882,72.84185757448135,70.28865531371369
37.91000000000103,2950.5587064440815,42.21945160426399,-0.005775468079527619,179.79657346395007,35.734027000159124,179.79063510931218,-166.7034275275018,0.17474945763434285,72.91003636988775,70.28679611140568
37.920000000001025,2951.036963985423,41.66732766154745,-0.0058981209327262285,179.79479769313718,35.52500748810912,179.78866179446194,-166.45949189074668,0.17704898455532797,72.9780693773536,70.28493426210905
37.93000000000102,2951.515335310706,41.11440633763802,-0.006022923332507534,179.79300799633614,35.31740868442921,179.78666877539234,-166.21735395421487,0.17936929915734565,73.04595396149513,70.28306977940608
37.94000000000102,2951.9938222128753,40.56069155337905,-0.006149906891534295,179.79120424366133,35.11123601812844,179.78465579251082,-165.977015807004,0.18171055115940285,73.11368756004298,70.28120267686421
37.95000000000102,2952.4724264537817,40.00618722459988,-0.006279103639005567,179.78938630439941,34.90649483642472,179.78262258355585,-165.73847945336786,0.18407289166135793,73.18126768370144,70.27933296803427
37.96000000000102,2952.951149764416,39.45089726156366,-0.006410546025235646,179.78755404699197,34.70319040443464,179.7805688835733,-165.50174681339243,0.18645647315428002,73.24869191598481,70.27746066644848
37.970000000001015,2953.4299938451477,38.89482556842183,-0.006544266926250813,179.78570733901702,34.501327904876206,179.77849442489236,-165.26681972366518,0.18886144953101625,73.31595791303185,70.27558578561856
37.98000000000101,2953.9089603659713,38.33797604267523,-0.006680299648403969,179.78384604717053,34.300912437784795,179.77639893710142,-165.03369993793868,0.19128797609697257,73.38306340339834,70.273708339034
37.99000000000101,2954.38805096676,37.78035257464206,-0.0068186779330072795,179.78197003724725,34.101949020241904,179.77428214702402,-164.8023891277877,0.1937362095811115,73.45000618782862,70.27182834016016
38.00000000000101,2954.867267257525,37.221959046932646,-0.006959435960982962,179.78007917412114,33.904442586117064,179.77214377869421,-164.57288888325976,0.1962063081471739,73.51678413900619,70.26994580243648
38.01000000000101,2955.34661081868,36.66279933393115,-0.007102608357532378,179.7781733217254,33.70839798582251,179.76998355333245,-164.3452007135196,0.19869843140512633,73.58339520128432,70.26806073927469
38.020000000001005,2955.8260832013166,36.10287730128424,-0.007248230196823594,179.77625234303184,33.51381998608083,179.76780118932064,-164.11932604748628,0.2012127404228422,73.6498373903965,70.26617316405708
38.030000000001,2956.3056859274798,35.54219680539682,-0.007396337006697644,179.77431610002984,33.32071326970548,179.76559640217758,-163.8952662344644,0.203749397738018,73.71610879314804,70.26428309013481
38.040000000001,2956.7854204904534,34.98076169293483,-0.007546964773393669,179.77236445370494,33.12908243539383,179.76336890453416,-163.67302254476763,0.20630856737033126,73.78220756708855,70.26239053082615
38.050000000001,2957.265288355049,34.41857580033519,-0.007700149946293216,179.77039726401668,32.938931997533224,179.76111840610804,-163.45259617033605,0.20889041483384418,73.84813194016623,70.26049549941476
38.060000000001,2957.745290957902,33.85564295332297,-0.00785592944268394,179.76841438987617,32.750266386019526,179.7588446136788,-163.23398822534597,0.21149510714965697,73.9138802103643,70.25859800914819
38.070000000000995,2958.2254297077707,33.29196696643572,-0.008014340652542988,179.7664156891228,32.563089946088134,179.75654723106243,-163.0171997468131,0.21412281285881588,73.97945074532005,70.25669807323608
38.08000000000099,2958.705705985843,32.72755164255511,-0.008175421443340396,179.7644010185009,32.37740693815775,179.7542259590859,-162.8022316951883,0.21677370203547958,74.04484198192722,70.25479570484865
38.09000000000099,2959.186121146046,32.16240077244586,-0.00833921016486278,179.7623702336353,32.1932215376864,179.75188049556144,-162.58908495494643,0.21944794630034886,74.11005242592177,70.25289091711511
38.10000000000099,2959.666676515361,31.59651813430195,-0.008505745654057715,179.76032318900687,32.010537835039734,179.74951053526084,-162.37776033516775,0.22214571883436324,74.17508065145202,70.25098372312212
38.11000000000099,2960.147373394143,31.029907493300254,-0.008675067239899126,179.75825973792706,31.829359835371754,179.74711576988943,-162.16825857011224,0.22486719439266917,74.23992530063325,70.24907413591215
38.120000000000985,2960.628213056444,30.46257260116145,-0.008847214748274101,179.75617973251215,31.649691458517587,179.74469588805982,-161.96058031978666,0.2276125493188632,74.30458508308753,70.24716216848216
38.13000000000098,2961.109196750342,29.894517195718375,-0.00902222850689152,179.75408302365688,31.471536538898327,179.74225057526573,-161.7547261705042,0.23038196155951568,74.36905877546903,70.24524783378196
38.14000000000098,2961.5903256982706,29.325745000491725,-0.009200149350212926,179.75196946100726,31.29489882543786,179.73977951385527,-161.55069663543685,0.23317561067897588,74.43334522097565,70.24333114471287
38.15000000000098,2962.0716010973556,28.75625972427319,-0.009381018624406079,179.7498388929333,31.11978198149157,179.73728238300427,-161.34849215516041,0.23599367787446723,74.49744332884693,70.24141211412616
38.16000000000098,2962.553024119755,28.18606506071595,-0.009564878192321657,179.74769116650052,30.946189584786843,179.73475885868947,-161.1481130981923,0.2388363459914714,74.56135207384916,70.23949075482183
38.170000000000975,2963.0345959129986,27.615164687932616,-0.009751770438493592,179.74552612744117,30.774125127375083,179.73220861366127,-160.94955976152187,0.24170379953940918,74.62507049574813,70.23756707954702
38.18000000000097,2963.5163176003357,27.043562268100512,-0.009941738274163519,179.7433436201251,30.603592015595364,179.72963131741633,-160.7528323711332,0.2445962247076187,74.68859769876974,70.23564110099487
38.19000000000097,2963.9981902810823,26.4712614470744,-0.010134825142329879,179.74114348752943,30.434593570049643,179.7270266361701,-160.55793108252115,0.2475138093816378,74.75193285104906,70.233712831803
38.20000000000097,2964.4802150309724,25.898265854006535,-0.010331075022822203,179.73892557120783,30.267133025588922,179.72439423282904,-160.3648559811993,0.2504567431597915,74.81507518406856,70.23178228455237
38.21000000000097,2964.9623929025115,25.324579100974105,-0.010530532437401121,179.73668971125954,30.10121353131094,179.72173376696244,-160.17360708320126,0.25342521737008944,74.87802399208552,70.2298494717659
38.220000000000965,2965.444724925333,24.750204782614002,-0.010733242454884677,179.73443574629692,29.936838150568793,179.7190448947743,-159.98418433557418,0.2564194250874373,74.94077863154948,70.22791440590726
38.23000000000096,2965.9272121065565,24.175146475764922,-0.010939250696301538,179.73216351341324,29.77400986099036,179.71632726907475,-159.79658761686537,0.2594395611511644,75.00333852050993,70.2259770993796
38.24000000000096,2966.409855431147,23.59940773911675,-0.011148603340071693,179.72987284814909,29.61273155450886,179.71358053925124,-159.61081673760137,0.262485822182872,75.06570313801484,70.22403756452448
38.25000000000096,2966.8926558622798,23.022992112867204,-0.011361347127215269,179.7275635844585,29.45300603740364,179.71080435123955,-159.42687144076004,0.2655584066046051,75.12787202350043,70.22209581362047
38.26000000000096,2967.375614341701,22.44590311838574,-0.011577529366590107,179.72523555467424,29.29483603035191,179.70799834749442,-159.24475140223544,0.26865751465735155,75.18984477617256,70.22015185888223
38.270000000000955,2967.858731790095,21.86814425788462,-0.011797197940158738,179.7228885894725,29.138224168490616,179.70516216696,-159.06445623129537,0.2717833484198706,75.25162105438034,70.21820571245922
38.28000000000095,2968.3420091074513,21.28971901409717,-0.012020401308285434,179.72052251783666,28.983173001488606,179.70229544503997,-158.8859854710321,0.274936111827857,75.3132005749821,70.21625738643472
38.29000000000095,2968.8254471734313,20.71063084996314,-0.012247188515064025,179.71813716702076,28.829684993629083,179.69939781356717,-158.70933859880586,0.27811601069343883,75.37458311270458,70.2143068928246
38.30000000000095,2969.3090468477376,20.130883208321162,-0.012477609193677176,179.71573236251172,28.677762523901798,179.6964689007734,-158.53451502668145,0.28132325272501824,75.43576849949527,70.21235424357646
38.31000000000095,2969.792808970484,19.5504795116082,-0.012711713571787823,179.71330792799128,28.527407886105166,179.69350833125833,-158.36151410185786,0.284558047547453,75.49675662386869,70.21039945056843
38.320000000000945,2970.276734362567,18.96942316156603,-0.012949552476963532,179.71086368529689,28.37862328895814,179.69051572595856,-158.19033510709096,0.28782060672258475,75.55754743024688,70.20844252560828
38.33000000000094,2970.7608238260327,18.387717538954625,-0.013191177342134491,179.70839945438212,28.231410856221466,179.68749070211598,-158.02097726110938,0.29111114377011654,75.61814091829439,70.20648348043234
38.34000000000094,2971.245078144453,17.805366003272415,-0.013436640211085904,179.7059150532761,28.085772626828476,179.68443287324604,-157.85343971902367,0.29442987418884164,75.67853714224839,70.20452232670466
38.35000000000094,2971.729498083295,17.22237189248337,-0.013685993743985552,179.7034102980422,27.94171055502489,179.68134184910545,-157.68772157272866,0.2977770154782277,75.73873621024407,70.202559076016
38.36000000000094,2972.21408439029,16.638738522750856,-0.013939291222947322,179.70088500273607,27.79922651051795,179.67821723565976,-157.52382185129935,0.3011527871603574,75.79873828363597,70.2005937398829
38.370000000000935,2972.6988377958087,16.054469188178192,-0.014196586557631462,179.6983389793629,27.658322278634238,179.6750586350503,-157.3617395213798,0.3045574108022315,75.85854357631517,70.19862632974689
38.38000000000093,2973.18375901323,15.469567160555828,-0.014457934290882423,179.69577203783368,27.518999560486442,179.67186564556093,-157.20147348756612,0.3079911100384327,75.91815235402332,70.19665685697348
38.39000000000093,2973.6688487393126,14.884035689115116,-0.014723389604405043,179.69318398592085,27.38125997314857,179.6686378615842,-157.04302259278245,0.3114541105941573,75.97756493366325,70.19468533285144
38.40000000000093,2974.1541076545636,14.297878000288584,-0.014993008324479973,179.69057462921307,27.245105049839687,179.66537487358727,-156.88638561865096,0.3149466403086141,76.03678168260693,70.19271176859196
38.41000000000093,2974.6395364236096,13.711097297476647,-0.015266846927719135,179.68794377106923,27.11053624011596,179.66207626807744,-156.73156128585518,0.318468929158795,76.09580301800105,70.19073617532784
38.420000000000925,2975.1251356955636,13.123696760820687,-0.015544962546862095,179.68529121257149,26.97755491007073,179.6587416275668,-156.5785482544976,0.3220212092836192,76.15462940607036,70.18875856411267
38.43000000000092,2975.6109061043935,12.53567954698244,-0.015827412976614202,179.68261675247766,26.846162342542687,179.65537053053714,-156.4273451244505,0.325603715008454,76.21326136141923,70.18677894592015
38.44000000000092,2976.096848269288,11.94704878892959,-0.016114256679527386,179.67992018717257,26.716359737331686,179.6519625514038,-156.27795043570134,0.3292166828700132,76.27169944633192,70.18479733164331
38.45000000000092,2976.5829627950206,11.357807595727529,-0.01640555279192447,179.67720131061873,26.588148211422318,179.64851726047922,-156.13036266869173,0.3328603516416382,76.32994427007155,70.18281373209379
38.46000000000092,2977.069250272315,10.767959052337174,-0.016701361129867937,179.67445991430588,26.461528799214932,179.64503422393625,-155.98458024465052,0.3365349623589613,76.38799648817832,70.18082815800126
38.470000000000915,2977.555711278206,10.177506219418792,-0.017001742195174,179.67169578720012,26.336502452763973,179.64151300377046,-155.84060152592127,0.3402407583459563,76.44585680176705,70.17884062001255
38.48000000000091,2978.0423463764005,9.586452133141735,-0.017306757181472936,179.66890871569157,26.2130700420234,179.63795315776244,-155.69842481628376,0.34397798524137635,76.50352595682467,70.1768511286912
38.49000000000091,2978.529156117635,8.994799805000012,-0.017616467980316606,179.6660984835416,26.091232355099258,179.63435423943923,-155.55804836127,0.34774689102558265,76.56100474350764,70.17485969451674
38.50000000000091,2979.0161410400337,8.402552221633607,-0.01793093718733403,179.66326487182894,25.97099009850885,179.63071579803534,-155.41947034847436,0.3515477260477667,76.61829399543961,70.17286632788405
38.51000000000091,2979.5033016694624,7.809712344655492,-0.018250228108436052,179.66040765889488,25.852343897446783,179.6270373784531,-155.2826889078586,0.35538074305356665,76.6753945890098,70.17087103910285
38.520000000000906,2979.9906385198815,7.2162831104842,-0.018574404766069957,179.6575266202876,25.735294296057393,179.6233185212227,-155.14770211205112,0.35924619721308204,76.73230744267205,70.16887383839706
38.5300000000009,2980.478152093695,6.622267430181929,-0.018903531905525035,179.6546215287056,25.619841757713527,179.61955876246114,-155.014507976641,0.3631443461492869,76.78903351624513,70.16687473590436
38.5400000000009,2980.9658428821,6.0276681892980495,-0.01923767500129007,179.65169215394005,25.505986665301517,179.61575763383127,-154.88310446046694,0.36707544996684577,76.84557381021416,70.16487374167546
38.5500000000009,2981.4537113654314,5.4324882477179575,-0.01957690026346367,179.64873826281624,25.39372932151215,179.6119146624994,-154.7534894659007,0.37103977128133225,76.9019293650338,70.16287086567382
38.5600000000009,2981.9417580135046,4.836730439517172,-0.019921274644218445,179.64575961913422,25.28306994913749,179.60802937109304,-154.62566083912577,0.3750375752488543,76.95810126043305,70.16086611777497
38.570000000000896,2982.4299832859556,4.240397572820597,-0.02027086584432005,179.6427559836082,25.1740086913734,179.60410127765738,-154.49961637041088,0.37906912959608674,77.0140906147222,70.15885950776614
38.580000000000894,2982.9183876325787,3.6434924296668587,-0.020625742319701986,179.6397271138051,25.0665456121276,179.60012989561153,-154.3753537943785,0.3831347046507141,77.0698985841019,70.15685104534576
38.59000000000089,2983.4069714936613,3.046017765877634,-0.02098597328809725,179.63667276408216,24.96068069633303,179.59611473370364,-154.25287079026884,0.38723457337228506,77.1255263619747,70.154840740123
38.60000000000089,2983.8957353003143,2.4479763109318764,-0.02135162873572775,179.63359268552347,24.856413850266534,179.59205529596585,-154.13216498219887,0.39136901138348146,77.18097517825913,70.15282860161743
38.61000000000089,2984.3846794748015,1.8493707678448565,-0.02172277942405258,179.63048662587542,24.75374490187249,179.587951081668,-154.01323393941647,0.3955382970018015,77.23624629870675,70.15081463925848
38.620000000000886,2984.8738044308643,1.2502038130519297,-0.022099496896576042,179.6273543294811,24.652673601091358,179.58380158527092,-153.89607517655062,0.3997427112716632,77.29134102422194,70.14879886238516
38.630000000000884,2985.363110574044,0.6504780962969381,-0.022481853485716557,179.62419553721406,24.55319962019304,179.57960629637878,-153.78068615385655,0.40398253799692496,77.34626069018518,70.14678128024563
38.64000000000088,2985.8525983020013,0.05019624052516114,-0.022869922319737373,179.6210099864103,24.45532255411473,179.57536469969085,-153.66706427745672,0.4082580637738291,77.40100666577933,70.14476190199686
38.65000000000088,2986.3422680048293,-0.5506391582192702,-0.023263777329740155,179.6177974107998,24.359041920803207,179.5710762749522,-153.5552068995774,0.41256957802436883,77.45558035331963,70.14274073670425
38.66000000000088,2986.8321200558485,-1.152025553666435,-0.023663492952933313,179.61455754043683,24.26435716156142,179.56674049690383,-153.44511131878122,0.4169173730300799,77.50998318758717,70.14257172847928
