t,x,y,commanded_pitch,actual_pitch,airspeed
0.0,0.7501480957020786,-0.0004887923760000363,14.896902673401405,0.005958761069353799,75.01482549492745
0.01,1.5004448519535447,-0.001463462332221593,14.999999999999998,0.017697035368482297,75.02973893217245
0.02,2.250890807918413,-0.0029207333275793265,14.999999999999998,0.03499841870950518,75.04473708813822
0.03,3.0014864780770045,-0.0048569822067346695,14.999999999999998,0.05765203530644645,75.05981675440908
0.04,3.7522323531312063,-0.0072682539306589515,14.999999999999998,0.08545242633758031,75.0749747347427
0.05,4.503128900822851,-0.010150275915262144,14.999999999999998,0.11819944024924516,75.09020784269752
0.060000000000000005,5.254176566672248,-0.013498471986490238,14.999999999999998,0.15569812478489228,75.10551289983697
0.07,6.00537577464345,-0.017307975960143333,14.999999999999998,0.19775862072283032,75.1208867344553
0.08,6.756726927742486,-0.0215736448545175,14.999999999999998,0.24419605730615188,75.13632618077406
0.09,7.508230408554358,-0.026290071743826374,14.999999999999998,0.2948304493480494,75.15182807856112
0.09999999999999999,8.25988657972427,-0.031451598260212904,14.999999999999998,0.3494865959958283,75.16738927312785
0.10999999999999999,9.01169578438822,-0.037052326752017965,14.999999999999998,0.40799398113646784,75.18300661566278
0.11999999999999998,9.763658346557706,-0.04308613210583021,14.999999999999998,0.470186675426886,75.19867696386332
0.12999999999999998,10.515774571463075,-0.04954667323970097,14.999999999999998,0.5359032399317075,75.21439718282957
0.13999999999999999,11.268044745859644,-0.0564274042747688,14.999999999999998,0.6049866313512323,75.23016414618688
0.15,12.02046913830055,-0.06372158539240086,14.999999999999998,0.6772841088225583,75.24597473740656
0.16,12.773047999379912,-0.07142229338382214,14.999999999999998,0.7526471422762743,75.26182585129595
0.17,13.52578156194974,-0.0795224318990694,14.999999999999998,0.8309313223317022,75.27771439563176
0.18000000000000002,14.278670041313696,-0.08801474140197386,14.999999999999998,0.9119962717129022,75.2936372929122
0.19000000000000003,15.031713635400658,-0.09689180883774542,14.999999999999998,0.9957055581683173,75.30959148220553
0.20000000000000004,15.784912524920783,-0.10614607701960238,14.999999999999998,1.0819266088764994,75.32557392107476
0.21000000000000005,16.53826687350656,-0.11576985374076244,14.999999999999998,1.1705306263204893,75.34158158755915
0.22000000000000006,17.291776827841208,-0.12575532061798542,14.999999999999998,1.261392505613318,75.3576114821958
0.23000000000000007,18.045442517776475,-0.13609454167273385,14.999999999999998,1.354390753257429,75.37366063006519
0.24000000000000007,18.799264056441906,-0.14677947165589605,14.999999999999998,1.4494074073202365,75.38972608284668
0.25000000000000006,19.55324154034728,-0.15780196412189523,14.999999999999998,1.546327959008772,75.40580492087055
0.26000000000000006,20.307375049479916,-0.1691537792578911,14.999999999999998,1.645041275625758,75.42189425515541
0.2700000000000001,21.061664647398366,-0.18082659147366328,14.999999999999998,1.745439524890042,75.43799122941977
0.2800000000000001,21.816110381323828,-0.19281199675765198,14.999999999999998,1.8474181006037496,75.45409302205873
0.2900000000000001,22.570712282230545,-0.20510151980451927,14.999999999999998,1.9508755496493182,75.47019684807717
0.3000000000000001,23.325470364936326,-0.21768662091948365,14.999999999999998,2.0557135002988285,75.48629996097172
0.3100000000000001,24.08038462819417,-0.23055870270457327,14.999999999999998,2.161836591818787,75.50239965455516
0.3200000000000001,24.835455054785946,-0.243709116531836,14.999999999999998,2.2691524053531364,75.51849326471724
0.3300000000000001,25.590681611618894,-0.2571291688084416,14.999999999999998,2.377571396067521,75.53457817111688
0.34000000000000014,26.346064249825705,-0.27081012703850854,14.999999999999998,2.487006826537937,75.55065179880152
0.35000000000000014,27.101602904868788,-0.2847432256863884,14.999999999999998,2.5973747013669,75.56671161974977
0.36000000000000015,27.85729749664928,-0.29891967184604284,14.999999999999998,2.708593703010335,75.58275515433438
0.37000000000000016,28.613147929621295,-0.31333065072105276,14.999999999999998,2.820585128798572,75.59877997270316
0.38000000000000017,29.369154092911774,-0.3279673309197043,14.999999999999998,2.933272829134813,75.61478369607555
0.3900000000000002,30.12531586044634,-0.342820869569506,14.999999999999998,3.0465831468547475,75.63076399795372
0.4000000000000002,30.881633091081373,-0.35788241725540054,14.999999999999998,3.160444857730696,75.64671860524695
0.4100000000000002,31.638105628742597,-0.3731431227858471,14.999999999999998,3.2747891121042527,75.66264529930854
0.4200000000000002,32.39473330257028,-0.3885941377908645,14.999999999999998,3.3895493776311154,75.6785419168854
0.4300000000000002,33.151515927071245,-0.40422662115604047,14.999999999999998,3.5046613831221043,75.69440635097995
0.4400000000000002,33.90845330227769,-0.42003174329643184,14.999999999999998,3.620063063464456,75.71023655162503
0.45000000000000023,34.66554521391297,-0.436000690274198,14.999999999999998,3.735694505607529,75.7260305265723
0.46000000000000024,35.42279143356418,-0.4521246677637336,14.999999999999998,3.8514978955972587,75.74178634189528
0.47000000000000025,36.18019171886169,-0.46839490486798746,14.999999999999998,3.9674174666437034,75.75750212250801
0.48000000000000026,36.93774581366543,-0.4848026577895822,14.999999999999998,4.083399448206443,75.77317605260082
0.49000000000000027,37.695453448257865,-0.5013392133602732,14.999999999999998,4.199392016082265,75.78880637599472
0.5000000000000002,38.453314339543596,-0.5179958924322153,14.999999999999998,4.315345243480038,75.80439139641628
0.5100000000000002,39.21132819125537,-0.5347640531344355,14.999999999999998,4.431211053067767,75.81992947769463
0.5200000000000002,39.969494694166386,-0.5516350939978408,14.999999999999998,4.5469431699768785,75.83541904388282
0.5300000000000002,40.72781352630866,-0.5686004569520231,14.999999999999998,4.6624970757487425,75.85085857930562
0.5400000000000003,41.486284353197306,-0.5856516301970595,14.999999999999998,4.777829963209254,75.86624662853588
0.5500000000000003,42.244906828060515,-0.602780150953439,14.999999999999998,4.892900692256268,75.88158179630182
0.5600000000000003,43.00368059207492,-0.6199776080931876,14.999999999999998,5.007669746546245,75.89686274732767
0.5700000000000003,43.76260527460623,-0.6372356446551989,14.999999999999998,5.122099191065249,75.91208820611006
0.5800000000000003,44.52168049345475,-0.6545459602477206,14.999999999999998,5.236152630570543,75.9272569566325
0.5900000000000003,45.280905855105686,-0.6719003133408865,14.999999999999998,5.349795168888727,75.94236784202066
0.6000000000000003,46.040280954983785,-0.6892905234521266,14.999999999999998,5.462993369056648,75.95741976414084
0.6100000000000003,46.79980537771221,-0.706708473227232,14.999999999999998,5.575715214291283,75.97241168314427
0.6200000000000003,47.55947869737525,-0.7241461104197966,14.999999999999998,5.687930069775248,75.98734261695967
0.6300000000000003,48.31930047778465,-0.7415954497717027,14.999999999999998,5.799608645244342,76.00221164073665
0.6400000000000003,49.07927027274928,-0.7590485747972651,14.999999999999998,5.910722958364145,76.01701788624267
0.6500000000000004,49.839387626347786,-0.7764976394735973,14.999999999999998,6.0212462988823185,76.03176054121573
0.6600000000000004,50.59965207320407,-0.793934869839712,14.999999999999998,6.131153193543882,76.04643884867562
0.6700000000000004,51.360063138765184,-0.8113525655068176,14.999999999999998,6.240419371756433,76.0610521061959
0.6800000000000004,52.12062033958144,-0.828743101082226,14.999999999999998,6.3490217319929645,76.07559966513946
0.6900000000000004,52.881323183588414,-0.846098927509237,14.999999999999998,6.456938308919474,76.09008092985948
0.7000000000000004,53.64217117039059,-0.8634125733253173,14.999999999999998,6.564148241235138,76.10449535686872
0.7100000000000004,54.403163791546376,-0.8806766458408496,14.999999999999998,6.6706317402129525,76.11884245397917
0.7200000000000004,55.16430053085418,-0.8978838322406772,14.999999999999998,6.776370058928537,76.13312177941415
0.7300000000000004,55.92558086463932,-0.9150269006106295,14.999999999999998,6.881345462165286,76.14733294089561
0.7400000000000004,56.687004262041526,-0.9320987008911666,14.999999999999998,6.9855411969842445,76.1614755947082
0.7500000000000004,57.448570185302664,-0.9490921657602422,14.999999999999998,7.088941463946827,76.17554944474259
0.7600000000000005,58.210278090054594,-0.966000311447438,14.999999999999998,7.1915313889790475,76.18955424152006
0.7700000000000005,58.9721274256068,-0.9828162384813841,14.999999999999998,7.293296995865903,76.20348978120012
0.7800000000000005,59.73411763523359,-0.9995331323724393,14.999999999999998,7.394225179364645,76.21735590457332
0.7900000000000005,60.496248156460624,-1.0161442642325638,14.999999999999998,7.494303678926097,76.2311524960411
0.8000000000000005,61.25851842135058,-1.0326429913342774,14.999999999999998,7.593521053012737,76.24487948258437
0.8100000000000005,62.02092785678767,-1.0490227576105613,14.999999999999998,7.691866654003214,76.25853683272264
0.8200000000000005,62.78347588476087,-1.065277094097518,14.999999999999998,7.7893306036723535,76.27212455546545
0.8300000000000005,63.54616192264558,-1.0813996193215707,14.999999999999998,7.885903769236311,76.28564269925758
0.8400000000000005,64.30898538348362,-1.0973840396329462,14.999999999999998,7.981577739952524,76.29909135091971
0.8500000000000005,65.07194567626121,-1.1132241494871467,14.999999999999998,8.076344804264295,76.31247063458596
0.8600000000000005,65.83504220618497,-1.1289138316760832,14.999999999999998,8.170197927479812,76.32578071063993
0.8700000000000006,66.59827437495554,-1.1444470575105068,14.999999999999998,8.263130729975828,76.3390217746502
0.8800000000000006,67.36164158103881,-1.1598178869553395,14.999999999999998,8.355137465916144,76.35219405630711
0.8900000000000006,68.1251432199345,-1.175020468719472,14.999999999999998,8.446213002475332,76.36529781836174
0.9000000000000006,68.88877868444203,-1.1900490403015656,14.999999999999998,8.536352799558019,76.37833335556836
0.9100000000000006,69.65254736492342,-1.2048979279933543,14.999999999999998,8.625552890004558,76.3913009936315
0.9200000000000006,70.41644864956316,-1.2195615468419234,14.999999999999998,8.713809860273672,76.40420108815881
0.9300000000000006,71.18048192462493,-1.234034400572395,14.999999999999998,8.801120831593108,76.41703402362056
0.9400000000000006,71.94464657470496,-1.248311081472431,14.999999999999998,8.887483441569158,76.42980021231678
0.9500000000000006,72.70894198298201,-1.2623862702399238,14.999999999999998,8.972895826246427,76.4425000933531
0.9600000000000006,73.47336753146377,-1.2762547357952247,14.999999999999998,9.05735660260883,76.45513413162605
0.9700000000000006,74.23792260122961,-1.2899113350592175,14.999999999999998,9.140864851513543,76.4677028168185
0.9800000000000006,75.0026065726697,-1.3033510126985264,14.999999999999998,9.2234201010493,76.48020666240616
0.9900000000000007,75.76741882572011,-1.3165688008391112,14.999999999999998,9.305022310310605,76.49264620467596
1.0000000000000007,76.53235874009417,-1.3295598187494775,14.999999999999998,9.385671853579819,76.50502200175649
1.0100000000000007,77.2974256955097,-1.3423192724946986,14.999999999999998,9.46536950490904,76.51733463266171
1.0200000000000007,78.06261907191232,-1.354842454562422,14.999999999999998,9.544116423093625,76.52958469634812
1.0300000000000007,78.8279382496945,-1.3671247434619997,14.999999999999998,9.621914137029794,76.54177281078587
1.0400000000000007,79.59338260991044,-1.3791616032978622,14.999999999999998,9.698764531448328,76.55389961204459
1.0500000000000007,80.35895153448679,-1.3909485833182211,14.999999999999998,9.774669833016931,76.56596575339415
1.0600000000000007,81.124644406429,-1.4024813174401687,14.999999999999998,9.849632596803854,76.57797190442079
1.0700000000000007,81.89046061002333,-1.413755523752205,14.999999999999998,9.923655693095096,76.58991875015894
1.0800000000000007,82.65639953103455,-1.4247670039952114,14.999999999999998,9.99674229455835,76.60180699023914
1.0900000000000007,83.42246055689922,-1.4355116430228512,14.999999999999998,10.068895863746306,76.61363733805237
1.1000000000000008,84.18864307691447,-1.4459854082423644,14.999999999999998,10.140120140932282,76.62541051993082
1.1100000000000008,84.95494648242243,-1.4561843490366908,14.999999999999998,10.210419132271564,76.63712727434564
1.1200000000000008,85.72137016699014,-1.4661045961688381,14.999999999999998,10.279797098281259,76.64878835112152
1.1300000000000008,86.48791352658498,-1.4757423611693856,14.999999999999998,10.348258542632347,76.66039451066858
1.1400000000000008,87.25457595974561,-1.4850939357079893,14.999999999999998,10.415808201247131,76.6719465232314
1.1500000000000008,88.02135686774847,-1.4941556909497358,14.999999999999998,10.482451031695787,76.68344516815554
1.1600000000000008,88.78825565476973,-1.5029240768971666,14.999999999999998,10.548192202885529,76.69489123317143
1.1700000000000008,89.55527172804277,-1.5113956217187727,14.999999999999998,10.6130370850362,76.70628551369578
1.1800000000000008,90.32240449801121,-1.5195669310647413,14.999999999999998,10.676991239936193,76.7176288121505
1.1900000000000008,91.08965337847746,-1.52743468737071,14.999999999999998,10.74006041147261,76.72892193729915
1.2000000000000008,91.85701778674682,-1.5349956491502679,14.999999999999998,10.802250516429698,76.74016570360095
1.2100000000000009,92.62449714376713,-1.5422466502769179,14.999999999999998,10.86356763554983,76.75136093058202
1.2200000000000009,93.39209087426407,-1.549184599256201,14.999999999999998,10.924018004851153,76.76250844222434
1.2300000000000009,94.15979840687206,-1.5558064784886547,14.999999999999998,10.98360800719642,76.77360906637169
1.2400000000000009,94.92761917426074,-1.562109343524267,14.999999999999998,11.042344164107393,76.784663634153
1.2500000000000009,95.69555261325726,-1.5680903223090619,14.999999999999998,11.100233127819294,76.79567297942278
1.260000000000001,96.46359816496417,-1.5737466144244388,14.999999999999998,11.157281673570166,76.8066379382184
1.270000000000001,97.2317552748731,-1.5790754903198654,14.999999999999998,11.21349669211966,76.8175593482344
1.280000000000001,98.00002339297427,-1.5840742905395082,14.999999999999998,11.268885182492218,76.82843804831316
1.290000000000001,98.76840197386176,-1.5887404249433672,14.999999999999998,11.323454244939683,76.83927487795236
1.300000000000001,99.53689047683471,-1.5930713719234622,14.999999999999998,11.377211074118012,76.85007067682858
1.310000000000001,100.30548836599442,-1.5970646776156037,14.999999999999998,11.430162952473642,76.86082628433705
1.320000000000001,101.07419511033739,-1.600717955107263,14.999999999999998,11.4823172438344,76.87154253914734
1.330000000000001,101.84301018384443,-1.6040288836420387,14.999999999999998,11.53368138720034,76.8822202787747
1.340000000000001,102.61193306556582,-1.606995207821205,14.999999999999998,11.584262890729834,76.89286033916693
1.350000000000001,103.38096323970255,-1.6096147368028073,14.999999999999998,11.634069325916576,76.9034635543065
1.360000000000001,104.15010019568378,-1.6118853434987548,14.999999999999998,11.683108321952727,76.91403075582758
1.370000000000001,104.9193434282405,-1.6138049637703522,14.999999999999998,11.731387560274015,76.92456277264803
1.380000000000001,105.68869243747551,-1.6153715956226864,14.999999999999998,11.778914769282503,76.93506043061569
1.390000000000001,106.45814672892968,-1.61658329839828,14.999999999999998,11.825697719242758,76.94552455216915
1.400000000000001,107.22770581364465,-1.6174381919704026,14.999999999999998,11.87174421734725,76.95595595601236
1.410000000000001,107.99736920822203,-1.617934455936421,14.999999999999998,11.917062102947032,76.96635545680307
1.420000000000001,108.767136434879,-1.618070328811554,14.999999999999998,11.961659242943554,76.97672386485478
1.430000000000001,109.53700702150064,-1.617844107223384,14.999999999999998,12.0055435273379,76.98706198585181
1.440000000000001,110.30698050168873,-1.6172541451074665,14.999999999999998,12.048722864933499,76.99737062057741
1.450000000000001,111.07705641481552,-1.6162988529420925,14.97826702150606,12.091196485997083,77.007650565458
1.460000000000001,111.84723430615918,-1.6149766974686595,14.999999999999998,12.13298133829811,77.01790262073318
1.470000000000001,112.6175137268389,-1.6132862003081223,14.999999999999998,12.174085354625308,77.02812757060359
1.480000000000001,113.38789423385087,-1.6112259371648192,14.999999999999998,12.2145164710032,77.03832619341205
1.490000000000001,114.1583753901174,-1.6087945371061145,14.958075914487885,12.254265853470624,77.04849926299943
1.500000000000001,114.92895676469905,-1.6059906827781911,14.999999999999998,12.293358821729985,77.058647564777
1.5100000000000011,115.699637932618,-1.6028131084903752,14.999999999999998,12.331803284856864,77.06877185756096
1.5200000000000011,116.47041847489133,-1.5992605994731983,14.976649627598913,12.36959780175583,77.07887289442466
1.5300000000000011,117.24129797865511,-1.5953319916597866,14.999999999999998,12.406759942844037,77.08895143160579
1.5400000000000011,118.01227603706849,-1.5910261702817041,14.999999999999998,12.443297569278295,77.09900820714951
1.5500000000000012,118.78335224933278,-1.586342069111084,14.992689829376934,12.47921559940236,77.10904395229075
1.5600000000000012,119.55452622073749,-1.58127866986967,14.999999999999998,12.514524886008605,77.11905939415992
1.5700000000000012,120.32579756263512,-1.575835001269793,14.999999999999998,12.549233223185047,77.12905524900468
1.5800000000000012,121.09716589244981,-1.5700101382570968,14.999999999999998,12.583348378442485,77.139032225601
1.5900000000000012,121.8686308336984,-1.5638032013242522,14.962655399128883,12.61686315245675,77.1489910265709
1.6000000000000012,122.64019201616183,-1.557213356660578,14.999999999999998,12.649800740957591,77.1589323628225
1.6100000000000012,123.41184907569884,-1.5502398144030083,14.999999999999998,12.682168803676854,77.16885691941555
1.6200000000000012,124.18360165425615,-1.542881827947624,14.973320679034474,12.713964293248386,77.17876537458555
1.6300000000000012,124.95544939998648,-1.5351386938601188,14.999999999999998,12.745205861777135,77.18865841005903
1.6400000000000012,125.7273919671082,-1.5270097504312568,14.999999999999998,12.775901046919588,77.19853668663407
1.6500000000000012,126.49942901590597,-1.5184943769906991,14.98189939345712,12.806050105095625,77.20840085775613
1.6600000000000013,127.27156021280445,-1.5095919936292235,14.999999999999998,12.835667997362236,77.2182515765145
1.6700000000000013,128.0437852302649,-1.5003020600034573,14.999999999999998,12.864762126412534,77.22808947905745
1.6800000000000013,128.81610374677726,-1.4906240746561947,14.988513660506307,12.893335254488285,77.23791519378527
1.6900000000000013,129.58851544689878,-1.4805575745982558,14.999999999999998,12.921399454841401,77.24772934578925
1.7000000000000013,130.36102002117843,-1.4701021343103804,14.999999999999998,12.948961983627244,77.25753254632065
1.7100000000000013,131.1336171661419,-1.4592573650739575,14.993279981999585,12.976027358814171,77.26732539861183
1.7200000000000013,131.90630658430342,-1.4480229144575316,14.999999999999998,13.002605521997367,77.27710850047525
1.7300000000000013,132.6790879841096,-1.4363984654667072,14.999999999999998,13.028703572444032,77.28688243814385
1.7400000000000013,133.45196107991856,-1.4243837358889524,14.996309426918607,13.054327079362308,77.29664778967674
1.7500000000000013,134.22492559199304,-1.4119784777270161,14.999999999999998,13.079484563912875,77.30640512639323
1.7600000000000013,134.99798124645565,-1.3991824764505272,14.999999999999998,13.104182959263838,77.3161550094985
1.7700000000000014,135.77112777526295,-1.3859955503582881,14.997707813430848,13.128428224802155,77.32589799197675
1.7800000000000014,136.5443649161882,-1.3724175499982563,14.999999999999998,13.152228129647858,77.3356346194942
1.7900000000000014,137.3176924127796,-1.3584483574772228,14.999999999999998,13.175589432718645,77.34536542831769
1.8000000000000014,138.09111001433087,-1.3440878858437881,14.997575889060943,13.198517863839474,77.35509094654587
1.8100000000000014,138.8646174758608,-1.3293360785320643,14.999999999999998,13.221021067682747,77.36481169507537
1.8200000000000014,139.6382145580674,-1.3141929086884108,14.999999999999998,13.243105621748827,77.37452818541092
1.8300000000000014,140.41190102729556,-1.2986583785780565,14.99600950864133,13.264776445849819,77.38424092103453
1.8400000000000014,141.18567665552095,-1.2827325190873238,14.999999999999998,13.286041648960715,77.39395039899013
1.8500000000000014,141.95954122029258,-1.2664153890288539,14.999999999999998,13.30690762091129,77.40365710627253
1.8600000000000014,142.73349450469868,-1.24970707457464,14.993099809715014,13.327377928383983,77.41336152208478
1.8700000000000014,143.507536297362,-1.2326076888493196,14.999999999999998,13.347461696453509,77.42306412055964
1.8800000000000014,144.28166639236358,-1.2151173711776768,14.999999999999998,13.367165121872615,77.43276536450006
1.8900000000000015,145.05588458920792,-1.1972362865466513,14.988933385103048,13.386489910528677,77.44246570922692
1.9000000000000015,145.8301906928363,-1.1789646253201167,14.999999999999998,13.405446720261939,77.45216560691998
1.9100000000000015,146.6045845135252,-1.1603026023946759,14.999999999999998,13.424041550125636,77.46186549656507
1.9200000000000015,147.37906586685156,-1.1412504566930324,14.983592452386617,13.442273771186889,77.47156581004793
1.9300000000000015,148.15363457373047,-1.1218084510286461,14.999999999999998,13.460156057341466,77.48126697856316
1.9400000000000015,148.92829046028177,-1.101976871137967,14.999999999999998,13.477694206045358,77.49096941770252
1.9500000000000015,149.7030333577965,-1.08175602520738,14.97715502008799,13.494884811419599,77.50067353640581
1.9600000000000015,150.47786310280483,-1.0611462439142114,14.999999999999998,13.511743015019364,77.51037974585371
1.9700000000000015,151.25277953690482,-1.0401478793055692,14.999999999999998,13.528274409474983,77.52008843870767
1.9800000000000015,152.02778250673086,-1.0187613043609076,14.969695050366456,13.544472400062148,77.52980000148561
1.9900000000000015,152.80287186405764,-0.9969869132340452,14.999999999999998,13.560355017539335,77.53951482632354
2.0000000000000013,153.57804746558517,-0.9748251199506941,14.999999999999998,13.575927647099673,77.54923328345006
2.010000000000001,154.35330917291003,-0.9522763580085438,14.9612826180748,13.591180121895423,77.55895573751361
2.020000000000001,155.12865685267093,-0.9293410808432266,14.999999999999998,13.606133754935131,77.56868256256801
2.0300000000000007,155.90409037628618,-0.9060197603255888,14.996221376461158,13.620792210481623,77.5784141070855
2.0400000000000005,156.6796096199252,-0.882312886401147,14.999999999999998,13.635162166912961,77.58815071425074
2.0500000000000003,157.45521446443968,-0.8582209665426338,14.999999999999998,13.649248669658046,77.59789271860267
2.06,158.23090479532186,-0.8337445253376662,14.986367022074914,13.663051246783073,77.60764044848722
2.07,159.006680502725,-0.808884104385369,14.999999999999998,13.676580469799735,77.61739423136929
2.0799999999999996,159.78254148133777,-0.7836402615010527,14.999999999999998,13.689841187113249,77.62715438154035
2.0899999999999994,160.55848763034712,-0.7580135703441965,14.975728086838812,13.70282847491699,77.63692120776464
2.099999999999999,161.3345188535121,-0.732004620591148,14.999999999999998,13.715557121678227,77.64669502265996
2.109999999999999,162.1106350589769,-0.7056140168702995,14.999999999999998,13.728031777156106,77.65647612078783
2.1199999999999988,162.88683615923873,-0.678842378431875,14.96436068836519,13.740242772913133,77.66626479188695
2.1299999999999986,163.66312207127982,-0.6516903396142444,14.999999999999998,13.752209415370586,77.67606133458416
2.1399999999999983,164.43949271631615,-0.6241585484974188,14.995834276021569,13.763934488181219,77.68586602440767
2.149999999999998,165.21594801976985,-0.5962476666247467,14.999999999999998,13.775424107743381,77.69567913264483
2.159999999999998,165.99248791119638,-0.5679583685170972,14.999999999999998,13.78668260024959,77.70550092265809
2.1699999999999977,166.76911232424345,-0.539291341338501,14.983369043106824,13.797707578967538,77.71533165263949
2.1799999999999975,167.54582119668748,-0.5102472849364378,14.999999999999998,13.808510147019632,77.72517158202899
2.1899999999999973,168.32261447028847,-0.4808269110350277,14.999999999999998,13.819094443876212,77.7350209565963
2.199999999999997,169.0994920907554,-0.45103094294439006,14.970309183517942,13.829452673402228,77.74488001771144
2.209999999999997,169.8764540078505,-0.42086011593386796,14.999999999999998,13.83960117110471,77.75474901371565
2.2199999999999966,170.65350017516803,-0.3903151760884682,14.99956935337782,13.849543716488697,77.76462817329306
2.2299999999999964,171.43063055008827,-0.3593968799893819,14.999999999999998,13.859284382107994,77.77451771996674
2.239999999999996,172.20784509372663,-0.3281059943780342,14.999999999999998,13.86882700435649,77.78441787178967
2.249999999999996,172.98514377089253,-0.29644329586546125,14.985615897800116,13.878169609040206,77.79432884220665
2.259999999999996,173.76252655011606,-0.2644095709659199,14.999999999999998,13.887321884879617,77.80425084558195
2.2699999999999956,174.53999340351572,-0.23200561539753214,14.999999999999998,13.896287493408888,77.81418408437158
2.2799999999999954,175.3175443067648,-0.1992322338368524,14.971179789196592,13.905058512606436,77.82412875724083
2.289999999999995,176.0951792391942,-0.16609024031725556,14.999999999999998,13.913650446649955,77.83408507003519
2.299999999999995,176.87289818357604,-0.13258045715563468,14.998443698609119,13.922066158792934,77.84405321011506
2.3099999999999947,177.6507011260847,-0.09870371470490438,14.999999999999998,13.93030972645421,77.85403336078447
2.3199999999999945,178.42858805624107,-0.06446085103171198,14.999999999999998,13.93838452765684,77.86402569997406
2.3299999999999943,179.20655896687407,-0.02985271167460781,14.983284371090788,13.94628720133295,77.87403040172764
2.339999999999994,179.98461385416246,0.0051198502225261455,14.999999999999998,13.954027953093965,77.88404764256957
2.349999999999994,180.76275271748926,0.04045597463097482,14.999999999999998,13.961609997695906,77.89407758666457
2.3599999999999937,181.54097555941195,0.07615479483270465,14.967735514411377,13.969023592887352,77.9041203951393
2.3699999999999934,182.31928238578752,0.11221543689651708,14.999999999999998,13.976285233133272,77.91417623827355
2.3799999999999932,183.09767320553775,0.14863702079434885,14.99318871761621,13.983395244514032,77.92424526712114
2.389999999999993,183.8761480306405,0.18541866048082634,14.999999999999998,13.990359453146745,77.93432763146095
2.399999999999993,184.6547068760445,0.22255946431836,14.999999999999998,13.997180808710976,77.94442347381164
2.4099999999999926,185.43334975963646,0.26005853526592404,14.977057870763277,14.003853035672224,77.95453293364848
2.4199999999999924,186.21207670231942,0.2979149705553445,14.999999999999998,14.010388502705803,77.96465615605402
2.429999999999992,186.99088772783094,0.3361278625430696,14.999999999999998,14.016790007390767,77.97479327143773
2.439999999999992,187.76978286271952,0.37469629885178135,14.960614418801098,14.023044546438753,77.98494440803395
2.4499999999999917,188.54876213651247,0.41361936163572655,14.999999999999998,14.02917115977445,77.99510970666563
2.4599999999999915,189.32782558144265,0.4528961288369774,14.984415118143678,14.035166257972055,78.00528928657931
2.4699999999999913,190.10697323249013,0.49252567401535957,14.999999999999998,14.041038904579164,78.01548326991555
2.479999999999991,190.88620512724574,0.5325070669762852,14.999999999999998,14.046791649259273,78.0256917680024
2.489999999999991,191.66552130588627,0.5728393739028449,14.96750589546821,14.052414000404536,78.0359148900612
2.4999999999999907,192.44492181130835,0.6135216567646236,14.999999999999998,14.05792189780872,78.0461527553442
2.5099999999999905,193.22440668889465,0.6545529743759825,14.990343554243475,14.063313887083506,78.0564054649372
2.5199999999999902,194.00397598652586,0.6959323823473071,14.999999999999998,14.068596339573432,78.0666731206895
2.52999999999999,194.78362975448178,0.7376589335296855,14.999999999999998,14.073771576694424,78.07695581677423
2.53999999999999,195.56336804541573,0.7797316781368694,14.973029783899598,14.07883109103017,78.0872536453543
2.5499999999999896,196.34319091446167,0.8221496632666153,14.999999999999998,14.083788308867412,78.09756670662114
2.5599999999999894,197.12309841903243,0.8649119337975153,14.994951211113401,14.088643401323909,78.10789508537192
2.569999999999989,197.90309061880896,0.9080175324316471,14.999999999999998,14.093400613988013,78.11823886557002
2.579999999999989,198.68316757567138,0.9514654999938391,14.999999999999998,14.098062058065183,78.12859812597395
2.5899999999999888,199.4633293536731,0.9952548755428682,14.977285514676188,14.10262072098431,78.13897294345394
2.5999999999999885,200.24357601912777,1.0393846959765631,14.999999999999998,14.107088059283045,78.14936340141625
2.6099999999999883,201.02390764043287,1.0838539968010505,14.998332254443534,14.111465396132008,78.1597695700581
2.619999999999988,201.8043242880425,1.128661812236966,14.999999999999998,14.11575537716966,78.17019151763583
2.629999999999988,202.58482603442118,1.17380717540839,14.999999999999998,14.119959919880563,78.18062930905953
2.6399999999999877,203.36541295401844,1.2192891184426133,14.980359606373037,14.124073050255038,78.19108300749627
2.6499999999999875,204.14608512334155,1.2651066721321405,14.999999999999998,14.128104761415244,78.20155268162738
2.6599999999999873,204.92684262079837,1.311258866606724,14.999999999999998,14.132056858952556,78.21203838859047
2.669999999999987,205.70768552668255,1.3577447313857194,14.962221488915503,14.135916003308383,78.22254018464895
2.679999999999987,206.48861392334797,1.4045632945915203,14.999999999999998,14.139699601646692,78.2330581390686
2.6899999999999866,207.26962789494823,1.4517135840724622,14.98194376467983,14.14340212314169,78.24359230205069
2.6999999999999864,208.0507275275034,1.4991946270859842,14.999999999999998,14.147032716212168,78.2541427288987
2.709999999999986,208.83191290875413,1.5470054509110298,14.999999999999998,14.150593002143124,78.26470946439962
2.719999999999986,209.61318412814836,1.5951450828863667,14.963557978603138,14.154069994412755,78.27529255266143
2.7299999999999858,210.39454127701168,1.6436125496398581,14.999999999999998,14.157480367048981,78.285892050441
2.7399999999999856,211.1759844482956,1.6924068781607562,14.982494100038672,14.160818633729553,78.29650799633846
2.7499999999999853,211.95751373664388,1.7415270954804827,14.999999999999998,14.164093541665368,78.30714043404419
2.759999999999985,212.73912923825148,1.7909722292551524,14.999999999999998,14.167306542036508,78.31778939725505
2.769999999999985,213.52083105085322,1.8407413077891928,14.963891112834089,14.17044461409166,78.3284549192025
2.7799999999999847,214.3026192738956,1.890833359257549,14.999999999999998,14.173524128812108,78.33913704580043
2.7899999999999845,215.08449400828803,1.9412474127542227,14.982068882831982,14.176539267603944,78.34983580526492
2.7999999999999843,215.86645535647418,1.9919824979483656,14.999999999999998,14.179498794403207,78.36055123126393
2.809999999999984,216.6485034222895,2.04303764566491,14.999950409695927,14.182403983284528,78.37128334752713
2.819999999999984,217.4306383109333,2.094411887968361,14.999999999999998,14.185256122853863,78.38203217613598
2.8299999999999836,218.2128601289405,2.1461042582469125,14.999999999999998,14.18805645566375,78.3927977375161
2.8399999999999834,218.9951689841642,2.1981137912533484,14.981084521077857,14.190798633009445,78.40358005123169
2.849999999999983,219.77756498585498,2.250439522725249,14.999999999999998,14.193491692889099,78.41437914284704
2.859999999999983,220.56004824451412,2.303080489977977,14.998240608239543,14.196136093027352,78.42519502781843
2.869999999999983,221.34261887187708,2.3560357319356124,14.999999999999998,14.198733700867548,78.43602772081427
2.8799999999999826,222.12527698087612,2.4093042892509047,14.999999999999998,14.20128563012905,78.44687723424143
2.8899999999999824,222.9080226856257,2.4628852043309117,14.979208880223652,14.20378465511547,78.45774357988749
2.899999999999982,223.69085610151475,2.516777520900615,14.999999999999998,14.206240467089211,78.46862677642582
2.909999999999982,224.47377734505034,2.5709802846319127,14.995659091239393,14.208652367863076,78.47952683186854
2.9199999999999817,225.25678653385745,2.6254925431014056,14.999999999999998,14.211023174304453,78.49044375462731
2.9299999999999815,226.03988378662686,2.6803133459711637,14.999999999999998,14.213353879934072,78.50137754984303
2.9399999999999813,226.82306922310363,2.735441744998086,14.976475379563107,14.21563604747749,78.51232822229856
2.949999999999981,227.60634296419744,2.790876793520882,14.999999999999998,14.217880385738354,78.52329578486997
2.959999999999981,228.38970513181124,2.8466175471478046,14.992237026611383,14.220084712478963,78.53428023885515
2.9699999999999807,229.17315584846438,2.90266306352066,14.999999999999998,14.222253150615405,78.54528154700466
2.9799999999999804,229.95669476209272,2.9590122821387252,14.999999999999998,14.224386581089167,78.55625141315933
2.9899999999999802,230.74032179687586,3.0156642135351173,14.972925990564155,14.226475036406217,78.56721778031422
2.99999999999998,231.52403674169474,3.0726178349674393,14.999999999999998,14.228530589005898,78.57816679757232
3.00999999999998,232.307839314681,3.1298721072718045,14.988064108419225,14.230549279691198,78.58909117154522
3.0199999999999796,233.0917293808509,3.187426029635838,14.999999999999998,14.232536856333288,78.60000571369774
3.0299999999999794,233.87570673437443,3.245278585127648,14.999999999999998,14.234494094502487,78.61090312512093
3.039999999999979,234.6597711637636,3.303428757038647,14.968758837093635,14.236409256285919,78.6217827276023
3.049999999999979,235.4439224741386,3.3618755337631225,14.999999999999998,14.238296040784492,78.6326461002236
3.0599999999999787,236.2281604649015,3.42061790409613,14.98334098109552,14.240148498138351,78.64349256157143
3.0699999999999785,237.0124849371848,3.479654858724735,14.999999999999998,14.241974235522159,78.65432218475529
3.0799999999999783,237.7968956165689,3.538985371139247,14.997705529043436,14.243773011165032,78.66512719338603
3.089999999999978,238.58139238459054,3.5986084562069216,14.999999999999998,14.245546437534431,78.67592333804566
3.099999999999978,239.36597504714626,3.6585231118538513,14.999999999999998,14.247295159650838,78.68670283753889
3.1099999999999777,240.15064340096015,3.7187283357482492,14.978446061018264,14.249011186317084,78.69746466444522
3.1199999999999775,240.93539726588446,3.7792231329624997,14.999999999999998,14.250704073036465,78.70821107124996
3.1299999999999772,241.72023645254345,3.840006508460812,14.99227862310616,14.252371325106976,78.7189410277158
3.139999999999977,242.50516077309624,3.9010774696452195,14.999999999999998,14.254016725131056,78.7296545969341
3.149999999999977,243.29016996334929,3.9624350068292475,14.999999999999998,14.255640836955296,78.74034392552788
3.1599999999999766,244.0752639162601,4.024078152356835,14.973063000411637,14.257233436529505,78.75102490048512
3.1699999999999764,244.8604424485224,4.086005920999876,14.999999999999998,14.258806233823275,78.76168967554477
3.179999999999976,245.6457053680415,4.148217327711006,14.986377756812372,14.260354295098102,78.7723372699219
3.189999999999976,246.4310525046188,4.210711395076729,14.999999999999998,14.261883773152329,78.78296982128231
3.1999999999999758,247.21648367921813,4.273487145982277,14.999489734481482,14.263394949804784,78.79358634649202
3.2099999999999755,248.00199871416393,4.336543606194266,14.999999999999998,14.264888510988188,78.80418690021375
3.2199999999999753,248.78759735839853,4.399879785397416,14.999999999999998,14.266364919412766,78.8147639353999
3.229999999999975,249.5732795116957,4.463494734013186,14.980346926797163,14.267816765411062,78.82533271081468
3.239999999999975,250.3590450004958,4.527387486065518,14.999999999999998,14.269252640682485,78.83588568374658
3.2499999999999747,251.14489364652997,4.591557077040871,14.992959487855307,14.27067015152896,78.8464222954786
3.2599999999999745,251.93082528486346,4.65600254830342,14.999999999999998,14.272072630134371,78.85694382232994
3.2699999999999743,252.71683974581376,4.720722942752433,14.999999999999998,14.273460475824969,78.8674497039567
3.279999999999974,253.50293686095844,4.785717306297354,14.973871981355998,14.274823626803453,78.87793999157249
3.289999999999974,254.2891163952108,4.85098466991608,14.999999999999998,14.276173299369974,78.88840781959115
3.2999999999999736,255.07537825087604,4.916524102176673,14.985998849186236,14.2775042535066,78.898867092956
3.3099999999999734,255.86172226344044,4.982334657245105,14.999999999999998,14.278822647484702,78.90931093694306
3.319999999999973,256.64814826957274,5.048415392453772,14.997931831342838,14.28012799115386,78.91973939940131
3.329999999999973,257.4346559784404,5.114765335505887,14.999999999999998,14.281421470750308,78.93013943046213
3.3399999999999728,258.2212453578119,5.181383582535766,14.999999999999998,14.282703405531208,78.94053727821517
3.3499999999999726,259.0079162478456,5.248269200360706,14.978932835945166,14.283965679562586,78.95091988686886
3.3599999999999723,259.7946684316796,5.315421243611485,14.999999999999998,14.285217333287191,78.9612813776676
3.369999999999972,260.58150181017896,5.382838799704104,14.9903944336564,14.286454811520157,78.9716336661607
3.379999999999972,261.3684162270478,5.45052094434024,14.999999999999998,14.287682377586924,78.98197086541977
3.3899999999999717,262.15541152707567,5.518466756496027,14.999999999999998,14.28890029986415,78.99229301997856
3.3999999999999715,262.9424874395362,5.586675288666438,14.971453670780088,14.29009742098074,79.00258830167698
3.4099999999999713,263.72964392823434,5.655145655023665,14.999999999999998,14.291285834685604,79.01288051758992
3.419999999999971,264.5168808413504,5.723876943578535,14.982453048335145,14.292458758735009,79.02315783357172
3.429999999999971,265.30419798293343,5.792868233666873,14.999999999999998,14.29362370073561,79.03341568846153
3.4399999999999706,266.09159524863907,5.862118630937405,14.993267352307706,14.294778184690575,79.04366334898712
3.4499999999999704,266.8790724898666,5.93162723277497,14.999999999999998,14.295925213895044,79.05389624684669
3.45999999999997,267.6666295590096,6.001393139927588,14.999999999999998,14.297064990774889,79.06411442354849
3.46999999999997,268.45426620807143,6.071415430612511,14.974413607093043,14.298187477400196,79.07430759343532
3.47999999999997,269.2419823930368,6.1416932371924275,14.999999999999998,14.299303476743843,79.08449646764328
3.4899999999999696,270.0297779694045,6.212225669770303,14.984777439713417,14.30040707565408,79.09467075536294
3.4999999999999694,270.81765276452984,6.283011833994716,14.999999999999998,14.301504758357128,79.1048275290044
3.509999999999969,271.6056066651056,6.354050853733947,14.994960537212467,14.302594668954212,79.11497277747515
3.519999999999969,272.39363952957285,6.425341848749677,14.999999999999998,14.303679052582984,79.12510356712104
3.5299999999999687,273.18175121728643,6.496883942213202,14.999999999999998,14.304758057632654,79.13521993701167
3.5399999999999685,273.9699415053425,6.568676239440707,14.976191484763586,14.305822304493221,79.1453134510874
3.5499999999999683,274.75821033829493,6.640717890758603,14.999999999999998,14.306881807112449,79.15540111254909
3.559999999999968,275.5465575783579,6.713008028857852,14.985934197881626,14.307931065222249,79.16547448107173
3.569999999999968,276.33498307854785,6.785545786882852,14.999999999999998,14.308976034594306,79.17553256461598
3.5799999999999677,277.1234867130759,6.858330306563709,14.99549993221185,14.3100150279322,79.18557747274212
3.5899999999999674,277.91206834686545,6.931360730365944,14.999999999999998,14.31105002059061,79.19560820846996
3.5999999999999672,278.700727845682,7.004636204179872,14.999999999999998,14.312081116151653,79.20562480886589
3.609999999999967,279.48946501403645,7.078155861419629,14.976810808771015,14.313099138964937,79.21562098124502
3.619999999999967,280.27827978166147,7.151918869847406,14.999999999999998,14.3141138033585,79.22560943505643
3.6299999999999666,281.06717201696966,7.225924384914681,14.985944976197567,14.315119571854686,79.23558387429075
3.6399999999999664,281.85614158927217,7.300171565119755,14.999999999999998,14.31612235521265,79.24554434083986
3.649999999999966,282.64518825585594,7.374659543587509,14.99490582279264,14.317120188906259,79.25547936787648
3.659999999999966,283.4343120005391,7.449387514075888,14.999999999999998,14.318115256090403,79.265412002718
3.6699999999999657,284.22351269502667,7.524354645208068,14.999999999999998,14.319107622402777,79.27533077382274
3.6799999999999655,285.0127901732665,7.5995600991267525,14.97629354903729,14.320087868253706,79.28523178724868
3.6899999999999653,285.8021443472336,7.67500306033347,14.999999999999998,14.321065886358442,79.29512294932334
3.699999999999965,286.59157509109684,7.750682706958149,14.984830461376932,14.322035657971734,79.30500036376574
3.709999999999965,287.3810822798706,7.8265982201304105,14.999999999999998,14.323003521501802,79.31486407135021
3.7199999999999647,288.17066570198057,7.902748762080471,14.993197756236174,14.323966795024814,79.32470520021977
3.7299999999999645,288.9603253213297,7.979133542668781,14.999999999999998,14.324928336777404,79.33454160302311
3.7399999999999642,289.75006101515976,8.055751753040896,14.999999999999998,14.325888179246366,79.34436440414883
3.749999999999964,290.53987264908744,8.13260258451923,14.97465084522886,14.326836213426754,79.3541723784242
3.759999999999964,291.32976011431543,8.209685237402404,14.999999999999998,14.327782981811412,79.36396809004741
3.7699999999999636,292.1197232903906,8.286998912215145,14.982600678779207,14.328721542382183,79.3737503125461
3.7799999999999634,292.9097620576647,8.364542812393713,14.999999999999998,14.329659127778122,79.3835190861968
3.789999999999963,293.69987623790263,8.4423161295984,14.990384445159759,14.33059190010735,79.39326839739665
3.799999999999963,294.49006577218057,8.520318088760895,14.999999999999998,14.331523854548852,79.40301037842312
3.8099999999999627,295.28033054293326,8.598547903162288,14.998005014655375,14.332454195422345,79.4127390129638
3.8199999999999625,296.0706704332668,8.677004789384984,14.999999999999998,14.333383751394,79.42245433428852
3.8299999999999623,296.8610852218702,8.755687940505426,14.999999999999998,14.33431252193414,79.43214565358356
3.839999999999962,297.65157489829323,8.834596606361542,14.97953153185696,14.335232318187346,79.44183445002984
3.849999999999962,298.4421393477318,8.913730012929134,14.999999999999998,14.336151627058996,79.45151003921457
3.8599999999999617,299.232778427012,8.993087382066033,14.986740835382207,14.337065133925215,79.46116949311832
3.8699999999999615,300.0234920517096,9.072667953350226,14.999999999999998,14.337978326403094,79.47081877068399
3.8799999999999613,300.81428010899515,9.152470962303738,14.993788355803073,14.338888702568859,79.48045494230138
3.889999999999961,301.6051424866942,9.23249564757611,14.999999999999998,14.339798820919752,79.49007804202913
3.899999999999961,302.3960790001982,9.312741232430183,14.999999999999998,14.3407086608471,79.49968064605115
3.9099999999999606,303.1870896116392,9.393206980539942,14.97535982347465,14.341608345274727,79.50927769959159
3.9199999999999604,303.97817421082874,9.473892139653001,14.999999999999998,14.342508072348247,79.51886178612114
3.92999999999996,304.7693326881742,9.554795960747937,14.982002683829462,14.343400612166226,79.52843293711578
3.93999999999996,305.560564818778,9.635917667906334,14.999999999999998,14.344293398027922,79.5379793477412
3.9499999999999598,306.3518706104119,9.717256547532902,14.988488607728094,14.34518178744206,79.54752473912814
3.9599999999999596,307.14324995541347,9.798811859542335,14.999999999999998,14.34607051684388,79.55705729928111
3.9699999999999593,307.93470270772343,9.880582857111802,14.994811549639172,14.346957468668855,79.5665730808197
3.979999999999959,308.72622879982123,9.962568816348947,14.999999999999998,14.347844752821565,79.57608007332522
3.989999999999959,309.51782812575294,10.044769006688808,14.999999999999998,14.348732325511042,79.58557432772984
3.9999999999999587,310.3095005801254,10.127182700709666,14.97642745960689,14.349610714159644,79.59505587498923
4.009999999999959,311.10124597799415,10.209809152998906,14.999999999999998,14.350489652214515,79.6045165593173
4.019999999999959,311.89306429552244,10.292647662192502,14.982355985375186,14.351362030237294,79.61397280495312
4.0299999999999585,312.68495542921846,10.375697509257476,14.999999999999998,14.352235114714853,79.6234164504336
4.039999999999958,313.47691927343794,10.458957977624017,14.988124604828148,14.353104097954247,79.6328472518433
4.049999999999958,314.2689557285007,10.542428354925248,14.999999999999998,14.353973848369739,79.6422657911734
4.059999999999958,315.06106469255934,10.62610793125352,14.993736301651303,14.354841799723152,79.65167182404149
4.069999999999958,315.8532460643183,10.709995999667113,14.999999999999998,14.35571048984283,79.66106538228539
4.079999999999957,316.64549970062393,10.794091845504289,14.99919144595378,14.35657953362225,79.67044216813507
4.089999999999957,317.43782554357944,10.878394778784688,14.999999999999998,14.357449205498144,79.67981086666867
4.099999999999957,318.23022349339647,10.962904101863003,14.999999999999998,14.35831944500613,79.68916717856602
4.109999999999957,319.0226934507909,11.047619120124265,14.980841286672847,14.359182528968756,79.69851113363059
4.119999999999957,319.81523523603573,11.132539120735984,14.999999999999998,14.36004634459267,79.70783448714397
4.129999999999956,320.60784883207685,11.21766343523472,14.985909583759225,14.360905190442367,79.71715383454658
4.139999999999956,321.40053414132086,11.302991377233042,14.999999999999998,14.361764846180696,79.72646092590304
4.149999999999956,322.1932910639971,11.388522262684369,14.990820818385021,14.362621571421691,79.73575551891157
4.159999999999956,322.9861195061804,11.474255411670482,14.999999999999998,14.363479105564481,79.74503818858149
4.1699999999999555,323.7790193717558,11.560190146604382,14.995577925638932,14.364335609681076,79.7543086922358
4.179999999999955,324.571990565101,11.64632579277626,14.999999999999998,14.365192848823627,79.76356706020306
4.189999999999955,325.3650329512218,11.732661668258753,14.999999999999998,14.366050753405087,79.77280925099456
4.199999999999955,326.1581464752757,11.819197114362094,14.977236631461095,14.36690014960808,79.7820434351938
4.209999999999955,326.95133104317716,11.905931464610733,14.999999999999998,14.367750411219212,79.79126557901083
4.2199999999999545,327.74458656129434,11.992864055447814,14.981610187795598,14.3685941075281,79.80047571117487
4.229999999999954,328.5379128604893,12.079994206269092,14.999999999999998,14.369438792229875,79.80966609230514
4.239999999999954,329.33130992426436,12.167321278206126,14.98583356568628,14.37027871962378,79.81885230319453
4.249999999999954,330.1247776605295,12.254844615600861,14.999999999999998,14.371119687501086,79.82802659983903
4.259999999999954,330.9183159776257,12.342563565697608,14.989902931771686,14.371957575330358,79.83718901025823
4.269999999999953,331.71192467297567,12.430477449823195,14.999999999999998,14.37279649064876,79.84632817838876
4.279999999999953,332.50560376731625,12.518585649059002,14.993824242912494,14.373633880604842,79.85546691153145
4.289999999999953,333.299353170363,12.606887518881154,14.999999999999998,14.374472225530813,79.86459384803496
4.299999999999953,334.0931727602925,12.695382409440283,14.99759149337747,14.375310480123304,79.87370574919406
4.3099999999999525,334.88706247963273,12.784069689984923,14.999999999999998,14.376149562941421,79.88280917722662
4.319999999999952,335.68102223934693,12.87294872447538,14.999999999999998,14.376989394200338,79.89190089223021
4.329999999999952,336.4750519508148,12.962018879644328,14.979235831677038,14.377821589949136,79.90098092236548
4.339999999999952,337.2691514600917,13.0512795075732,14.999999999999998,14.378654685390213,79.91004256863013
4.349999999999952,338.06332074542564,13.140729996751716,14.982629600118747,14.379481649300676,79.91909933064409
4.3599999999999515,338.85755971966654,13.230369721235686,14.999999999999998,14.380309604630057,79.92814450547174
4.369999999999951,339.65186829605875,13.320198057841688,14.985872216442472,14.381132813890629,79.93717812054544
4.379999999999951,340.4462462893995,13.410214360407416,14.999999999999998,14.381957051946065,79.94619009256401
4.389999999999951,341.24069371279614,13.500418036051443,14.98896901589994,14.3827778181532,79.95520068396083
4.399999999999951,342.035210480819,13.59080846918208,14.999999999999998,14.383599601127738,79.96419980659898
4.40999999999995,342.8297964895768,13.681385042106516,14.99191475343375,14.38441907787017,79.97318556093423
4.41999999999995,343.6244516732962,13.772147149266067,14.999999999999998,14.385239514661938,79.98216183051406
4.42999999999995,344.419175947724,13.86309418301868,14.994713267210154,14.386058708458002,79.99112671497637
4.43999999999995,345.21396922901005,13.9542255382809,14.999999999999998,14.386878765404013,80.00008024304753
4.4499999999999496,346.0088313831054,14.045540599683063,14.997363864592801,14.38769854431232,80.00901727005514
4.459999999999949,346.80376237749874,14.13703878029415,14.999999999999998,14.388519053607554,80.01794816803928
4.469999999999949,347.5987621294434,14.228719482973485,14.999868961953272,14.389340156728633,80.02686779050458
4.479999999999949,348.3938305565512,14.320582113216188,14.999999999999998,14.390161825646802,80.03577616409027
4.489999999999949,349.18896749531916,14.412626058234732,14.999999999999998,14.39098397967976,80.04466498198454
4.4999999999999485,349.9841729456,14.504850749448698,14.981448802732885,14.39179911940849,80.0535509409713
4.509999999999948,350.77944682621063,14.597255599624086,14.999999999999998,14.392614861737195,80.06242573875869
4.519999999999948,351.57478905549846,14.689840023873327,14.983586553297533,14.393424558766307,80.07128931783852
4.529999999999948,352.3701995539221,14.782603439859795,14.999999999999998,14.394234937292946,80.08014187974536
4.539999999999948,353.16567824146165,14.875545267584744,14.98557880629475,14.395040143734787,80.08898336666333
4.549999999999947,353.96122503853763,14.968664929218233,14.999999999999998,14.395846076080936,80.09781381040168
4.559999999999947,354.756839835436,15.06196184164249,14.987426044355548,14.39664761794116,80.1066301195761
4.569999999999947,355.55252258382865,15.155435439523826,14.999999999999998,14.397449899513392,80.1154385615292
4.579999999999947,356.34827320522766,15.249085152287323,14.989129692626994,14.398248484954706,80.1242360436313
4.589999999999947,357.1440916215475,15.342910411586308,14.999999999999998,14.399047796984783,80.13302259595284
4.599999999999946,357.9399776956783,15.436910636335876,14.990688436173267,14.3998440230527,80.14179217164343
4.609999999999946,358.7359314096331,15.531085278055846,14.999999999999998,14.400640939215616,80.15055694763367
4.619999999999946,359.5319526863586,15.625433775629064,14.992105359199327,14.401435300108712,80.15931087490779
4.629999999999946,360.32804144917264,15.71995557020247,14.999999999999998,14.402230294524792,80.16805398213265
4.6399999999999455,361.124197534237,15.814650082916724,14.993377409083296,14.403023186881418,80.17677734376487
4.649999999999945,361.92042095306726,15.909516781935748,14.999999999999998,14.403816639366598,80.18549889328672
4.659999999999945,362.7167116299647,16.004555115572547,14.99450929965795,14.404608370582961,80.19420970208786
4.669999999999945,363.5130694834267,16.099764532839217,14.999999999999998,14.405400574655086,80.2029091683619
4.679999999999945,364.30949444456013,16.195144488303157,14.995496478684863,14.406191366884409,80.2115985765549
4.689999999999944,365.1059864386535,16.2906944372434,14.999999999999998,14.406982533762768,80.22027732420995
4.699999999999944,365.90254539129785,16.38641383732152,14.996341494461046,14.407772530745941,80.22894543674704
4.709999999999944,366.6991711952935,16.482302139964958,14.999999999999998,14.408562795972747,80.2375995513031
4.719999999999944,367.49586380999324,16.578358815905997,14.99704586670394,14.409352069062871,80.24624647358789
4.729999999999944,368.2926231619308,16.67458332970156,14.999999999999998,14.410141498384565,80.25488283930892
4.739999999999943,369.08944917793565,16.770975148236843,14.99760803243131,14.410930051013153,80.26350867378521
4.749999999999943,369.8863417257786,16.867533725392782,14.999999999999998,14.411718644714941,80.27211792584086
4.759999999999943,370.6833007922988,16.96425854774329,14.998031047362348,14.412506418515125,80.28072277747883
4.769999999999943,371.4803263052345,17.061149088962317,14.999999999999998,14.413294117416731,80.2893171753337
4.7799999999999425,372.27741819261416,17.158204824996336,14.998311815630364,14.414080995535059,80.29790114465243
4.789999999999942,373.07457629784403,17.25542521217865,14.999999999999998,14.4148676841766,80.30646601722393
4.799999999999942,373.8718006345152,17.35280975257103,14.998454897460968,14.415653497523971,80.31502920924471
4.809999999999942,374.6690911315409,17.450357928771115,14.999999999999998,14.416439010303964,80.3235820495729
4.819999999999942,375.46644771505646,17.548069224805953,14.9984557122535,14.41722353977362,80.33212424979484
4.8299999999999415,376.26387031761936,17.645943128434563,14.999999999999998,14.41800766304736,80.34065646294685
4.839999999999941,377.0613588690048,17.74397912882422,14.998317149225844,14.418790644635171,80.3491784004814
4.849999999999941,377.8589132992807,17.84217671727493,14.999999999999998,14.419573121752228,80.35769008814847
4.859999999999941,378.656533511239,17.940535380163602,14.998039395514102,14.420354250341555,80.36618872944153
4.869999999999941,379.454219463093,18.039054620081927,14.999999999999998,14.421134785315386,80.37467999434493
4.87999999999994,380.2519710857607,18.137733934728278,14.99762373157986,14.421913718693682,80.38316108539426
4.88999999999994,381.0497883104527,18.23657282386373,14.999999999999998,14.42269198008146,80.39163202850817
4.89999999999994,381.8476710172652,18.335570776143268,14.997068923218238,14.423468341681408,80.40008758614718
4.90999999999994,382.6456191893986,18.43472730857561,14.999999999999998,14.424243965289952,80.40853831123691
4.9199999999999395,383.4436327589048,18.534041927143235,14.996377685363074,14.425017348439088,80.4169789644765
4.929999999999939,384.2417116581319,18.633514139810373,14.999999999999998,14.425789941398369,80.42540957212519
4.939999999999939,385.03985574512086,18.733143437419233,14.995547405447663,14.426559911091186,80.43382252121788
4.949999999999939,385.8380650274107,18.832929350969014,14.999999999999998,14.427329053645618,80.44223311648129
4.959999999999939,386.6363394381851,18.93287139446583,14.994582199678684,14.428095151042855,80.45063374240581
4.9699999999999385,387.4346789109302,19.032969083806734,14.999999999999998,14.428860400835983,80.45902442574977
4.979999999999938,388.23308328226324,19.133221911915225,14.993478118416448,14.429622144115767,80.46739524226284
4.989999999999938,389.03155258343384,19.23362942334741,14.999999999999998,14.430383037112957,80.4757661202322
4.999999999999938,389.8300867487599,19.33419113986292,14.9922406459246,14.431139926234053,80.48412713210017
5.009999999999938,390.6286856981294,19.434906581218517,14.999999999999998,14.431895981233692,80.49247679513134
5.019999999999937,391.4273493811814,19.535775276710847,14.990864969934364,14.43264749808868,80.50081815463078
5.029999999999937,392.2260777331219,19.636796753610465,14.999999999999998,14.433398216964076,80.509149727752
5.039999999999937,393.0248706894104,19.737970541152773,14.989353512132327,14.434143828583972,80.51747153890531
5.049999999999937,393.82372814947416,19.83929616089759,14.999999999999998,14.434888699347496,80.52577989166866
5.0599999999999365,394.6226500857269,19.940773154998663,14.987708250737612,14.435627860683978,80.53408226071856
5.069999999999936,395.42163643453523,20.042401057950777,14.999999999999998,14.436366360198809,80.54237494887717
5.079999999999936,396.2206871325111,20.144179406185064,14.985927566121585,14.437098515275753,80.55065798024509
5.089999999999936,397.01980205922456,20.24610772292644,14.999999999999998,14.437830110343098,80.55892550487322
5.099999999999936,397.818981209286,20.348185562756694,14.984014709992875,14.438554695303731,80.56718930664908
5.1099999999999355,398.6182245202382,20.45041246710488,14.999048405618781,14.439278465010313,80.57544353426789
5.119999999999935,399.41753192985675,20.552787979327107,14.999999999999998,14.44000175517543,80.58368821132068
5.129999999999935,400.2169032983116,20.655311624671317,14.996934100795855,14.440723281692646,80.59191538609949
5.139999999999935,401.01633864173215,20.75798297015964,14.999999999999998,14.441444259982664,80.60014103550282
5.149999999999935,401.8158378985936,20.860801564836486,14.994689436839339,14.442162510002163,80.60835720527318
5.159999999999934,402.61540100763256,20.963766959507282,14.999999999999998,14.442880180030928,80.61656392056132
5.169999999999934,403.4150278100872,21.06687868169199,14.992310213855216,14.443594139358197,80.62475119067149
5.179999999999934,404.2147183429771,21.170136310732588,14.999999999999998,14.444307524086533,80.63293907261605
5.189999999999934,405.0144725457616,21.273539402861935,14.989801997541901,14.445016200315537,80.64111757244561
5.199999999999934,405.81429034317455,21.377087512037583,14.999999999999998,14.445724344515652,80.64928517800827
5.209999999999933,406.6141716902122,21.48078020177062,14.987159925803734,14.44642676512386,80.65744499070254
5.219999999999933,407.4141165271517,21.584617033242395,14.999999999999998,14.44712873360398,80.6655954987206
5.229999999999933,408.2141247944864,21.688597569466452,14.984386421852268,14.447823947200439,80.67373672499218
5.239999999999933,409.0141963989477,21.792721366092664,14.997899852955994,14.448517985893716,80.68186520459089
5.2499999999999325,409.8143313156773,21.896987998070145,14.999999999999998,14.449211660666474,80.689987948553
5.259999999999932,410.61452948591375,22.001397033473154,14.994931803731578,14.449902884994644,80.69810148470533
5.269999999999932,411.414790851134,22.10594804207378,14.999999999999998,14.450593703288522,80.70620583719516
5.279999999999932,412.21511530038396,22.210640581893628,14.991832910741403,14.451280790736874,80.71429563349926
5.289999999999932,413.01550282826867,22.31547423957183,14.999999999999998,14.451967478292,80.72238169030871
5.299999999999931,413.8159533769287,22.420448590081413,14.988606108285861,14.452649150489123,80.73045863334785
5.309999999999931,414.61646688878454,22.52556320988597,14.999999999999998,14.453330476668818,80.73852648893606
5.319999999999931,415.4170432357815,22.630817659007008,14.985248724215994,14.454005497277818,80.74657803465864
5.329999999999931,416.2176824315592,22.736211535142285,14.99774200997849,14.454679369860388,80.75462778951709
5.339999999999931,417.01838441924275,22.84174441965224,14.999999999999998,14.455352969546176,80.76266852905778
5.34999999999993,417.81914914214593,22.947415895675483,14.994191977216234,14.456023912546344,80.7707002749868
5.35999999999993,418.6199764555894,23.053225525224068,14.999999999999998,14.456694548820687,80.77871400698866
5.36999999999993,419.4208663915787,23.1591729173762,14.9905165808755,14.457361025508089,80.78672783773767
5.37999999999993,420.22181889409813,23.265257660141607,14.999999999999998,14.458027218003005,80.7947327453763
5.3899999999999295,421.0228339019119,23.371479341868096,14.98671105108554,14.458687750864907,80.80272819723916
5.399999999999929,421.8239113648812,23.477837555059295,14.998423868153974,14.4593474470648,80.81071532851237
5.409999999999929,422.6250512276443,23.584331892544775,14.999999999999998,14.460006898702863,80.81869360640134
5.419999999999929,423.42625343501714,23.69096194888457,14.99442776527371,14.46066381634571,80.82666305212602
5.429999999999929,424.2275179097868,23.79772731447797,14.999999999999998,14.461320452205586,80.83462140804423
5.4399999999999284,425.02884461942244,23.904627592858393,14.990305736982059,14.461972869207125,80.84257325773933
5.449999999999928,425.8302335093797,24.01166238331197,14.999999999999998,14.462625030338664,80.85051634432119
5.459999999999928,426.63168452529123,24.11883128680827,14.986056852014633,14.463271298548387,80.85845068898323
5.469999999999928,427.4331975744392,24.226133895662965,14.997004821015638,14.46391620059446,80.86637235720654
5.479999999999928,428.2347726415693,24.33356982366589,14.999999999999998,14.464560916977126,80.87428929335432
5.489999999999927,429.03640967294575,24.441138676402904,14.992568575930033,14.465202413898915,80.88219755627162
5.499999999999927,429.8381086150525,24.548840060940552,14.999999999999998,14.465843714012482,80.89009716933091
5.509999999999927,430.6398693599788,24.656673571926365,14.9880060196436,14.46647995900544,80.8979825580528
5.519999999999927,431.4416919092258,24.764638833389895,14.998417775059297,14.467115431498431,80.90586493969003
5.5299999999999265,432.24357620986854,24.872735457023552,14.999999999999998,14.46775072579497,80.91373873813241
5.539999999999926,433.0455222091428,24.980963056170726,14.99366821188636,14.468383248329372,80.92160397379445
5.549999999999926,433.8475297844218,25.089321227571844,14.999999999999998,14.469015566048395,80.92945348353149
5.559999999999926,434.64959895341866,25.197809605613962,14.988796465910696,14.469643137614819,80.93730166156469
5.569999999999926,435.4517296639768,25.306427808067642,14.998675592715854,14.470270021689261,80.94514134429225
5.5799999999999255,436.2539218641017,25.41517545430605,14.999999999999998,14.47089670669449,80.95297255219478
5.589999999999925,437.0561754168009,25.524052143340832,14.993616148870725,14.471520579368438,80.96078657187292
5.599999999999925,437.85849035564,25.633057519409586,14.999999999999998,14.472144229381396,80.9686008954276
5.609999999999925,438.66086662913585,25.74219120653179,14.988435889308846,14.472762972217906,80.9764068067945
5.619999999999925,439.4633041836078,25.851452829375532,14.997790592528416,14.473380663142034,80.98420408039046
5.629999999999924,440.2658029704116,25.960842015405692,14.999999999999998,14.473998158534236,80.99199323648334
5.639999999999924,441.0683629386153,26.070358393043573,14.992423607574121,14.474612368667795,80.99977404499857
5.649999999999924,441.8709840374903,26.180001592085507,14.999999999999998,14.47522637834944,81.00754652842333
5.659999999999924,442.6736661995213,26.28977123951041,14.986934113598021,14.475834902443136,81.01530896926168
5.6699999999999235,443.47640939132276,26.399666972209644,14.995771371842608,14.476441611489538,81.02306486730338
5.679999999999923,444.27921356273345,26.509688424195147,14.999999999999998,14.477048198880844,81.03081250557875
5.689999999999923,445.08207866373607,26.619835231028304,14.99009897108623,14.477650643821375,81.03855190361367
5.699999999999923,445.8850046134752,26.730107021533907,14.998628093302644,14.478252445323683,81.04627989894392
5.709999999999923,446.6879913933658,26.840503442033796,14.999999999999998,14.478854111588527,81.05400288315411
5.7199999999999225,447.4910389538907,26.951024132428238,14.99277455764369,14.47945269277174,81.06171768907419
5.729999999999922,448.2941472457235,27.061668733955955,14.999999999999998,14.480051127637301,81.06942433851167
5.739999999999922,449.09731617488455,27.17243687779603,14.986799154118486,14.480644076722884,81.07711825537102
5.749999999999922,449.9005457372462,27.283328219324016,14.994821900804503,14.48123488643103,81.08480865597481
5.759999999999922,450.70383588402905,27.39434240382337,14.999999999999998,14.481825643577892,81.09249096423488
5.769999999999921,451.50718656658836,27.50547907807955,14.988665801877357,14.48241175337975,81.10016519916647
5.779999999999921,452.31059767832414,27.616737875044457,14.996385651654105,14.48299641158551,81.10782541546614
5.789999999999921,453.1140692291694,27.728118459024653,14.999999999999998,14.483581055245677,81.1154835716001
5.799999999999921,453.9176011709796,27.839620480905833,14.990051435171281,14.484161643232916,81.12313371615296
5.809999999999921,454.7211934558124,27.951243592791513,14.997471955871783,14.484741230534372,81.13077587142077
5.81999999999992,455.5248459646667,28.06298742982165,14.999999999999998,14.485320803581219,81.1384027512271
5.82999999999992,456.3285587211115,28.17485166525763,14.990959102471074,14.485896684683217,81.14602898735711
5.83999999999992,457.1323316776643,28.286835955333856,14.998082483206725,14.486471796924976,81.15364729385318
5.84999999999992,457.9361647869768,28.398939957713058,14.999999999999998,14.487046874197045,81.16125768964139
5.8599999999999195,458.7400579179359,28.51116330983672,14.991389270735244,14.487618411754264,81.16885158514482
5.869999999999919,459.54401110744277,28.623505693551163,14.998220100124907,14.48818921021126,81.17644622036765
5.879999999999919,460.3480243085896,28.735966770605156,14.999999999999998,14.48875994740207,81.18403300344568
5.889999999999919,461.15209747300037,28.848546203770965,14.991349367683119,14.489327103672698,81.19161178949206
5.899999999999919,461.95623055566415,28.96124365783604,14.997884881550048,14.489893363113596,81.19918292613153
5.909999999999918,462.76042351011006,29.07405879856318,14.999999999999998,14.490459543590633,81.20674626887566
5.919999999999918,463.5646762899866,29.186991293129314,14.99083728374943,14.491021921469112,81.21430183582744
5.929999999999918,464.36898883530046,29.300040806298945,14.997081922538541,14.491583072881967,81.22184822922496
5.939999999999918,465.1733611138578,29.413207011300067,14.999999999999998,14.492144149358817,81.22938830656548
5.949999999999918,465.9777930797452,29.526489579208963,14.989858599996499,14.492701036106936,81.23692066625254
5.959999999999917,466.78228468724126,29.639888182216616,14.995814501113886,14.493256208515474,81.24444532986037
5.969999999999917,467.58683586500854,29.753402487147312,14.999999999999998,14.493811343719257,81.25195967301886
5.979999999999917,468.39144659335403,29.867032175469443,14.988416160564103,14.494361749420824,81.25946900127289
5.989999999999917,469.19611682701276,29.980776923100805,14.99408541285019,14.494909807110519,81.2669706922889
5.9999999999999165,470.0008465208706,30.094636407189846,14.999659582594123,14.495457773853573,81.27446476560651
6.009999999999916,470.80563559253267,30.208610296602128,14.999999999999998,14.496005730394478,81.28194740128093
6.019999999999916,471.61048403450957,30.322698280827773,14.992029015793268,14.496550429428758,81.28942629255675
6.029999999999916,472.41539180206934,30.43690004090846,14.997319283226863,14.49709404739118,81.29689762122668
6.039999999999916,473.22035885060313,30.551215259182555,14.999999999999998,14.497637637446982,81.3043614054191
6.0499999999999154,474.0253850868809,30.665643606729873,14.98951400629924,14.49817694713695,81.31181266076318
6.059999999999915,474.830470515346,30.78018478078545,14.994523782419304,14.498714078664474,81.31926141332603
6.069999999999915,475.63561509182557,30.894838467282735,14.999438616249693,14.499251019978187,81.32670267887697
6.079999999999915,476.44081877224914,31.009604353492605,14.999999999999998,14.499787944696683,81.33413647449659
6.089999999999915,477.2460814528569,31.124482112547156,14.991403009814043,14.500321356223408,81.34155667953712
6.099999999999914,478.0514031496779,31.239471449473545,14.996040334625247,14.500853180164277,81.34897559142736
6.109999999999914,478.8567838190396,31.354572055176032,14.999999999999998,14.501385000975686,81.35638708881821
6.119999999999914,479.6622234173719,31.469783621861236,14.98783280147352,14.501911894059278,81.36379118869279
6.129999999999914,480.46772183071096,31.58510582443891,14.99219105768395,14.502435726144142,81.37118066608014
6.1399999999999135,481.2732790864679,31.700538375295533,14.996459414572598,14.502958260727452,81.37857003535123
6.149999999999913,482.07889514154084,31.816080969921813,14.999999999999998,14.503480905903913,81.38595206571374
6.159999999999913,482.88456995292506,31.931733305099673,14.988023863022766,14.503998811159782,81.39332677382492
6.169999999999913,483.6903033966773,32.04749505757826,14.992015488341599,14.504513691458666,81.40068585200842
6.179999999999913,484.49609551130834,32.16336594700269,14.99591840207024,14.505027164535761,81.40804597934795
6.1899999999999125,485.3019462542709,32.27934567338624,14.999728059112007,14.505540751896904,81.41539884231078
6.199999999999912,486.10785558310477,32.3954339380399,14.999999999999998,14.506054503912512,81.42274445704813
6.209999999999912,486.91382336402285,32.51163041989721,14.991009460785335,14.506564763535854,81.43007345409866
6.219999999999912,487.7198496462873,32.627934846041555,14.994550357127203,14.50707302064566,81.43740462722124
6.229999999999912,488.52593438781463,32.744346921211864,14.997998519627227,14.507580674023389,81.44472860588984
6.239999999999911,489.33207753652545,32.86086634876128,14.999999999999998,14.508088492519285,81.45204437028076
6.249999999999911,490.1382790606238,32.97749283849861,14.989055145026434,14.50859203783577,81.45935400965169
6.259999999999911,490.944538918386,33.09422609858195,14.992234320136623,14.509092684446474,81.46665650733539
6.269999999999911,491.75085706823177,33.21106583821014,14.995324253637355,14.50959172174536,81.47395188200353
6.2799999999999105,492.5572334486061,33.32801176251553,14.998325160690822,14.510090356684412,81.48123808811609
6.28999999999991,493.36366803823836,33.44506358820654,14.999999999999998,14.510589221452584,81.4885192682367
6.29999999999991,494.1701607958391,33.562221028062915,14.989102435636502,14.511083895621878,81.49579337463291
6.30999999999991,494.97671168028666,33.679483795786425,14.99183745857787,14.511575574284345,81.50306042703708
6.31999999999991,495.7833206207354,33.796851598356,14.994484263961812,14.512065374453787,81.5103173771223
6.3299999999999095,496.58998760620943,33.91432415924124,14.997043950241048,14.512554337881989,81.51757037686318
6.339999999999909,497.39671259594434,34.03190119540051,14.999514963503195,14.513043432723558,81.52481637481529
6.349999999999909,498.2034955492521,34.149582425016604,14.999999999999998,14.513532796892083,81.53205538633043
6.359999999999909,499.01033638609215,34.26736755727128,14.989958676101573,14.514018352123914,81.53928337758305
6.369999999999909,499.817235105467,34.38525632260543,14.992168581795616,14.51450107051333,81.5465084673008
6.379999999999908,500.6241916670596,34.503248442318515,14.994290313034536,14.51498185415955,81.55372662311662
6.389999999999908,501.43120603066933,34.62134363876273,14.996325226240675,14.515461537885564,81.56093786216594
6.399999999999908,502.23827810739937,34.73954162276753,14.998273520148249,14.51594089141494,81.56813718972178
6.409999999999908,503.0454079060527,34.85784213149788,14.999999999999998,14.516420567350606,81.57533464473045
6.419999999999908,503.8525953866831,34.97624489075981,14.988388365186294,14.51689585862595,81.58252522981297
6.429999999999907,504.6598405095099,35.09474962720622,14.990077946805934,14.517367551706403,81.58970896429642
6.439999999999907,505.4671431769362,35.21335605338258,14.991681681216363,14.517836371108041,81.5968799136299
6.449999999999907,506.2745034074619,35.33206391269443,14.99320149824483,14.518302982132326,81.60405000347367
6.459999999999907,507.08192116170557,35.450872934649766,14.994634190985455,14.518767991433368,81.611213296084
6.4699999999999065,507.8893964003907,35.5697828497967,14.995981646014851,14.519231949665793,81.6183698078971
6.479999999999906,508.6969290173823,35.68879337242084,14.997244054106659,14.51969535336889,81.62551267836304
6.489999999999906,509.5045190405705,35.807904252465676,14.99842358757484,14.520158647612663,81.63265567762357
6.499999999999906,510.3121664309256,35.92711522380405,14.999516487730586,14.520622226152632,81.63979194209524
6.509999999999906,511.1198711494815,36.04642602146983,14.999999999999998,14.52108622404749,81.64692148618896
6.519999999999905,511.92763308157475,36.16583636201431,14.989085628191509,14.521546211638096,81.6540365424746
6.529999999999905,512.7354522642679,36.285346001917084,14.989927778132277,14.522002624679988,81.66115269555945
6.539999999999905,513.5433286589569,36.404954679037644,14.99068376572122,14.522455849632845,81.66826217926236
6.549999999999905,514.3512622271717,36.52466213211694,14.991356003716692,14.522906226275884,81.67536501118337
6.559999999999905,515.1592528461589,36.64446807893238,14.991944691501834,14.523354049345636,81.68245253809067
6.569999999999904,515.9673005621567,36.764372281752166,14.99245253070258,14.52379957115276,81.6895421203396
6.579999999999904,516.775405337056,36.88437448207885,14.992874746452113,14.524243001075481,81.69662510154855
6.589999999999904,517.5835671283252,37.0044744211885,14.993213990741824,14.52468450811652,81.70370103254045
6.599999999999904,518.3917859026045,37.124671843652784,14.9934705857384,14.525124222434528,81.71077086068303
6.6099999999999035,519.2000616221019,37.24496649383963,14.993644450269787,14.525562236671863,81.71783413628387
6.619999999999903,520.0083942491246,37.36535811708103,14.993735900384983,14.525998607412118,81.7248908751906
6.629999999999903,520.816783733057,37.485846456298994,14.993745118539255,14.5264333565454,81.7319397555195
6.639999999999903,521.6252300494308,37.60643126209924,14.993672672726632,14.526866472755726,81.73898346860557
6.649999999999903,522.4337331608453,37.72711228269477,14.99351797704865,14.527297912498426,81.74602069207604
6.659999999999902,523.2422930299975,37.84788926724666,14.993281591475219,14.52772760142254,81.75305144157666
6.669999999999902,524.0509095983138,37.968761960316414,14.99296369589055,14.52815543559973,81.76007353748251
6.679999999999902,524.8595828500718,38.089730118425294,14.992565104806454,14.52858128297942,81.76709138676058
6.689999999999902,525.6683127482698,38.210793493510145,14.992084740449853,14.529004984032008,81.77410280929018
6.699999999999902,526.477099256012,38.33195183840313,14.991523407159265,14.529426353147477,81.7811078209986
6.709999999999901,527.2859423069272,38.4532048991461,14.990881286599523,14.529845179740102,81.7881033985535
6.719999999999901,528.0948418939436,38.57455243791566,14.990159440115168,14.530261229681976,81.79509563786044
6.729999999999901,528.903797980505,38.6959942101141,14.989356309816744,14.530674245627349,81.80208151505498
6.739999999999901,529.7128105301782,38.81752997195589,14.98847294450764,14.531083948397026,81.80906104676033
6.7499999999999005,530.5218794689831,38.93915947067737,14.987509531406017,14.531490037970608,81.81603037902474
6.7599999999999,531.3310047984464,39.060882473734004,14.98646737868964,14.53189219490771,81.82299727169074
6.7699999999999,532.1401864825378,39.18269873962255,14.985344459061091,14.532290080367206,81.82995787021164
6.7799999999999,532.9494244853744,39.304608027544205,14.984142065591865,14.532683337486734,81.8369121922588
6.7899999999999,533.7587187255768,39.42661008554029,14.98286039429927,14.533071592272352,81.84385556535364
6.7999999999998995,534.5680692132571,39.548704685875116,14.981500999946103,14.53345445501652,81.85079739008478
6.809999999999899,535.3774759130188,39.67089158967826,14.98006139550565,14.53383152002468,81.85773299329216
6.819999999999899,536.1869387896437,39.7931705586565,14.978543117891126,14.534202366997983,81.8646623939914
6.829999999999899,536.9964577545793,39.91554134118354,14.976946374685452,14.534566561829998,81.87158011219454
6.839999999999899,537.8060328265432,40.03800371378918,14.975272966809381,14.534923658029017,81.87849716803366
6.849999999999898,538.6156639709043,40.160557439703034,14.973519956155291,14.53527319616371,81.8854080807315
6.859999999999898,539.4253511532455,40.283202282589656,14.9716891228894,14.535614705256421,81.8923128708935
6.869999999999898,540.2350942780764,40.405937990617474,14.969780688490918,14.535947703495431,81.89920526085895
6.879999999999898,541.0448933727718,40.528764343983156,14.967796699505438,14.53627169966885,81.90609787131648
6.8899999999998975,541.8547484036158,40.65168110742968,14.96573377434418,14.536586192339692,81.91298442368904
6.899999999999897,542.6646593371466,40.77468804598168,14.963593935745847,14.536890671256554,81.91986494037212
6.909999999999897,543.4746260711754,40.897784907015485,14.96137742102069,14.537184617989125,81.92673235456084
6.919999999999897,544.2846486418135,41.020971473756845,14.959086521775092,14.537467507380399,81.93360087099795
6.929999999999897,545.0947270164253,41.14424751183676,14.95671741945672,14.5377388064604,81.9404634218181
6.9399999999998965,545.9048611626718,41.26761278700712,14.954272378677258,14.53799797588054,81.94732003136603
6.949999999999896,546.7150509719039,41.3910670452302,14.951751654153298,14.53824447047952,81.95416285076877
6.959999999999896,547.5252964890753,41.51461007209803,14.94915778203384,14.538477740759628,81.96100765510788
6.969999999999896,548.3355976828058,41.63824163347911,14.946486512192017,14.538697231547765,81.96784659429022
6.979999999999896,549.1459545220573,41.76196149519765,14.943740350468495,14.538902383459169,81.9746796947322
6.989999999999895,549.9563668919535,41.88576940115695,14.94091957023553,14.539092633399967,81.9814983309572
6.999999999999895,550.7668348464192,42.00966513864013,14.938026951790032,14.539267416073384,81.98831983778749
7.009999999999895,551.5773583555133,42.133648473089266,14.935057817633954,14.539426162395388,81.9951355883524
7.019999999999895,552.3879373829886,42.25771916799891,14.93201491432397,14.539568300993022,82.00194492317178
7.0299999999998946,553.1985719063932,42.38187699007052,14.928898733814354,14.539693258730534,82.00874924768631
7.039999999999894,554.0092618969888,42.5061217039877,14.925709179632198,14.539800460977391,82.0155479033245
7.049999999999894,554.8200073264619,42.63045307409798,14.922446750352083,14.539889332109327,82.02234092032607
7.059999999999894,555.6308081526101,42.75487086065595,14.91911175413424,14.539959295913976,82.029126857148
7.069999999999894,556.4416643623396,42.87937483090103,14.915704930033161,14.54000977615709,82.03590869025665
7.0799999999998935,557.2525759286827,43.00396474792521,14.912225752376658,14.540040196613257,82.04268497881411
7.089999999999893,558.0635428251449,43.128640374320085,14.908674963146076,14.540049981611464,82.04945575530905
7.099999999999893,558.8745650037605,43.253401466442,14.905052891162047,14.540038556392174,82.05621879625566
7.109999999999893,559.6856424609839,43.37824779141243,14.901360522979973,14.54000534771865,82.06297864899817
7.119999999999893,560.4967751718095,43.50317911007996,14.897596904201585,14.539949783674896,82.06973309054095
7.129999999999892,561.307963111752,43.62819518263246,14.893763020506862,14.539871294260502,82.07648215563668
7.139999999999892,562.1192062272531,43.75329576087958,14.889859221656064,14.539769311703584,82.08322283669203
7.149999999999892,562.9305045245262,43.87848061119166,14.885886742525752,14.539643271121752,82.08996125628093
7.159999999999892,563.7418579807171,44.00374949154079,14.881844198989114,14.539492610091239,82.09669440707462
7.169999999999892,564.5532665735391,44.12910215908367,14.87773282113604,14.539316769295242,82.1034223260831
7.179999999999891,565.364730243985,44.254538360450645,14.87355297974433,14.539115192797004,82.11014121696631
7.189999999999891,566.1762490082589,44.38005786065697,14.86930615932627,14.538887328754765,82.11685878676633
7.199999999999891,566.9878228458446,44.50566041418981,14.864990543464383,14.538632628765074,82.12357123917195
7.209999999999891,567.7994517368392,44.631345774573305,14.860607607862162,14.538350548568816,82.13027861342434
7.2199999999998905,568.6111356169002,44.757113682646626,14.856157744211874,14.53804054828821,82.13697631713336
7.22999999999989,569.4228745124756,44.88296390150096,14.85164268854329,14.53770209320021,82.14367365632079
7.23999999999989,570.2346684055686,45.00889618155982,14.847060187941064,14.537334652855746,82.15036603837991
7.24999999999989,571.0465172788402,45.13491027214413,14.842411965489527,14.536937701847975,82.15705350473964
7.25999999999989,571.8584210626929,45.26100590771502,14.837698433530054,14.536510720016338,82.16373065680372
7.269999999999889,572.6703797940933,45.38718284891034,14.832921582129552,14.536053193282921,82.17040841974188
7.279999999999889,573.482393457739,45.513440841545105,14.828078715936671,14.535564612548626,82.17708139448618
7.289999999999889,574.294462039028,45.63977963020119,14.823171807816337,14.53504447452775,82.18374962459474
7.299999999999889,575.1065854631519,45.76619894240301,14.818201290348638,14.534492281922345,82.19040689207061
7.309999999999889,575.9187637778928,45.89269853584975,14.813169410863129,14.53390754432597,82.19706576743374
7.319999999999888,576.7309969708101,46.01927815124034,14.808073023818432,14.533289776896677,82.20372003195098
7.329999999999888,577.543285030204,46.14593752791982,14.802914354958796,14.532638501262324,82.21036973123765
7.339999999999888,578.3556278760597,46.27267638594822,14.79769385656337,14.531953245668053,82.2170078114815
7.349999999999888,579.1680255672943,46.3994944796479,14.792414037221041,14.531233545951958,82.22364852115756
7.3599999999998875,579.9804780944878,46.5263915441342,14.787071291546933,14.530478943993788,82.23028480544332
7.369999999999887,580.7929854489989,46.653367313058254,14.78166810202614,14.5296889886956,82.2369167119277
7.379999999999887,581.6055475455688,46.78042149852104,14.776204939982495,14.528863236104732,82.24353633117208
7.389999999999887,582.418164454593,46.90755385107986,14.770684580094157,14.528001250466158,82.25015962897169
7.399999999999887,583.2308361698207,47.03476409984131,14.76510294549897,14.527102602444922,82.25677869459396
7.4099999999998865,584.0435626824485,47.16205197147577,14.759462780107796,14.52616687018665,82.26339323133912
7.419999999999886,584.8563439912324,47.289417192805196,14.753764673511021,14.525193639459005,82.27000398156476
7.429999999999886,585.6691800923902,47.41685948817622,14.748008921550774,14.524182503665168,82.27661064937652
7.439999999999886,586.4820709829794,47.54437858030436,14.74219612091919,14.523133063975976,82.28321328558687
7.449999999999886,587.2950166486761,47.671974187085404,14.736326774402842,14.522044929415433,82.28981068424436
7.459999999999885,588.1080171004763,47.79964603105445,14.730401752046705,14.520917717089182,82.29640541177326
7.469999999999885,588.921072338003,47.92739382991047,14.724420845492894,14.519751051962421,82.30299626271871
7.479999999999885,589.7341823617492,48.05521729964149,14.718384926870986,14.518544567081966,82.30958328958957
7.489999999999885,590.5473471517047,48.183116148970065,14.712294515735527,14.517297903643357,82.31616434716832
7.4999999999998845,591.3605667315184,48.31109009590397,14.706150770100823,14.516010711311576,82.32274388565031
7.509999999999884,592.1738411043369,48.43913885119249,14.699952959738564,14.514682647758232,82.32931975999529
7.519999999999884,592.9871702742051,48.567262123805605,14.693702239550747,14.51331337897908,82.3358920242937
7.529999999999884,593.8005542152102,48.69545961293038,14.687399144885841,14.5119025793444,82.34245756005257
7.539999999999884,594.6139929640934,48.823731031862515,14.681045130280504,14.510449932017487,82.34902276891545
7.5499999999998835,595.4274865276323,48.95207608414575,14.674638923709422,14.508955128245082,82.35558453223632
7.559999999999883,596.2410349135272,49.08049447148777,14.668181971205929,14.507417867776004,82.36214290556707
7.569999999999883,597.0546380896941,49.20898588321422,14.661674822878519,14.505837858896237,82.3686937589949
7.579999999999883,597.8682961064343,49.33755002778018,14.655119239421884,14.504214818951315,82.37524552154463
7.589999999999883,598.6820089742507,49.466186601314305,14.648513384771581,14.50254847338273,82.38179406280855
7.599999999999882,599.4957767045913,49.59489529806401,14.641859005518468,14.500838556253488,82.38833943967555
7.609999999999882,600.3095992588779,49.72367579720366,14.63515666544641,14.499084810269567,82.39487646840325
7.619999999999882,601.1234767014687,49.85252780227551,14.628408442166828,14.49728698741233,82.40141568985065
7.629999999999882,601.9374090466745,49.98145100182973,14.621611910964802,14.495444847712593,82.40795191942638
7.6399999999998816,602.7513963097693,50.11044508250155,14.61476912952165,14.493558159889472,82.41448521522854
7.649999999999881,603.5654384453034,50.239509713059626,14.607880674169554,14.491626701359513,82.42100929288956
7.659999999999881,604.3795355322181,50.368644592117384,14.60094895135453,14.489650258985703,82.42753689831905
7.669999999999881,605.1936875887018,50.497849400528786,14.593970920683214,14.487628627579848,82.43406174593366
7.679999999999881,606.0078946339212,50.627123817210446,14.586948962602337,14.48556161066143,82.4405838949102
7.6899999999998805,606.8221566151199,50.75646750030559,14.579883664830717,14.483449020455433,82.44709590896409
7.69999999999988,607.6364736263808,50.885880143538564,14.572777775757984,14.481290678765154,82.45361284125913
7.70999999999988,608.4508456898263,51.01536141999438,14.565627609826668,14.479086415192269,82.46012725391448
7.71999999999988,609.2652728252457,51.14491099995122,14.558435883097262,14.476836068022623,82.4666388653194
7.72999999999988,610.0797550600711,51.27452855344749,14.551203291823764,14.474539484254157,82.47314841937657
7.739999999999879,610.8942924194047,51.40421374771954,14.543930241317819,14.47219651950162,82.47965563480508
7.749999999999879,611.7088849293468,51.53396624805368,14.536617430778294,14.46980703802062,82.48616057235193
7.759999999999879,612.5235326013836,51.66378571375852,14.529265464982629,14.46737091268879,82.49266168762627
7.769999999999879,613.3382354792401,51.79367181022241,14.521875412479346,14.46488802517229,82.49916225284986
7.779999999999879,614.1529935920211,51.9236241968896,14.514446966983975,14.462358265523521,82.5056607235477
7.789999999999878,614.967806969836,52.0536425312617,14.506981193078511,14.45978153234739,82.51215716118138
7.799999999999878,615.7826756152735,52.18372646154648,14.499478703617909,14.457157732774071,82.51864869443166
7.809999999999878,616.5975995889992,52.31387564867197,14.491940956076228,14.454486782772593,82.52514125175182
7.819999999999878,617.4125789241422,52.44408974433574,14.484366895940072,14.451768606427594,82.53163196130869
7.8299999999998775,618.22761365484,52.57436839831049,14.476757969491285,14.449003136256076,82.53812088514528
7.839999999999877,619.0427037741291,52.70471124760206,14.469114796429013,14.446190313172925,82.54460375604926
7.849999999999877,619.8578493602984,52.8351179489201,14.461439241058088,14.44333008695978,82.55108929625295
7.859999999999877,620.6730504505106,52.96558814630165,14.453729461450722,14.44042241520623,82.55757323758365
7.869999999999877,621.4883070829371,53.096121481886584,14.445987303159631,14.437467263785845,82.56405564253336
7.879999999999876,622.3036192403484,53.22671758140651,14.438213391489404,14.43446460681496,82.57053077415574
7.889999999999876,623.1189870193739,53.35737609764535,14.430410016766947,14.431414427286237,82.57701029576619
7.899999999999876,623.934410461207,53.48809666710503,14.422574507903702,14.428316715658136,82.58348846899392
7.909999999999876,624.7498896080469,53.618878924427555,14.414709128560142,14.42517147049941,82.58996535664878
7.919999999999876,625.5654244316237,53.749722484025106,14.406814508406892,14.421978698441974,82.59643367328403
7.929999999999875,626.3810150476608,53.880626995097856,14.398893384278033,14.418738414988589,82.6029081804585
7.939999999999875,627.196661501367,54.01159208677564,14.390942211615746,14.415450642733555,82.60938159081849
7.949999999999875,628.012363832466,54.14261738470815,14.382963692298407,14.412115412185319,82.61585330060699
7.959999999999875,628.8281220946542,54.27370251606546,14.374958650106283,14.408732761791743,82.62232470654182
7.9699999999998745,629.643936336135,54.404847104576326,14.366927339791111,14.40530273772988,82.6287952047315
7.979999999999874,630.4598066061056,54.536050772196475,14.358870582930289,14.401825393930357,82.63526485823267
7.989999999999874,631.2757329316548,54.667313133192735,14.350789013872973,14.398300792021615,82.64173135520575
7.999999999999874,632.0917153870746,54.79863381190571,14.342683946907993,14.394729001549202,82.64819950915253
8.009999999999874,632.907754024529,54.930012425061726,14.334554669685145,14.391110099359825,82.65466700757368
8.019999999999873,633.7238488971657,55.061448587675415,14.326402485208368,14.387444169824155,82.661133913494
8.029999999999873,634.540000018498,55.19294190265055,14.31822802882449,14.383731304776898,82.66759611450476
8.039999999999873,635.3562074842691,55.32449199196757,14.310033129494574,14.379971603940831,82.67406202551406
8.049999999999873,636.1724713505574,55.456098465607916,14.301816056234598,14.376165173885044,82.68052753290682
8.059999999999873,636.9887916744112,55.58776093191059,14.293578617205103,14.372312128457239,82.68699269955351
8.069999999999872,637.8051684547682,55.71947898245704,14.285321447545234,14.368412588719961,82.69345151497404
8.079999999999872,638.621601809717,55.85125223737941,14.27704691633899,14.36446668359084,82.69991619014613
8.089999999999872,639.4380917991924,55.983080300202886,14.268752219931432,14.360474548353722,82.70638071281462
8.099999999999872,640.2546384840833,56.11496277288694,14.260439696635979,14.35643632531179,82.71284514557611
8.109999999999872,641.0712418476921,56.2468992357506,14.252109980196254,14.35235216372064,82.71930147736175
8.119999999999871,641.8879020313849,56.378889307630175,14.243766006546755,14.348222220656442,82.72576591992333
8.129999999999871,642.7046190988851,56.51093258591244,14.235403842849173,14.344046659057561,82.73223045982516
8.139999999999871,643.5213930966087,56.64302866183852,14.22702638382196,14.339825648610434,82.7386932838757
8.14999999999987,644.3382241083991,56.77517713448255,14.218634795065977,14.33555936589724,82.74515820546765
8.15999999999987,645.1551122007713,56.907377596851916,14.210228647386465,14.331247993886972,82.75162341066898
8.16999999999987,645.9720574411599,57.03962964053914,14.201809095408041,14.326891722086389,82.75808896132034
8.17999999999987,646.7890598582572,57.17193284562001,14.193376767643494,14.322490746468599,82.76455084259142
8.18999999999987,647.6061195610016,57.30428681097741,14.184933451812057,14.318045269872563,82.7710172702097
8.19999999999987,648.4232366195541,57.43669112410001,14.176477473979043,14.313555500978568,82.77748422796164
8.20999999999987,649.2404111049733,57.56914537115641,14.168010599469055,14.309021654716263,82.78395177710426
8.21999999999987,650.0576430270073,57.70164912115965,14.15953345225509,14.304443952191368,82.79041358493122
8.229999999999869,650.8749325207291,57.83420197345547,14.151048472436733,14.299822621350144,82.79688250168209
8.239999999999869,651.6922796598521,57.96680351040203,14.14255267801409,14.295157895413658,82.80335219259865
8.249999999999869,652.5096845139253,58.09945331185488,14.134048474740517,14.290450013556592,82.80982220050706
8.259999999999868,653.3271471634404,58.2321509590325,14.12553662797303,14.285699220891958,82.81629362140832
8.269999999999868,654.1446676847082,58.36489603071252,14.117017462982817,14.280905768274936,82.82276599760806
8.279999999999868,654.9622461548921,58.49768810453177,14.108491739359204,14.276069912288198,82.82923938909067
8.289999999999868,655.7798826222338,58.63052674944158,14.099960070513136,14.271191915165735,82.83571079603973
8.299999999999867,656.5975771953648,58.763411548393826,14.091423935721389,14.266272045068913,82.84218639802343
8.309999999999867,657.4153299539634,58.89634207576575,14.08288222458577,14.261310575297832,82.84866319398049
8.319999999999867,658.2331409785317,59.02931790490307,14.074336397588874,14.256307784574096,82.85514124303172
8.329999999999867,659.0510102946284,59.16233859398541,14.06578706066339,14.251263956963497,82.86161487303174
8.339999999999867,659.8689380401742,59.29540372843777,14.057236440621763,14.246179382457766,82.86809560622794
8.349999999999866,660.6869242980978,59.42851287868108,14.048681921668008,14.241054355565327,82.87457776847747
8.359999999999866,661.5049691501316,59.56166561371347,14.040125698204925,14.235889175906108,82.8810612133823
8.369999999999866,662.3230726827757,59.6948615026504,14.031568425538888,14.230684148156968,82.88754640802809
8.379999999999866,663.1412349813162,59.82810011324652,14.023010584114921,14.225439581926,82.8940332054502
8.389999999999866,663.9594561318092,59.961381012426436,14.014452823625193,14.220155791698133,82.90052166303464
8.399999999999865,664.7777361906781,60.094703758615026,14.005895734507003,14.214833096756628,82.90700871420351
8.409999999999865,665.596075275906,60.22806792480855,13.997340787022159,14.20947182146275,82.91350066401175
8.419999999999865,666.4144734758089,60.3614730756209,13.988786817421396,14.204072294453235,82.91999444450221
8.429999999999865,667.2329308794394,60.494918774956034,13.980235275564949,14.19863484892704,82.92649011194955
8.439999999999864,668.0514475163893,60.62840457081603,13.9716867417201,14.193159822566507,82.93298153691008
8.449999999999864,668.8700235373825,60.7619300408868,13.963143537837038,14.18764755816665,82.93948114755796
8.459999999999864,669.6886590336295,60.89549474712726,13.95460278035003,14.182098402125273,82.94598281222675
8.469999999999864,670.5073540869696,61.02909824836518,13.946066755378691,14.176512705086667,82.95248555086324
8.479999999999864,671.3261088000871,61.16274010794308,13.93753632368157,14.170890821981017,82.95899148877956
8.489999999999863,672.1449232662712,61.29641988615391,13.929011473453775,14.165233111706081,82.96549964502529
8.499999999999863,672.9637975794861,61.430137142798195,13.920493054521236,14.15953993716898,82.97201007373619
8.509999999999863,673.782731791866,61.56389142649905,13.911981627182604,14.153811665207074,82.97851846198647
8.519999999999863,674.6017260412177,61.69768230680464,13.903478976702212,14.14804866700756,82.98503359787787
8.529999999999863,675.4207804234749,61.83150934222934,13.8949832224873,14.14225131702121,82.9915511666798
8.539999999999862,676.239895035209,61.965372090922685,13.88649612217822,14.136419993392261,82.99807122120266
8.549999999999862,677.0590698971894,62.099270091460184,13.878018223489214,14.130555077879539,83.00458596057184
8.559999999999862,677.8783051837099,62.233202920457366,13.869552275759723,14.124656956672835,83.01111114564875
8.569999999999862,678.6976009931986,62.367170135163846,13.861094448679252,14.118726018505804,83.01763897281323
8.579999999999862,679.5169573944672,62.50117128499693,13.852647446581434,14.112762655490888,83.02416638885406
8.589999999999861,680.3363745173673,62.63520593430888,13.844212674336118,14.106767263394204,83.03069965489149
8.599999999999861,681.1558524620971,62.76927363974158,13.83578893685365,14.100740240843242,83.03723571618471
8.60999999999986,681.9753913294251,62.90337395779967,13.827377616893353,14.094681989609207,83.04377462306053
8.61999999999986,682.7949911536954,63.03750642807207,13.818979238233567,14.088592914529002,83.0503095433875
8.62999999999986,683.6146521038115,63.17167062357429,13.810596247482833,14.082473424209226,83.05685429271395
8.63999999999986,684.434374282194,63.305866100597406,13.80222534182483,14.076323929368616,83.06340203637023
8.64999999999986,685.2541577683855,63.440092409560236,13.793868927030584,14.070144843558442,83.06995041832188
8.65999999999986,686.0740026892796,63.57434911259927,13.785528184461118,14.063936583358009,83.07650429734186
8.66999999999986,686.893909148858,63.708635766088705,13.77720228655433,14.05769956774606,83.08306131599917
8.67999999999986,687.7138772516031,63.8429519264966,13.768892395373609,14.05143421830227,83.08962152194924
8.68999999999986,688.5339070393519,63.977297134623846,13.760599008521027,14.04514095913037,83.09617847664141
8.699999999999859,689.3539986807282,64.1116709629028,13.752324429574129,14.038820217516133,83.10274520023722
8.709999999999859,690.1741522816534,64.246072968283,13.744065560033722,14.032472422366997,83.10931525171087
8.719999999999859,690.9943679262224,64.38050270237338,13.735824664058928,14.02609800488557,83.11588638781826
8.729999999999858,691.8146457435633,64.51495972813602,13.727602861337278,14.01969739875257,83.12246323339124
8.739999999999858,692.6349858409443,64.64944360330045,13.719399364708687,14.013271039528163,83.12904354377658
8.749999999999858,693.4553883260612,64.78395388592254,13.711215274590982,14.006819364840776,83.13562736379403
8.759999999999858,694.2758532419384,64.91849011818869,13.7030510603927,14.000342814311969,83.14220805208882
8.769999999999857,695.096380762223,65.05305187501547,13.69490904705052,13.993841830236262,83.14879902588082
8.779999999999857,695.9169709958321,65.1876387156377,13.686786008578702,13.987316855981987,83.1553936412557
8.789999999999857,696.7376240250151,65.32225019301364,13.678684229084737,13.980768336687136,83.161989162627
8.799999999999857,697.5583399865197,65.4568858740148,13.670604932889649,13.974196719498615,83.168591190857
8.809999999999857,698.3791189903897,65.59154531935266,13.662547037922279,13.967602452865828,83.17519698878888
8.819999999999856,699.1999611470227,65.7262280902969,13.654511746399368,13.960985986786884,83.18180659826555
8.829999999999856,700.0208664941151,65.86093373055789,13.64649949774562,13.954347772735668,83.18841255866839
8.839999999999856,700.8418352158287,65.99566182063583,13.638512806854823,13.947688264433012,83.19502991694223
8.849999999999856,701.6628674235606,66.13041192367331,13.630547980792501,13.9410079160694,83.20165120967394
8.859999999999856,702.4839631911152,66.26518359409803,13.622607489308916,13.934307183094209,83.20827258423614
8.869999999999855,703.3051226684289,66.39997640579907,13.614692831652297,13.927586522581235,83.21490186669578
8.879999999999855,704.1263459678023,66.53478992408634,13.606802288310693,13.920846392274003,83.22153520254224
8.889999999999855,704.94763319774,66.6696237140475,13.598937330660478,13.914087250961058,83.2281722119342
8.899999999999855,705.7689844751701,66.80447734360217,13.591098482296765,13.907309558452244,83.23481377045307
8.909999999999854,706.5903999132012,66.93935038052,13.583285917069322,13.900513775413602,83.24145949724829
8.919999999999854,707.4118796251895,67.07424239345508,13.575500147293576,13.893700363345447,83.24810942971031
8.929999999999854,708.2334236698789,67.20915293841755,13.567741566914904,13.886869784512882,83.25475797254238
8.939999999999854,709.0550322159705,67.3440815993863,13.56001211911517,13.880022502507169,83.26141642811676
8.949999999999854,709.8767053775006,67.47902794786197,13.55230910768288,13.87315898090339,83.26807919879099
8.959999999999853,710.6984432446869,67.61399155042737,13.544634439247414,13.866279683835538,83.27474385342835
8.969999999999853,711.5202459560028,67.74897198652555,13.536989168371527,13.859385076204273,83.28141536113372
8.979999999999853,712.3421136260683,67.88396883078951,13.529372318042908,13.852475623052564,83.28809128921964
8.989999999999853,713.1640463696771,68.01898165895929,13.521784921374145,13.845551789779863,83.29477167184992
8.999999999999853,713.9860442235574,68.15401002864272,13.514227338942442,13.838614042075527,83.3014485110134
9.009999999999852,714.8081073810904,68.28905353701423,13.506702134714018,13.831662846748397,83.30813790538866
9.019999999999852,715.6302359575262,68.42411176332307,13.499205281630767,13.824698669851337,83.31483185400012
9.029999999999852,716.4524300177744,68.55918427563624,13.491739295372547,13.817721977529972,83.32152520747849
9.039999999999852,717.2746897278374,68.69427066801724,13.484305939478062,13.810733236534878,83.32822836226472
9.049999999999851,718.0970152033273,68.8293705235019,13.476902729926138,13.803732912991382,83.33493616674032
9.059999999999851,718.919406535857,68.96448342053137,13.46953139555998,13.796721472924302,83.34164617787219
9.069999999999851,719.7418638653395,69.09960895069106,13.46219294070058,13.789699382469525,83.34836337448505
9.07999999999985,720.5643873076543,69.2347467010765,13.454886342194754,13.782667107255168,83.35508531197385
9.08999999999985,721.3869769787491,69.36989626019626,13.447612582557447,13.77562511261956,83.36181201978165
9.09999999999985,722.2096329112296,69.5050571975652,13.440371973015454,13.768573863549083,83.36853496589299
9.10999999999985,723.0323553045961,69.64022912489038,13.43316716162427,13.761513825566363,83.37527130291001
9.11999999999985,723.8551442749388,69.77541163509804,13.425993806812523,13.7544454627501,83.38201249571546
9.12999999999985,724.6779998781902,69.91060430792096,13.41885450565755,13.74736923864357,83.38875239427455
9.13999999999985,725.5009222907031,70.04580675398964,13.411751236487163,13.7402856168787,83.39550338231403
9.14999999999985,726.3239116286178,70.18101857090988,13.40468094027696,13.733195059733767,83.40225930729424
9.15999999999985,727.1469679696839,70.31623934852821,13.397645555729186,13.726098028772393,83.40901625537785
9.169999999999849,727.9700914684331,70.45146869701867,13.390646433102578,13.718994985220453,83.41578213300735
9.179999999999849,728.793282240964,70.58670621892325,13.383681713036793,13.711886389027423,83.42255302439958
9.189999999999849,729.6165403853253,70.72195151409186,13.376752716807236,13.704772699253192,83.42932710518703
9.199999999999848,730.439866035564,70.85720419285734,13.369860208360716,13.697654374214878,83.43610809801227
9.209999999999848,731.263259307647,70.99246386294881,13.363003444974055,13.69053187101747,83.44289417708296
9.219999999999848,732.086720317477,71.12773013387917,13.356183171540513,13.683405645705873,83.44968536559466
9.229999999999848,732.9102490966793,71.26300259648238,13.349399633164458,13.676276153209045,83.45647304512723
9.239999999999847,733.73384584525,71.39828088425544,13.342655417757522,13.66914384823682,83.46327452232974
9.249999999999847,734.5575106788407,71.53356461222486,13.335946105366009,13.662009183301697,83.47008117567091
9.259999999999847,735.3812436459124,71.66885338100946,13.329274232535743,13.654872609636042,83.47688614220732
9.269999999999847,736.2050449290256,71.80414682561856,13.322641891410976,13.64773457789573,83.48370321284743
9.279999999999847,737.0289146434932,71.93944456682921,13.31604559878796,13.640595536576981,83.49052552197686
9.289999999999846,737.8528528530696,72.07474621491347,13.309487403814574,13.63345593273635,83.49734781262794
9.299999999999846,738.6768597242489,72.21005140698932,13.302968944828711,13.62631621251813,83.50418065901304
9.309999999999846,739.5009353719188,72.34535976981476,13.29648759211476,13.619176819931875,83.51101880189582
9.319999999999846,740.3250798735792,72.48067092317686,13.290044948665871,13.612038197392664,83.51785844005194
9.329999999999846,741.1492933810352,72.6159845068919,13.283642241000168,13.60490078608926,83.52470723150864
9.339999999999845,741.973576008665,72.75130015392259,13.277277609626728,13.597765025087998,83.5315613731374
9.349999999999845,742.7979278461601,72.8866174934259,13.270952252651755,13.590631351710542,83.53841836854333
9.359999999999845,743.6223490320232,73.02193616849927,13.264667026769468,13.583500201760106,83.54528326144631
9.369999999999845,744.4468396800389,73.15725581852676,13.25842075948015,13.57637200891708,83.5521535538739
9.379999999999844,745.2713998905328,73.29257608188348,13.252214285279356,13.569247204971886,83.55902790271472
9.389999999999844,746.0960297900991,73.42789660552343,13.246048133026799,13.5621262199261,83.56590904052662
9.399999999999844,746.9207294918477,73.56321703546169,13.239921734041054,13.555009481645651,83.57279562290962
9.409999999999844,747.745499105175,73.69853701913267,13.233835600476306,13.547897415966021,83.57968730790748
9.419999999999844,748.5703387461689,73.83385620791486,13.227789975325376,13.540790446685385,83.58658482122978
9.429999999999843,749.3952485271845,73.9691742546566,13.221784810642426,13.53368899544092,83.59348781988291
9.439999999999843,750.220228560308,74.10449081452757,13.215820337487441,13.526593481703822,83.60039631650477
9.449999999999843,751.0452788755126,74.23980552536398,13.209896687653655,13.51950432273518,83.60730192919902
9.459999999999843,751.8703996662009,74.37511806656958,13.204016242564798,13.51242193445669,83.61422145984322
9.469999999999843,752.6955910436003,74.51042810040641,13.19817465393522,13.50534672956102,83.62114652354356
9.479999999999842,753.5208530432019,74.64573527343418,13.192374253441013,13.498279118402218,83.62806939413959
9.489999999999842,754.3461858510934,74.78103927071594,13.18661722745392,13.491219509794965,83.63500555763541
9.499999999999842,755.1715895775682,74.91633976179067,13.18089956882729,13.484168309274128,83.64194728504388
9.509999999999842,755.9970642620619,75.05163640175957,13.175223417380744,13.477125919912245,83.64888735224768
9.519999999999841,756.8226100847722,75.18692888188573,13.169590806243129,13.470092743064628,83.65584023683112
9.529999999999841,757.648227154984,75.32221687916189,13.16399798679092,13.463069176743526,83.66279871198354
9.539999999999841,758.4739155145033,75.45750005704154,13.158446948076003,13.456055616380329,83.66975590156882
9.54999999999984,759.2996753390672,75.59277811351977,13.152939611712805,13.449052455533081,83.67672558294653
9.55999999999984,760.1255067368811,75.72805073321176,13.147472405188314,13.442060084341524,83.68370087738332
9.56999999999984,760.9514097505444,75.8633175877271,13.142047207795382,13.435078890250901,83.69067510234194
9.57999999999984,761.7773845527697,75.99857838231569,13.136665871269196,13.428109258698997,83.69766164379607
9.58999999999984,762.6034312506129,76.13383280937578,13.131324917022225,13.421151571617813,83.70465381667015
9.59999999999984,763.4295498858897,76.26908054846957,13.126026155504453,13.414206208136358,83.71164497737155
9.60999999999984,764.2557406297291,76.40432131261545,13.120771410101451,13.407273545263925,83.71864842987374
9.61999999999984,765.0820035879693,76.53955480214704,13.115557214217068,13.400353956404475,83.72565752806757
9.62999999999984,765.9083388000655,76.6747807043686,13.110385350269983,13.393447812055555,83.73266551242702
9.639999999999839,766.7347464370074,76.80999874057112,13.10525765470852,13.386555480504535,83.73968591476142
9.649999999999839,767.5612266033507,76.94520861916757,13.100170591267004,13.37967732632196,83.74671197301313
9.659999999999838,768.3877793346123,77.08041003498654,13.095125955028255,13.372813711073695,83.75373665666835
9.669999999999838,769.2144048030925,77.21560271808607,13.090125636787242,13.365964994046646,83.76077403556364
9.679999999999838,770.041103112001,77.35078638509408,13.085165949242345,13.35913153068754,83.76781707660167
9.689999999999838,770.8678742913394,77.48596073813854,13.080248740708798,13.3523136733452,83.77485832309794
9.699999999999838,771.6947185161716,77.62112551652929,13.075375997472875,13.345511772042444,83.78191269336766
9.709999999999837,772.5216358883005,77.75628044523611,13.070543800145364,13.338726172826746,83.78897272805412
9.719999999999837,773.3486264306366,77.8914252334544,13.065754090704425,13.331957218559513,83.7960303890372
9.729999999999837,774.1756903224643,78.02655963022046,13.061008991922918,13.325205249750825,83.80310175372857
9.739999999999837,775.0028276641203,78.16168336896438,13.056304271606333,13.318470602788384,83.81017878121075
9.749999999999837,775.8300384698505,78.29679616570982,13.051642005678504,13.311753610790817,83.81725269662752
9.759999999999836,776.6573229246186,78.43189777968416,13.047024494234991,13.305054604521638,83.82434104717844
9.769999999999836,777.4846811220149,78.56698795165286,13.042447111910507,13.298373910463233,83.83143451959637
9.779999999999836,778.3121131655604,78.7020664277206,13.03791225018654,13.291711851808405,83.83853418224281
9.789999999999836,779.1396191530239,78.83713295565694,13.033419594296733,13.285068748319484,83.84563949644667
9.799999999999836,779.967199166609,78.97218728258433,13.028969244397963,13.278444916362451,83.85274891781678
9.809999999999835,780.7948533180577,79.10722916560458,13.02456156368589,13.271840669047933,83.85986552457162
9.819999999999835,781.622581703527,79.24225836121984,13.020195698380508,13.265256315875067,83.86698777112402
9.829999999999835,782.4503843922663,79.37727462265163,13.015871995542133,13.258692162876875,83.87411295120269
9.839999999999835,783.2782615057038,79.51227771843548,13.011591110128874,13.252148512886563,83.88124646336344
9.849999999999834,784.1062131383344,79.64726741389246,13.007351570071137,13.245625664933346,83.88838559987526
9.859999999999834,784.9342393448891,79.78224346807843,13.003154008960655,13.239123914515634,83.89552633752514
9.869999999999834,785.7623402579488,79.9172056613887,12.998999413658572,13.23264355400882,83.90267670542833
9.879999999999834,786.5905159702987,80.05215376804092,12.994885614943243,13.226184871780335,83.90983267861262
9.889999999999834,787.4187665205907,80.18708755265358,12.990813572376071,13.219748152607124,83.91698876203557
9.899999999999833,788.2470920540261,80.32200680789731,12.986784644662311,13.213333678241115,83.92415592524834
9.909999999999833,789.0754926616344,80.45691131695521,12.982795886992957,13.206941726210843,83.93132867111414
9.919999999999833,789.9039683644321,80.59180084972992,12.978848624140246,13.200572570399801,83.9384998780906
9.929999999999833,790.7325193217094,80.72667521157226,12.974944626388119,13.194226481785321,83.9456837656091
9.939999999999833,791.5611456226968,80.86153419469099,12.97108009534475,13.187903726894728,83.95287320966229
9.949999999999832,792.3898472692239,80.99637757398757,12.967256760030413,13.181604568560587,83.96005930779656
9.959999999999832,793.2186244361377,81.13120516788726,12.963476841829237,13.175329266849197,83.96725983825117
9.969999999999832,794.0474771956726,81.26601677412978,12.95973561122283,13.169078077138845,83.97446434282503
9.979999999999832,794.8764056497616,81.40081220055518,12.956035646669758,13.16285125123308,83.98167591704524
9.989999999999831,795.7054098845471,81.53559125452448,12.952376022531134,13.156649037014102,83.98889299669908
9.999999999999831,796.5344899504005,81.67035373823225,12.948757013898504,13.150471678597448,83.99611197017586
10.009999999999831,797.3636459673596,81.80509947327754,12.945179433548848,13.144319416700347,84.00334002719323
10.01999999999983,798.1928780196642,81.93982827616385,12.941641284566142,13.138192487859301,84.01057355455995
10.02999999999983,799.0221861342856,82.07453995323779,12.938143355285465,13.132091124807276,84.01780673861954
10.03999999999983,799.8515704508329,82.20923434022254,12.934687019874476,13.12601555707595,84.02505117046401
10.04999999999983,800.6810310516091,82.34391126279232,12.931269133934837,13.11996600974577,84.03230103435186
10.05999999999983,801.5105679386535,82.47857053113641,12.927891037240927,13.113942704061719,84.03954816145269
10.06999999999983,802.3401812726125,82.61321199545667,12.92455470399873,13.107945858284706,84.04680885060095
10.07999999999983,803.1698711210272,82.74783548764027,12.921255766612322,13.10197568594305,84.05407361990801
10.08999999999983,803.9996375763674,82.88244084857214,12.917996495444592,13.09603239684059,84.06134507604864
10.09999999999983,804.8294807176371,83.01702791924987,12.914776052072158,13.090116196769316,84.0686218934355
10.109999999999829,805.6594005848076,83.15159653482212,12.911594605919317,13.084227287642799,84.07590012728872
10.119999999999829,806.4893972939251,83.28614655126881,12.908453009425545,13.078365867903145,84.08318762223747
10.129999999999828,807.3194709219762,83.42067781879067,12.905349064408947,13.072532131678157,84.09048043191174
10.139999999999828,808.149621479849,83.55519017547188,12.902283598154588,13.066726269197652,84.09777183948071
10.149999999999828,808.9798491086262,83.68968349271294,12.899258170769409,13.060948467492873,84.10507523138332
10.159999999999828,809.8101538811405,83.82415762942516,12.896269150028813,13.055198908967487,84.11238367234958
10.169999999999828,810.6405358737611,83.95861244855931,12.893318114454098,13.049477772134935,84.1196975777358
10.179999999999827,811.4709951600564,84.09304781564316,12.890404762828755,13.043785231568485,84.12701671384278
10.189999999999827,812.3015317811708,84.22746359191684,12.887528956901518,13.038121457920873,84.13433781300454
10.199999999999827,813.1321458410374,84.3618596563186,12.884691342090855,13.032486618262439,84.14166735778244
10.209999999999827,813.9628374111439,84.49623588355172,12.881890049352005,13.026880875389365,84.14900207913358
10.219999999999827,814.7936064994536,84.63059213684345,12.879125702698097,13.021304388169774,84.15633552439405
10.229999999999826,815.6244532389157,84.76492831141645,12.876399760769266,13.015757312216678,84.16368054415199
10.239999999999826,816.4553776959173,84.8992442904312,12.873708713888806,13.010239798524315,84.17103037636284
10.249999999999826,817.2863799421435,85.0335399614722,12.871054064350226,13.004751994187922,84.17838561610914
10.259999999999826,818.1174600455721,85.16781521447496,12.868435439081454,12.99929404233859,84.18574593622152
10.269999999999825,818.9486180368405,85.30206993395629,12.86585269750063,12.993866082176424,84.19310756541917
10.279999999999825,819.7798540191613,85.43630402430335,12.863306586664883,12.988468249363837,84.20047798654684
10.289999999999825,820.6111680583848,85.57051738454138,12.86079496193659,12.983100675234152,84.20785342688333
10.299999999999825,821.4425601479289,85.70470990018691,12.858318547310223,12.977763487193718,84.21522652179671
10.309999999999825,822.2740304239754,85.83888149269879,12.855879006475918,12.97245680949152,84.22261193919614
10.319999999999824,823.1055789348856,85.97303206661152,12.853472351942084,12.967180761671909,84.23000074070806
10.329999999999824,823.9372057590081,86.10716153650264,12.851100613090667,12.961935459524684,84.23739604791744
10.339999999999824,824.7689109586183,86.24126981643946,12.848762748474325,12.956721014757258,84.24479626697655
10.349999999999824,825.6006945423305,86.37535681130304,12.846458914446542,12.951537535166064,84.25219595503995
10.359999999999824,826.4325566239532,86.5094224532132,12.844190262142996,12.946385125206493,84.25960593204947
10.369999999999823,827.2644972636036,86.64346666518519,12.841953779231819,12.941263884855976,84.26702075338387
10.379999999999823,828.0965164287037,86.77748935207606,12.83975058680907,12.936173910196066,84.27443097970277
10.389999999999823,828.9286142699506,86.91149046378978,12.837582853863397,12.931115294399232,84.28185542263842
10.399999999999823,829.7607908062731,87.04546992326657,12.8354455274269,12.926088125753953,84.28928064513484
10.409999999999823,830.5930461339432,87.17942767423258,12.83334175472199,12.921092489087942,84.29671461445446
10.419999999999822,831.4253803094656,87.3133636544637,12.831269242159209,12.916128464935282,84.30415331067736
10.429999999999822,832.257793308093,87.44727778620222,12.829228736079601,12.911196129968362,84.311588465837
10.439999999999822,833.0902852654526,87.581170031383,12.82722208779818,12.906295557862846,84.31903654501588
10.449999999999822,833.9228562061433,87.71504032972395,12.825244837990256,12.90142681757512,84.32648623418233
10.459999999999821,834.7555062135202,87.84888863740886,12.823299576148209,12.896589974541582,84.33394359657174
10.469999999999821,835.5882353404654,87.98271490675322,12.821384484498774,12.891785090049286,84.34140556271623
10.479999999999821,836.4210435654464,88.11651907609121,12.819500056530629,12.887012221568156,84.34886456428019
10.48999999999982,837.2539310136235,88.25030112021153,12.817647949019415,12.882271423543918,84.35633566366079
10.49999999999982,838.0868977106694,88.38406099431036,12.81582405525379,12.877562745827571,84.36380872782382
10.50999999999982,838.9199437316144,88.51779866783187,12.814030649258886,12.872886234750508,84.3712888565243
10.51999999999982,839.7530691257166,88.65151410737715,12.812266149679454,12.86824193259917,84.37877346055255
10.52999999999982,840.5862738700923,88.78520726606176,12.810530917317555,12.863629877897734,84.38625520363455
10.53999999999982,841.4195580840083,88.91887813230336,12.808826535779293,12.859050106177499,84.3937486810011
10.54999999999982,842.2529217896646,89.05252667546031,12.807149013463814,12.854502648459992,84.40124400701782
10.55999999999982,843.0863650583273,89.18615287899256,12.80550054768066,12.84998753230594,84.40874624999735
10.569999999999819,843.91988793564,89.3197567235013,12.803879557618565,12.845504781295952,84.41625283505084
10.579999999999819,844.753490392852,89.45333817555692,12.80228638981928,12.841054415313126,84.42375619476294
10.589999999999819,845.5871725478777,89.58689723793478,12.800722674324357,12.836636451336787,84.43127138398565
10.599999999999818,846.4209344149505,89.72043389282389,12.799184300659242,12.832250901882112,84.43878783969562
10.609999999999818,847.2547760660998,89.85394813840958,12.797673624662528,12.827897776119535,84.44631152191813
10.619999999999818,848.0886975433726,89.98743996897728,12.796188833705084,12.82357707926511,84.45383940859112
10.629999999999818,848.9226988076888,90.1209093632112,12.794730376756766,12.819288812911509,84.46136324249952
10.639999999999818,849.7567799801172,90.25435633892803,12.793300048138182,12.815032975893452,84.46889945581567
10.649999999999817,850.5909410624832,90.38778088980195,12.791893388019512,12.810809562588048,84.47643589249839
10.659999999999817,851.4251821320723,90.52118302940877,12.790513142517796,12.806618564199947,84.48398031821168
10.669999999999817,852.2595032273622,90.65456276537356,12.789157038317043,12.802459967966293,84.49152880684223
10.679999999999817,853.0939042945342,90.78792008714001,12.787825741770952,12.79833375758397,84.49907195742529
10.689999999999817,853.9283854622829,90.92125502820645,12.786521327568536,12.794239914193206,84.50662848773588
10.699999999999816,854.7629467156385,91.0545675923739,12.785238759522764,12.790178414444554,84.51418374256805
10.709999999999816,855.5975881415982,91.1878578092311,12.783981402301922,12.786149232043304,84.52174819760505
10.719999999999816,856.4323097631673,91.3211256966621,12.782746296501003,12.782152336675585,84.52931534889257
10.729999999999816,857.2671116265338,91.45437128049286,12.781534749471357,12.778187694704718,84.53688761071511
10.739999999999815,858.1019937652408,91.58759458639248,12.780345830636543,12.774255268936509,84.54446373161454
10.749999999999815,858.936956143386,91.72079562696217,12.779179528388388,12.770355018766976,84.55203664766483
10.759999999999815,859.7719988619019,91.85397444833997,12.778037310774861,12.766486900925694,84.55962039945436
10.769999999999815,860.6071219208362,91.98713107657298,12.776915320320292,12.762650868034811,84.56720470762976
10.779999999999815,861.4423253823763,92.12026555434356,12.775815806406337,12.75884686969778,84.57479597018205
10.789999999999814,862.277609276596,92.25337791972319,12.774736832924209,12.755074851852905,84.58239094277539
10.799999999999814,863.1129735423859,92.38646819273325,12.773678879331065,12.751334757131428,84.5899803362453
10.809999999999814,863.9484182989905,92.51953643660276,12.7726439703936,12.747626525829627,84.59758264068061
10.819999999999814,864.7839435192484,92.65258268415926,12.77162713193045,12.74395009401014,84.60518291899992
10.829999999999814,865.6195492857063,92.78560699546698,12.7706317752479,12.740305395073166,84.61279243333232
10.839999999999813,866.4552356042994,92.91860941588376,12.769654741627617,12.736692358608375,84.62040338597893
10.849999999999813,867.2910025217484,93.0515900024393,12.768697647470269,12.733110911225943,84.62801998763186
10.859999999999813,868.1268500633648,93.18454880983785,12.76775910330804,12.729560976139979,84.63564008685272
10.869999999999813,868.962778170779,93.31748587633976,12.766839310258064,12.726042473413422,84.64325516041703
10.879999999999812,869.7987869510201,93.45040127983495,12.765940089972599,12.72255532085176,84.65088216472451
10.889999999999812,870.6348763768457,93.58329507047176,12.765056857391917,12.71909943226865,84.65850740280426
10.899999999999812,871.4710465214816,93.71616732337465,12.764192702210268,12.715674718927279,84.66614118832155
10.909999999999812,872.3072973879753,93.84901810030391,12.763344704913788,12.71228108849449,84.67377637982408
10.919999999999812,873.1436290166101,93.98184747373978,12.76251431083209,12.708918445803816,84.68141682224854
10.929999999999811,873.9800414280653,94.11465551411257,12.761700220780861,12.705586692479372,84.68906054644704
10.939999999999811,874.8165345580036,94.24744227500537,12.760902586606903,12.702285727162991,84.69669889094159
10.949999999999811,875.6531085102176,94.38020785003171,12.760123258153277,12.699015446422194,84.70434908758058
10.95999999999981,876.4897632487235,94.51295230374284,12.759357586866676,12.695775742992264,84.71199687502185
10.96999999999981,877.3264988463694,94.64567572735696,12.75860879576658,12.692566507274725,84.71965341900996
10.97999999999981,878.1633152947012,94.77837819611761,12.757873755074167,12.689387626207013,84.72731043847662
10.98999999999981,879.0002126364724,94.91105979896066,12.75715419082455,12.68623898414309,84.73497320449974
10.99999999999981,879.837190887878,95.04372062108237,12.756448447769131,12.683120462332523,84.74263903443669
11.00999999999981,880.6742499700692,95.17636072846386,12.755756852519982,12.680031939223111,84.75029823929343
11.01999999999981,881.5113899924556,95.30898023141003,12.755081509344762,12.676973291473908,84.75797010563136
11.02999999999981,882.348610901815,95.44157920595015,12.754417263501796,12.673944391989878,84.76563803320406
11.039999999999809,883.1859127794343,95.57415776033702,12.753767916291618,12.67094511166024,84.77331581034325
11.049999999999809,884.0232955969083,95.70671598037278,12.753129688042998,12.667975317961206,84.7809922506057
11.059999999999809,884.8607594082398,95.8392539723635,12.752505027365855,12.665034876135804,84.78867581292296
11.069999999999808,885.698304209035,95.97177183160919,12.751891486361112,12.662123648346732,84.79636055622242
11.079999999999808,886.5359300268482,96.10426966257235,12.751290204410651,12.659241494315577,84.80404977812827
11.089999999999808,887.3736368723556,96.23674756794848,12.750700022367633,12.656388271007883,84.81174178278404
11.099999999999808,888.2114246669613,96.36920563236174,12.750121023006658,12.653563832834445,84.81942746908763
11.109999999999808,889.0492935088803,96.5016439819104,12.74955515947407,12.650768032603903,84.82712494772694
11.119999999999807,889.8872433416675,96.63406271007365,12.748997582209842,12.648000719684369,84.83481843184721
11.129999999999807,890.7252742390269,96.76646194131465,12.74845188459391,12.645261741655675,84.84252125922808
11.139999999999807,891.5633861658729,96.89884177769375,12.74791440900026,12.642550942962998,84.85022233330936
11.149999999999807,892.4015791722225,97.03120234213542,12.747387579977692,12.63986816608624,84.85793038441619
11.159999999999807,893.2398532435611,97.16354374500784,12.746868889723844,12.637213250668292,84.86563884122832
11.169999999999806,894.07820840704,97.29586610779127,12.746359636221651,12.634586034218971,84.87335199132711
11.179999999999806,894.9166446679318,97.42816954888877,12.745858419648727,12.631986351700437,84.8810676243205
11.189999999999806,895.7551620313393,97.56045418842906,12.745365453418346,12.629414035782895,84.88878574901342
11.199999999999806,896.5937605016169,97.69272014811403,12.744880404108264,12.626868916870162,84.8965063146525
11.209999999999805,897.4324400053071,97.82496753393484,12.744402953782783,12.624350823131422,84.90422138895056
11.219999999999805,898.2712006229713,97.95719648792401,12.743934763305955,12.621859581334713,84.9119467458853
11.229999999999805,899.1100422991314,98.0894071234688,12.74347158117831,12.619395015254172,84.91966849995448
11.239999999999805,899.9489650941948,98.22159958143563,12.743016527152033,12.616956947124608,84.92739852487787
11.249999999999805,900.7879689698923,98.35377398233678,12.742566322416911,12.614545196449999,84.93512675501142
11.259999999999804,901.6270539672832,98.48593046595947,12.742123137958353,12.612159581065551,84.94286132513503
11.269999999999804,902.466220064541,98.61806915967063,12.741684626937458,12.60979991633055,84.95059582854213
11.279999999999804,903.3054672841794,98.75019020226368,12.741252052431882,12.607466015814797,84.95833482164821
11.289999999999804,904.1447956200518,98.88229372769034,12.740823959107622,12.605157690858908,84.96607539650512
11.299999999999804,904.9842050769261,99.01437987383412,12.740400742739268,12.602874750901908,84.97381869099782
11.309999999999803,905.8236956533513,99.14644877867663,12.739981799279885,12.60061700339228,84.98156409086906
11.319999999999803,906.6632672600914,99.27850056203333,12.739566959480856,12.598384253879408,84.98930264050932
11.329999999999803,907.5029199820295,99.41053538389657,12.739158146918857,12.596176306950472,84.99705216315694
11.339999999999803,908.3426537438534,99.54255337003464,12.73875062036234,12.593992964432104,85.00479630060359
11.349999999999802,909.18246861455,99.67455467969646,12.73834811826097,12.591834027096295,85.01254982622163
11.359999999999802,910.0223645319816,99.8065394443359,12.73794665989574,12.589699293175146,85.02029935346239
11.369999999999802,910.862341550027,99.93850782253774,12.737549247862487,12.587588559761935,85.02805676303694
11.379999999999802,911.7023996189779,100.07045995117493,12.737152622549285,12.58550162162285,85.03581148324243
11.389999999999802,912.5425387783889,100.2023959882461,12.736759090228539,12.583438272309257,85.04357265859967
11.399999999999801,913.3827589902393,100.33431607577758,12.736366073225843,12.581398303250076,85.05133237617002
11.409999999999801,914.2230602805405,100.46622037125864,12.73597522078144,12.579381504591668,85.05909720002364
11.419999999999801,915.0634426222218,100.5981090216042,12.735584598221822,12.577387664554667,85.0668617206341
11.4299999999998,915.9039060285291,100.72998218386978,12.735195236810124,12.575416570017405,85.07463007663193
11.4399999999998,916.7444504826074,100.86184000959493,12.734805806167037,12.57346800612125,85.08239920727755
11.4499999999998,917.5850759857111,100.99368265547592,12.734416758400382,12.571541756613547,85.09017098004726
11.4599999999998,918.4257825293867,101.12551027717227,12.734027328945263,12.569637603685457,85.09794441824012
11.4699999999998,919.2665700079623,101.25732300975616,12.733637457045145,12.56775532810163,85.10570959699973
11.4799999999998,920.1074385089757,101.38912103224864,12.733249323459315,12.565894710234023,85.11348628329047
11.4899999999998,920.9483879352827,101.52090448372812,12.73285773723973,12.56405552807005,85.1212556116144
11.4999999999998,921.7894183642196,101.65267354300357,12.732467070329639,12.562237559171129,85.1290354332903
11.509999999999799,922.6305297064484,101.78442835289913,12.732072610571297,12.560440578877152,85.13680872316627
11.519999999999799,923.471722029867,101.91616909208307,12.731678276625525,12.558664362076449,85.14459156864427
11.529999999999799,924.3129952522257,102.0478959068657,12.73127979738799,12.556908681591006,85.15236863356519
11.539999999999798,925.1543494327433,102.17960897584516,12.730880676073534,12.555173309773258,85.16015439243387
11.549999999999798,925.9957844955445,102.31130844855944,12.730477045108525,12.55345801705667,85.16793504743725
11.559999999999798,926.8373004919245,102.44299450360627,12.730072029880441,12.551762573394853,85.17572361049797
11.569999999999798,927.6788973516722,102.57466729349397,12.72966212903483,12.550086746961808,85.18350767220441
11.579999999999798,928.520575118912,102.7063269968888,12.7292501275355,12.548430305448955,85.19129893151148
11.589999999999797,929.3623337283899,102.83797376901317,12.728832853143901,12.546793014899702,85.19908621816197
11.599999999999797,930.2041732178088,102.96960778867016,12.728412787591889,12.545174640879539,85.20688006706202
11.609999999999797,931.0460935261684,103.1012292135411,12.72798705085877,12.543574947429754,85.21467039855428
11.619999999999797,931.8880946854964,103.2328382226336,12.727557858427108,12.541993698125774,85.22246673172457
11.629999999999797,932.7301766383458,103.36443497583396,12.727122585798318,12.54043065513483,85.2302599296484
11.639999999999796,933.5723394118121,103.49601965242132,12.726683218982206,12.538885580177679,85.23805864313422
11.649999999999796,934.4145829513051,103.62759241423423,12.726237352505887,12.537358233675093,85.24585453080564
11.659999999999796,935.2569072797277,103.75915344088995,12.725786779479698,12.535848375628092,85.2536555220567
11.669999999999796,936.0993123446532,103.89070289592769,12.72532927715647,12.534355764838038,85.26145392455112
11.679999999999795,936.9417981655286,104.02224095936889,12.724866482120023,12.532880159720483,85.26925709245701
11.689999999999795,937.7843646914004,104.15376779620317,12.72439631824239,12.531421317584012,85.27705783664125
11.699999999999795,938.6270119389932,104.2852835869218,12.723920301756385,12.529978995392396,85.28486308156593
11.709999999999795,939.4697398581402,104.4167884977158,12.72343646723733,12.528552949087347,85.29266599612916
11.719999999999795,940.3125484635735,104.54828270961153,12.722946246547945,12.527142934313897,85.30047321994435
11.729999999999794,941.1554377052296,104.67976638975371,12.72244774923861,12.525748705772198,85.30827813542795
11.739999999999794,941.9984075965754,104.81123971976876,12.72194235859115,12.524370017920809,85.31608724154567
11.749999999999794,942.8414580869699,104.94270286750874,12.721428223587596,12.523006624342974,85.32389399037191
11.759999999999794,943.684589189339,105.07415601526483,12.720906714529189,12.521658278442347,85.33170488377579
11.769999999999794,944.5278008517874,105.20559933135138,12.720375984468182,12.520324732809053,85.33951330027551
11.779999999999793,945.3710930874208,105.33703299878877,12.719837426139469,12.519005739922607,85.34732588755124
11.789999999999793,946.2144658424153,105.46845718611007,12.719289161483232,12.517701051503082,85.35513580799028
11.799999999999793,947.0579191307743,105.59987207712915,12.718732640899004,12.516410419235745,85.36294999735496
11.809999999999793,947.9014528960744,105.73127784035552,12.71816592020893,12.515133594092859,85.37076125995952
11.819999999999792,948.7450671539315,105.86267466046073,12.717590542527693,12.513870327094422,85.37857696128998
11.829999999999792,949.5887618446549,105.99406270568997,12.717004462726987,12.512620368586202,85.38638940627084
11.839999999999792,950.4325369861845,106.12544216163653,12.71640935150943,12.511383469050987,85.39420653113085
11.849999999999792,951.2763925148973,106.25681319604192,12.715803028134621,12.510159378328458,85.40202000070643
11.859999999999792,952.1203284517666,106.38817599548526,12.71518732559096,12.508947846491239,85.40983846237296
11.869999999999791,952.9643447285747,106.5195307269665,12.71455989303234,12.507748622992356,85.41765280079127
11.879999999999791,953.8084413700336,106.65087757811463,12.713922760258523,12.506561457620295,85.42547251427955
11.889999999999791,954.6526183026726,106.7822167149517,12.713273371989414,12.50538609955982,85.43328756783897
11.89999999999979,955.4968755556451,106.91354832622073,12.712613989192189,12.504222298440212,85.44110844992657
11.90999999999979,956.3412130495708,107.044872576731,12.711941817987102,12.503069803295352,85.44892406699549
11.91999999999979,957.1856308187447,107.17618965640376,12.711259384697927,12.50192836371915,85.4567460362453
11.92999999999979,958.0301287772232,107.30749972860221,12.71056362283957,12.500797728710783,85.46456206728058
11.93999999999979,958.8747069651403,107.43880298449028,12.709857358117368,12.499677647951462,85.47238504406272
11.94999999999979,959.7193652893385,107.57009958575327,12.709137217592527,12.498567870520787,85.48020134162701
11.95999999999979,960.5641037964846,107.7013897248624,12.708406360215307,12.497468146308695,85.48802524813965
11.96999999999979,961.4089223855593,107.83267356159489,12.707661072899587,12.496378224589108,85.49584166691763
11.979999999999789,962.2538211104538,107.96395128979404,12.706904881544931,12.49529785558093,85.50366642720665
11.989999999999789,963.0987998616417,108.09522306710045,12.706133699376402,12.494226788864992,85.51148282401996
11.999999999999789,963.9438587009271,108.22648908879457,12.705351452790824,12.493164775108152,85.51930836399771
12.009999999999788,964.7886907589647,108.35768154947485,12.704553647932551,12.492111564309571,85.49576995544066
12.019999999999788,965.6332961703961,108.48880007456152,12.711532365194893,12.491070064530623,85.47223927334977
12.029999999999788,966.4776750694194,108.61984429278579,12.71863830084922,12.490043122717534,85.44871633008319
12.039999999999788,967.3218275897334,108.7508138363884,12.725871504724738,12.489033525733124,85.42520113549297
12.049999999999788,968.1657538644824,108.88170834131205,12.73323200009699,12.488044001366658,85.40169369696696
12.059999999999787,969.0094540262036,109.01252744738757,12.740719784177353,12.487077219322508,85.3781940194697
12.069999999999787,969.8529282067743,109.1432707985142,12.74833482859497,12.48613579218808,85.35470210558297
12.079999999999787,970.6961765373624,109.27393804283386,12.756077079871323,12.48522227638155,85.33121795554537
12.089999999999787,971.5391991483765,109.40452883289983,12.76394645988754,12.484339173079952,85.30774156729144
12.099999999999786,972.3819961694186,109.53504282583961,12.771942866344626,12.483488929127972,85.28427293648997
12.109999999999786,973.2245677292373,109.66547968351236,12.780066173216778,12.482673937928016,85.26081205658183
12.119999999999786,974.0669139556824,109.79583907266093,12.78831623119791,12.481896540312047,85.23735891881697
12.129999999999786,974.9090349756613,109.92612066505852,12.79669286814156,12.481159025395549,85.21391351229106
12.139999999999786,975.750930915096,110.05632413765024,12.805195889494279,12.480463631414107,85.19047582398126
12.149999999999785,976.5926018988815,110.18644917268945,12.813825078722678,12.479812546543037,85.1670458387816
12.159999999999785,977.4340480508456,110.3164954578693,12.822580197734245,12.479207909700476,85.14362353953776
12.169999999999785,978.2752694937094,110.44646268644918,12.831460987292077,12.47865181133428,85.12020890708108
12.179999999999785,979.1162663490493,110.57635055737659,12.840467167423629,12.478146294193328,85.09680192026234
12.189999999999785,979.9570387372602,110.70615877540413,12.84959843782363,12.47769335408329,85.07340255598476
12.199999999999784,980.7975867775193,110.83588705120212,12.858854478251262,12.477294940607598,85.05001078923652
12.209999999999784,981.6379105877515,110.96553510146649,12.868234948921748,12.47695295789368,85.02662659312291
12.219999999999784,982.4780102845958,111.09510264902244,12.877739490892429,12.4766692653051,85.00324993889774
12.229999999999784,983.317885983372,111.22458942292376,12.887367726443477,12.476445678139653,84.97988079599439
12.239999999999783,984.1575377980495,111.35399515854786,12.897119259453294,12.476283968314043,84.95651913205646
12.249999999999783,984.9969658412163,111.48331959768672,12.906993675768781,12.476185865035294,84.93316491296773
12.259999999999783,985.8361702240493,111.61256248863371,12.916990543570527,12.476153055459298,84.90981810288187
12.269999999999783,986.6751510562856,111.74172358626663,12.927109413733014,12.476187185336746,84.8864786642516
12.279999999999783,987.5139084461945,111.87080265212657,12.93734982017995,12.47628985964688,84.8631465578574
12.289999999999782,988.3524425005505,111.99979945449326,12.947711280234858,12.47646264321929,84.83982174283585
12.299999999999782,989.1907533246075,112.12871376845645,12.95819329496693,12.476707061343962,84.81650417670754
12.309999999999782,990.0288410220734,112.25754537598382,12.968795349532314,12.477024600370052,84.79319381540452
12.319999999999782,990.8667056950857,112.38629406598517,12.979516913510889,12.477416708293546,84.7698906132974
12.329999999999782,991.7043474441883,112.51495963437318,12.990357441238597,12.477884795334075,84.74659452322211
12.339999999999781,992.5417663683089,112.64354188412074,13.001316372135458,12.478430234501241,84.72330549650617
12.349999999999781,993.3789625647369,112.77204062531487,13.0123931310293,12.479054362150563,84.70002348299465
12.359999999999781,994.2159361291026,112.90045567520743,13.02358712847531,12.479758478529487,84.67674843107582
12.36999999999978,995.052687155357,113.02878685826246,13.034897761071484,12.480543848313522,84.65348028770642
12.37999999999978,995.8892157357523,113.15703400620059,13.046324411770037,12.481411701132918,84.63021899843645
12.38999999999978,996.7255219608229,113.28519695804009,13.057866450184846,12.482363232089952,84.60696450743389
12.39999999999978,997.5616059193683,113.41327556013512,13.069523232895,12.48339960226718,84.58371675750891
12.40999999999978,998.3974676984348,113.54126966621088,13.081294103744542,12.48452193922678,84.5604756901378
12.41999999999978,999.2331073832995,113.66917913739591,13.093178394138429,12.485731337501356,84.53724124548663
12.42999999999978,1000.0685250574548,113.79700384225157,13.105175423334806,12.487028859076156,84.51401336243453
12.43999999999978,1000.9037208025928,113.92474365679861,13.11728449873366,12.488415533863206,84.49079197859682
12.449999999999779,1001.7386946985907,114.05239846454124,13.129504916161897,12.489892360167326,84.46757703034777
12.459999999999779,1002.5734468234975,114.17996815648833,13.141835960154898,12.491460305144436,84.444368452843
12.469999999999779,1003.4079772535206,114.30745263117207,13.154276904234637,12.493120305252065,84.42116618004177
12.479999999999778,1004.242286063013,114.43485179466411,13.166827011184397,12.494873266692556,84.39797014472893
12.489999999999778,1005.0763733244618,114.5621655605892,13.179485533320143,12.496720065848951,84.3747802785366
12.499999999999778,1005.9102391084766,114.68939385013624,13.192251712758607,12.498661549713747,84.35159651196567
12.509999999999778,1006.7438834837791,114.81653659206721,13.20512478168215,12.500698536310829,84.32841877440694
12.519999999999778,1007.5773065171925,114.94359372272343,13.218103962600402,12.502831815110502,84.30524699416216
12.529999999999777,1008.4105082736324,115.07056518602984,13.231188468608817,12.505062147438176,84.28208109846473
12.539999999999777,1009.2434888160977,115.19745093349675,13.24437750364409,12.507390266876369,84.25892101350028
12.549999999999777,1010.0762482056617,115.32425092421965,13.257670262736564,12.509816879660608,84.23576666442692
12.559999999999777,1010.9087865014649,115.45096512487669,13.27106593225962,12.512342665069133,84.21261797539535
12.569999999999776,1011.741103760707,115.57759350972412,13.28456369017613,12.514968275806696,84.18947486956878
12.579999999999776,1012.5732000386405,115.7041360605897,13.298162706281982,12.517694338382496,84.16633726914259
12.589999999999776,1013.405075388564,115.83059276686409,13.311862142446753,12.52052145348235,84.14320509536383
12.599999999999776,1014.2367298618165,115.95696362549023,13.325661152851543,12.523450196335476,84.12007826855047
12.609999999999776,1015.0681635077718,116.08324864095087,13.33955888422402,12.526481117075697,84.09695670811067
12.619999999999775,1015.8993763738342,116.20944782525414,13.353554476070714,12.52961474109752,84.07384033256152
12.629999999999775,1016.7303685054334,116.3355611979174,13.36764706090661,12.532851569406853,84.0507290595479
12.639999999999775,1017.5611399460206,116.46158878594913,13.38183576448205,12.536192078966877,84.02762280586113
12.649999999999775,1018.3916907370653,116.58753062382925,13.396119706006989,12.539636723038848,84.00452148745723
12.659999999999775,1019.2220209180522,116.71338675348757,13.41049799837266,12.54318593151819,83.9814250194753
12.669999999999774,1020.052130526478,116.83915722428067,13.424969748370662,12.546840111265835,83.95833331625559
12.679999999999774,1020.8820195978498,116.96484209296707,13.43953405690949,12.550599646435026,83.93524629135744
12.689999999999774,1021.711688165683,117.0904414236809,13.454190019228578,12.55446489879361,83.91216385757703
12.699999999999774,1022.5411362614997,117.21595528790384,13.468936725109842,12.558436208041996,83.88908592696508
12.709999999999773,1023.3703639148281,117.34138376443575,13.48377325908679,12.562513892126754,83.86601241084433
12.719999999999773,1024.1993711532014,117.46672693936362,13.498698700651206,12.566698247550233,83.84294321982686
12.729999999999773,1025.0281580021579,117.59198490602923,13.513712124457447,12.57098954967585,83.81987826383138
12.739999999999773,1025.8567244852406,117.71715776499522,13.528812600524367,12.57538805302963,83.79681745210026
12.749999999999773,1026.6850706239989,117.84224562400996,13.54399919443491,12.579893991597732,83.77376069321647
12.759999999999772,1027.5131964379875,117.96724859797092,13.559270967533399,12.584507579120144,83.75070789512047
12.769999999999772,1028.3411019447692,118.09216680888682,13.57462697712053,12.589229009380814,83.72765896512684
12.779999999999772,1029.168787159916,118.21700038583842,13.590066276646112,12.594058456493967,83.70461380994091
12.789999999999772,1029.9962520970105,118.34174946493813,13.605587915899562,12.598996075187019,83.68157233567516
12.799999999999772,1030.8234967676485,118.46641418928839,13.621190941198211,12.604042001079947,83.65853444786558
12.809999999999771,1031.6505211814417,118.59099470893877,13.636874395573393,12.609196350961238,83.63550005148792
12.819999999999771,1032.4773253460198,118.71549118084205,13.652637318954373,12.614459223060647,83.61246905097377
12.829999999999771,1033.3039092670342,118.8399037688091,13.668478748350157,12.619830697318516,83.58944135022652
12.83999999999977,1034.1302729481615,118.9642326434626,13.684397718029137,12.625310835652074,83.56641685263729
12.84999999999977,1034.9564163911068,119.08847798218983,13.700393259696668,12.630899682218644,83.54339546110072
12.85999999999977,1035.782339595608,119.21263996909434,13.716464402670539,12.636597263675649,83.52037707803056
12.86999999999977,1036.60804255944,119.33671879494655,13.732610174054393,12.642403589437837,83.49736160537535
12.87999999999977,1037.4335252784194,119.46071465713351,13.748829598909094,12.648318651931389,83.47434894463379
12.88999999999977,1038.258787746409,119.58462775960756,13.765121700422087,12.654342426845421,83.45133899687018
12.89999999999977,1039.0838299553234,119.70845831283415,13.781485500074723,12.66047487338046,83.42833166272959
12.90999999999977,1039.9086518951337,119.83220653373876,13.797920017807614,12.666715934494382,83.40532684245314
12.919999999999769,1040.733253553874,119.95587264565283,13.814424272184022,12.673065537145543,83.38232443589298
12.929999999999769,1041.5576349176465,120.07945687825901,13.830997280551264,12.679523592533364,83.35932434252734
12.939999999999769,1042.381795970628,120.20295946753541,13.847638059200216,12.68608999633629,83.33632646147532
12.949999999999768,1043.2057366950758,120.3263806556992,13.86434562352286,12.692764628947272,83.31333069151178
12.959999999999768,1044.029457071335,120.44972069114932,13.881118988167954,12.699547355706812,83.29033693108194
12.969999999999768,1044.8529570778446,120.5729798284085,13.897957167194784,12.706438027133578,83.26734507831605
12.979999999999768,1045.676236691145,120.69615832806454,13.914859174225066,12.713436479152545,83.24435503104392
12.989999999999768,1046.499295885885,120.81925645671083,13.931824022592961,12.720542533320959,83.22136668680925
12.999999999999767,1047.3221346348291,120.94227448688629,13.94885072549326,12.727755997051986,83.19837994288407
13.009999999999767,1048.1447529088655,121.06521269701456,13.965938296127739,12.735076663836052,83.17539469628295
13.019999999999767,1048.967150677014,121.18807137134259,13.983085747849675,12.742504313460074,83.15241084377715
13.029999999999767,1049.7893279064335,121.31085079987861,14.00029209430658,12.750038712224503,83.12942828190867
13.039999999999766,1050.6112845624311,121.43355127832952,14.017556349581115,12.757679613158276,83.10644690700434
13.049999999999766,1051.4330206084694,121.55617310803768,14.03487752833025,12.765426756231632,83.08346661518962
13.059999999999766,1052.2545360061763,121.67871659591715,14.052254645922654,12.773279868567,83.06048730240244
13.069999999999766,1053.075830715353,121.80118205438943,14.069686718574298,12.781238664647766,83.03750886440696
13.079999999999766,1053.8969046939835,121.92356980131865,14.087172763482368,12.789302846525194,83.01453119680721
13.089999999999765,1054.7177578982432,122.04588015994632,14.104711798957394,12.797472104023269,82.99155419506064
13.099999999999765,1055.5383902825088,122.16811345882554,14.122302844553708,12.805746114941828,82.96857775449159
13.109999999999765,1056.3588017993673,122.29027003175484,14.139944921198149,12.814124545257643,82.9456017703047
13.119999999999765,1057.1789923996257,122.4123502177115,14.157637051317097,12.822607049323782,82.92262613759823
13.129999999999765,1057.9989620323213,122.53435436078456,14.175378258961835,12.831193270067132,82.89965075137725
13.139999999999764,1058.818710644731,122.6562828101073,14.193167569932193,12.839882839184119,82.87667550656683
13.149999999999764,1059.638238182382,122.7781359197895,14.211004011898575,12.848675377334766,82.85370029802503
13.159999999999764,1060.4575445890614,122.89991404884925,14.228886614522288,12.85757049433486,82.83072502055596
13.169999999999764,1061.2766298068268,123.0216175611444,14.246814409574263,12.866567789346679,82.80774956892257
13.179999999999763,1062.0954937760175,123.14324682530372,14.264786431052132,12.875666851067757,82.78477383785955
13.189999999999763,1062.914136435264,123.26480221465782,14.28280171529567,12.884867257918224,82.76179772208596
13.199999999999763,1063.7325577214997,123.38628410716966,14.300859301100628,12.894168578226473,82.73882111631792
13.209999999999763,1064.5507575699712,123.50769288536489,14.318958229830976,12.903570370413155,82.71584391528116
13.219999999999763,1065.36873591425,123.62902893626185,14.337097545529529,12.913072183173686,82.69286601372343
13.229999999999762,1066.1864926862431,123.75029265130141,14.35527629502701,12.922673555659182,82.66988730642696
13.239999999999762,1067.0040278162044,123.87148442627655,14.373493528049512,12.932374017655775,82.64690768822068
13.249999999999762,1067.8213412327464,123.99260466126175,14.391748297324424,12.942173089762557,82.62392705399243
13.259999999999762,1068.6384328628512,124.11365376054212,14.41003965868476,12.952070283567977,82.60094529870115
13.269999999999762,1069.4553026318827,124.23463213254246,14.428366671171975,12.9620651018247,82.57796231738881
13.279999999999761,1070.2719504635975,124.35554018975611,14.44672839713723,12.972157038623092,82.5549780051924
13.289999999999761,1071.088376280158,124.47637834867363,14.465123902341102,12.982345579563235,82.53199225735582
13.299999999999761,1071.9045800021427,124.59714702971141,14.483552256051803,12.992630201925527,82.50900496924159
13.30999999999976,1072.7205615485598,124.71784665714007,14.502012531141867,13.003010374839894,82.48601603634253
13.31999999999976,1073.5363208368583,124.8384776590129,14.520503804183345,13.013485559453583,82.4630253542934
13.32999999999976,1074.3518577829407,124.95904046709403,14.539025155541472,13.024055209097611,82.44003281888232
13.33999999999976,1075.167172301175,125.07953551678669,14.557575669466878,13.034718769451832,82.41703832606223
13.34999999999976,1075.9822643044072,125.19996324706133,14.576154434186288,13.045475678708714,82.39404177196221
13.35999999999976,1076.7971337039737,125.3203241003837,14.594760541991795,13.056325367735706,82.37104305289866
13.36999999999976,1077.6117804097141,125.44061852264288,14.613393089328596,13.067267260236378,82.34804206538648
13.37999999999976,1078.4262043299836,125.56084696307936,14.632051176881339,13.078300772910177,82.32503870615007
13.389999999999759,1079.240405371666,125.68100987421299,14.650733909658983,13.089425315610962,82.30203287213425
13.399999999999759,1080.0543834401858,125.80110771177108,14.669440397078223,13.10064029150426,82.27902446051522
13.409999999999759,1080.868138439522,125.9211409346164,14.688169753045475,13.111945097223176,82.25601336871115
13.419999999999758,1081.6816702722203,126.04111000467526,14.70692109603747,13.123339123023086,82.23299949439303
13.429999999999758,1082.4949788394067,126.16101538686561,14.725693549180374,13.134821752935231,82.20998273549503
13.439999999999758,1083.3080640408,126.28085754902524,14.744486240327541,13.146392364918809,82.18696299022517
13.449999999999758,1084.1209257747248,126.40063696183996,14.763298302135842,13.158050331012051,82.1639401570755
13.459999999999757,1084.9335639381256,126.52035409877196,14.782128872140607,13.169795017482057,82.14091413483253
13.469999999999757,1085.745978426579,126.64000943598815,14.800977092829177,13.181625784973294,82.1178848225873
13.479999999999757,1086.5581691343082,126.75960345228869,14.819842111713077,13.193541988655094,82.09485211974551
13.489999999999757,1087.3701359541947,126.87913662903556,14.838723081398804,13.205542978367854,82.07181592603744
13.499999999999757,1088.1818787777931,126.9986094500813,14.857619159657279,13.217628098768005,82.04877614152791
13.509999999999756,1088.9933974953444,127.11802240169786,14.876529509491906,13.229796689471941,82.02573266662594
13.519999999999756,1089.8046919957885,127.23737597250557,14.895453299205302,13.242048085198762,82.00268540209451
13.529999999999756,1090.6157621667792,127.35667065340232,14.914389702464689,13.254381615911727,81.9796342490601
13.539999999999756,1091.4266078946964,127.47590693749281,14.933337898365915,13.266796606958753,81.95657910902214
13.549999999999756,1092.2372290646608,127.59508532001807,14.952297071496217,13.279292379211618,81.93351988386239
13.559999999999755,1093.0476255605472,127.7142062982851,14.971266411995577,13.291868249204164,81.91045647585418
13.569999999999755,1093.857797264998,127.83327037159673,14.990245115616837,13.304523529269243,81.88738878767158
13.579999999999755,1094.6677440594374,127.95227804118161,14.999999999999998,13.31725383472112,81.86431672239847
13.589999999999755,1095.4774658241547,128.07122980986267,14.999999999999998,13.330051008133093,81.84124018667266
13.599999999999755,1096.2869624384605,128.19012618146064,14.999999999999998,13.34290716237045,81.81815909391818
13.609999999999754,1097.0962337808364,128.30896766022144,14.999999999999998,13.355814674116093,81.79507336416525
13.619999999999754,1097.9052797290797,128.42775475026684,14.999999999999998,13.36876617751761,81.77198292387394
13.629999999999754,1098.714100160443,128.5464879550676,14.999999999999998,13.38175455795417,81.74888770576113
13.639999999999754,1099.522694951769,128.6651677769385,14.999999999999998,13.394772945921588,81.72578764863087
13.649999999999753,1100.3310639796202,128.7837947165549,14.999999999999998,13.407814711033927,81.70268269720783
13.659999999999753,1101.139207120404,128.9023692724898,14.999999999999998,13.420873456140162,81.67957280197426
13.669999999999753,1101.947124250493,129.02089194077126,14.999999999999998,13.433943011553986,81.65645791900965
13.679999999999753,1102.7548152463407,129.13936321445925,14.999999999999998,13.447017429395455,81.63333800983378
13.689999999999753,1103.5622799845933,129.25778358324155,14.999999999999998,13.460090978042754,81.61021304125254
13.699999999999752,1104.3695183421967,129.37615353304832,14.999999999999998,13.4731581366925,81.58708298520679
13.709999999999752,1105.1765301964997,129.4944735456844,14.999999999999998,13.486213590026978,81.56394781862414
13.719999999999752,1105.9833154253533,129.6127440984792,14.999999999999998,13.499252222986902,81.54080752327339
13.729999999999752,1106.7898739072054,129.73096566395338,14.999999999999998,13.512269115647833,81.51766208562185
13.739999999999752,1107.5962055211921,129.84913870950214,14.999999999999998,13.525259538199142,81.49451149669551
13.749999999999751,1108.4023101472255,129.96726369709435,14.999999999999998,13.5382189460236,81.47135575194164
13.759999999999751,1109.2081876660775,130.08534108298713,14.999999999999998,13.5511429748762,81.44819485109431
13.76999999999975,1110.01383795946,130.2033713174555,14.999999999999998,13.564027436160904,81.42502879804232
13.77999999999975,1110.8192609101027,130.3213548445366,14.999999999999998,13.57686831230345,81.40185760069974
13.78999999999975,1111.6244564018255,130.439292101788,14.999999999999998,13.589661752218996,81.37868127087914
13.79999999999975,1112.4294243196098,130.55718352005965,14.999999999999998,13.602404066873104,81.3554998241671
13.80999999999975,1113.2341645496651,130.67502952327916,14.999999999999998,13.615091724934487,81.33231327980236
13.81999999999975,1114.0386769794939,130.7928305282499,14.999999999999998,13.627721348518147,81.30912166055627
13.82999999999975,1114.842961497952,130.91058694446158,14.999999999999998,13.640289709017509,81.28592499261578
13.83999999999975,1115.6470179953076,131.02829917391276,14.999999999999998,13.652793723023986,81.26272330546861
13.84999999999975,1116.450846363296,131.14596761094523,14.999999999999998,13.665230448332778,81.23951663179103
13.859999999999749,1117.2544464951732,131.26359264208955,14.999999999999998,13.677597080033243,81.21630500733768
13.869999999999749,1118.0578182857646,131.38117464592148,14.999999999999998,13.689890946682773,81.19308847083386
13.879999999999749,1118.860961631514,131.49871399292917,14.999999999999998,13.702109506562472,81.16986706386994
13.889999999999748,1119.6638764305278,131.61621104539034,14.999999999999998,13.714250344013577,81.14664083079813
13.899999999999748,1120.4665625826171,131.7336661572596,14.999999999999998,13.726311165853081,81.12340981863132
13.909999999999748,1121.2690199893389,131.851079674065,14.999999999999998,13.738289797867294,81.10017407694417
13.919999999999748,1122.0712485540328,131.96845193281425,14.999999999999998,13.750184181382096,81.07693365777637
13.929999999999747,1122.8732481818577,132.08578326190934,14.999999999999998,13.76199236990843,81.05368861553787
13.939999999999747,1123.6750187798245,132.20307398107025,14.999999999999998,13.773712525861923,81.0304390069164
13.949999999999747,1124.476560256828,132.32032440126662,14.999999999999998,13.785342917355235,81.00718489078687
13.959999999999747,1125.2778725236756,132.43753482465763,14.999999999999998,13.796881915062007,80.98392632812296
13.969999999999747,1126.0789554931152,132.55470554453956,14.999999999999998,13.808327989150909,80.9606633819106
13.979999999999746,1126.8798090798607,132.6718368453008,14.999999999999998,13.819679706288968,80.9373961170635
13.989999999999746,1127.680433200615,132.78892900238398,14.999999999999998,13.830935726712534,80.91412460034063
13.999999999999746,1128.4808277740924,132.90598228225522,14.999999999999998,13.84209480136499,80.89084890026565
14.009999999999746,1129.2809927210383,133.02299694237982,14.999999999999998,13.853155769099912,80.86756908704818
14.019999999999746,1130.0809279642476,133.13997323120444,14.999999999999998,13.864117553948478,80.84428523250702
14.029999999999745,1130.8806334285819,133.25691138814554,14.999999999999998,13.874979162450007,80.82099740999524
14.039999999999745,1131.6801090409836,133.37381164358365,14.999999999999998,13.885739681044488,80.79770569432698
14.049999999999745,1132.479354730491,133.49067421886343,14.999999999999998,13.896398273526005,80.7744101617062
14.059999999999745,1133.2783704282492,133.6074993262991,14.999999999999998,13.906954178555821,80.75111088965714
14.069999999999744,1134.0771560675214,133.7242871691852,14.999999999999998,13.917406707234242,80.72780795695645
14.079999999999744,1134.8757115836981,133.84103794181252,14.999999999999998,13.927755240729901,80.70450144356731
14.089999999999744,1135.6740369143054,133.9577518294885,14.999999999999998,13.937999227965594,80.68119143057486
14.099999999999744,1136.4721319990113,134.07442900856282,14.999999999999998,13.948138183359628,80.65787800012366
14.109999999999744,1137.2699967796311,134.19106964645687,14.999999999999998,13.958171684621435,80.63456123535664
14.119999999999743,1138.0676312001324,134.3076739016979,14.999999999999998,13.968099370600685,80.61124122035561
14.129999999999743,1138.8650352066372,134.4242419239571,14.999999999999998,13.977920939188628,80.58791804008354
14.139999999999743,1139.662208747425,134.54077385409144,14.999999999999998,13.98763614527088,80.56459178032824
14.149999999999743,1140.459151772933,134.65726982418937,14.999999999999998,13.997244798730572,80.54126252764775
14.159999999999743,1141.2558642357558,134.77372995762016,14.999999999999998,14.006746762500889,80.51793036931706
14.169999999999742,1142.0523460906447,134.89015436908633,14.999999999999998,14.01614195066604,80.4945953932765
14.179999999999742,1142.848597294506,135.0065431646796,14.999999999999998,14.025430326609724,80.47125768808152
14.189999999999742,1143.6446178063968,135.12289644193973,14.999999999999998,14.034611901210175,80.44791734285393
14.199999999999742,1144.4404075875225,135.2392142899163,14.999999999999998,14.043686731080886,80.42457444723448
14.209999999999742,1145.2359666012308,135.35549678923334,14.999999999999998,14.052654916856032,80.40122909133702
14.219999999999741,1146.0312948130065,135.4717440121565,14.999999999999998,14.061516601519788,80.37788136570383
14.229999999999741,1146.826392190466,135.58795602266275,14.999999999999998,14.070271968778629,80.35453136126239
14.23999999999974,1147.6212587033488,135.70413287651238,14.999999999999998,14.0789212414757,80.33117916928349
14.24999999999974,1148.4158943235102,135.82027462132334,14.999999999999998,14.087464680046494,80.30782488134054
14.25999999999974,1149.2102990249132,135.93638129664757,14.999999999999998,14.095902581014995,80.28446858927029
14.26999999999974,1150.0044727836187,136.05245293404937,14.999999999999998,14.104235275529332,80.26111038513463
14.27999999999974,1150.7984155777754,136.16848955718558,14.999999999999998,14.112463127936293,80.23775036118371
14.28999999999974,1151.5921273876102,136.28449118188752,14.999999999999998,14.12058653439386,80.21438860982035
14.29999999999974,1152.3856081954161,136.4004578162446,14.999999999999998,14.128605921520853,80.19102522356529
14.30999999999974,1153.1788579855415,136.51638946068945,14.999999999999998,14.136521745083096,80.16766029502405
14.31999999999974,1153.9718767443776,136.6322861080844,14.999999999999998,14.144334488715227,80.1442939168545
14.329999999999739,1154.764664460345,136.7481477438094,14.999999999999998,14.152044662677373,80.12092618173581
14.339999999999739,1155.5572211238823,136.86397434585098,14.999999999999998,14.159652802646136,80.09755718233829
14.349999999999739,1156.3495467274306,136.9797658848926,14.999999999999998,14.16715946853888,80.07418701129444
14.359999999999738,1157.141641265421,137.0955223244058,14.999999999999998,14.17456524337095,80.05081576117092
14.369999999999738,1157.9335047342588,137.21124362074244,14.999999999999998,14.181870732144679,80.0274435244416
14.379999999999738,1158.7251371323098,137.3269297232277,14.999999999999998,14.189076560770001,80.00407039346152
14.389999999999738,1159.5165384598843,137.442580574254,14.999999999999998,14.196183375015618,79.9806964604419
14.399999999999737,1160.3077087192216,137.55819610937556,14.999999999999998,14.203191839490135,79.95732181742608
14.409999999999737,1161.098647914475,137.67377625740346,14.999999999999998,14.2101026366526,79.93394655626626
14.419999999999737,1161.8893560516938,137.78932094050148,14.999999999999998,14.216916465851797,79.91057076860136
14.429999999999737,1162.6798331388086,137.90483007428224,14.999999999999998,14.223634042393485,79.88719454583554
14.439999999999737,1163.4700791856137,138.02030356790385,14.999999999999998,14.230256096635149,79.86381797911775
14.449999999999736,1164.2600942037498,138.13574132416687,14.999999999999998,14.23678337310762,79.84044115932195
14.459999999999736,1165.049878206687,138.25114323961157,14.999999999999998,14.243216629662882,79.81706417702834
14.469999999999736,1165.8394312097078,138.36650920461537,14.999999999999998,14.249556636647487,79.79368712250522
14.479999999999736,1166.6287532298884,138.48183910349053,14.999999999999998,14.255804176101131,79.7703100856917
14.489999999999736,1167.4178442860818,138.5971328145818,14.999999999999998,14.261960040979607,79.74693315618121
14.499999999999735,1168.2067043988989,138.71239021036428,14.999999999999998,14.268025034401775,79.7235564232056
14.509999999999735,1168.9953335906907,138.82761115754107,14.999999999999998,14.273999968919867,79.70017997562017
14.519999999999735,1169.78373188553,138.94279551714118,14.999999999999998,14.27988566581264,79.67680390188923
14.529999999999735,1170.5718993091925,139.05794314461698,14.999999999999998,14.285682954400826,79.65342829007241
14.539999999999734,1171.3598358891386,139.1730538899418,14.999999999999998,14.291392671384367,79.63005322781164
14.549999999999734,1172.1475416544943,139.28812759770707,14.999999999999998,14.297015660200971,79.60667880231874
14.559999999999734,1172.9350166360327,139.4031641072195,14.999999999999998,14.30255277040537,79.58330510036372
14.569999999999734,1173.722260866155,139.5181632525977,14.999999999999998,14.308004857068951,79.5599322082635
14.579999999999734,1174.509274378871,139.63312486286867,14.999999999999998,14.313372780199071,79.53656021187159
14.589999999999733,1175.2960572097809,139.7480487620639,14.999999999999998,14.318657404177747,79.51318919656784
14.599999999999733,1176.082609396056,139.86293476931496,14.999999999999998,14.323859597219258,79.48981924724927
14.609999999999733,1176.8689309764188,139.97778269894894,14.999999999999998,14.328980230846096,79.46645044832107
14.619999999999733,1177.655021991125,140.092592360583,14.999999999999998,14.334020179382792,79.44308288368829
14.629999999999733,1178.4408824819438,140.2073635592189,14.999999999999998,14.338980319467417,79.41971663674806
14.639999999999732,1179.2265124921385,140.32209609533655,14.999999999999998,14.343861529580037,79.39635179038221
14.649999999999732,1180.0119120664474,140.43678976498742,14.999999999999998,14.348664689587874,79.37298842695051
14.659999999999732,1180.797081251065,140.5514443598871,14.999999999999998,14.353390680306747,79.34962662828423
14.669999999999732,1181.582020093623,140.66605966750737,14.999999999999998,14.358040383078228,79.32626647568026
14.679999999999731,1182.3667286431703,140.78063547116756,14.999999999999998,14.362614679362386,79.30290804989566
14.689999999999731,1183.1512069501548,140.89517155012533,14.999999999999998,14.367114450345511,79.2795514311426
14.699999999999731,1183.935455066404,141.0096676796668,14.999999999999998,14.37154057656246,79.2561966990837
14.70999999999973,1184.719473045106,141.12412363119583,14.999999999999998,14.375893937533366,79.2328439328279
14.71999999999973,1185.5032609407906,141.23853917232285,14.999999999999998,14.380175411414266,79.20949321092654
14.72999999999973,1186.2868188093107,141.3529140669526,14.999999999999998,14.38438587466122,79.18614461136987
14.73999999999973,1187.070146707823,141.46724807537146,14.999999999999998,14.388526201707718,79.16279821158408
14.74999999999973,1187.8532446947695,141.5815409543338,14.999999999999998,14.392597264654931,79.13945408842841
14.75999999999973,1188.6361128298595,141.69579245714763,14.999999999999998,14.396599932974427,79.11611231819285
14.76999999999973,1189.41875117405,141.8100023337594,14.999999999999998,14.400535073223185,79.09277297659598
14.77999999999973,1190.2011597895275,141.92417033083805,14.999999999999998,14.404403548770361,79.06943613878327
14.78999999999973,1190.9833387396905,142.0382961918582,14.999999999999998,14.408206219535726,79.04610187932556
14.799999999999729,1191.76528808913,142.15237965718248,14.999999999999998,14.411943941739207,79.02277027221794
14.809999999999729,1192.5470079036127,142.2664204641431,14.999999999999998,14.415617567661473,78.99944139087883
14.819999999999729,1193.3284982500616,142.38041834712243,14.999999999999998,14.41922794541511,78.97611530814942
14.829999999999728,1194.109759196539,142.4943730376328,14.999999999999998,14.422775918726144,78.95279209629327
14.839999999999728,1194.8907908122283,142.60828426439548,14.999999999999998,14.426262326725606,78.92947182699623
14.849999999999728,1195.6715931674166,142.72215175341856,14.999999999999998,14.429688003750872,78.90615457136668
14.859999999999728,1196.452166333477,142.83597522807426,14.999999999999998,14.43305377915654,78.88284039993576
14.869999999999727,1197.232510382851,142.94975440917509,14.999999999999998,14.436360477134475,78.8595293826581
14.879999999999727,1198.0126253890317,143.06348901504916,14.999999999999998,14.43960891654293,78.83622158891261
14.889999999999727,1198.792511426546,143.17717876161467,14.999999999999998,14.442799910744217,78.81291708750352
14.899999999999727,1199.5721685709386,143.29082336245338,14.999999999999998,14.445934267451031,78.78961594666163
14.909999999999727,1200.351596898754,143.40442252888326,14.999999999999998,14.449012788580854,78.76631823404568
14.919999999999726,1201.1307964875205,143.5179759700302,14.999999999999998,14.452036270118404,78.74302401674407
14.929999999999726,1201.9097674157333,143.63148339289873,14.999999999999998,14.455005501985786,78.71973336127648
14.939999999999726,1202.6885097628385,143.7449445024419,14.999999999999998,14.457921267920195,78.69644633359603
14.949999999999726,1203.4670236092163,143.85835900163022,14.999999999999998,14.460784345358837,78.67316299909122
14.959999999999726,1204.2453090361655,143.9717265915196,14.999999999999998,14.46359550533109,78.64988342258827
14.969999999999725,1205.0233661258867,144.08504697131852,14.999999999999998,14.466355512357264,78.62660766835356
14.979999999999725,1205.8011949614677,144.19831983845415,14.999999999999998,14.469065124354225,78.60333580009609
14.989999999999725,1206.5787956268666,144.31154488863757,14.999999999999998,14.471725092547365,78.58006788097029
14.999999999999725,1207.356168206897,144.42472181592808,14.999999999999998,14.474336161388862,78.55680397357872
15.009999999999724,1208.1333127872133,144.5378503127966,14.999999999999998,14.476899068481915,78.53354413997509
15.019999999999724,1208.9102294542938,144.65093007018814,14.999999999999998,14.479414544510874,78.5102884416672
15.029999999999724,1209.6869182954276,144.76396077758338,14.999999999999998,14.481883313177038,78.48703693962024
15.039999999999724,1210.4633793986986,144.87694212305922,14.999999999999998,14.48430609114001,78.4637896942599
15.049999999999724,1211.2396128529715,144.98987379334864,14.999999999999998,14.486683587964212,78.44054676547583
15.059999999999723,1212.0156187478765,145.1027554738994,14.999999999999998,14.489016506070667,78.41730821262504
15.069999999999723,1212.791397173796,145.21558684893202,14.999999999999998,14.491305540693695,78.39407409453544
15.079999999999723,1213.5669482218498,145.32836760149675,14.999999999999998,14.49355137984241,78.37084446950944
15.089999999999723,1214.3422719838811,145.44109741352975,14.999999999999998,14.495754704266858,78.34761939532767
15.099999999999723,1215.1173685524432,145.55377596590824,14.999999999999998,14.49791618742868,78.32439892925272
15.109999999999722,1215.8922380207853,145.6664029385049,14.999999999999998,14.500036495476023,78.30118312803296
15.119999999999722,1216.6668804828391,145.77897801024125,14.999999999999998,14.502116287222773,78.27797204790647
15.129999999999722,1217.4412960332058,145.8915008591403,14.999999999999998,14.504156214131617,78.25476574460495
15.139999999999722,1218.215484767143,146.00397116237826,14.999999999999998,14.506156920301185,78.23156427335775
15.149999999999721,1218.989446780551,146.1163885963353,14.999999999999998,14.50811904245685,78.20836768889588
15.159999999999721,1219.7631821699608,146.22875283664555,14.999999999999998,14.510043209945163,78.18517604545619
15.169999999999721,1220.5366910325215,146.3410635582463,14.999999999999998,14.511930044731841,78.16198939678544
15.17999999999972,1221.3099734659868,146.45332043542624,14.999999999999998,14.51378016140292,78.13880779614452
15.18999999999972,1222.083029568704,146.5655231418728,14.999999999999998,14.515594167169414,78.11563129631267
15.19999999999972,1222.8558594396009,146.6776713507189,14.999999999999998,14.517372661874857,78.09245994959169
15.20999999999972,1223.6284631781743,146.78976473458863,14.999999999999998,14.519116238005923,78.06929380781024
15.21999999999972,1224.4008408844784,146.9018029656422,14.999999999999998,14.520825480705973,78.04613292232818
15.22999999999972,1225.1729926591122,147.01378571562012,14.999999999999998,14.522500967791265,78.02297734404087
15.23999999999972,1225.9449186032093,147.12571265588653,14.999999999999998,14.524143269769848,77.99982712338345
15.24999999999972,1226.716618818426,147.2375834574717,14.999999999999998,14.525752949863072,77.97668231033533
15.25999999999972,1227.4880934069297,147.3493977911137,14.999999999999998,14.527330564029429,77.95354295442446
15.269999999999719,1228.2593424713887,147.46115532729954,14.999999999999998,14.528876660990807,77.93040910473177
15.279999999999719,1229.0303661149608,147.5728557363052,14.999999999999998,14.530391782260992,77.90728080989552
15.289999999999718,1229.801164441283,147.68449868823507,14.999999999999998,14.531876462176223,77.88415811811579
15.299999999999718,1230.571737554461,147.79608385306057,14.999999999999998,14.53333122792794,77.86104107715879
15.309999999999718,1231.3420855590584,147.9076109006581,14.999999999999998,14.534756599597342,77.83792973436132
15.319999999999718,1232.1122085600873,148.01907950084623,14.999999999999998,14.536153090191972,77.81482413663518
15.329999999999718,1232.8821066629973,148.13048932342193,14.999999999999998,14.537521205683907,77.79172433047152
15.339999999999717,1233.6517799736666,148.24184003819641,14.999999999999998,14.538861445049863,77.76863036194536
15.349999999999717,1234.4212285983915,148.35313131503003,14.999999999999998,14.540174300312744,77.74554227671985
15.359999999999717,1235.190452643877,148.46436282386654,14.999999999999998,14.541460256584795,77.72246012005071
15.369999999999717,1235.959452217228,148.57553423476662,14.999999999999998,14.542719792112258,77.69938393679067
15.379999999999717,1236.7282274259394,148.68664521794074,14.999999999999998,14.54395337832135,77.67631377139374
15.389999999999716,1237.496778377887,148.79769544378127,14.999999999999998,14.54516147986569,77.6532496679196
15.399999999999716,1238.2651051813189,148.908684582894,14.999999999999998,14.54634455467475,77.63019167003793
15.409999999999716,1239.033207944846,149.019612306129,14.999999999999998,14.547503054003716,77.60713982103276
15.419999999999716,1239.8010867774344,149.13047828461058,14.999999999999998,14.548637422484367,77.58409416380674
15.429999999999715,1240.5687417883958,149.2412821897669,14.999999999999998,14.549748098176961,77.56105474088542
15.439999999999715,1241.3361730873796,149.35202369335886,14.999999999999998,14.550835512623182,77.53802159442158
15.449999999999715,1242.1033807843648,149.46270246750814,14.999999999999998,14.55190009089999,77.51499476619938
15.459999999999715,1242.8703649896515,149.5733181847249,14.999999999999998,14.552942251674331,77.49197429763862
15.469999999999715,1243.6371258138533,149.68387051793474,14.999999999999998,14.553962407258656,77.46896022979898
15.479999999999714,1244.403663367889,149.7943591405048,14.999999999999998,14.55496096366721,77.4459526033841
15.489999999999714,1245.1699777629756,149.90478372626984,14.999999999999998,14.555938320673095,77.42295145874584
15.499999999999714,1245.93606911062,150.01514394955709,14.999999999999998,14.55689487186578,77.39995683588828
15.509999999999714,1246.7019375226123,150.1254394852109,14.999999999999998,14.557831004709469,77.37696877447189
15.519999999999714,1247.4675831110176,150.23567000861672,14.999999999999998,14.558747100601877,77.3539873138176
15.529999999999713,1248.2330059881695,150.3458351957244,14.999999999999998,14.55964353493347,77.33101249291076
15.539999999999713,1248.998206266663,150.45593472307112,14.999999999999998,14.560520677147299,77.30804435040527
15.549999999999713,1249.7631840593474,150.56596826780358,14.999999999999998,14.561378890799185,77.28508292462739
15.559999999999713,1250.5279394793197,150.67593550769976,14.999999999999998,14.562218533618276,77.26212825357986
15.569999999999713,1251.2924726399176,150.7858361211901,14.999999999999998,14.56303995756791,77.23918037494565
15.579999999999712,1252.0567836547134,150.8956697873781,14.999999999999998,14.563843508906881,77.21623932609197
15.589999999999712,1252.8208726375071,151.00543618606045,14.999999999999998,14.56462952825084,77.19330514407402
15.599999999999712,1253.5847397023208,151.11513499774674,14.999999999999998,14.565398350633947,77.17037786563888
15.609999999999712,1254.3483849633917,151.22476590367842,14.999999999999998,14.56615030557075,77.14745752722924
15.619999999999711,1255.1118085351666,151.3343285858475,14.999999999999998,14.566885717118222,77.12454416498716
15.629999999999711,1255.8750105322956,151.44382272701455,14.999999999999998,14.567604903937815,77.10163781475777
15.639999999999711,1256.6379910696269,151.5532480107265,14.999999999999998,14.568308179357699,77.07873851209297
15.64999999999971,1257.4007502621998,151.66260412133354,14.999999999999998,14.568995851435002,77.05584629225508
15.65999999999971,1258.1632882252404,151.77189074400601,14.999999999999998,14.569668223018123,77.03296119022038
15.66999999999971,1258.9256050741558,151.88110756475052,14.999999999999998,14.570325591808961,77.01008324068273
15.67999999999971,1259.687700924528,151.99025427042568,14.999999999999998,14.570968250425166,76.98721247805713
15.68999999999971,1260.4495758921091,152.09933054875748,14.999999999999998,14.571596486462363,76.96434893648316
15.69999999999971,1261.2112300928168,152.2083360883541,14.999999999999998,14.572210582556192,76.94149264982846
15.70999999999971,1261.9726636427279,152.31727057872038,14.999999999999998,14.572810816444317,76.91864365169218
15.71999999999971,1262.7338766580745,152.4261337102719,14.999999999999998,14.573397461028252,76.89580197540832
15.729999999999709,1263.4948692552382,152.53492517434842,14.999999999999998,14.573970784435145,76.87296765404913
15.739999999999709,1264.2556415507465,152.64364466322718,14.999999999999998,14.57453105007917,76.8501407204284
15.749999999999709,1265.016193661267,152.75229187013565,14.999999999999998,14.575078516722952,76.82732120710473
15.759999999999708,1265.7765257036028,152.86086648926394,14.999999999999998,14.57561343853861,76.80450914638476
15.769999999999708,1266.5366377946896,152.96936821577674,14.999999999999998,14.576136065168647,76.78170457032645
15.779999999999708,1267.2965300515891,153.077796745825,14.999999999999998,14.576646641786576,76.75890751074215
15.789999999999708,1268.0562025914862,153.18615177655707,14.999999999999998,14.577145409157183,76.73611799920175
15.799999999999708,1268.8156555316843,153.2944330061297,14.999999999999998,14.577632603696616,76.71333606703587
15.809999999999707,1269.5748889896013,153.40264013371842,14.999999999999998,14.578108457532164,76.69056174533874
15.819999999999707,1270.3339030827651,153.51077285952775,14.999999999999998,14.578573198561585,76.6677950649714
15.829999999999707,1271.0926979288106,153.61883088480096,14.999999999999998,14.57902705051225,76.64503605656455
15.839999999999707,1271.851273645475,153.72681391182957,14.999999999999998,14.579470232999853,76.62228475052156
15.849999999999707,1272.609630350594,153.8347216439624,14.999999999999998,14.579902961586768,76.59954117702138
15.859999999999706,1273.3677681620989,153.94255378561448,14.999999999999998,14.580325447840059,76.57680536602135
15.869999999999706,1274.125687198012,154.05031004227533,14.999999999999998,14.580737899389032,76.55407734726015
15.879999999999706,1274.883387576444,154.15799012051724,14.999999999999998,14.581140519982512,76.53135715026048
15.889999999999706,1275.6408694155896,154.26559372800304,14.999999999999998,14.581533509545562,76.50864480433192
15.899999999999705,1276.3981328337252,154.37312057349365,14.999999999999998,14.58191706423594,76.48594033857358
15.909999999999705,1277.1551779492045,154.48057036685532,14.999999999999998,14.582291376499926,76.46324378187687
15.919999999999705,1277.9120048804562,154.58794281906648,14.999999999999998,14.582656635127943,76.4405551629281
15.929999999999705,1278.66861374598,154.69523764222447,14.999999999999998,14.583013025309521,76.41787451021113
15.939999999999705,1279.4250046643444,154.8024545495518,14.999999999999998,14.58336072868799,76.39520185200998
15.949999999999704,1280.181177754183,154.90959325540234,14.999999999999998,14.583699923414542,76.37253721641127
15.959999999999704,1280.9371331341915,155.01665347526702,14.999999999999998,14.584030784201953,76.3498806313069
15.969999999999704,1281.6928709231258,155.12363492577944,14.999999999999998,14.584353482377752,76.32723212439647
15.979999999999704,1282.4483912397982,155.23053732472113,14.999999999999998,14.584668185936925,76.30459172318967
15.989999999999704,1283.203694203075,155.33736039102652,14.999999999999998,14.584975059594193,76.28195945500879
15.999999999999703,1283.9587799318738,155.44410384478778,14.999999999999998,14.585274264835677,76.259335346991
16.009999999999703,1284.713648545161,155.55076740725931,14.999999999999998,14.585565959970182,76.23671942609083
16.019999999999705,1285.4683001619492,155.65735080086205,14.999999999999998,14.585850300179922,76.21411171908237
16.029999999999706,1286.2227349012946,155.76385374918746,14.999999999999998,14.586127437570726,76.19151225256165
16.039999999999708,1286.9769528822949,155.87027597700146,14.999999999999998,14.586397521221807,76.1689210529488
16.04999999999971,1287.7309542240864,155.9766172102479,14.999999999999998,14.586660697234894,76.14633814649035
16.05999999999971,1288.4847390458426,156.08287717605197,14.999999999999998,14.586917108783016,76.12376355926136
16.069999999999713,1289.2383074667707,156.1890556027234,14.999999999999998,14.587166896158582,76.10119731716762
16.079999999999714,1289.9916596061107,156.29515221975942,14.999999999999998,14.587410196821116,76.07863944594774
16.089999999999716,1290.7447955831324,156.4011667578473,14.999999999999998,14.587647145444315,76.0560899711753
16.099999999999717,1291.4977155171334,156.5070989488672,14.999999999999998,14.587877873962723,76.03354891826082
16.10999999999972,1292.250419527438,156.6129485258942,14.999999999999998,14.588102511617752,76.01101631245388
16.11999999999972,1293.0029077333936,156.7187152232007,14.999999999999998,14.58832118500331,75.98849217884509
16.129999999999722,1293.7551802543703,156.82439877625816,14.999999999999998,14.588534018110753,75.9659765423681
16.139999999999723,1294.5072372097584,156.92999892173904,14.999999999999998,14.588741132373432,75.94346942780145
16.149999999999725,1295.2590787189663,157.03551539751828,14.999999999999998,14.588942646710679,75.92097085977059
16.159999999999727,1296.0107049014196,157.14094794267479,14.999999999999998,14.589138677571231,75.89848086274972
16.169999999999728,1296.7621158765583,157.2462962974926,14.999999999999998,14.589329338976166,75.87599946106364
16.17999999999973,1297.5133117638356,157.351560203462,14.999999999999998,14.589514742561272,75.85352667888961
16.18999999999973,1298.264292682717,157.4567394032804,14.999999999999998,14.589694997618908,75.83106254025913
16.199999999999733,1299.0150587526778,157.5618336408532,14.999999999999998,14.589870211139422,75.8086070690597
16.209999999999734,1299.7656100932013,157.6668426612942,14.999999999999998,14.590040487851862,75.78616028903662
16.219999999999736,1300.5159468237784,157.77176621092613,14.999999999999998,14.590205930264363,75.76372222379464
16.229999999999738,1301.2660690639054,157.87660403728097,14.999999999999998,14.590366638703882,75.74129289679976
16.23999999999974,1302.0159769330828,157.9813558891,14.999999999999998,14.590522711355442,75.71887233138077
16.24999999999974,1302.7656705508139,158.08602151633391,14.999999999999998,14.590674244300875,75.69646055073095
16.259999999999742,1303.5151500366032,158.19060067014254,14.999999999999998,14.590821331557073,75.67405757790974
16.269999999999744,1304.264415509956,158.29509310289473,14.999999999999998,14.590964065113694,75.65166343584423
16.279999999999745,1305.013467090376,158.39949856816776,14.999999999999998,14.591102534970279,75.62927814733081
16.289999999999747,1305.7623048973649,158.503816820747,14.999999999999998,14.591236829173058,75.60690173503667
16.29999999999975,1306.5109290504208,158.6080476166251,14.999999999999998,14.59136703385107,75.58453422150131
16.30999999999975,1307.2593396690374,158.7121907130013,14.999999999999998,14.591493233251812,75.56217562913807
16.31999999999975,1308.0075368727025,158.81624586828042,14.999999999999998,14.591615509776462,75.53982598023555
16.329999999999753,1308.7555207808973,158.920212842072,14.999999999999998,14.5917339440146,75.51748529695912
16.339999999999755,1309.503291513095,159.02409139518903,14.999999999999998,14.591848614778257,75.49515360135229
16.349999999999756,1310.2508491887602,159.1278812896468,14.999999999999998,14.591959599135786,75.4728309153381
16.359999999999758,1310.9981939273478,159.23158228866149,14.999999999999998,14.59206697244491,75.45051726072056
16.36999999999976,1311.7453258483015,159.33519415664875,14.999999999999998,14.592170808385516,75.42821265918597
16.37999999999976,1312.4922450710542,159.43871665922217,14.999999999999998,14.592271178991904,75.40591713230424
16.389999999999763,1313.2389517150255,159.54214956319154,14.999999999999998,14.592368154684555,75.38363070153021
16.399999999999764,1313.9854458996222,159.64549263656127,14.999999999999998,14.59246180430136,75.36135338820496
16.409999999999766,1314.7317277442367,159.74874564852837,14.999999999999998,14.592552195128478,75.33908521355706
16.419999999999767,1315.4777973682465,159.85190836948067,14.999999999999998,14.592639392930698,75.31682619870382
16.42999999999977,1316.2236548910137,159.95498057099465,14.999999999999998,14.592723461981304,75.29457636465253
16.43999999999977,1316.9693004318833,160.05796202583352,14.999999999999998,14.592804465091547,75.27233573230167
16.449999999999772,1317.7147341101838,160.16085250794487,14.999999999999998,14.592882463639512,75.25010432244208
16.459999999999773,1318.4599560452257,160.2636517924585,14.999999999999998,14.592957517598784,75.22788215575815
16.469999999999775,1319.2049663563007,160.36635965568402,14.999999999999998,14.5930296855664,75.20566925282894
16.479999999999777,1319.9497651626818,160.46897587510855,14.999999999999998,14.59309902479059,75.18346563412936
16.489999999999778,1320.6943525836223,160.57150022939405,14.999999999999998,14.593165591197895,75.16127132003125
16.49999999999978,1321.4387287383547,160.67393249837488,14.999999999999998,14.593229439419941,75.13908633080443
16.50999999999978,1322.1828937460912,160.77627246305514,14.999999999999998,14.59329062281982,75.1169106866179
16.519999999999783,1322.9268477260223,160.87851990560597,14.999999999999998,14.593349193517918,75.09474440754076
16.529999999999784,1323.6705907973164,160.98067460936278,14.999999999999998,14.593405202417458,75.07258751354337
16.539999999999786,1324.4141230791201,161.08273635882242,14.999999999999998,14.593458699229545,75.05044002449827
16.549999999999788,1325.1574446905568,161.1847049396403,14.999999999999998,14.59350973249784,75.02830196018124
16.55999999999979,1325.9005557507264,161.2865801386275,14.999999999999998,14.593558349622784,75.0061733402723
16.56999999999979,1326.6434563787054,161.38836174374765,14.999999999999998,14.59360459688547,74.98405418435665
16.579999999999792,1327.3861466935457,161.49004954411396,14.999999999999998,14.593648451062988,74.96194451192565
16.589999999999794,1328.128626814276,161.59164332998202,14.999999999999998,14.593689863891795,74.93984434243336
16.599999999999795,1328.8708968599028,161.6931428927412,14.999999999999998,14.593728789474781,74.91775369531716
16.609999999999797,1329.6129569494112,161.79454802490622,14.999999999999998,14.593765184212241,74.89567258999614
16.6199999999998,1330.3548072017663,161.89585852010885,14.999999999999998,14.593799006734473,74.87360104586962
16.6299999999998,1331.096447735914,161.9970741730899,14.999999999999998,14.593830217836151,74.85153908231564
16.6399999999998,1331.8378786707815,162.09819477969145,14.999999999999998,14.593858780412113,74.82948671868955
16.649999999999803,1332.5791001252796,162.1992201368489,14.999999999999998,14.59388465939491,74.80744397432254
16.659999999999805,1333.3201122183023,162.3001500425837,14.999999999999998,14.593907821693744,74.78541086852037
16.669999999999806,1334.0609150687278,162.40098429599584,14.999999999999998,14.593928236135033,74.76338742056204
16.679999999999808,1334.80150879542,162.50172269725664,14.999999999999998,14.59394587340437,74.7413736496985
16.68999999999981,1335.5418935172288,162.60236504760178,14.999999999999998,14.593960705989929,74.71936957515143
16.69999999999981,1336.282069352991,162.7029111493243,14.999999999999998,14.593972708127284,74.69737521611206
16.709999999999813,1337.0220364215306,162.8033608057679,14.999999999999998,14.59398185574559,74.67539059174005
16.719999999999814,1337.7617948416605,162.90371382132034,14.999999999999998,14.593988126415192,74.65341572116232
16.729999999999816,1338.5013447321824,163.00397000140686,14.999999999999998,14.593991499296413,74.63145062347203
16.739999999999817,1339.2406862118871,163.10412915248395,14.999999999999998,14.59399195508972,74.6094953177275
16.74999999999982,1339.9798193995564,163.20419108203308,14.999999999999998,14.593989475987112,74.58754982295119
16.75999999999982,1340.7187444139622,163.3041555985546,14.999999999999998,14.593984045624712,74.56561415812884
16.769999999999822,1341.457461373868,163.40402251156178,14.999999999999998,14.593975649036686,74.54368834220836
16.779999999999824,1342.1959703980292,163.50379163157496,14.999999999999998,14.593964272610108,74.52177239409909
16.789999999999825,1342.9342716051938,163.6034627701158,14.999999999999998,14.593949904041219,74.49986633267078
16.799999999999827,1343.6723651141021,163.7030357397017,14.999999999999998,14.593932532292628,74.47797017675286
16.809999999999828,1344.4102510434886,163.8025103538402,14.999999999999998,14.593912147551688,74.45608394513359
16.81999999999983,1345.147929512081,163.9018864270236,14.999999999999998,14.593888741189911,74.43420765655921
16.82999999999983,1345.8854006386011,164.00116377472372,14.999999999999998,14.593862305723452,74.4123413297333
16.839999999999833,1346.622664541766,164.1003422133865,14.999999999999998,14.593832834774636,74.39048498331591
16.849999999999834,1347.359721340287,164.19942156042714,14.999999999999998,14.593800323034381,74.36863863592305
16.859999999999836,1348.0965711528713,164.2984016342248,14.999999999999998,14.59376476622578,74.34680230612578
16.869999999999838,1348.8332140982218,164.39728225411787,14.999999999999998,14.593726161068464,74.32497601244972
16.87999999999984,1349.5696502950373,164.496063240399,14.999999999999998,14.593684505243905,74.3031597733744
16.88999999999984,1350.305879862013,164.5947444143104,14.999999999999998,14.593639797361849,74.28135360733262
16.899999999999842,1351.0419029178406,164.6933255980391,14.999999999999998,14.593592036927296,74.25955753270988
16.909999999999844,1351.7777195812093,164.79180661471239,14.999999999999998,14.593541224308685,74.23777156784382
16.919999999999845,1352.5133299708048,164.89018728839324,14.999999999999998,14.59348736070666,74.21599573102374
16.929999999999847,1353.2487342053105,164.9884674440759,14.999999999999998,14.593430448123854,74.19423004048998
16.93999999999985,1353.9839324034078,165.08664690768143,14.999999999999998,14.593370489335335,74.17247451443357
16.94999999999985,1354.7189246837756,165.1847255060535,14.999999999999998,14.593307487860022,74.15072917099563
16.95999999999985,1355.4537111650914,165.28270306695407,14.999999999999998,14.59324144793268,74.12899402826702
16.969999999999853,1356.1882919660304,165.38057941905922,14.999999999999998,14.59317237447681,74.10726910428778
16.979999999999855,1356.9226672052666,165.47835439195498,14.999999999999998,14.593100273078203,74.08555441704691
16.989999999999856,1357.656837001473,165.57602781613338,14.999999999999998,14.59302514995927,74.06384998448179
16.999999999999858,1358.3908014733208,165.67359952298838,14.999999999999998,14.592947011953981,74.04215582447792
17.00999999999986,1359.124560739481,165.77106934481193,14.999999999999998,14.592865866483615,74.0204719548685
17.01999999999986,1359.858114918623,165.86843711479014,14.999999999999998,14.592781721533141,73.99879839343416
17.029999999999863,1360.5914641294157,165.96570266699933,14.999999999999998,14.592694585628129,73.97713515790252
17.039999999999864,1361.324608490528,166.0628658364024,14.999999999999998,14.59260446781252,73.95548226594805
17.049999999999866,1362.0575481206272,166.15992645884498,14.999999999999998,14.592511377626838,73.93383973519161
17.059999999999867,1362.790283138381,166.2568843710518,14.999999999999998,14.59241532508708,73.91220758320027
17.06999999999987,1363.5228136624567,166.35373941062306,14.999999999999998,14.592316320664242,73.89058582748704
17.07999999999987,1364.255139811521,166.45049141603087,14.999999999999998,14.592214375264344,73.86897448551056
17.089999999999872,1364.9872617042413,166.54714022661562,14.999999999999998,14.592109500209068,73.84737357467496
17.099999999999874,1365.719179459284,166.64368568258257,14.999999999999998,14.592001707216976,73.82578311232959
17.109999999999875,1366.4508931953164,166.74012762499834,14.999999999999998,14.591891008385193,73.80420311576879
17.119999999999877,1367.1824030310052,166.83646589578748,14.999999999999998,14.591777416171649,73.78263360223174
17.129999999999878,1367.9137090850174,166.93270033772913,14.999999999999998,14.591660943377894,73.76107458890226
17.13999999999988,1368.6448114760205,167.02883079445368,14.999999999999998,14.59154160313237,73.73952609290866
17.14999999999988,1369.3757103226822,167.12485711043945,14.999999999999998,14.591419408874092,73.71798813132355
17.159999999999883,1370.10640574367,167.22077913100935,14.999999999999998,14.591294374336947,73.69646072116372
17.169999999999884,1370.8368978576518,167.3165967023278,14.999999999999998,14.591166513534382,73.67494387938997
17.179999999999886,1371.5671867832964,167.41230967139734,14.999999999999998,14.591035840744572,73.65343762290708
17.189999999999888,1372.2972726392723,167.50791788605562,14.999999999999998,14.590902370496009,73.63194196856357
17.19999999999989,1373.0271555442487,167.60342119497216,14.999999999999998,14.590766117553489,73.61045693315168
17.20999999999989,1373.756835616895,167.69881944764526,14.999999999999998,14.590627096904676,73.58898253340729
17.219999999999892,1374.486312975881,167.79411249439892,14.999999999999998,14.590485323746872,73.56751878600974
17.229999999999894,1375.2155877398773,167.88930018637978,14.999999999999998,14.590340813474318,73.54606570758187
17.239999999999895,1375.9446600275542,167.98438237555413,14.999999999999998,14.590193581665828,73.5246233146899
17.249999999999897,1376.673529957583,168.07935891470484,14.999999999999998,14.590043644072908,73.50319162384335
17.2599999999999,1377.402197648635,168.1742296574284,14.999999999999998,14.589891016608078,73.48177065149504
17.2699999999999,1378.1306632193819,168.26899445813206,14.999999999999998,14.589735715333697,73.46036041404106
17.2799999999999,1378.858926788496,168.3636531720307,14.999999999999998,14.589577756451105,73.43896092782069
17.289999999999903,1379.5869884746498,168.45820565514413,14.999999999999998,14.589417156290033,73.41757220911639
17.299999999999905,1380.3148483965163,168.55265176429407,14.999999999999998,14.589253931298478,73.39619427415381
17.309999999999906,1381.0425066727685,168.64699135710137,14.999999999999998,14.589088098032828,73.37482713910174
17.319999999999908,1381.7699634220799,168.74122429198312,14.999999999999998,14.5889196731483,73.35347082007219
17.32999999999991,1382.4972187631242,168.8353504281498,14.999999999999998,14.588748673389754,73.33212533312027
17.33999999999991,1383.2242728145757,168.9293696256026,14.999999999999998,14.588575115582703,73.31079069424433
17.349999999999913,1383.9511256951082,169.0232817451304,14.999999999999998,14.588399016624747,73.28946691938592
17.359999999999914,1384.6777775233966,169.11708664830724,14.999999999999998,14.588220393477176,73.26815402442978
17.369999999999916,1385.4042284181153,169.21078419748946,14.999999999999998,14.588039263156922,73.2468520252039
17.379999999999917,1386.1304784979388,169.30437425581297,14.999999999999998,14.587855642728806,73.22556093747964
17.38999999999992,1386.8565278815424,169.39785668719054,14.999999999999998,14.587669549297953,73.20428077697163
17.39999999999992,1387.5823766876008,169.49123135630907,14.999999999999998,14.587481000002567,73.1830115593379
17.409999999999922,1388.3080250347891,169.58449812862696,14.999999999999998,14.58729001200693,73.16175330017992
17.419999999999924,1389.0334730417821,169.6776568703714,14.999999999999998,14.587096602494587,73.14050601504266
17.429999999999925,1389.758720827255,169.77070744853572,14.999999999999998,14.58690078866188,73.11926971941466
17.439999999999927,1390.4837685098826,169.86364973087672,14.999999999999998,14.586702587711617,73.09804442872806
17.44999999999993,1391.2086162083397,169.9564835859121,14.999999999999998,14.58650201684701,73.07683015835872
17.45999999999993,1391.933264041301,170.04920888291778,14.999999999999998,14.586299093265827,73.05562692362628
17.46999999999993,1392.657712127441,170.14182549192532,14.999999999999998,14.586093834154768,73.03443473979422
17.479999999999933,1393.3819605854342,170.2343332837193,14.999999999999998,14.585886256684045,73.01325362207
17.489999999999934,1394.1060095339544,170.32673212983482,14.999999999999998,14.585676378002141,72.99208358560504
17.499999999999936,1394.8298590916756,170.41902190255482,14.999999999999998,14.585464215230845,72.97092464549499
17.509999999999938,1395.5535093772712,170.51120247490758,14.999999999999998,14.585249785460372,72.94977681677965
17.51999999999994,1396.2769605094143,170.6032737206642,14.999999999999998,14.585033105744753,72.92864011444314
17.52999999999994,1397.0002126067775,170.69523551433596,14.999999999999998,14.584814193097339,72.90751455341405
17.539999999999942,1397.7232657880331,170.7870877311719,14.999999999999998,14.584593064486564,72.8864001485655
17.549999999999944,1398.4461201718532,170.87883024715623,14.999999999999998,14.584369736831809,72.86529691471519
17.559999999999945,1399.1687758769087,170.97046293900587,14.999999999999998,14.584144226999504,72.84420486662566
17.569999999999947,1399.891233021871,171.06198568416792,14.999999999999998,14.583916551799314,72.82312401900427
17.57999999999995,1400.6134917254096,171.1533983608172,14.999999999999998,14.5836867279805,72.8020543865034
17.58999999999995,1401.3355521061944,171.24470084785366,14.999999999999998,14.583454772228526,72.78099598372056
17.59999999999995,1402.0574142828943,171.3358930249001,14.999999999999998,14.58322070116167,72.75994882519842
17.609999999999953,1402.7790783741777,171.4269747722995,14.999999999999998,14.582984531327895,72.73891292542511
17.619999999999955,1403.500544498712,171.51794597111274,14.999999999999998,14.582746279201839,72.71788829883421
17.629999999999956,1404.2218127751642,171.608806503116,14.999999999999998,14.582505961181859,72.69687495980493
17.639999999999958,1404.9428833222,171.69955625079842,14.999999999999998,14.58226359358738,72.67587292266222
17.64999999999996,1405.663756258485,171.79019509735963,14.999999999999998,14.582019192656148,72.65488220167697
17.65999999999996,1406.384431702683,171.8807229267073,14.999999999999998,14.581772774541799,72.63390281106606
17.669999999999963,1407.104909773458,171.9711396234548,14.999999999999998,14.581524355311473,72.61293476499257
17.679999999999964,1407.8251905894726,172.06144507291867,14.999999999999998,14.581273950943565,72.59197807756587
17.689999999999966,1408.5452742693883,172.1516391611163,14.999999999999998,14.581021577325533,72.5710327628418
17.699999999999967,1409.2651609318657,172.24172177476348,14.999999999999998,14.580767250251935,72.55009883482279
17.70999999999997,1409.9848506955645,172.33169280127208,14.999999999999998,14.580510985422443,72.52917630745803
17.71999999999997,1410.7043436791434,172.42155212874758,14.999999999999998,14.580252798440023,72.50826519464358
17.729999999999972,1411.42364000126,172.51129964598672,14.999999999999998,14.579992704809266,72.4873655102226
17.739999999999974,1412.1427397805712,172.60093524247517,14.999999999999998,14.579730719934744,72.46647726798537
17.749999999999975,1412.8616431357323,172.69045880838505,14.999999999999998,14.579466859119506,72.44560048166954
17.759999999999977,1413.5803501853975,172.77987023457268,14.999999999999998,14.579201137563574,72.4247351649603
17.76999999999998,1414.2988610482203,172.8691694125762,14.999999999999998,14.578933570362702,72.40388133149041
17.77999999999998,1415.0171758428526,172.95835623461318,14.999999999999998,14.578664172507072,72.3830389948405
17.78999999999998,1415.7352946879455,173.04743059357827,14.999999999999998,14.578392958880126,72.36220816853914
17.799999999999983,1416.4532177021488,173.1363923830409,14.999999999999998,14.578119944257502,72.34138886606303
17.809999999999985,1417.1709450041108,173.22524149724296,14.999999999999998,14.577845143306035,72.32058110083709
17.819999999999986,1417.888476712479,173.3139778310964,14.999999999999998,14.577568570582768,72.29978488623476
17.829999999999988,1418.6058129458993,173.40260128018093,14.999999999999998,14.577290240534161,72.279000235578
17.83999999999999,1419.3229538230169,173.49111174074176,14.999999999999998,14.577010167495304,72.25822716213756
17.84999999999999,1420.039899462475,173.57950910968725,14.999999999999998,14.576728365689156,72.23746567913308
17.859999999999992,1420.7566499829159,173.66779328458654,14.999999999999998,14.576444849225956,72.2167157997333
17.869999999999994,1421.4732055029806,173.75596416366736,14.999999999999998,14.576159632102584,72.19597753705615
17.879999999999995,1422.189566141309,173.84402164581363,14.999999999999998,14.575872728202139,72.175250904169
17.889999999999997,1422.905732016539,173.93196563056324,14.999999999999998,14.575584151293366,72.15453591408878
17.9,1423.6217032473082,174.01979601810572,14.999999999999998,14.575293915030363,72.13383257978208
17.91,1424.337479952252,174.10751270927994,14.999999999999998,14.575002032952167,72.11314091416544
17.92,1425.0530622500046,174.1951156055719,14.999999999999998,14.574708518482497,72.0924609301054
17.930000000000003,1425.7684502591994,174.2826046091124,14.999999999999998,14.574413384929535,72.07179264041872
17.940000000000005,1426.4836440984682,174.3699796226748,14.999999999999998,14.574116645485736,72.05113605787258
17.950000000000006,1427.1986438864412,174.45724054967272,14.999999999999998,14.573818313227658,72.03049119518461
17.960000000000008,1427.9134497417474,174.5443872941578,14.999999999999998,14.573518401115987,72.00985806502322
17.97000000000001,1428.6280617830146,174.63141976081744,14.999999999999998,14.573216921995352,71.98923668000765
17.98000000000001,1429.342480128869,174.7183378549726,14.999999999999998,14.572913888594462,71.96862705270816
17.990000000000013,1430.056704897936,174.80514148257544,14.999999999999998,14.572609313526074,71.9480291956462
18.000000000000014,1430.770736208839,174.89183055020723,14.999999999999998,14.572303209287094,71.9274431212946
18.010000000000016,1431.4845741802003,174.978404965076,14.999999999999998,14.571995588258789,71.90686884207771
18.020000000000017,1432.1982189306411,175.06486463501435,14.999999999999998,14.571686462706825,71.88630637037153
18.03000000000002,1432.911670578781,175.1512094684772,14.999999999999998,14.571375844781583,71.86575571850393
18.04000000000002,1433.6249292432383,175.23743937453958,14.999999999999998,14.571063746518359,71.8452168987548
18.050000000000022,1434.3379950426302,175.32355426289445,14.999999999999998,14.570750179837592,71.82468992335616
18.060000000000024,1435.0508680955722,175.40955404385042,14.999999999999998,14.570435156545273,71.80417480449243
18.070000000000025,1435.763548520679,175.49543862832962,14.999999999999998,14.570118688333169,71.7836715543005
18.080000000000027,1436.4760364365638,175.58120792786545,14.999999999999998,14.56980078677929,71.76318018486988
18.09000000000003,1437.1883319618385,175.66686185460034,14.999999999999998,14.569481463348238,71.74270070824296
18.10000000000003,1437.9004352151135,175.75240032128363,14.999999999999998,14.569160729391639,71.72223313641511
18.11000000000003,1438.6123463149984,175.83782324126935,14.999999999999998,14.568838596148584,71.70177748133483
18.120000000000033,1439.3240653801015,175.92313052851404,14.999999999999998,14.568515074746104,71.68133375490392
18.130000000000035,1440.0355925290296,176.0083220975746,14.999999999999998,14.56819017619973,71.66090196897768
18.140000000000036,1440.7469278803885,176.09339786360601,14.999999999999998,14.56786391141393,71.64048213536503
18.150000000000038,1441.458071552783,176.1783577423593,14.999999999999998,14.567536291182694,71.62007426582866
18.16000000000004,1442.1690236648162,176.26320165017933,14.999999999999998,14.567207326190115,71.59967837208524
18.17000000000004,1442.8797843350906,176.34792950400254,14.999999999999998,14.566877027010976,71.5792944658055
18.180000000000042,1443.590353682207,176.43254122135494,14.999999999999998,14.566545404111316,71.55892255861451
18.190000000000044,1444.300731824766,176.51703672034986,14.999999999999998,14.566212467849104,71.5385626620917
18.200000000000045,1445.0109188813663,176.60141591968588,14.999999999999998,14.565878228474862,71.51821478777114
18.210000000000047,1445.7209149706057,176.68567873864458,14.999999999999998,14.565542696132294,71.4978789471416
18.22000000000005,1446.430720211081,176.76982509708853,14.999999999999998,14.565205880859027,71.47755515164675
18.23000000000005,1447.1403347213884,176.85385491545904,14.999999999999998,14.564867792587222,71.45724341268534
18.24000000000005,1447.8497586201224,176.93776811477412,14.999999999999998,14.564528441144335,71.43694374161129
18.250000000000053,1448.558992025877,177.02156461662634,14.999999999999998,14.564187836253804,71.41665614973391
18.260000000000055,1449.268035057245,177.1052443431807,14.999999999999998,14.563845987535789,71.39638064831803
18.270000000000056,1449.9768878328186,177.18880721717247,14.999999999999998,14.56350290450791,71.37611724858414
18.280000000000058,1450.6855504711891,177.2722531619052,14.999999999999998,14.563158596586035,71.35586596170857
18.29000000000006,1451.3940230909466,177.35558210124856,14.999999999999998,14.562813073084936,71.33562679882363
18.30000000000006,1452.1023058106805,177.43879395963617,14.999999999999998,14.562466343219192,71.31539977101771
18.310000000000063,1452.8103987489794,177.52188866206362,14.999999999999998,14.562118416103866,71.29518488933553
18.320000000000064,1453.5183020244315,177.6048661340863,14.999999999999998,14.561769300755344,71.27498216477825
18.330000000000066,1454.2260157556236,177.68772630181746,14.999999999999998,14.561419006092159,71.25479160830359
18.340000000000067,1454.9335400611421,177.77046909192592,14.999999999999998,14.561067540935719,71.23461323082597
18.35000000000007,1455.640875059573,177.85309443163413,14.999999999999998,14.560714914011173,71.21444704321674
18.36000000000007,1456.3480208695014,177.93560224871615,14.999999999999998,14.560361133948234,71.19429305630426
18.370000000000072,1457.0549776095115,178.01799247149546,14.999999999999998,14.560006209281957,71.17415128087406
18.380000000000074,1457.7617453981873,178.100265028843,14.999999999999998,14.559650148453587,71.15402172766898
18.390000000000075,1458.4683243541122,178.1824198501751,14.999999999999998,14.55929295981139,71.13390440738932
18.400000000000077,1459.1747145958689,178.26445686545142,14.999999999999998,14.558934651611528,71.11379933069303
18.41000000000008,1459.8809162420398,178.3463760051729,14.999999999999998,14.558575232018867,71.0937065081958
18.42000000000008,1460.586929411207,178.42817720037976,14.999999999999998,14.558214709107792,71.07362595047117
18.43000000000008,1461.2927542219518,178.50986038264946,14.999999999999998,14.557853090863073,71.05355766805081
18.440000000000083,1461.9983907928554,178.59142548409466,14.999999999999998,14.557490385180753,71.03350167142449
18.450000000000085,1462.7038392424986,178.6728724373612,14.999999999999998,14.557126599868969,71.01345797104035
18.460000000000086,1463.409099689462,178.75420117562618,14.999999999999998,14.556761742648783,70.99342657730499
18.470000000000088,1464.1141722523257,178.83541163259576,14.999999999999998,14.556395821155053,70.9734075005836
18.48000000000009,1464.8190570496697,178.91650374250338,14.999999999999998,14.556028842937296,70.95340075120015
18.49000000000009,1465.5237542000739,178.9974774401076,14.999999999999998,14.555660815460557,70.93340633943744
18.500000000000092,1466.228263822118,179.07833266069017,14.999999999999998,14.555291746106212,70.91342427553732
18.510000000000094,1466.9325860343815,179.1590693400541,14.999999999999998,14.554921642172873,70.89345456970081
18.520000000000095,1467.6367209554442,179.23968741452157,14.999999999999998,14.554550510877194,70.87349723208821
18.530000000000097,1468.3406687038853,179.32018682093207,14.999999999999998,14.554178359354784,70.85355227281923
18.5400000000001,1469.0444293982844,179.4005674966403,14.999999999999998,14.553805194661008,70.83361970197316
18.5500000000001,1469.748003157221,179.48082937951435,14.999999999999998,14.553431023771862,70.81369952958902
18.5600000000001,1470.451390099275,179.56097240793366,14.999999999999998,14.553055853584828,70.79379176566556
18.570000000000103,1471.1545903430258,179.64099652078707,14.999999999999998,14.552679690919698,70.77389642016162
18.580000000000105,1471.8576040070536,179.72090165747093,14.999999999999998,14.55230254251943,70.75401350299605
18.590000000000106,1472.5604312099385,179.8006877578871,14.999999999999998,14.551924415050998,70.73414302404794
18.600000000000108,1473.263072070261,179.88035476244102,14.999999999999998,14.551545315106242,70.71428499315674
18.61000000000011,1473.9655267066018,179.95990261203985,14.999999999999998,14.551165249202679,70.69443942012238
18.62000000000011,1474.6677952375421,180.0393312480905,14.999999999999998,14.550784223784342,70.67460631470541
18.630000000000113,1475.3698777816633,180.11864061249767,14.999999999999998,14.550402245222621,70.65478568662711
18.640000000000114,1476.0717744575472,180.19783064766204,14.999999999999998,14.550019319817073,70.63497754556963
18.650000000000116,1476.7734853837765,180.2769012964783,14.999999999999998,14.549635453796293,70.61518190117609
18.660000000000117,1477.4750106789338,180.3558525023332,14.999999999999998,14.549250653318676,70.59539876305075
18.67000000000012,1478.1763504616026,180.4346842091038,14.999999999999998,14.548864924473252,70.57562814075911
18.68000000000012,1478.877504850367,180.5133963611555,14.999999999999998,14.548478273280534,70.55587004382804
18.690000000000122,1479.5784739638116,180.5919889033401,14.999999999999998,14.54809070569327,70.53612448174589
18.700000000000124,1480.279257920522,180.67046178099412,14.999999999999998,14.547702227597295,70.51639146396259
18.710000000000125,1480.979856839084,180.74881493993666,14.999999999999998,14.547312844812286,70.49667099988987
18.720000000000127,1481.6802708380849,180.82704832646775,14.999999999999998,14.546922563092554,70.47696309890124
18.73000000000013,1482.380500036112,180.90516188736643,14.999999999999998,14.546531388127907,70.45726777033222
18.74000000000013,1483.080544551754,180.98315556988888,14.999999999999998,14.546139325544363,70.43758502348041
18.75000000000013,1483.7804045036005,181.06102932176657,14.999999999999998,14.545746380904918,70.41791486760565
18.760000000000133,1484.4800800102419,181.13878309120446,14.999999999999998,14.545352559710404,70.39825731193004
18.770000000000135,1485.1795711902696,181.21641682687917,14.999999999999998,14.544957867400154,70.37861236563819
18.780000000000136,1485.878878162276,181.2939304779371,14.999999999999998,14.544562309352818,70.35898003787722
18.790000000000138,1486.5780010448545,181.37132399399263,14.999999999999998,14.544165890887149,70.33936033775697
18.80000000000014,1487.2769399566,181.44859732512634,14.999999999999998,14.543768617262714,70.31975327435002
18.81000000000014,1487.9756950161084,181.52575042188317,14.999999999999998,14.543370493680637,70.3001588566919
18.820000000000142,1488.6742663419764,181.60278323527066,14.999999999999998,14.542971525284335,70.2805770937811
18.830000000000144,1489.3726540528025,181.67969571675707,14.999999999999998,14.542571717160325,70.26100799457933
18.840000000000146,1490.0708582671864,181.75648781826968,14.999999999999998,14.542171074338821,70.24145156801144
18.850000000000147,1490.768879103729,181.83315949219295,14.999999999999998,14.541769601794591,70.22190782296569
18.86000000000015,1491.4667166810325,181.90971069136674,14.999999999999998,14.541367304447627,70.20237676829377
18.87000000000015,1492.1643711177007,181.9861413690846,14.999999999999998,14.540964187163768,70.18285841281099
18.88000000000015,1492.8618425323389,182.06245147909198,14.999999999999998,14.540560254755547,70.16335276529625
18.890000000000153,1493.5591310435539,182.13864097558437,14.999999999999998,14.540155511982832,70.14385983449233
18.900000000000155,1494.2562367699538,182.2147098132057,14.999999999999998,14.539749963553454,70.12437962910585
18.910000000000156,1494.9531598301487,182.29065794704653,14.999999999999998,14.539343614124,70.10491215780743
18.920000000000158,1495.6499003427502,182.36648533264227,14.999999999999998,14.538936468300422,70.08545742923184
18.93000000000016,1496.3464584263716,182.4421919259715,14.999999999999998,14.538528530638724,70.06601545197802
18.94000000000016,1497.0428341996276,182.51777768345423,14.999999999999998,14.53811980564565,70.04658623460924
18.950000000000163,1497.7390277811353,182.59324256195015,14.999999999999998,14.53771029777932,70.02716978565319
18.960000000000164,1498.435039289513,182.66858651875694,14.999999999999998,14.537300011449917,70.00776611360205
18.970000000000166,1499.1308688433814,182.7438095116086,14.999999999999998,14.536888951020323,69.98837522691267
18.980000000000167,1499.826516561363,182.8189114986736,14.999999999999998,14.536477120806703,69.9689971340066
18.99000000000017,1500.5219825620816,182.89389243855342,14.999999999999998,14.536064525079217,69.94963184327025
19.00000000000017,1501.2172669641639,182.96875229028063,14.999999999999998,14.535651168062662,69.93027936305491
19.010000000000172,1501.912369886238,183.04349101331735,14.999999999999998,14.535237053937,69.91093970167692
19.020000000000174,1502.6072914469344,183.1181085675535,14.999999999999998,14.534822186838042,69.89161286741775
19.030000000000175,1503.3020317648854,183.19260491330513,14.999999999999998,14.534406570858044,69.87229886852406
19.040000000000177,1503.996590958726,183.26698001131282,14.999999999999998,14.533990210046339,69.85299771320788
19.05000000000018,1504.690969147093,183.34123382273998,14.999999999999998,14.533573108409886,69.83370940964663
19.06000000000018,1505.3851664486253,183.41536630917113,14.999999999999998,14.533155269913873,69.81443396598326
19.07000000000018,1506.0791829819643,183.48937743261038,14.999999999999998,14.532736698482342,69.79517139032629
19.080000000000183,1506.7730188657536,183.56326715547968,14.999999999999998,14.532317397998698,69.77592169074998
19.090000000000185,1507.4666742186394,183.63703544061724,14.999999999999998,14.531897372306323,69.75668487529438
19.100000000000186,1508.1601491592698,183.71068225127593,14.999999999999998,14.53147662520916,69.73746095196545
19.110000000000188,1508.8534438062961,183.78420755112154,14.999999999999998,14.53105516047225,69.71824992873508
19.12000000000019,1509.5465582783713,183.8576113042313,14.999999999999998,14.530632981822235,69.69905181354127
19.13000000000019,1510.2394926941513,183.93089347509226,14.999999999999998,14.530210092947998,69.67986661428822
19.140000000000192,1510.9322471722946,184.0040540285995,14.999999999999998,14.529786497501123,69.66069433884634
19.150000000000194,1511.624821831462,184.07709293005482,14.999999999999998,14.529362199096498,69.64153499505238
19.160000000000196,1512.3172167903172,184.15001014516488,14.999999999999998,14.528937201312758,69.6223885907096
19.170000000000197,1513.0094321675265,184.22280564003984,14.999999999999998,14.528511507692913,69.60325513358772
19.1800000000002,1513.7014680817588,184.2954793811916,14.999999999999998,14.52808512174476,69.5841346314231
19.1900000000002,1514.3933246516858,184.36803133553232,14.999999999999998,14.527658046941438,69.56502709191882
19.200000000000202,1515.085001995982,184.4404614703729,14.999999999999998,14.527230286721942,69.5459325227447
19.210000000000203,1515.776500233325,184.51276975342125,14.999999999999998,14.526801844491601,69.52685093153754
19.220000000000205,1516.4678194823944,184.58495615278093,14.999999999999998,14.526372723622568,69.50778232590098
19.230000000000206,1517.1589598618734,184.65702063694948,14.999999999999998,14.525942927454322,69.4887267134058
19.240000000000208,1517.8499214904482,184.72896317481693,14.999999999999998,14.525512459294157,69.46968410158985
19.25000000000021,1518.5407044868075,184.80078373566423,14.999999999999998,14.525081322417588,69.45065449795827
19.26000000000021,1519.2313089696431,184.87248228916172,14.999999999999998,14.52464952006888,69.43163790998345
19.270000000000213,1519.92173505765,184.94405880536772,14.999999999999998,14.52421705546149,69.41263434510518
19.280000000000214,1520.6119828695262,185.0155132547268,14.999999999999998,14.52378393177854,69.39364381073072
19.290000000000216,1521.3020525239726,185.08684560806847,14.999999999999998,14.523350152173235,69.37466631423487
19.300000000000217,1521.9919441396935,185.15805583660554,14.999999999999998,14.522915719769307,69.3557018629601
19.31000000000022,1522.6816578353962,185.2291439119327,14.999999999999998,14.522480637661491,69.33675046421654
19.32000000000022,1523.3711937297912,185.30010980602503,14.999999999999998,14.522044908915944,69.31781212528213
19.330000000000222,1524.0605519415924,185.37095349123643,14.999999999999998,14.521608536570627,69.29888685340272
19.340000000000224,1524.7497325895167,185.44167494029824,14.999999999999998,14.521171523635772,69.27997465579206
19.350000000000225,1525.4387357922844,185.51227412631766,14.999999999999998,14.52073387309428,69.26107553963195
19.360000000000227,1526.127561668619,185.58275102277642,14.999999999999998,14.520295587902158,69.2421895120723
19.37000000000023,1526.8162103372474,185.65310560352916,14.999999999999998,14.519856670988876,69.22331658023121
19.38000000000023,1527.5046819169002,185.7233378428021,14.999999999999998,14.519417125257798,69.20445675119505
19.39000000000023,1528.1929765263108,185.79344771519155,14.999999999999998,14.518976953586561,69.1856100320185
19.400000000000233,1528.8810942842165,185.86343519566242,14.999999999999998,14.518536158827487,69.1667764297247
19.410000000000235,1529.569035309358,185.93330025954685,14.999999999999998,14.518094743807936,69.14795595130522
19.420000000000236,1530.2567997204794,186.00304288254273,14.999999999999998,14.517652711330715,69.12914860372025
19.430000000000238,1530.9443876363284,186.0726630407123,14.999999999999998,14.517210064174407,69.1103543938986
19.44000000000024,1531.6317991756562,186.14216071048074,14.999999999999998,14.516766805093754,69.0915733287378
19.45000000000024,1532.3190344572172,186.21153586863466,14.999999999999998,14.516322936820066,69.07280541510414
19.460000000000242,1533.00609359977,186.28078849232085,14.999999999999998,14.515878462061517,69.05405065983281
19.470000000000244,1533.692976722077,186.34991855904477,14.999999999999998,14.515433383503543,69.0353090697279
19.480000000000246,1534.3796839429035,186.41892604666916,14.999999999999998,14.514987703809156,69.01658065156253
19.490000000000247,1535.0662153810188,186.48781093341267,14.999999999999998,14.514541425619262,68.9978654120789
19.50000000000025,1535.752571155196,186.5565731978485,14.999999999999998,14.514094551553084,68.97916335798831
19.51000000000025,1536.4387513842119,186.62521281890295,14.999999999999998,14.513647084208449,68.96047449597134
19.520000000000252,1537.1247561868472,186.69372977585414,14.999999999999998,14.513199026162063,68.9417988326778
19.530000000000253,1537.810585681886,186.76212404833055,14.999999999999998,14.512750379969923,68.9231363747269
19.540000000000255,1538.4962399881167,186.83039561630972,14.999999999999998,14.512301148167568,68.90448712870725
19.550000000000257,1539.1817192243311,186.89854446011688,14.999999999999998,14.511851333270457,68.88585110117697
19.560000000000258,1539.867023509325,186.9665705604236,14.999999999999998,14.511400937774209,68.86722829866373
19.57000000000026,1540.5521529618982,187.03447389824643,14.999999999999998,14.51094996415495,68.84861872766484
19.58000000000026,1541.2371077008543,187.10225445494555,14.999999999999998,14.510498414869616,68.83002239464732
19.590000000000263,1541.9218878450006,187.1699122122235,14.999999999999998,14.510046292356222,68.81143930604789
19.600000000000264,1542.6064935131487,187.2374471521238,14.999999999999998,14.50959359903415,68.79286946827318
19.610000000000266,1543.290924824114,187.30485925702962,14.999999999999998,14.509140337304514,68.77431288769966
19.620000000000267,1543.9751818967159,187.37214850966254,14.999999999999998,14.508686509550312,68.75576957067382
19.63000000000027,1544.6592648497776,187.43931489308113,14.999999999999998,14.508232118136839,68.73723952351209
19.64000000000027,1545.3431738021268,187.50635839067974,14.999999999999998,14.507777165411873,68.71872275250108
19.650000000000272,1546.0269088725947,187.57327898618715,14.999999999999998,14.507321653705949,68.7002192638975
19.660000000000274,1546.7104701800167,187.64007666366527,14.999999999999998,14.506865585332703,68.68172906392826
19.670000000000275,1547.3938578432326,187.7067514075079,14.999999999999998,14.506408962589031,68.66325215879061
19.680000000000277,1548.077071981086,187.77330320243945,14.999999999999998,14.50595178775539,68.64478855465212
19.69000000000028,1548.7601127124244,187.8397320335136,14.999999999999998,14.505494063096107,68.62633825765076
19.70000000000028,1549.4429801561,187.90603788611205,14.999999999999998,14.505035790859527,68.60790127389495
19.71000000000028,1550.1256744309687,187.9722207459433,14.999999999999998,14.504576973278374,68.58947760946369
19.720000000000283,1550.8081956558906,188.03828059904137,14.999999999999998,14.504117612569853,68.57106727040652
19.730000000000285,1551.4905439497302,188.10421743176454,14.999999999999998,14.503657710936052,68.55267026274366
19.740000000000286,1552.1727194313557,188.17003123079405,14.999999999999998,14.50319727056402,68.53428659246602
19.750000000000288,1552.8547222196403,188.23572198313298,14.999999999999998,14.50273629362613,68.51591626553531
19.76000000000029,1553.5365524334604,188.30128967610486,14.999999999999998,14.502274782280194,68.49755928788404
19.77000000000029,1554.2182101916976,188.36673429735256,14.999999999999998,14.501812738669809,68.47921566541567
19.780000000000292,1554.8996956132369,188.43205583483706,14.999999999999998,14.501350164924466,68.46088540400451
19.790000000000294,1555.5810088169683,188.49725427683612,14.999999999999998,14.500887063159821,68.44256850949596
19.800000000000296,1556.2621499217853,188.56232961194317,14.999999999999998,14.500423435477916,68.42426498770645
19.810000000000297,1556.9431190465864,188.62728182906608,14.999999999999998,14.499959283967357,68.40597484442354
19.8200000000003,1557.623916310274,188.69211091742588,14.999999999999998,14.499494610703543,68.38769808540597
19.8300000000003,1558.3045418317547,188.75681686655568,14.999999999999998,14.499029417748877,68.36943471638372
19.840000000000302,1558.9849957299398,188.82139966629938,14.999999999999998,14.498563707152957,68.35118474305806
19.850000000000303,1559.6652781237444,188.88585930681054,14.999999999999998,14.498097480952737,68.33294817110158
19.860000000000305,1560.3453891320885,188.95019577855115,14.999999999999998,14.497630741172806,68.31472500615834
19.870000000000307,1561.025328873896,189.01440907229048,14.999999999999998,14.497163489825514,68.29651525384381
19.880000000000308,1561.705097468095,189.07849917910391,14.999999999999998,14.496695728911149,68.27831891974499
19.89000000000031,1562.3846950336183,189.14246609037176,14.999999999999998,14.496227460418195,68.26013600942045
19.90000000000031,1563.0641216894032,189.20630979777806,14.999999999999998,14.49575868632343,68.24196652840035
19.910000000000313,1563.743377554391,189.27003029330953,14.999999999999998,14.495289408592157,68.22381048218661
19.920000000000314,1564.4224627475273,189.3336275692543,14.999999999999998,14.494819629178355,68.2056678762528
19.930000000000316,1565.1013773877623,189.39710161820082,14.999999999999998,14.494349350024862,68.1875387160443
19.940000000000317,1565.7801215940508,189.46045243303675,14.999999999999998,14.493878573063569,68.16942300697836
19.95000000000032,1566.4586954853514,189.5236800069477,14.999999999999998,14.493407300215559,68.15132075444409
19.96000000000032,1567.1370991806275,189.58678433341626,14.999999999999998,14.49293553339125,68.1332319638025
19.970000000000322,1567.8153327988468,189.64976540622075,14.999999999999998,14.49246327449063,68.1151566403867
19.980000000000324,1568.4933964589814,189.71262321943416,14.999999999999998,14.491990525403304,68.09709478950174
19.990000000000325,1569.1712902800077,189.775357767423,14.999999999999998,14.491517288008776,68.07904641642483
20.000000000000327,1569.8490143809065,189.8379690448462,14.999999999999998,14.491043564176525,68.0610115264053
20.01000000000033,1570.5265688806633,189.90045704665403,14.999999999999998,14.490569355766185,68.04299012466468
20.02000000000033,1571.2039538982674,189.9628217680869,14.999999999999998,14.490094664627641,68.02498221639678
20.03000000000033,1571.8811695527133,190.0250632046745,14.999999999999998,14.489619492601266,68.00698780676768
20.040000000000333,1572.5582159629992,190.08718135223435,14.999999999999998,14.489143841518013,67.98900690091581
20.050000000000335,1573.235093248128,190.14917620687103,14.999999999999998,14.488667713199552,67.97103950395199
20.060000000000336,1573.911801527107,190.21104776497492,14.999999999999998,14.488191109458395,67.9530856209595
20.070000000000338,1574.5883409189478,190.27279602322122,14.999999999999998,14.48771403209809,67.9351452569941
20.08000000000034,1575.2647115426666,190.3344209785688,14.999999999999998,14.487236482913287,67.91721841708413
20.09000000000034,1575.940913517284,190.3959226282592,14.999999999999998,14.486758463689958,67.89930510623049
20.100000000000342,1576.6169469618244,190.45730096981552,14.999999999999998,14.486279976205392,67.8814053294067
20.110000000000344,1577.2928119953174,190.51855600104133,14.999999999999998,14.485801022228491,67.86351909155901
20.120000000000346,1577.9685087367966,190.57968772001976,14.999999999999998,14.485321603519727,67.84564639760639
20.130000000000347,1578.6440373053001,190.64069612511227,14.999999999999998,14.484841721831412,67.82778725244059
20.14000000000035,1579.3193978198701,190.7015812149577,14.999999999999998,14.484361378907705,67.80994166092617
20.15000000000035,1579.9945903995535,190.7623429884713,14.999999999999998,14.483880576484811,67.79210962790057
20.160000000000352,1580.6696151634017,190.82298144484346,14.999999999999998,14.483399316291043,67.77429115817418
20.170000000000353,1581.3444722304698,190.88349658353903,14.999999999999998,14.48291760004698,67.75648625653032
20.180000000000355,1582.019161719818,190.94388840429596,14.999999999999998,14.482435429465541,67.73869492772535
20.190000000000357,1582.6936837505102,191.0041569071245,14.999999999999998,14.481952806252112,67.72091717648864
20.200000000000358,1583.3680384416152,191.06430209230604,14.999999999999998,14.48146973210468,67.7031530075227
20.21000000000036,1584.042225912206,191.12432396039222,14.999999999999998,14.48098620871387,67.68540242550318
20.22000000000036,1584.7162462813599,191.18422251220383,14.999999999999998,14.480502237763169,67.66766543507893
20.230000000000363,1585.3900996681582,191.24399774882988,14.999999999999998,14.480017820928879,67.64994204087202
20.240000000000364,1586.063786191687,191.30364967162654,14.999999999999998,14.479532959880357,67.63223224747776
20.250000000000366,1586.7373059710364,191.36317828221618,14.999999999999998,14.479047656280017,67.61453605946487
20.260000000000367,1587.410659125301,191.4225835824864,14.999999999999998,14.478561911783503,67.59685348137536
20.27000000000037,1588.0838457735795,191.481865574589,14.999999999999998,14.478075728039691,67.57918451772467
20.28000000000037,1588.7568660349748,191.541024260939,14.999999999999998,14.47758910669089,67.56152917300169
20.290000000000372,1589.4297200285946,191.60005964421373,14.999999999999998,14.477102049372876,67.54388745166881
20.300000000000374,1590.1024078735502,191.6589717273518,14.999999999999998,14.476614557714957,67.52625935816198
20.310000000000375,1590.7749296889574,191.71776051355212,14.999999999999998,14.476126633340154,67.50864489689066
20.320000000000377,1591.4472855939362,191.77642600627303,14.999999999999998,14.475638277865185,67.491044072238
20.33000000000038,1592.119475707611,191.83496820923122,14.999999999999998,14.475149492900604,67.47345688856076
20.34000000000038,1592.79150014911,191.89338712640088,14.999999999999998,14.474660280050887,67.45588335018942
20.35000000000038,1593.463359037566,191.9516827620127,14.999999999999998,14.474170640914531,67.43832346142824
20.360000000000383,1594.1350524921158,192.00985512055288,14.999999999999998,14.473680577084103,67.42077722655517
20.370000000000385,1594.8065806319005,192.0679042067623,14.999999999999998,14.473190090146293,67.4032446498221
20.380000000000386,1595.477943576065,192.12583002563554,14.999999999999998,14.472699181682088,67.38572573545468
20.390000000000388,1596.1491414437585,192.18363258241988,14.999999999999998,14.472207853266731,67.36822048765256
20.40000000000039,1596.8201743541347,192.24131188261444,14.999999999999998,14.471716106469914,67.35072891058927
20.41000000000039,1597.4910424263508,192.29886793196926,14.999999999999998,14.471223942855758,67.33325100841232
20.420000000000393,1598.1617457795683,192.35630073648434,14.999999999999998,14.470731363982939,67.31578678524328
20.430000000000394,1598.8322845329528,192.41361030240878,14.999999999999998,14.47023837140476,67.2983362451778
20.440000000000396,1599.502658805674,192.4707966362398,14.999999999999998,14.469744966669186,67.28089939228556
20.450000000000397,1600.1728687169054,192.5278597447219,14.999999999999998,14.469251151318915,67.26347623061044
20.4600000000004,1600.842914385825,192.5847996348459,14.999999999999998,14.468756926891528,67.24606676417048
20.4700000000004,1601.5127959316142,192.6416163138481,14.999999999999998,14.468262294919414,67.22867099695796
20.480000000000402,1602.1825134734586,192.69830978920933,14.999999999999998,14.467767256930006,67.21128893293937
20.490000000000403,1602.852067130548,192.7548800686541,14.999999999999998,14.467271814445668,67.19392057605552
20.500000000000405,1603.5214570220758,192.81132716014966,14.999999999999998,14.466775968983884,67.17656593022156
20.510000000000407,1604.1906832672391,192.8676510719052,14.999999999999998,14.466279722057294,67.15922499932697
20.520000000000408,1604.8597459852397,192.92385181237086,14.999999999999998,14.465783075173716,67.14189778723569
20.53000000000041,1605.5286452952826,192.979929390237,14.999999999999998,14.465286029836225,67.12458429778609
20.54000000000041,1606.1973813165766,193.0358838144332,14.999999999999998,14.464788587543273,67.10728453479098
20.550000000000413,1606.8659541683348,193.09171509412744,14.999999999999998,14.464290749788624,67.08999850203772
20.560000000000414,1607.5343639697737,193.14742323872525,14.999999999999998,14.463792518061517,67.07272620328821
20.570000000000416,1608.2026108401137,193.20300825786885,14.999999999999998,14.46329389384666,67.05546764227896
20.580000000000418,1608.8706948985791,193.25847016143626,14.999999999999998,14.462794878624333,67.03822282272107
20.59000000000042,1609.5386162643977,193.31380895954052,14.999999999999998,14.462295473870391,67.02099174830032
20.60000000000042,1610.206375056801,193.36902466252874,14.999999999999998,14.461795681056362,67.00377442267718
20.610000000000422,1610.8739713950245,193.42411728098133,14.999999999999998,14.461295501649474,66.98657084948687
20.620000000000424,1611.541405398307,193.47908682571116,14.999999999999998,14.460794937112679,66.96938103233933
20.630000000000425,1612.208677185891,193.5339333077627,14.999999999999998,14.460293988904784,66.95220497481938
20.640000000000427,1612.8757868770228,193.5886567384112,14.999999999999998,14.459792658480422,66.9350426804866
20.65000000000043,1613.542734590952,193.6432571291618,14.999999999999998,14.459290947290103,66.91789415287549
20.66000000000043,1614.209520446932,193.69773449174886,14.999999999999998,14.458788856780346,66.90075939549541
20.67000000000043,1614.8761445642194,193.75208883813494,14.999999999999998,14.458286388393596,66.8836384118307
20.680000000000433,1615.542607062075,193.80632018051014,14.999999999999998,14.457783543568375,66.86653120534066
20.690000000000435,1616.208908059762,193.86042853129123,14.999999999999998,14.457280323739298,66.8494377794596
20.700000000000436,1616.8750476765479,193.91441390312082,14.999999999999998,14.456776730337074,66.83235813759687
20.710000000000438,1617.5410260317033,193.96827630886656,14.999999999999998,14.456272764788604,66.81529228313688
20.72000000000044,1618.2068432445021,194.0220157616204,14.999999999999998,14.455768428516997,66.79824021943918
20.73000000000044,1618.8724994342217,194.07563227469765,14.999999999999998,14.455263722941593,66.78120194983843
20.740000000000443,1619.5379947201427,194.12912586163637,14.999999999999998,14.454758649478071,66.76417747764448
20.750000000000444,1620.2033292215492,194.18249653619642,14.999999999999998,14.454253209538392,66.7471668061424
20.760000000000446,1620.8685030577283,194.23574431235878,14.999999999999998,14.453747404530931,66.73016993859247
20.770000000000447,1621.5335163479704,194.28886920432467,14.999999999999998,14.453241235860453,66.71318687823026
20.78000000000045,1622.1983692115691,194.34187122651483,14.999999999999998,14.452734704928153,66.69621762826665
20.79000000000045,1622.8630617678214,194.39475039356873,14.999999999999998,14.45222781313175,66.67926219188783
20.800000000000452,1623.5275941360271,194.44750672034382,14.999999999999998,14.451720561865441,66.6623205722554
20.810000000000453,1624.1919664354891,194.5001402219147,14.999999999999998,14.451212952520022,66.64539277250631
20.820000000000455,1624.8561787855137,194.5526509135724,14.999999999999998,14.450704986482853,66.62847879575298
20.830000000000457,1625.52023130541,194.6050388108236,14.999999999999998,14.450196665137929,66.61157864508331
20.840000000000458,1626.1841241144903,194.65730392938985,14.999999999999998,14.449687989865893,66.59469232356064
20.85000000000046,1626.8478573320692,194.7094462852069,14.999999999999998,14.449178962044103,66.57781983422387
20.86000000000046,1627.511431077465,194.76146589442376,14.999999999999998,14.448669583046609,66.56096118008746
20.870000000000463,1628.1748454699987,194.8133627734022,14.999999999999998,14.448159854244231,66.54411636414144
20.880000000000464,1628.8381006289937,194.86513693871575,14.999999999999998,14.447649777004555,66.52728538935148
20.890000000000466,1629.501196673777,194.91678840714917,14.999999999999998,14.44713935269204,66.51046825865886
20.900000000000468,1630.1641337236779,194.96831719569755,14.999999999999998,14.446628582667941,66.49366497498062
20.91000000000047,1630.8269118980284,195.0197233215657,14.999999999999998,14.4461174682904,66.4768755412094
20.92000000000047,1631.4895313161633,195.0710068021673,14.999999999999998,14.44560601091449,66.46009996021367
20.930000000000472,1632.1519920974204,195.12216765512423,14.999999999999998,14.445094211892174,66.44333823483764
20.940000000000474,1632.8142943611394,195.17320589826588,14.999999999999998,14.44458207257244,66.42659036790128
20.950000000000475,1633.4764382266635,195.2241215496283,14.999999999999998,14.444069594301197,66.40985636220047
20.960000000000477,1634.1384238133378,195.27491462745365,14.999999999999998,14.443556778421403,66.39313622050688
20.97000000000048,1634.80025124051,195.32558515018934,14.999999999999998,14.443043626273063,66.37642994556809
20.98000000000048,1635.4619206275308,195.37613313648737,14.999999999999998,14.44253013919323,66.35973754010762
20.99000000000048,1636.1234320937529,195.4265586052036,14.999999999999998,14.442016318516089,66.34305900682489
21.000000000000483,1636.7847857585311,195.4768615753971,14.999999999999998,14.441502165572912,66.32639434839534
21.010000000000485,1637.4459817412232,195.52704206632936,14.999999999999998,14.440987681692103,66.30974356747039
21.020000000000486,1638.107020161189,195.57710009746364,14.999999999999998,14.440472868199269,66.2931066666775
21.030000000000488,1638.7679011377907,195.62703568846428,14.999999999999998,14.43995772641719,66.27648364862019
21.04000000000049,1639.4286247903926,195.67684885919593,14.999999999999998,14.439442257665869,66.25987451587805
21.05000000000049,1640.0891912383613,195.72653962972296,14.999999999999998,14.438926463262542,66.24327927100683
21.060000000000493,1640.7496006010656,195.7761080203087,14.999999999999998,14.438410344521694,66.22669791653837
21.070000000000494,1641.4098529978764,195.82555405141477,14.999999999999998,14.43789390275511,66.21013045498074
21.080000000000496,1642.0699485481666,195.87487774370038,14.999999999999998,14.437377139271861,66.19357688881819
21.090000000000497,1642.7298873713112,195.9240791180217,14.999999999999998,14.43686005537836,66.1770372205112
21.1000000000005,1643.389669586687,195.97315819543113,14.999999999999998,14.436342652378334,66.16051145249648
21.1100000000005,1644.049295313673,196.02211499717666,14.999999999999998,14.435824931572935,66.14399958718705
21.120000000000502,1644.70876467165,196.07094954470116,14.999999999999998,14.435306894260638,66.12750162697226
21.130000000000503,1645.3680777800007,196.11966185964175,14.999999999999998,14.43478854173736,66.11101757421777
21.140000000000505,1646.0272347581094,196.16825196382908,14.999999999999998,14.434269875296437,66.09454743126561
21.150000000000507,1646.6862357253626,196.21671987928676,14.999999999999998,14.433750896228668,66.0780912004342
21.160000000000508,1647.345080801148,196.26506562823056,14.999999999999998,14.43323160582228,66.06164888401841
21.17000000000051,1648.0037701048552,196.31328923306793,14.999999999999998,14.432712005363005,66.0452204842895
21.18000000000051,1648.6623037558757,196.36139071639718,14.999999999999998,14.432192096134056,66.02880600349528
21.190000000000513,1649.320681873602,196.4093701010069,14.999999999999998,14.431671879416179,66.01240544385996
21.200000000000514,1649.978904577429,196.45722740987534,14.999999999999998,14.431151356487677,65.99601880758438
21.210000000000516,1650.6369719867519,196.50496266616972,14.999999999999998,14.430630528624361,65.97964609684585
21.220000000000518,1651.2948842209682,196.55257589324557,14.999999999999998,14.430109397099647,65.96328731379832
21.23000000000052,1651.952641399477,196.60006711464615,14.999999999999998,14.429587963184511,65.94694246057229
21.24000000000052,1652.610243641678,196.64743635410176,14.999999999999998,14.429066228147564,65.93061153927492
21.250000000000522,1653.2676910669725,196.69468363552915,14.999999999999998,14.428544193255018,65.91429455199004
21.260000000000524,1653.9249837947632,196.7418089830308,14.999999999999998,14.428021859770702,65.89799150077812
21.270000000000525,1654.5821219444538,196.78881242089443,14.999999999999998,14.42749922895615,65.88170238767636
21.280000000000527,1655.2391056354493,196.83569397359224,14.999999999999998,14.426976302070504,65.8654272146987
21.29000000000053,1655.8959349871557,196.88245366578036,14.999999999999998,14.426453080370594,65.84916598383583
21.30000000000053,1656.5526101189803,196.92909152229822,14.999999999999998,14.42592956511101,65.83291869705523
21.31000000000053,1657.209131150331,196.9756075681679,14.999999999999998,14.425405757543972,65.81668535630116
21.320000000000533,1657.8654982006167,197.02200182859352,14.999999999999998,14.424881658919464,65.80046596349476
21.330000000000535,1658.5217113892477,197.06827432896065,14.999999999999998,14.424357270485205,65.78426052053398
21.340000000000536,1659.1777708356344,197.11442509483572,14.999999999999998,14.423832593486676,65.76806902929367
21.350000000000538,1659.8336766591888,197.16045415196533,14.999999999999998,14.423307629167114,65.75189149162561
21.36000000000054,1660.4894289793228,197.2063615262757,14.999999999999998,14.422782378767552,65.7357279093585
21.37000000000054,1661.1450279154499,197.25214724387212,14.999999999999998,14.422256843526798,65.71957828429798
21.380000000000543,1661.8004735869833,197.2978113310382,14.999999999999998,14.421731024681455,65.70344261822667
21.390000000000544,1662.4557661133376,197.3433538142354,14.999999999999998,14.421204923465982,65.68732091290423
21.400000000000546,1663.1109056139273,197.38877472010245,14.999999999999998,14.420678541112656,65.6712131700673
21.410000000000547,1663.765892208168,197.43407407545462,14.999999999999998,14.420151878851588,65.65511939142962
21.42000000000055,1664.420726015475,197.47925190728327,14.999999999999998,14.419624937910775,65.63903957868197
21.43000000000055,1665.0754071552649,197.52430824275515,14.999999999999998,14.419097719516058,65.62297373349229
21.440000000000552,1665.7299357469537,197.56924310921193,14.999999999999998,14.418570224891157,65.60692185750554
21.450000000000554,1666.3843119099583,197.6140565341695,14.999999999999998,14.418042455257714,65.59088395234394
21.460000000000555,1667.0385357636956,197.65874854531745,14.999999999999998,14.417514411835253,65.57486001960683
21.470000000000557,1667.6926074275823,197.70331917051854,14.999999999999998,14.416986095841215,65.55885006087072
21.480000000000558,1668.3465270210359,197.747768437808,14.999999999999998,14.41645750849098,65.54285407768941
21.49000000000056,1669.0002946634731,197.79209637539307,14.999999999999998,14.415928650997865,65.52687207159389
21.50000000000056,1669.6539104743117,197.8363030116524,14.999999999999998,14.415399524573127,65.51090404409243
21.510000000000563,1670.3073745729685,197.88038837513542,14.999999999999998,14.414870130425987,65.49494999667057
21.520000000000564,1670.9606870788602,197.92435249456187,14.999999999999998,14.414340469763657,65.47900993079122
21.530000000000566,1671.6138481114042,197.96819539882117,14.999999999999998,14.413810543791312,65.46308384789458
21.540000000000568,1672.2668577900165,198.01191711697183,14.999999999999998,14.413280353712144,65.44717174939818
21.55000000000057,1672.9197162341138,198.05551767824102,14.999999999999998,14.41274990072731,65.431273636697
21.56000000000057,1673.5724235631117,198.09899711202385,14.999999999999998,14.412219186036001,65.41538951116338
21.570000000000572,1674.2249798964258,198.14235544788298,14.999999999999998,14.411688210835436,65.39951937414712
21.580000000000574,1674.8773853534713,198.18559271554793,14.999999999999998,14.41115697632086,65.3836632269754
21.590000000000575,1675.5296400536624,198.22870894491456,14.999999999999998,14.410625483685573,65.36782107095297
21.600000000000577,1676.1817441164135,198.27170416604463,14.999999999999998,14.410093734120904,65.35199290736197
21.61000000000058,1676.8336976611374,198.3145784091651,14.999999999999998,14.409561728816257,65.33617873746215
21.62000000000058,1677.485500807247,198.3573317046677,14.999999999999998,14.40902946895912,65.32037856249073
21.63000000000058,1678.137153674154,198.3999640831083,14.999999999999998,14.408496955735055,65.30459238366252
21.640000000000583,1678.7886563812694,198.4424755752065,14.999999999999998,14.407964190327684,65.28882020216994
21.650000000000585,1679.4400090480033,198.48486621184492,14.999999999999998,14.407431173918775,65.27306201918297
21.660000000000586,1680.0912117937648,198.52713602406882,14.999999999999998,14.406897907688185,65.25731783584922
21.670000000000588,1680.7422647379624,198.5692850430855,14.999999999999998,14.406364392813865,65.24158765329398
21.68000000000059,1681.3931680000028,198.61131330026376,14.999999999999998,14.405830630471934,65.22587147262017
21.69000000000059,1682.043921699292,198.65322082713342,14.999999999999998,14.405296621836602,65.21016929490843
21.700000000000593,1682.6945259552351,198.69500765538476,14.999999999999998,14.40476236808027,65.19448112121711
21.710000000000594,1683.3449808872354,198.73667381686795,14.999999999999998,14.404227870373436,65.17880695258232
21.720000000000596,1683.995286614695,198.77821934359264,14.999999999999998,14.403693129884813,65.16314679001786
21.730000000000597,1684.6454432570151,198.81964426772737,14.999999999999998,14.40315814778123,65.14750063451537
21.7400000000006,1685.2954509335948,198.86094862159908,14.999999999999998,14.402622925227739,65.13186848704426
21.7500000000006,1685.9453097638323,198.90213243769253,14.999999999999998,14.402087463387533,65.11625034855177
21.760000000000602,1686.5950198671237,198.94319574864988,14.999999999999998,14.401551763422022,65.10064621996298
21.770000000000604,1687.2445813628638,198.98413858727014,14.999999999999998,14.401015826490811,65.08505610218084
21.780000000000605,1687.8939943704456,199.02496098650863,14.999999999999998,14.400479653751699,65.06947999608617
21.790000000000607,1688.5432590092605,199.06566297947654,14.999999999999998,14.399943246360726,65.0539179025377
21.80000000000061,1689.192375398698,199.10624459944037,14.999999999999998,14.399406605472157,65.03836982237213
21.81000000000061,1689.8413436581454,199.14670587982147,14.999999999999998,14.398869732238445,65.02283575640402
21.82000000000061,1690.4901639069888,199.18704685419547,14.999999999999998,14.39833262781034,65.00731570542597
21.830000000000613,1691.1388362646114,199.22726755629188,14.999999999999998,14.397795293336786,64.99180967020854
21.840000000000614,1691.787360850395,199.2673680199935,14.999999999999998,14.397257729965022,64.97631765150031
21.850000000000616,1692.435737783719,199.30734827933603,14.999999999999998,14.396719938840505,64.96083965002786
21.860000000000618,1693.0839671839606,199.3472083685074,14.999999999999998,14.39618192110699,64.94537566649589
21.87000000000062,1693.7320491704945,199.38694832184757,14.999999999999998,14.395643677906497,64.92992570158708
21.88000000000062,1694.3799838626937,199.4265681738477,14.999999999999998,14.395105210379345,64.9144897559623
21.890000000000622,1695.0277713799283,199.46606795914994,14.999999999999998,14.39456651966412,64.89906783026044
21.900000000000624,1695.6754118415656,199.50544771254678,14.999999999999998,14.39402760689771,64.88365992509856
21.910000000000625,1696.3229053669713,199.54470746898068,14.999999999999998,14.393488473215314,64.8682660410719
21.920000000000627,1696.970252075508,199.58384726354348,14.999999999999998,14.39294911975043,64.85288617875383
21.93000000000063,1697.6174520865352,199.622867131476,14.999999999999998,14.392409547634855,64.83752033869597
21.94000000000063,1698.2645055194102,199.66176710816754,14.999999999999998,14.391869757998755,64.82216852142807
21.95000000000063,1698.9114124934877,199.7005472291554,14.999999999999998,14.391329751970613,64.80683072745819
21.960000000000633,1699.5581731281188,199.73920753012445,14.999999999999998,14.390789530677214,64.79150695727259
21.970000000000635,1700.2047875426522,199.77774804690657,14.999999999999998,14.390249095243707,64.77619721133584
21.980000000000636,1700.8512558564335,199.81616881548027,14.999999999999998,14.389708446793621,64.76090149009077
21.990000000000638,1701.497578188805,199.85446987197014,14.999999999999998,14.389167586448773,64.74561979395857
22.00000000000064,1702.143754659106,199.8926512526465,14.999999999999998,14.388626515329406,64.73035212333872
22.01000000000064,1702.7897853866727,199.93071299392477,14.999999999999998,14.388085234554108,64.71509847860905
22.020000000000643,1703.435670490838,199.96865513236523,14.999999999999998,14.387543745239839,64.6998588601258
22.030000000000644,1704.0814100909313,200.00647770467233,14.999999999999998,14.387002048501957,64.68463326822356
22.040000000000646,1704.7270043062783,200.04418074769438,14.999999999999998,14.386460145454189,64.66942170321538
22.050000000000647,1705.3724532562019,200.08176429842302,14.999999999999998,14.38591803720866,64.65422416539269
22.06000000000065,1706.017757060021,200.11922839399287,14.999999999999998,14.385375724875894,64.6390406550254
22.07000000000065,1706.6629158370508,200.1565730716809,14.999999999999998,14.384833209564837,64.62387117236189
22.080000000000652,1707.3079297066029,200.19379836890616,14.999999999999998,14.384290492382828,64.608715717629
22.090000000000654,1707.952798787985,200.23090432322923,14.999999999999998,14.383747574435633,64.59357429103213
22.100000000000655,1708.5975232005017,200.26789097235178,14.999999999999998,14.383204456827439,64.57844689275515
22.110000000000657,1709.2421030634523,200.3047583541162,14.999999999999998,14.382661140660879,64.56333352296052
22.12000000000066,1709.8865384961332,200.341506506505,14.999999999999998,14.382117627036987,64.54823418178925
22.13000000000066,1710.5308296178364,200.37813546764053,14.999999999999998,14.381573917055267,64.53314886936096
22.14000000000066,1711.1749765478498,200.41464527578447,14.999999999999998,14.381030011813673,64.51807758577381
22.150000000000663,1711.818979405457,200.45103596933734,14.999999999999998,14.380485912408602,64.50302033110465
22.160000000000664,1712.4628383099373,200.4873075868382,14.999999999999998,14.379941619934907,64.48797710540894
22.170000000000666,1713.1065533805659,200.52346016696407,14.999999999999998,14.379397135485908,64.47294790872083
22.180000000000668,1713.750124736613,200.55949374852958,14.999999999999998,14.378852460153402,64.4579327410531
22.19000000000067,1714.3935524973454,200.5954083704865,14.999999999999998,14.37830759502768,64.4429316023973
22.20000000000067,1715.036836782024,200.63120407192335,14.999999999999998,14.37776254119746,64.42794449272361
22.210000000000672,1715.6799777099059,200.66688089206494,14.999999999999998,14.377217299750011,64.41297141198103
22.220000000000674,1716.322975400243,200.70243887027192,14.999999999999998,14.376671871771045,64.39801236009728
22.230000000000675,1716.9658299722828,200.7378780460404,14.999999999999998,14.376126258344799,64.38306733697884
22.240000000000677,1717.608541545268,200.77319845900155,14.999999999999998,14.375580460554012,64.36813634251101
22.25000000000068,1718.251110238436,200.80840014892107,14.999999999999998,14.375034479479945,64.3532193765579
22.26000000000068,1718.8935361710192,200.84348315569886,14.999999999999998,14.374488316202331,64.33831643896242
22.27000000000068,1719.5358194622452,200.8784475193686,14.999999999999998,14.373941971799457,64.3234275295464
22.280000000000683,1720.177960231336,200.91329328009726,14.999999999999998,14.373395447348132,64.30855264811044
22.290000000000685,1720.819958597509,200.94802047818482,14.999999999999998,14.372848743923685,64.2936917944341
22.300000000000686,1721.4618146799755,200.98262915406366,14.999999999999998,14.372301862600002,64.2788449682758
22.310000000000688,1722.1035285979422,201.01711934829834,14.999999999999998,14.371754804449488,64.26401216937298
22.32000000000069,1722.7451004706097,201.05149110158504,14.999999999999998,14.371207570543126,64.24919339744186
22.33000000000069,1723.3865304171734,201.08574445475128,14.999999999999998,14.370660161950395,64.23438865217777
22.340000000000693,1724.027818556823,201.11987944875537,14.999999999999998,14.370112579739377,64.21959793325493
22.350000000000694,1724.6689650087424,201.15389612468616,14.999999999999998,14.36956482497673,64.2048212403266
22.360000000000696,1725.3099698921098,201.18779452376248,14.999999999999998,14.369016898727631,64.19005857302503
22.370000000000697,1725.9508333260976,201.22157468733286,14.999999999999998,14.368468802055837,64.17530993096152
22.3800000000007,1726.5915554298722,201.2552366568751,14.999999999999998,14.367920536023732,64.16057531372641
22.3900000000007,1727.232136322594,201.28878047399576,14.999999999999998,14.367372101692219,64.14585472088913
22.400000000000702,1727.8725761234175,201.32220618042993,14.999999999999998,14.366823500120828,64.13114815199819
22.410000000000704,1728.5128749514906,201.3555138180407,14.999999999999998,14.366274732367698,64.11645560658117
22.420000000000705,1729.1530329259556,201.38870342881881,14.999999999999998,14.365725799489505,64.10177708414484
22.430000000000707,1729.7930501659478,201.42177505488235,14.999999999999998,14.365176702541559,64.08711258417507
22.44000000000071,1730.4329267905964,201.45472873847615,14.999999999999998,14.36462744257782,64.07246210613691
22.45000000000071,1731.0726629190244,201.4875645219716,14.999999999999998,14.364078020650771,64.05782564947457
22.46000000000071,1731.712258670348,201.52028244786612,14.999999999999998,14.363528437811599,64.04320321361146
22.470000000000713,1732.3517141636767,201.55288255878287,14.999999999999998,14.362978695110064,64.02859479795023
22.480000000000715,1732.9910295181132,201.58536489747027,14.999999999999998,14.36242879359458,64.01400040187275
22.490000000000716,1733.630204852754,201.61772950680168,14.999999999999998,14.361878734312159,63.99942002474014
22.500000000000718,1734.2692402866883,201.64997642977502,14.999999999999998,14.361328518308465,63.98485366589276
22.51000000000072,1734.908135938998,201.68210570951234,14.999999999999998,14.36077814662784,63.9703013246503
22.52000000000072,1735.5468919287584,201.71411738925946,14.999999999999998,14.360227620313202,63.95576300031174
22.530000000000722,1736.185508375038,201.74601151238556,14.999999999999998,14.359676940406167,63.94123869215539
22.540000000000724,1736.8239853968973,201.77778812238287,14.999999999999998,14.35912610794701,63.92672839943888
22.550000000000725,1737.4623231133905,201.80944726286626,14.999999999999998,14.35857512397465,63.912232121399214
22.560000000000727,1738.1005216435638,201.8409889775728,14.999999999999998,14.358023989526657,63.89774985725277
22.57000000000073,1738.738581106456,201.8724133103615,14.999999999999998,14.357472705639314,63.88328160619532
22.58000000000073,1739.3765016210987,201.90372030521286,14.999999999999998,14.356921273347542,63.86882736740205
22.59000000000073,1740.0142833065156,201.93491000622845,14.999999999999998,14.356369693684922,63.854387140027555
22.600000000000733,1740.651926281723,201.96598245763067,14.999999999999998,14.355817967683784,63.83996092320592
22.610000000000735,1741.2894306657295,201.9969377037623,14.999999999999998,14.355266096375088,63.82554871605066
22.620000000000736,1741.9267965775355,202.02777578908618,14.999999999999998,14.354714080788519,63.81115051765478
22.630000000000738,1742.5640241361336,202.0584967581847,14.999999999999998,14.35416192195241,63.7967663270908
22.64000000000074,1743.2011134605089,202.08910065575964,14.999999999999998,14.35360962089386,63.782396143410736
22.65000000000074,1743.8380646696376,202.11958752663168,14.999999999999998,14.353057178638652,63.76803996564616
22.660000000000743,1744.4748778824883,202.14995741574,14.999999999999998,14.35250459621126,63.753697792808175
22.670000000000744,1745.1115532180213,202.1802103681421,14.999999999999998,14.351951874634882,63.739369623887484
22.680000000000746,1745.7480907951885,202.21034642901319,14.999999999999998,14.35139901493144,63.72505545785435
22.690000000000747,1746.3844907329335,202.24036564364604,14.999999999999998,14.350846018121588,63.71075529365867
22.70000000000075,1747.020753150191,202.27026805745052,14.999999999999998,14.350292885224682,63.69646913022995
22.71000000000075,1747.6568781658877,202.30005371595325,14.999999999999998,14.34973961725883,63.68219696647732
22.720000000000752,1748.2928658989415,202.3297226647973,14.999999999999998,14.349186215240868,63.66793880128961
22.730000000000754,1748.9287164682614,202.35927494974172,14.999999999999998,14.348632680186384,63.65369463353529
22.740000000000755,1749.5644299927478,202.38871061666134,14.999999999999998,14.348079013109697,63.639464462062534
22.750000000000757,1750.2000065912919,202.4180297115463,14.999999999999998,14.347525215023875,63.62524828569925
22.76000000000076,1750.8354463827761,202.4472322805017,14.999999999999998,14.346971286940743,63.61104610325304
22.77000000000076,1751.4707494860736,202.4763183697474,14.999999999999998,14.346417229870903,63.59685791351127
22.78000000000076,1752.1059160200487,202.5052880256174,14.999999999999998,14.345863044823686,63.58268371524109
22.790000000000763,1752.7409461035563,202.5341412945598,14.999999999999998,14.345308732807197,63.56852350718939
22.800000000000765,1753.375839855442,202.56287822313615,14.999999999999998,14.344754294828354,63.55437728808289
22.810000000000766,1754.0105973945422,202.59149885802142,14.999999999999998,14.344199731892767,63.54024505662811
22.820000000000768,1754.6452188396834,202.62000324600342,14.999999999999998,14.343645045004909,63.526126811511425
22.83000000000077,1755.2797043096828,202.64839143398254,14.999999999999998,14.343090235167978,63.512022551399035
22.84000000000077,1755.9140539233476,202.67666346897138,14.999999999999998,14.342535303383999,63.49793227493703
22.850000000000772,1756.548267799476,202.7048193980945,14.999999999999998,14.341980250653755,63.48385598075137
22.860000000000774,1757.1823460568555,202.7328592685879,14.999999999999998,14.34142507797683,63.46979366744793
22.870000000000775,1757.8162888142645,202.7607831277989,14.999999999999998,14.340869786351638,63.455745333612505
22.880000000000777,1758.4500961904707,202.78859102318566,14.999999999999998,14.340314376775346,63.44171097781083
22.89000000000078,1759.083768304232,202.81628300231688,14.999999999999998,14.339758850243951,63.42769059858858
22.90000000000078,1759.7173052742965,202.84385911287148,14.999999999999998,14.339203207752282,63.413684194471436
22.91000000000078,1760.3507072194013,202.87131940263822,14.999999999999998,14.338647450293967,63.39969176396504
22.920000000000783,1760.9839742582737,202.89866391951546,14.999999999999998,14.338091578861418,63.385713305555036
22.930000000000785,1761.6171065096305,202.9258927115107,14.999999999999998,14.33753559444592,63.371748817707136
22.940000000000786,1762.2501040921777,202.95300582674037,14.999999999999998,14.336979498037573,63.35779829886705
22.950000000000788,1762.882967124611,202.98000331342945,14.999999999999998,14.336423290625273,63.343861747460586
22.96000000000079,1763.5156957256154,203.0068852199111,14.999999999999998,14.335866973196795,63.32993916189359
22.97000000000079,1764.1482900138649,203.03365159462646,14.999999999999998,14.335310546738727,63.31603054055204
22.980000000000793,1764.7807501080229,203.06030248612416,14.999999999999998,14.334754012236504,63.30213588180201
22.990000000000794,1765.4130761267415,203.08683794306012,14.999999999999998,14.334197370674417,63.2882551839897
23.000000000000796,1766.0452681886622,203.11325801419716,14.999999999999998,14.33364062303559,63.274388445441446
23.010000000000797,1766.6773264124151,203.1395627484047,14.999999999999998,14.333083770302,63.260535664463795
23.0200000000008,1767.3092509166192,203.16575219465847,14.999999999999998,14.332526813454505,63.24669683934342
23.0300000000008,1767.9410418198822,203.19182640204014,14.999999999999998,14.331969753472793,63.23287196834725
23.040000000000802,1768.5726992408004,203.217785419737,14.999999999999998,14.331412591335429,63.219061049722356
23.050000000000804,1769.2042232979586,203.24362929704168,14.999999999999998,14.330855328019837,63.20526408169613
23.060000000000805,1769.83561410993,203.26935808335182,14.999999999999998,14.330297964502344,63.19148106247614
23.070000000000807,1770.4668717952763,203.29497182816974,14.999999999999998,14.329740501758112,63.17771199025027
23.08000000000081,1771.0979964725473,203.32047058110211,14.999999999999998,14.329182940761202,63.163956863186684
23.09000000000081,1771.7289882602809,203.34585439185972,14.999999999999998,14.328625282484559,63.15021567943383
23.10000000000081,1772.3598472770034,203.37112331025702,14.999999999999998,14.328067527900007,63.13648843712049
23.110000000000813,1772.9905736412288,203.39627738621192,14.999999999999998,14.327509677978254,63.12277513435579
23.120000000000815,1773.6211674714593,203.4213166697455,14.999999999999998,14.326951733688908,63.10907576922919
23.130000000000816,1774.2516288861846,203.44624121098158,14.999999999999998,14.326393696000487,63.09539033981056
23.140000000000818,1774.8819580038823,203.47105106014655,14.999999999999998,14.32583556588039,63.08171884415011
23.15000000000082,1775.5121549430178,203.49574626756893,14.999999999999998,14.325277344294918,63.068061280278506
23.16000000000082,1776.1422198220437,203.52032688367916,14.999999999999998,14.324719032209307,63.05441764620683
23.170000000000822,1776.7721527594001,203.54479295900924,14.999999999999998,14.324160630587672,63.040787939926574
23.180000000000824,1777.401953873515,203.56914454419245,14.999999999999998,14.323602140393035,63.02717215940972
23.190000000000826,1778.031623282803,203.59338168996308,14.999999999999998,14.323043562587374,63.01357030260874
23.200000000000827,1778.6611611056662,203.61750444715602,14.999999999999998,14.32248489813157,62.99998236745656
23.21000000000083,1779.290567460494,203.64151286670656,14.999999999999998,14.321926147985415,62.98640835186665
23.22000000000083,1779.9198424656624,203.66540699965003,14.999999999999998,14.32136731310763,62.972848253733
23.23000000000083,1780.5489862395345,203.68918689712154,14.999999999999998,14.320808394455867,62.95930207093015
23.240000000000833,1781.1779989004606,203.71285261035567,14.999999999999998,14.320249392986733,62.94576980131321
23.250000000000835,1781.806880566777,203.73640419068613,14.999999999999998,14.31969030965577,62.932251442717856
23.260000000000836,1782.435631356807,203.75984168954554,14.999999999999998,14.319131145417426,62.91874699296037
23.270000000000838,1783.064251388861,203.78316515846504,14.999999999999998,14.318571901225129,62.90525644983767
23.28000000000084,1783.6927407812352,203.8063746490741,14.999999999999998,14.31801257803121,62.89177981112729
23.29000000000084,1784.3210996522123,203.82947021310005,14.999999999999998,14.317453176787016,62.87831707458743
23.300000000000843,1784.9493281200614,203.85245190236807,14.999999999999998,14.31689369844279,62.86486823795693
23.310000000000844,1785.5774263030378,203.8753197688006,14.999999999999998,14.316334143947765,62.85143329895534
23.320000000000846,1786.2053943193828,203.89807386441723,14.999999999999998,14.315774514250103,62.838012255282926
23.330000000000847,1786.8332322873237,203.92071424133434,14.999999999999998,14.315214810296947,62.824605104620666
23.34000000000085,1787.4609403250738,203.94324095176484,14.999999999999998,14.314655033034422,62.811211844630265
23.35000000000085,1788.0885185508325,203.96565404801783,14.999999999999998,14.314095183407586,62.797832472954205
23.360000000000852,1788.7159670827846,203.9879535824984,14.999999999999998,14.313535262360505,62.78446698721572
23.370000000000854,1789.3432860391006,204.01013960770723,14.999999999999998,14.312975270836173,62.771115385018874
23.380000000000855,1789.9704755379366,204.03221217624042,14.999999999999998,14.31241520977662,62.75777766394852
23.390000000000857,1790.597535697434,204.05417134078908,14.999999999999998,14.311855080122811,62.74445382157031
23.40000000000086,1791.22446663572,204.07601715413918,14.999999999999998,14.311294882814709,62.7311438554308
23.41000000000086,1791.8512684709067,204.09774966917112,14.999999999999998,14.310734618791265,62.717847763057364
23.42000000000086,1792.4779413210915,204.1193689388596,14.999999999999998,14.310174288990442,62.70456554195828
23.430000000000863,1793.1044853043568,204.14087501627318,14.999999999999998,14.30961389434915,62.691297189622716
23.440000000000865,1793.7309005387704,204.16226795457416,14.999999999999998,14.309053435803314,62.67804270352076
23.450000000000866,1794.3571871423844,204.18354780701813,14.999999999999998,14.30849291428789,62.66480208110342
23.460000000000868,1794.9833452332362,204.20471462695383,14.999999999999998,14.307932330736788,62.65157531980268
23.47000000000087,1795.6093749293475,204.2257684678228,14.999999999999998,14.307371686082933,62.63836241703148
23.48000000000087,1796.2352763487252,204.2467093831591,14.999999999999998,14.306810981258275,62.625163370183756
23.490000000000872,1796.8610496093604,204.2675374265891,14.999999999999998,14.306250217193751,62.61197817663442
23.500000000000874,1797.4866948292286,204.28825265183107,14.999999999999998,14.305689394819328,62.59880683373945
23.510000000000876,1798.1122121262897,204.30885511269506,14.999999999999998,14.305128515063984,62.585649338835836
23.520000000000877,1798.737601618488,204.3293448630825,14.999999999999998,14.30456757885573,62.57250568924163
23.53000000000088,1799.3628634237518,204.34972195698603,14.999999999999998,14.304006587121554,62.55937588225598
23.54000000000088,1799.9879976599937,204.3699864484891,14.999999999999998,14.303445540787509,62.54625991515909
23.550000000000882,1800.6130044451097,204.39013839176582,14.999999999999998,14.302884440778652,62.53315778521231
23.560000000000883,1801.2378838969805,204.4101778410806,14.999999999999998,14.302323288019075,62.52006948965811
23.570000000000885,1801.86263613347,204.43010485078798,14.999999999999998,14.3017620834319,62.50699502572011
23.580000000000886,1802.4872612724262,204.44991947533222,14.999999999999998,14.301200827939287,62.49393439060307
23.590000000000888,1803.1117594316802,204.4696217692471,14.999999999999998,14.300639522462424,62.48088758149298
23.60000000000089,1803.736130729047,204.48921178715574,14.999999999999998,14.300078167921562,62.46785459555699
23.61000000000089,1804.360375282325,204.50868958377015,14.999999999999998,14.299516765235955,62.45483542994351
23.620000000000893,1804.9844932092958,204.5280552138911,14.999999999999998,14.298955315323948,62.44183008178213
23.630000000000894,1805.6084846277242,204.5473087324078,14.999999999999998,14.298393819102861,62.428838548183755
23.640000000000896,1806.2323496553583,204.56645019429766,14.999999999999998,14.297832277489151,62.41586082624053
23.650000000000897,1806.856088409929,204.585479654626,14.999999999999998,14.297270691398259,62.4028969130259
23.6600000000009,1807.4797010091504,204.6043971685458,14.999999999999998,14.296709061744709,62.38994680559462
23.6700000000009,1808.1031875707192,204.62320279129742,14.999999999999998,14.296147389442059,62.37701050098278
23.680000000000902,1808.726548212315,204.64189657820836,14.999999999999998,14.295585675402974,62.36408799620779
23.690000000000904,1809.3497830516003,204.66047858469295,14.999999999999998,14.295023920539128,62.35117928826846
23.700000000000905,1809.9728922062195,204.67894886625217,14.999999999999998,14.294462125761282,62.33828437414496
23.710000000000907,1810.5958757938001,204.69730747847333,14.999999999999998,14.293900291979249,62.325403250798864
23.72000000000091,1811.2187339319516,204.7155544770298,14.999999999999998,14.29333842010193,62.312535915173164
23.73000000000091,1811.841466738266,204.73368991768078,14.999999999999998,14.292776511037289,62.29968236419229
23.74000000000091,1812.4640743303175,204.75171385627104,14.999999999999998,14.292214565692365,62.286842594762135
23.750000000000913,1813.0865568256622,204.76962634873064,14.999999999999998,14.29165258497326,62.27401660377005
23.760000000000915,1813.7089143418382,204.7874274510747,14.999999999999998,14.291090569785162,62.26120438808489
23.770000000000916,1814.3311469963658,204.80511721940314,14.999999999999998,14.29052852103234,62.248405944557014
23.780000000000918,1814.9532549067465,204.8226957099004,14.999999999999998,14.28996643961812,62.23562127001831
23.79000000000092,1815.575238190464,204.84016297883514,14.999999999999998,14.289404326444968,62.22285036128221
23.80000000000092,1816.1970969649838,204.85751908256015,14.999999999999998,14.288842182414381,62.21009321514373
23.810000000000922,1816.8188313477522,204.87476407751194,14.999999999999998,14.288280008426963,62.197349828379444
23.820000000000924,1817.4404414561975,204.89189802021053,14.999999999999998,14.287717805382405,62.18462019774753
23.830000000000926,1818.0619274077292,204.9089209672592,14.999999999999998,14.287155574179506,62.17190431998781
23.840000000000927,1818.6832893197377,204.92583297534426,14.999999999999998,14.286593315716148,62.15920219182171
23.85000000000093,1819.304527309595,204.94263410123477,14.999999999999998,14.2860310308893,62.14651380995235
23.86000000000093,1819.9256414946537,204.95932440178228,14.999999999999998,14.285468720595038,62.13383917106451
23.870000000000932,1820.5466319922477,204.97590393392065,14.999999999999998,14.284906385728549,62.12117827182464
23.880000000000933,1821.1674989196915,204.99237275466567,14.999999999999998,14.284344027184103,62.108531108880946
23.890000000000935,1821.7882423942806,205.00873092111496,14.999999999999998,14.283781645855104,62.09589767886334
23.900000000000936,1822.4088625332906,205.02497849044764,14.999999999999998,14.283219242634017,62.083277978383485
23.910000000000938,1823.0293594539783,205.04111551992406,14.999999999999998,14.282656818412438,62.070672004034826
23.92000000000094,1823.6497332735805,205.05714206688563,14.999999999999998,14.282094374081105,62.05807975239258
23.93000000000094,1824.2699841093147,205.07305818875452,14.999999999999998,14.281531910529806,62.045501220013776
23.940000000000943,1824.8901120783783,205.08886394303337,14.999999999999998,14.280969428647493,62.032936403437276
23.950000000000944,1825.5101172979491,205.1045593873052,14.999999999999998,14.280406929322206,62.02038529918377
23.960000000000946,1826.1299998851848,205.12014457923297,14.999999999999998,14.279844413441113,62.00784790375583
23.970000000000947,1826.7497599572232,205.13561957655952,14.999999999999998,14.279281881890522,61.99532421363789
23.98000000000095,1827.369397631182,205.15098443710718,14.999999999999998,14.278719335555822,61.9828142252963
23.99000000000095,1827.9889130241586,205.16623921877763,14.999999999999998,14.278156775321538,61.970317935179324
24.000000000000952,1828.60830625323,205.18138397955155,14.999999999999998,14.277594202071331,61.95783533971716
24.010000000000954,1829.2275774354528,205.19641877748853,14.999999999999998,14.277031616687994,61.94536643532195
24.020000000000955,1829.846726687863,205.21134367072668,14.999999999999998,14.276469020053433,61.93291121838786
24.030000000000957,1830.4657541274764,205.22615871748246,14.999999999999998,14.275906413048684,61.92046968529099
24.04000000000096,1831.0846598712876,205.24086397605046,14.999999999999998,14.275343796553926,61.9080418323895
24.05000000000096,1831.7034440362706,205.25545950480313,14.999999999999998,14.274781171448463,61.895627656023564
24.06000000000096,1832.3221067393786,205.26994536219053,14.999999999999998,14.274218538610741,61.883227152515396
24.070000000000963,1832.9406480975433,205.28432160674012,14.999999999999998,14.273655898918314,61.8708403181693
24.080000000000965,1833.5590682276759,205.2985882970565,14.999999999999998,14.27309325324792,61.85846714927168
24.090000000000966,1834.1773672466659,205.31274549182123,14.999999999999998,14.272530602475406,61.84610764209102
24.100000000000968,1834.795545271382,205.3267932497925,14.999999999999998,14.271967947475758,61.83376179287796
24.11000000000097,1835.413602418671,205.34073162980496,14.999999999999998,14.271405289123118,61.82142959786526
24.12000000000097,1836.0315388053584,205.3545606907695,14.999999999999998,14.270842628290792,61.80911105326788
24.130000000000972,1836.6493545482483,205.3682804916729,14.999999999999998,14.27027996585119,61.79680615528293
24.140000000000974,1837.2670497641227,205.38189109157778,14.999999999999998,14.269717302675886,61.784514900089754
24.150000000000976,1837.884624569742,205.39539254962222,14.999999999999998,14.269154639635593,61.77223728384992
24.160000000000977,1838.502079081845,205.40878492501957,14.999999999999998,14.2685919776002,61.75997330270722
24.17000000000098,1839.119413417148,205.42206827705826,14.999999999999998,14.268029317438742,61.74772295278774
24.18000000000098,1839.7366276923456,205.4352426651015,14.999999999999998,14.267466660019403,61.73548623019981
24.190000000000982,1840.3537220241099,205.4483081485871,14.999999999999998,14.266904006209487,61.7232631310341
24.200000000000983,1840.970696529091,205.46126478702723,14.999999999999998,14.2663413568755,61.71105365136359
24.210000000000985,1841.5875513239162,205.47411264000814,14.999999999999998,14.26577871288309,61.69885778724359
24.220000000000987,1842.2042865251906,205.48685176719002,14.999999999999998,14.265216075097062,61.68667553471179
24.230000000000988,1842.8209022494968,205.49948222830668,14.999999999999998,14.26465344438138,61.67450688978825
24.24000000000099,1843.4373986133949,205.5120040831654,14.999999999999998,14.264090821599174,61.66235184847543
24.25000000000099,1844.0537757334214,205.5244173916467,14.999999999999998,14.263528207612726,61.65021040675822
24.260000000000993,1844.6700337260909,205.53672221370397,14.999999999999998,14.262965603283487,61.638082560603934
24.270000000000994,1845.2861727078941,205.54891860936348,14.999999999999998,14.262403009472088,61.62596830596236
24.280000000000996,1845.9021927952995,205.56100663872394,14.999999999999998,14.261840427038296,61.61386763876577
24.290000000000997,1846.5180941047518,205.57298636195642,14.999999999999998,14.261277856841064,61.601780554928915
24.300000000001,1847.1338767526727,205.58485783930405,14.999999999999998,14.260715299738507,61.589707050349084
24.310000000001,1847.7495408554603,205.59662113108178,14.999999999999998,14.2601527565879,61.57764712090609
24.320000000001002,1848.3650865294894,205.6082762976762,14.999999999999998,14.259590228245724,61.56560076246233
24.330000000001004,1848.9805138911113,205.6198233995454,14.999999999999998,14.259027715567603,61.55356797086275
24.340000000001005,1849.5958230566532,205.63126249721853,14.999999999999998,14.258465219408341,61.541548741934925
24.350000000001007,1850.2110141424191,205.64259365129575,14.999999999999998,14.257902740621905,61.529543071489
24.36000000000101,1850.8260872646888,205.65381692244796,14.999999999999998,14.257340280061472,61.51755095531783
24.37000000000101,1851.4410425397182,205.66493237141657,14.999999999999998,14.25677783857933,61.50557238919687
24.38000000000101,1852.055880083739,205.6759400590133,14.999999999999998,14.256215417027025,61.49360736888427
24.390000000001013,1852.670600012959,205.68684004611993,14.999999999999998,14.25565301625522,61.4816558901209
24.400000000001015,1853.2852024435615,205.6976323936881,14.999999999999998,14.255090637113781,61.469717948630326
24.410000000001016,1853.8996874917054,205.70831716273912,14.999999999999998,14.25452828045174,61.45779354011886
24.420000000001018,1854.5140552735252,205.71889441436366,14.999999999999998,14.253965947117337,61.44588266027558
24.43000000000102,1855.1283059051307,205.72936420972164,14.999999999999998,14.253403637957973,61.433985304772335
24.44000000000102,1855.7424395026073,205.7397266100419,14.999999999999998,14.252841353820237,61.422101469263794
24.450000000001022,1856.3564561820156,205.74998167662213,14.999999999999998,14.2522790955499,61.41023114938742
24.460000000001024,1856.970356059391,205.7601294708285,14.999999999999998,14.251716863991925,61.39837434076353
24.470000000001026,1857.5841392507443,205.77017005409553,14.999999999999998,14.251154659990451,61.38653103899531
24.480000000001027,1858.197805872061,205.78010348792583,14.999999999999998,14.250592484388813,61.37470123966881
24.49000000000103,1858.8113560393015,205.78992983388994,14.999999999999998,14.250030338029525,61.36288493835301
24.50000000000103,1859.4247898684007,205.79964915362606,14.999999999999998,14.24946822175429,61.351082130599785
24.510000000001032,1860.0381074752686,205.8092615088399,14.999999999999998,14.248906136403996,61.33929281194398
24.520000000001033,1860.6513089757893,205.8187669613044,14.999999999999998,14.248344082818738,61.32751697790337
24.530000000001035,1861.2643944858216,205.8281655728595,14.999999999999998,14.247782061837807,61.31575462397875
24.540000000001037,1861.8773641211985,205.83745740541198,14.999999999999998,14.247220074299644,61.304005745653896
24.550000000001038,1862.4902179977273,205.84664252093532,14.999999999999998,14.246658121041907,61.29227033839564
24.56000000000104,1863.1029562311892,205.8557209814693,14.999999999999998,14.246096202901462,61.280548397653824
24.57000000000104,1863.7155789373396,205.8646928491199,14.999999999999998,14.24553432071434,61.26883991886139
24.580000000001043,1864.328086231908,205.87355818605914,14.999999999999998,14.244972475315802,61.25714489743435
24.590000000001044,1864.9404782305974,205.88231705452475,14.999999999999998,14.244410667540274,61.24546332877183
24.600000000001046,1865.5527550490847,205.89096951682,14.999999999999998,14.243848898221367,61.23379520825609
24.610000000001047,1866.1649168030203,205.89951563531358,14.999999999999998,14.243287168191904,61.222140531252535
24.62000000000105,1866.7769636080284,205.90795547243926,14.999999999999998,14.242725478283916,61.210499293109756
24.63000000000105,1867.388895579706,205.91628909069573,14.999999999999998,14.242163829328648,61.19887148915952
24.640000000001052,1868.0007128336242,205.92451655264642,14.999999999999998,14.24160222215648,61.18725711471682
24.650000000001054,1868.612415485327,205.9326379209193,14.999999999999998,14.241040657597054,61.17565616507989
24.660000000001055,1869.2240036503313,205.94065325820657,14.999999999999998,14.24047913647917,61.1640686355302
24.670000000001057,1869.8354774441273,205.94856262726455,14.999999999999998,14.23991765963084,61.15249452133252
24.68000000000106,1870.446836982178,205.95636609091346,14.999999999999998,14.239356227879291,61.14093381773491
24.69000000000106,1871.0580823799191,205.9640637120372,14.999999999999998,14.238794842050904,61.12938651996874
24.70000000000106,1871.6692137527593,205.97165555358308,14.999999999999998,14.23823350297133,61.11785262324875
24.710000000001063,1872.28023121608,205.97914167856177,14.999999999999998,14.237672211465371,61.10633212277301
24.720000000001065,1872.8911348852344,205.98652215004694,14.999999999999998,14.23711096835705,61.094825013722996
24.730000000001066,1873.5019248755489,205.99379703117512,14.999999999999998,14.236549774469593,61.08333129126358
24.740000000001068,1874.1126013023218,206.00096638514552,14.999999999999998,14.235988630625414,61.07185095054308
24.75000000000107,1874.7231642808238,206.00803027521974,14.999999999999998,14.235427537646169,61.06038398669323
24.76000000000107,1875.3336139262976,206.0149887647217,14.999999999999998,14.234866496352666,61.04893039482926
24.770000000001072,1875.943950353958,206.02184191703728,14.999999999999998,14.234305507564956,61.037490170049885
24.780000000001074,1876.5541736789914,206.02858979561424,14.999999999999998,14.233744572102248,61.026063307437326
24.790000000001076,1877.1642840165566,206.03523246396193,14.999999999999998,14.233183690783013,61.01464980205735
24.800000000001077,1877.7742814817836,206.04176998565117,14.999999999999998,14.232622864424908,61.00324964895927
24.81000000000108,1878.3841661897743,206.048202424314,14.999999999999998,14.232062093844776,60.991862843175994
24.82000000000108,1878.993938255602,206.0545298436435,14.999999999999998,14.23150137985867,60.980489379724006
24.830000000001082,1879.603597794311,206.06075230739353,14.999999999999998,14.230940723281856,60.969129253603434
24.840000000001083,1880.213144920918,206.06686987937857,14.999999999999998,14.230380124928836,60.95778245979804
24.850000000001085,1880.8225797504097,206.0728826234736,14.999999999999998,14.229819585613246,60.94644899327524
24.860000000001087,1881.4319023977444,206.0787906036137,14.999999999999998,14.229259106148012,60.93512884898617
24.870000000001088,1882.0411129778513,206.0845938837941,14.999999999999998,14.228698687345217,60.92382202186564
24.88000000000109,1882.6502116056308,206.09029252806977,14.999999999999998,14.228138330016156,60.91252850683222
24.89000000000109,1883.259198395954,206.0958866005553,14.999999999999998,14.227578034971339,60.901248298788204
24.900000000001093,1883.8680734636623,206.1013761654248,14.999999999999998,14.227017803020484,60.88998139261968
24.910000000001094,1884.4768369235683,206.10676128691148,14.999999999999998,14.226457634972517,60.87872778319655
24.920000000001096,1885.0854888904546,206.11204202930767,14.999999999999998,14.225897531635557,60.86748746537249
24.930000000001098,1885.6940294790743,206.11721845696448,14.999999999999998,14.225337493816955,60.856260433985064
24.9400000000011,1886.302458804151,206.1222906342917,14.999999999999998,14.224777522323274,60.84504668385567
24.9500000000011,1886.9107769803782,206.1272586257575,14.999999999999998,14.224217617960237,60.833846209789606
24.960000000001102,1887.5189841224196,206.13212249588832,14.999999999999998,14.22365778153283,60.82265900657608
24.970000000001104,1888.1270803449092,206.13688230926869,14.999999999999998,14.223098013845226,60.81148506898822
24.980000000001105,1888.7350657624506,206.1415381305409,14.999999999999998,14.222538315700806,60.80032439178311
24.990000000001107,1889.342940489617,206.14609002440497,14.999999999999998,14.221978687902164,60.78917696970182
25.00000000000111,1889.9507046409515,206.1505380556183,14.999999999999998,14.221419131251078,60.77804279746942
25.01000000000111,1890.558358330967,206.15488228899568,14.999999999999998,14.220859646548568,60.76692186979497
25.02000000000111,1891.1659016741453,206.15912278940883,14.999999999999998,14.220300234594859,60.75581418137161
25.030000000001113,1891.7733347849382,206.16325962178638,14.999999999999998,14.219740896189366,60.74471972687654
25.040000000001115,1892.3806577777666,206.16729285111373,14.999999999999998,14.219181632130738,60.733638500971026
25.050000000001116,1892.9878707670202,206.17122254243264,14.999999999999998,14.21862244321681,60.722570498300456
25.060000000001118,1893.5949738670581,206.1750487608413,14.999999999999998,14.218063330244632,60.711515713494364
25.07000000000112,1894.2019671922085,206.17877157149385,14.999999999999998,14.217504294010459,60.70047414116643
25.08000000000112,1894.8088508567682,206.18239103960047,14.999999999999998,14.216945335309761,60.689445775914514
25.090000000001123,1895.4156249750029,206.185907230427,14.999999999999998,14.216386454937194,60.678430612320675
25.100000000001124,1896.022289661147,206.18932020929483,14.999999999999998,14.215827653686675,60.66742864495121
25.110000000001126,1896.6288450294032,206.19263004158066,14.999999999999998,14.215268932351282,60.65643986835664
25.120000000001127,1897.2352911939433,206.1958367927163,14.999999999999998,14.21471029172333,60.64546427707178
25.13000000000113,1897.8416282689068,206.19894052818861,14.999999999999998,14.214151732594317,60.63450186561573
25.14000000000113,1898.4478563684017,206.20194131353912,14.999999999999998,14.213593255754956,60.62355262849191
25.150000000001132,1899.0539756065043,206.204839214364,14.999999999999998,14.21303486199517,60.61261656018806
25.160000000001133,1899.6599860972588,206.20763429631376,14.999999999999998,14.212476552104091,60.60169365517632
25.170000000001135,1900.2658879546773,206.2103266250931,14.999999999999998,14.211918326870066,60.590783907913185
25.180000000001137,1900.87168129274,206.21291626646078,14.999999999999998,14.211360187080649,60.579887312839574
25.190000000001138,1901.477366225395,206.2154032862293,14.999999999999998,14.210802133522584,60.56900386438084
25.20000000000114,1902.0829428665572,206.21778775026488,14.999999999999998,14.210244166981822,60.55813355694677
25.21000000000114,1902.68841133011,206.22006972448705,14.999999999999998,14.20968628824353,60.54727638493166
25.220000000001143,1903.293771729904,206.22224927486872,14.999999999999998,14.209128498092083,60.5364323427143
25.230000000001144,1903.8990241797567,206.2243264674358,14.999999999999998,14.208570797311067,60.52560142465798
25.240000000001146,1904.5041687934533,206.22630136826703,14.999999999999998,14.208013186683255,60.51478362511058
25.250000000001148,1905.1092056847463,206.22817404349396,14.999999999999998,14.207455666990656,60.50397893840452
25.26000000000115,1905.7141349673548,206.22994455930055,14.999999999999998,14.206898239014441,60.49318735885684
25.27000000000115,1906.318956754965,206.2316129819231,14.999999999999998,14.206340903535015,60.48240888076917
25.280000000001152,1906.92367116123,206.23317937765003,14.999999999999998,14.205783661331996,60.47164349842782
25.290000000001154,1907.5282782997697,206.23464381282173,14.999999999999998,14.205226513184186,60.46089120610374
25.300000000001155,1908.1327782841706,206.23600635383033,14.999999999999998,14.204669459869578,60.45015199805258
25.310000000001157,1908.7371712279858,206.23726706711957,14.999999999999998,14.20411250216542,60.43942586851471
25.32000000000116,1909.3414572447346,206.23842601918452,14.999999999999998,14.203555640848098,60.42871281171523
25.33000000000116,1909.9456364479029,206.2394832765715,14.999999999999998,14.202998876693261,60.418012821864004
25.34000000000116,1910.5497089509427,206.24043890587782,14.999999999999998,14.20244221047572,60.40732589315567
25.350000000001163,1911.1536748672722,206.24129297375165,14.999999999999998,14.20188564296949,60.39665201976971
25.360000000001165,1911.7575343102758,206.2420455468918,14.999999999999998,14.201329174947805,60.3859911958704
25.370000000001166,1912.3612873933032,206.24269669204756,14.999999999999998,14.200772807183082,60.3753434156069
25.380000000001168,1912.9649342296707,206.2432464760185,14.999999999999998,14.200216540446972,60.36470867311323
25.39000000000117,1913.56847493266,206.24369496565427,14.999999999999998,14.199660375510291,60.35408696250833
25.40000000000117,1914.1719096155184,206.2440422278545,14.999999999999998,14.199104313143065,60.34347827789608
25.410000000001173,1914.7752383914587,206.2442883295685,14.999999999999998,14.198548354114527,60.332882613365285
25.420000000001174,1915.3784613736595,206.24443333779516,14.999999999999998,14.197992499193102,60.32229996298976
25.430000000001176,1915.9815786752642,206.24447731958273,14.999999999999998,14.197436749146396,60.31173032082829
25.440000000001177,1916.5845904093817,206.2444203420287,14.999999999999998,14.196881104741253,60.301173680924705
25.45000000000118,1917.187496689086,206.2442624722795,14.999999999999998,14.196325566743706,60.29063003730789
25.46000000000118,1917.7902976274158,206.24400377753048,14.999999999999998,14.195770135918941,60.2800993839918
25.470000000001182,1918.3929933373754,206.24364432502557,14.999999999999998,14.195214813031392,60.26958171497546
25.480000000001183,1918.9955839319334,206.2431841820572,14.999999999999998,14.194659598844664,60.25907702424308
25.490000000001185,1919.5980695240235,206.24262341596608,14.999999999999998,14.194104494121538,60.24858530576397
25.500000000001187,1920.2004502265434,206.24196209414103,14.999999999999998,14.193549499624043,60.23810655349262
25.510000000001188,1920.802726152356,206.2412002840188,14.999999999999998,14.192994616113353,60.22764076136873
25.52000000000119,1921.4048974142881,206.2403380530839,14.999999999999998,14.192439844349874,60.21718792331721
25.53000000000119,1922.0069641251314,206.2393754688684,14.999999999999998,14.191885185093149,60.20674803324824
25.540000000001193,1922.6089263976412,206.23831259895178,14.999999999999998,14.191330639101981,60.19632108505722
25.550000000001194,1923.2107843445372,206.23714951096073,14.999999999999998,14.190776207134308,60.185907072624914
25.560000000001196,1923.812538078503,206.235886272569,14.999999999999998,14.190221889947308,60.17550598981734
25.570000000001198,1924.4141877121863,206.23452295149713,14.999999999999998,14.189667688297314,60.165117830485904
25.5800000000012,1925.0157333581985,206.23305961551242,14.999999999999998,14.189113602939875,60.15474258846738
25.5900000000012,1925.6171751291147,206.23149633242863,14.999999999999998,14.188559634629698,60.14438025758391
25.600000000001202,1926.2185131374738,206.22983317010588,14.999999999999998,14.188005784120701,60.134030831643074
25.610000000001204,1926.8197474957778,206.2280701964504,14.999999999999998,14.187452052165966,60.123694304437905
25.620000000001205,1927.4208783164925,206.22620747941443,14.999999999999998,14.186898439517805,60.113370669746885
25.630000000001207,1928.0219057120466,206.22424508699595,14.999999999999998,14.186344946927695,60.10305992133401
25.64000000000121,1928.6228297948326,206.22218308723862,14.999999999999998,14.185791575146274,60.09276205294877
25.65000000000121,1929.2236506772056,206.22002154823153,14.999999999999998,14.185238324923388,60.08247705832625
25.66000000000121,1929.824368471484,206.21776053810902,14.999999999999998,14.18468519700807,60.07220493118703
25.670000000001213,1930.4249832899488,206.21540012505056,14.999999999999998,14.18413219214854,60.06194566523735
25.680000000001215,1931.0254952448443,206.2129403772805,14.999999999999998,14.183579311092204,60.051699254169044
25.690000000001216,1931.6259044483768,206.21038136306794,14.999999999999998,14.183026554585599,60.04146569165959
25.700000000001218,1932.2262110127158,206.20772315072657,14.999999999999998,14.182473923374529,60.031244971372146
25.71000000000122,1932.826415049993,206.20496580861445,14.999999999999998,14.181921418203904,60.02103708695556
25.72000000000122,1933.4265166723028,206.20210940513385,14.999999999999998,14.181369039817849,60.010842032044394
25.730000000001223,1934.0265159917014,206.19915400873114,14.999999999999998,14.180816788959671,60.00065980025897
25.740000000001224,1934.6264131202076,206.19609968789652,14.999999999999998,14.180264666371837,59.99049038520538
25.750000000001226,1935.2262081698022,206.19294651116388,14.999999999999998,14.179712672796002,59.98033378047551
25.760000000001227,1935.8259012524281,206.18969454711066,14.999999999999998,14.179160808973009,59.970189979647074
25.77000000000123,1936.42549247999,206.18634386435764,14.999999999999998,14.178609075642857,59.96005897628363
25.78000000000123,1937.024981964354,206.18289453156876,14.999999999999998,14.178057473544731,59.949940763934606
25.790000000001232,1937.624369817349,206.17934661745102,14.999999999999998,14.177506003417005,59.93983533613534
25.800000000001234,1938.223656150764,206.1757001907542,14.999999999999998,14.176954665997183,59.929742686407096
25.810000000001235,1938.822841076351,206.1719553202708,14.999999999999998,14.176403462021987,59.91966280825708
25.820000000001237,1939.4219247058224,206.16811207483573,14.999999999999998,14.175852392227268,59.90959569517849
25.830000000001238,1940.020907150852,206.16417052332628,14.999999999999998,14.175301457348093,59.89954134065051
25.84000000000124,1940.6197885230754,206.16013073466186,14.999999999999998,14.174750658118683,59.88949973813836
25.85000000000124,1941.2185689340886,206.15599277780387,14.999999999999998,14.1741999952724,59.879470881093326
25.860000000001243,1941.817248495449,206.1517567217555,14.999999999999998,14.173649469541813,59.869454762952756
25.870000000001244,1942.4158273186745,206.14742263556158,14.999999999999998,14.173099081658654,59.85945137714012
25.880000000001246,1943.0143055152444,206.1429905883084,14.999999999999998,14.172548832353788,59.84946071706501
25.890000000001248,1943.6126831965983,206.13846064912357,14.999999999999998,14.171998722357296,59.839482776123184
25.90000000000125,1944.2109604741363,206.13383288717577,14.999999999999998,14.171448752398387,59.82951754769658
25.91000000000125,1944.8091374592193,206.12910737167465,14.999999999999998,14.170898923205433,59.81956502515336
25.920000000001252,1945.4072142631685,206.12428417187067,14.999999999999998,14.170349235505968,59.80962520184789
25.930000000001254,1946.0051909972656,206.11936335705488,14.999999999999998,14.16979969002671,59.799698071120844
25.940000000001255,1946.603067772752,206.1143449965588,14.999999999999998,14.169250287493538,59.78978362629915
25.950000000001257,1947.2008447008293,206.10922915975416,14.999999999999998,14.168701028631492,59.779881860696065
25.96000000000126,1947.7985218926597,206.10401591605287,14.999999999999998,14.16815191416472,59.7699927676112
25.97000000000126,1948.3960994593645,206.09870533490675,14.999999999999998,14.16760294481661,59.76011634033051
25.98000000000126,1948.9935775120252,206.09329748580737,14.999999999999998,14.167054121309652,59.75025257212637
25.990000000001263,1949.5909561616834,206.0877924382859,14.999999999999998,14.166505444365503,59.74040145625755
26.000000000001265,1950.1882355193393,206.08219026191298,14.999999999999998,14.165956914704955,59.73056298596929
26.010000000001266,1950.7854156959536,206.0764910262985,14.999999999999998,14.165408533048007,59.7207371544933
26.020000000001268,1951.3824968024458,206.0706948010914,14.999999999999998,14.164860300113771,59.710923955047775
26.03000000000127,1951.9794789496948,206.0648016559796,14.999999999999998,14.164312216620543,59.70112338083746
26.04000000000127,1952.576362248539,206.05881166068977,14.999999999999998,14.163764283285728,59.69133542505363
26.050000000001273,1953.1731468097755,206.05272488498719,14.999999999999998,14.163216500825893,59.68156008087416
26.060000000001274,1953.7698327441608,206.04654139867552,14.999999999999998,14.162668869956791,59.671797341463545
26.070000000001276,1954.36642016241,206.0402612715967,14.999999999999998,14.162121391393283,59.66204719997287
26.080000000001277,1954.9629091751967,206.03388457363081,14.999999999999998,14.16157406584939,59.65230964953991
26.09000000000128,1955.5592998931543,206.02741137469582,14.999999999999998,14.161026894038294,59.64258468328913
26.10000000000128,1956.1555924268737,206.02084174474746,14.999999999999998,14.160479876672287,59.632872294331705
26.110000000001282,1956.751786886905,206.01417575377906,14.999999999999998,14.159933014462846,59.623172475765536
26.120000000001284,1957.3478833837562,206.0074134718214,14.999999999999998,14.15938630812056,59.613485220675315
26.130000000001285,1957.943882027894,206.00055496894248,14.999999999999998,14.158839758355198,59.60381052213252
26.140000000001287,1958.539782929743,205.99360031524748,14.999999999999998,14.15829336587562,59.59414837319545
26.150000000001288,1959.1355861996865,205.98654958087843,14.999999999999998,14.15774713138984,59.58449876690925
26.16000000000129,1959.731291948065,205.97940283601417,14.999999999999998,14.157201055605038,59.57486169630594
26.17000000000129,1960.3269002851775,205.97216015087017,14.999999999999998,14.156655139227524,59.56523715440446
26.180000000001293,1960.9224113212806,205.96482159569828,14.999999999999998,14.15610938296272,59.55562513421066
26.190000000001294,1961.5178251665889,205.95738724078666,14.999999999999998,14.15556378751521,59.546025628717366
26.200000000001296,1962.113141931274,205.94985715645961,14.999999999999998,14.155018353588707,59.53643863090437
26.210000000001298,1962.7083617254657,205.94223141307734,14.999999999999998,14.154473081886039,59.52686413373849
26.2200000000013,1963.3034846592507,205.93451008103585,14.999999999999998,14.153927973109194,59.517302130173576
26.2300000000013,1963.8985108426734,205.92669323076677,14.999999999999998,14.153383027959267,59.50775261315055
26.240000000001302,1964.4934403857353,205.9187809327372,14.999999999999998,14.152838247136488,59.49821557559742
26.250000000001304,1965.0882733983951,205.9107732574495,14.999999999999998,14.152293631340225,59.48869101042932
26.260000000001305,1965.6830099905685,205.9026702754412,14.999999999999998,14.151749181268976,59.47917891054855
26.270000000001307,1966.2776502721279,205.8944720572848,14.999999999999998,14.151204897620353,59.46967926884454
26.28000000000131,1966.8721943529026,205.88617867358755,14.999999999999998,14.150660781091101,59.46019207819398
26.29000000000131,1967.466642342679,205.8777901949914,14.999999999999998,14.1501168323771,59.450717331460744
26.30000000000131,1968.0609943512002,205.86930669217278,14.999999999999998,14.149573052173336,59.441255021496
26.310000000001313,1968.655250488165,205.86072823584243,14.999999999999998,14.149029441173914,59.43180514113817
26.320000000001315,1969.2494108632295,205.85205489674522,14.999999999999998,14.148486000072088,59.42236768321303
26.330000000001316,1969.8434755860058,205.84328674566004,14.999999999999998,14.147942729560203,59.412942640533664
26.340000000001318,1970.4374447660623,205.8344238533996,14.999999999999998,14.147399630329737,59.40353000590054
26.35000000000132,1971.031318522699,205.82546609405514,14.999999999999998,14.146857338560428,59.394131046267404
26.36000000000132,1971.6250970029955,205.81641278238268,14.999999999999998,14.146318285458477,59.38474939877803
26.370000000001323,1972.2187803546078,205.80726323007477,14.999999999999998,14.14578486624097,59.375385159929266
26.380000000001324,1972.8123687257596,205.79801674562262,14.999999999999998,14.145259441377295,59.36603842613694
26.390000000001326,1973.4058622652356,205.7886726341788,14.999999999999998,14.14474433781024,59.35670929376568
26.400000000001327,1973.999261122374,205.77923019742025,14.999999999999998,14.144241850157774,59.347397859158576
26.41000000000133,1974.59256544706,205.7696887334117,14.999999999999998,14.14375424189614,59.3381042186663
26.42000000000133,1975.1857753897177,205.76004753646927,14.999999999999998,14.143283746525027,59.32882846867607
26.430000000001332,1975.7788911013045,205.75030589702436,14.999999999999998,14.14283256871586,59.31957070564024
26.440000000001334,1976.3719127333034,205.74046310148756,14.999999999999998,14.142402885443719,59.310331026104585
26.450000000001335,1976.964840437717,205.73051843211272,14.999999999999998,14.141996847103783,59.301109526736376
26.460000000001337,1977.5576743670608,205.7204711668609,14.999999999999998,14.141616578612934,59.29190630435215
26.47000000000134,1978.150414674357,205.7103205792644,14.999999999999998,14.141264180497416,59.28272145594522
26.48000000000134,1978.7430615131282,205.70006593829052,14.999999999999998,14.140941729967112,59.27355507871303
26.49000000000134,1979.3356150373904,205.68970650820523,14.999999999999998,14.140651281977256,59.26440727008419
26.500000000001343,1979.9280754016484,205.67924154843647,14.999999999999998,14.140394870278273,59.25527812774543
26.510000000001344,1980.5204427608883,205.6686703134371,14.999999999999998,14.140174508454349,59.24616774966823
26.520000000001346,1981.1127172705721,205.65799205254768,14.999999999999998,14.139992190951602,59.23707623413545
26.530000000001348,1981.7048990866322,205.64720600985837,14.999999999999998,14.13984989409631,59.228003679767596
26.54000000000135,1982.2969883654646,205.6363114240706,14.999999999999998,14.139749577104151,59.21895018554913
26.55000000000135,1982.888985263924,205.62530752835812,14.999999999999998,14.13969318308076,59.209915850854536
26.560000000001352,1983.4808899393176,205.61419355022716,14.999999999999998,14.139682640014724,59.20090077547428
26.570000000001354,1984.0727025493993,205.60296871137598,14.999999999999998,14.139719861763218,59.19190505964074
26.580000000001355,1984.664423252364,205.59163222755365,14.999999999999998,14.139806749031347,59.18292880405394
26.590000000001357,1985.2560522068422,205.58018330841773,14.999999999999998,14.139945190345534,59.173972109907275
26.60000000000136,1985.847589571894,205.5686211573912,14.999999999999998,14.140137063021793,59.16503507891319
26.61000000000136,1986.4390355070038,205.55694497151816,14.999999999999998,14.140384234129513,59.156117813328734
26.62000000000136,1987.0303901720742,205.5451539413186,14.999999999999998,14.14068856145142,59.14722041598115
26.630000000001363,1987.6216537274206,205.53324725064172,14.999999999999998,14.141051894440288,59.13834299029341
26.640000000001365,1988.2128263337656,205.52122407651822,14.999999999999998,14.141476075173117,59.12948564030974
26.650000000001366,1988.8039081522331,205.5090835890111,14.999999999999998,14.141962939303554,59.120648470721164
26.660000000001368,1989.394899344343,205.49682495106504,14.999999999999998,14.142514317012935,59.11183158689107
26.67000000000137,1989.9858000720046,205.48444731835428,14.999999999999998,14.14313203396095,59.103035094880816
26.68000000000137,1990.576610497512,205.471949839129,14.999999999999998,14.143817912236353,59.0942591014753
26.690000000001373,1991.1673307835374,205.45933165405978,14.999999999999998,14.144573771308558,59.08550371420876
26.700000000001374,1991.757961093125,205.44659189608058,14.999999999999998,14.145401428980664,59.07676904139049
26.710000000001376,1992.348501589686,205.4337296902296,14.999999999999998,14.146302702344709,59.0680551921307
26.720000000001377,1992.9389524369924,205.4207441534884,14.999999999999998,14.147279408739788,59.05936227636652
26.73000000000138,1993.5293137991696,205.40763439461895,14.999999999999998,14.148333366713892,59.05069040488809
26.74000000000138,1994.119585840692,205.39439951399842,14.999999999999998,14.149466396989874,59.042039689364735
26.750000000001382,1994.7097687263756,205.38103860345194,14.999999999999998,14.150680323436612,59.03341024237141
26.760000000001384,1995.2998626213719,205.36755074608294,14.999999999999998,14.151976974045953,59.02480217741519
26.770000000001385,1995.8898676911615,205.35393501610108,14.999999999999998,14.153358181916131,59.01621560896197
26.780000000001387,1996.4797841015472,205.3401904786477,14.999999999999998,14.154825786242561,59.00765065246344
26.79000000000139,1997.0696120186478,205.3263161896187,14.999999999999998,14.156381633316679,58.99910742438415
26.80000000000139,1997.6593516088908,205.3123111954845,14.999999999999998,14.158027577533739,58.990586042228884
26.81000000000139,1998.249003039005,205.29817453310756,14.999999999999998,14.159765482410297,58.98208662457023
26.820000000001393,1998.838566476014,205.28390522955647,14.999999999999998,14.161597221612235,58.97360929107646
26.830000000001395,1999.4280420872285,205.26950230191738,14.999999999999998,14.163524679994143,58.96515416253963
26.840000000001396,2000.0174300402387,205.2549647571022,14.999999999999998,14.165549754651066,58.956721360904034
26.850000000001398,2000.6067305029064,205.24029159165323,14.999999999999998,14.167674355983351,58.9483110092949
26.8600000000014,2001.1959436433579,205.22548179154484,14.999999999999998,14.16990040877557,58.93992323204746
26.8700000000014,2001.7850696299745,205.21053433198125,14.999999999999998,14.17222985329055,58.9315581547364
26.880000000001402,2002.3741086313853,205.1954481771908,14.999999999999998,14.174664646379373,58.92321590420558
26.890000000001404,2002.9630608164578,205.18022228021644,14.999999999999998,14.177206762608343,58.91489660859821
26.900000000001405,2003.551926354289,205.16485558270227,14.999999999999998,14.179858195404,58.90660039738748
26.910000000001407,2004.1407054141969,205.14934701467598,14.999999999999998,14.182620958217248,58.89832740140745
26.92000000000141,2004.7293981657106,205.13369549432716,14.999999999999998,14.185497085707668,58.89007775288458
26.93000000000141,2005.3180047785606,205.11789992778114,14.999999999999998,14.188488634949152,58.88185158546959
26.94000000000141,2005.906525422669,205.10195920886844,14.999999999999998,14.191597686657927,58.873649034269874
26.950000000001413,2006.4949602681384,205.08587221888948,14.999999999999998,14.194826346444367,58.865470235882384
26.960000000001415,2007.0833094852421,205.0696378263745,14.999999999999998,14.198176746089628,58.857315328427134
26.970000000001416,2007.671573244413,205.05325488683843,14.999999999999998,14.20165104484859,58.84918445158112
26.980000000001418,2008.2597517162312,205.03672224253063,14.999999999999998,14.205251430780237,58.841077746612974
26.99000000000142,2008.8478450714135,205.02003872217932,14.999999999999998,14.208980122107034,58.83299535641812
27.00000000000142,2009.4358534808,205.00320314073042,14.999999999999998,14.21283936860462,58.8249374255546
27.010000000001423,2010.0237771153425,204.98621429908067,14.999999999999998,14.216831453023318,58.816904100279594
27.020000000001424,2010.6116161460902,204.96907098380495,14.999999999999998,14.220958692543089,58.80889552858654
27.030000000001426,2011.1993707441777,204.9517719668773,14.999999999999998,14.225223440263317,58.80091186024307
27.040000000001427,2011.7870410808093,204.93431600538574,14.999999999999998,14.229628086729436,58.79295324682961
27.05000000000143,2012.374627327246,204.91670184124064,14.999999999999998,14.234175061497654,58.785019841778826
27.06000000000143,2012.9621296547884,204.89892820087607,14.999999999999998,14.238866834740111,58.777111800415796
27.070000000001432,2013.549548234764,204.88099379494437,14.999999999999998,14.243705918891786,58.769229279999095
27.080000000001434,2014.1368832385078,204.8628973180035,14.999999999999998,14.248694870341593,58.76137243976274
27.090000000001435,2014.7241348373477,204.84463744819666,14.999999999999998,14.25383629116933,58.75354144095895
27.100000000001437,2015.3113032025863,204.8262128469246,14.999999999999998,14.259132830930756,58.745736446902015
27.11000000000144,2015.8983885054822,204.8076221585094,14.999999999999998,14.264587188493001,58.737957623012974
27.12000000000144,2016.4853909172325,204.7888640098505,14.999999999999998,14.270202113922469,58.73020513686546
27.13000000000144,2017.0723106089522,204.76993701007183,14.999999999999998,14.275980410427819,58.72247915823244
27.140000000001443,2017.659147751654,204.75083975016017,14.999999999999998,14.281924936360415,58.71477985913423
27.150000000001445,2018.245902516228,204.7315708025944,14.999999999999998,14.28803860727476,58.70710741388754
27.160000000001446,2018.8325750734189,204.71212872096524,14.999999999999998,14.294324398051813,58.6994619991557
27.170000000001448,2019.4191655938039,204.69251203958518,14.999999999999998,14.300785345087919,58.69184379400019
27.18000000000145,2020.0056742477686,204.67271927308823,14.999999999999998,14.307424548552396,58.684252979933405
27.19000000000145,2020.5921012054832,204.65274891601925,14.999999999999998,14.314245174716792,58.67668974097275
27.200000000001452,2021.1784466368758,204.63259944241224,14.999999999999998,14.321250458359131,58.66915426369613
27.210000000001454,2021.764710711607,204.61226930535764,14.999999999999998,14.328443705246553,58.661646737298874
27.220000000001455,2022.3508935990417,204.59175693655763,14.999999999999998,14.335828294699908,58.654167353652156
27.230000000001457,2022.9369954682202,204.57106074586963,14.999999999999998,14.343407682244077,58.64671630736295
27.24000000000146,2023.523016487829,204.5501791208372,14.999999999999998,14.351185402347701,58.63929379583565
27.25000000000146,2024.1089568261693,204.52911042620804,14.999999999999998,14.359165071256795,58.631900019335276
27.26000000000146,2024.6948166511247,204.5078530034383,14.999999999999998,14.36735038992626,58.62453518105252
27.270000000001463,2025.2805961301274,204.48640517018347,14.999999999999998,14.375745147053852,58.61719948717057
27.280000000001465,2025.8662954301233,204.46476521977442,14.999999999999998,14.384353222221444,58.609893146933786
27.290000000001466,2026.451914717536,204.4429314206787,14.999999999999998,14.393178589148409,58.602616372718366
27.300000000001468,2027.0374541582282,204.4209020159463,14.999999999999998,14.402225319062396,58.59536938010506
27.31000000000147,2027.6229139174625,204.3986752226394,14.999999999999998,14.411497584193048,58.58815238795403
27.32000000000147,2028.20829415986,204.37624923124548,14.999999999999998,14.420999661394182,58.580965618481855
27.330000000001473,2028.7935950493577,204.35362220507292,14.999999999999998,14.430735935900884,58.57380929734085
27.340000000001474,2029.3788167491634,204.330792279629,14.999999999999998,14.440710905227338,58.56668365370088
27.350000000001476,2029.9639594217097,204.3077575619791,14.999999999999998,14.450929183212596,58.55958892033348
27.360000000001477,2030.549023228605,204.2845161300865,14.999999999999998,14.461395504220977,58.5525253336988
27.37000000000148,2031.1340083305834,204.26106603213248,14.999999999999998,14.472114727504637,58.54549313403503
27.38000000000148,2031.7189148874513,204.23740528581513,14.999999999999998,14.48309184173611,58.538492565450824
27.390000000001482,2032.3037430580334,204.2135318776269,14.999999999999998,14.494331969719077,58.53152387602055
27.400000000001484,2032.8884930001143,204.18944376210948,14.999999999999998,14.505840373285878,58.524587317882684
27.410000000001485,2033.4731648703796,204.16513886108538,14.999999999999998,14.517622458391005,58.517683147341344
27.420000000001487,2034.057758824353,204.14061506286527,14.999999999999998,14.529683780410265,58.51081162497119
27.43000000000149,2034.6422750163313,204.11587022143001,14.999999999999998,14.542030049655555,58.50397301572577
27.44000000000149,2035.2267135993168,204.0909021555865,14.999999999999998,14.554667137116299,58.49716758904955
27.45000000000149,2035.8110747249464,204.06570864809615,14.999999999999998,14.567601080438482,58.490395618993745
27.460000000001493,2036.395358543417,204.0402874447751,14.999999999999998,14.58083809015355,58.483657384335984
27.470000000001495,2036.9795652034088,204.0146362535646,14.999999999999998,14.594384556169643,58.47695316870431
27.480000000001496,2037.563694852005,203.98875274357087,14.999999999999998,14.60824705453852,58.47028326070537
27.490000000001498,2038.1477476346065,203.96263454407287,14.999999999999998,14.622432354512467,58.46364795405717
27.5000000000015,2038.7317236948447,203.93627924349647,14.999999999999998,14.636947425905833,58.45704754772658
27.5100000000015,2039.315623174489,203.90968438835407,14.999999999999998,14.651799446777268,58.45048234607179
27.520000000001502,2039.899446213351,203.88284748214784,14.999999999999998,14.666995811449246,58.4439526589899
27.530000000001504,2040.4831929491836,203.85576598423526,14.999999999999998,14.682544138882673,58.43745880207006
27.540000000001505,2041.0668635175764,203.82843730865505,14.999999999999998,14.698452281425338,58.43100109675214
27.550000000001507,2041.6504580518451,203.80085882291223,14.999999999999998,14.714728333954138,58.42457987049152
27.56000000000151,2042.2339766829175,203.77302784671997,14.999999999999998,14.731380643432177,58.41819545693003
27.57000000000151,2042.817419539212,203.74494165069697,14.999999999999998,14.748417818903137,58.41184819607348
27.58000000000151,2043.4007867465125,203.71659745501776,14.999999999999998,14.765848741946787,58.405538434476085
27.590000000001513,2043.9840784278358,203.68799242801438,14.999999999999998,14.783682577620791,58.399266525432104
27.600000000001515,2044.5672947032945,203.6591236847268,14.999999999999998,14.801928785915658,58.39303282917509
27.610000000001516,2045.1504356899516,203.6299882854002,14.999999999999998,14.820597133751523,58.386837713085065
27.620000000001518,2045.7335015016695,203.6005832339262,14.999999999999998,14.839697707546822,58.38068155190418
27.63000000000152,2046.316492248951,203.5709054762259,14.999999999999998,14.859240926391347,58.37456472796109
27.64000000000152,2046.8994080387727,203.5409518985719,14.999999999999998,14.87923755585796,58.368487631404726
27.650000000001523,2047.482248974411,203.51071932584617,14.999999999999998,14.899698722489601,58.36245066044771
27.660000000001524,2048.0650151552586,203.4802045197311,14.999999999999998,14.92063592900041,58.35645422162027
27.670000000001526,2048.647706676633,203.44940417683054,14.999999999999998,14.942061070232748,58.3504987300348
27.680000000001527,2049.2303236295743,203.41831492671716,14.999999999999998,14.963986449914213,58.34458460966206
27.69000000000153,2049.812866100635,203.3869333299029,14.999999999999998,14.986424798262094,58.338712293619366
27.70000000000153,2050.3953341716556,203.35525587572852,14.999999999999998,15.009389290485666,58.33288222447158
27.710000000001532,2050.9777279195337,203.32327898016857,14.999999999999998,15.032893566240302,58.327094854545635
27.720000000001534,2051.5600474159774,203.29099898354707,14.999999999999998,15.056951750091034,58.32135064625923
27.730000000001535,2052.1422927272483,203.25841214816006,14.999999999999998,15.081578473047088,58.31565007246474
27.740000000001537,2052.72446391389,203.22551465579974,14.999999999999998,15.1067888952336,58.309993616809045
27.75000000000154,2053.306561030443,203.19230260517563,14.999999999999998,15.13259872977086,58.30438177411026
27.76000000000154,2053.888584125146,203.15877200922708,14.999999999999998,15.159024267936829,58.2988150507525
27.77000000000154,2054.4705332396184,203.1249187923218,14.999999999999998,15.186082405694025,58.29329396509961
27.780000000001543,2055.0524084085296,203.09073878733426,14.999999999999998,15.213790671667548,58.28781904792913
27.790000000001545,2055.634209659248,203.05622773259745,14.999999999999998,15.24216725666785,58.28239084288777
27.800000000001546,2056.2159370114714,203.02138126872168,14.999999999999998,15.271231044858007,58.27700990696964
27.810000000001548,2056.79759047684,202.98619493527283,14.999999999999998,15.301001646673537,58.27167681101886
27.82000000000155,2057.379170058524,202.95066416730253,14.999999999999998,15.33149943361007,58.26639214025794
27.83000000000155,2057.960675750792,202.9147842917221,14.999999999999998,15.362745575003729,58.261156494843824
27.840000000001552,2058.5421075385534,202.87855052351168,14.999999999999998,15.394762076937907,58.25597049045322
27.850000000001554,2059.1234653968772,202.84195796175518,14.999999999999998,15.427571823421125,58.250834758899416
27.860000000001556,2059.704749290481,202.80500158549114,14.999999999999998,15.461198619991157,58.245749948782525
27.870000000001557,2060.285959173192,202.76767624936906,14.999999999999998,15.495667239913788,58.240716726175656
27.88000000000156,2060.8670949873795,202.7299766790999,14.999999999999998,15.531003473156996,58.23573577534941
27.89000000000156,2061.4481566633494,202.69189746668872,14.999999999999998,15.567234178336529,58.23080779953746
27.90000000000156,2062.0291441187082,202.65343306543647,14.999999999999998,15.604387337844488,58.225933521746235
27.910000000001563,2062.610057257687,202.6145777846974,14.999999999999998,15.642492116389855,58.22111368561192
27.920000000001565,2063.190895970425,202.57532578437693,14.999999999999998,15.68157892319879,58.21634905630821
27.930000000001566,2063.7716601322127,202.53567106915466,14.999999999999998,15.721679478143407,58.21164042150884
27.940000000001568,2064.3523496026846,202.49560748241495,14.999999999999998,15.762826882090344,58.20698859240883
27.95000000000157,2064.9329642249677,202.4551286998675,14.999999999999998,15.805055691785016,58.20239440480926
27.96000000000157,2065.513503824772,202.41422822283752,14.999999999999998,15.84840199961533,58.19785872027049
27.970000000001573,2066.09396820943,202.3728993712055,14.999999999999998,15.892903518627742,58.19338242733922
27.980000000001574,2066.67435716687,202.3311352759727,14.999999999999998,15.938599673202217,58.188966442855644
27.990000000001576,2067.254670464528,202.28892887142896,14.999999999999998,15.98553169582805,58.18461171334705
28.000000000001577,2067.8349078481883,202.24627288689595,14.999999999999998,16.03374273046299,58.18031921651541
28.01000000000158,2068.415069040748,202.20315983801774,14.999999999999998,16.083277943001537,58.17608996282674
28.02000000000158,2068.9951537409024,202.1595820175679,14.999999999999998,16.13418463942685,58.171924997211285
28.030000000001582,2069.575161621739,202.11553148574,14.999999999999998,16.186512392274153,58.16782540088422
28.040000000001584,2070.155092329242,202.07100005988582,14.999999999999998,16.24031317609263,58.16379229329759
28.050000000001585,2070.734945480693,202.02597930366233,14.999999999999998,16.295641512658364,58.15982683423577
28.060000000001587,2071.3147206629615,201.9804605155455,14.999999999999998,16.35255462676303,58.15593022606742
28.07000000000159,2071.894417430676,201.9344347166653,14.999999999999998,16.41111261348398,58.152103716168945
28.08000000000159,2072.474035304271,201.88789263791224,14.999999999999998,16.471378617930398,58.148348599535986
28.09000000000159,2073.053573767889,201.8408247062618,14.999999999999998,16.53341902855965,58.144666221601085
28.100000000001593,2073.6330322671356,201.79322103025802,14.999999999999998,16.597303685268656,58.14105798127839
28.110000000001595,2074.212410206672,201.74507138459248,14.999999999999998,16.66310610358873,58.13752533425812
28.120000000001596,2074.7917069476266,201.69636519370897,14.999999999999998,16.730903716449443,58.1340697965768
28.130000000001598,2075.3709218048175,201.64709151435798,14.999999999999998,16.80077813513202,58.13069294849212
28.1400000000016,2075.9500540437602,201.59723901701773,14.999999999999998,16.87281543120437,58.127396438695044
28.1500000000016,2076.529102877453,201.54679596609094,14.999999999999998,16.94710644142366,58.12418198889611
28.160000000001602,2077.108067462907,201.4957501987777,14.999999999999998,17.02374709780892,58.12105139882727
28.170000000001604,2077.6869468974073,201.4440891025148,14.999999999999998,17.10283878533084,58.11800655170654
28.180000000001606,2078.2657402144755,201.39179959086184,14.999999999999998,17.18448872993975,58.11504942021884
28.190000000001607,2078.844446379506,201.33886807770162,14.999999999999998,17.268810419963618,58.11218207307372
28.20000000000161,2079.4230642850457,201.2852804496092,14.999999999999998,17.35592406425713,58.10940668220936
28.21000000000161,2080.0015927456834,201.23102203622923,14.999999999999998,17.445957090879748,58.10672553072178
28.220000000001612,2080.580030492506,201.17607757848396,14.999999999999998,17.539044690528968,58.10414102161003
28.230000000001613,2081.158376167083,201.12043119441532,14.999999999999998,17.635330409465404,58.10165568744111
28.240000000001615,2081.736628760201,201.06408077093752,14.999999999999998,17.734863052642872,58.099176558128974
28.250000000001616,2082.3147873462754,201.0070280347176,14.999999999999998,17.83766481566809,58.096675065094324
28.260000000001618,2082.8928509708862,200.9492747356416,14.999999999999998,17.943758271213966,58.09414752386661
28.27000000000162,2083.470818650249,200.89082264652512,14.999999999999998,18.053166369368853,58.09159019254153
28.28000000000162,2084.0486893706757,200.8316735628087,14.999999999999998,18.16591243795478,58.08899927104893
28.290000000001623,2084.6264620880265,200.7718293022383,14.999999999999998,18.2820201828117,58.08637090043982
28.300000000001624,2085.204135727146,200.71129170452969,14.999999999999998,18.40151368804502,58.083701162194146
28.310000000001626,2085.781709181289,200.65006263101625,14.999999999999998,18.524417416233035,58.080986077550904
28.320000000001627,2086.3591813115354,200.58814396427977,14.999999999999998,18.650756208591662,58.07822160686229
28.33000000000163,2086.9365509461913,200.52553760776308,14.999999999999998,18.780555285092767,58.075403648973776
28.34000000000163,2087.5138168801814,200.4622454853645,14.999999999999998,18.913840244533244,58.07252804063194
28.350000000001632,2088.0909778744262,200.39826954101264,14.999999999999998,19.050637064550997,58.069590555922076
28.360000000001634,2088.668032655211,200.33361173822158,14.999999999999998,19.19097210158481,58.06658690573776
28.370000000001635,2089.244979913541,200.26827405962513,14.999999999999998,19.33487209077407,58.06351273728437
28.380000000001637,2089.8218183044887,200.20225850648958,14.999999999999998,19.48236414579489,58.06036363361922
28.39000000000164,2090.398546446525,200.13556709820435,14.999999999999998,19.633475758628727,58.057135113230345
28.40000000000164,2090.975162920844,200.0682018717495,14.999999999999998,19.788234799259683,58.053822629656764
28.41000000000164,2091.551666270676,200.00016488113934,14.999999999999998,19.946669515296207,58.050421571152754
28.420000000001643,2092.1280550005886,199.9314581968415,14.999999999999998,20.108808531513297,58.04692726039895
28.430000000001645,2092.7043275757787,199.86208390517024,14.999999999999998,20.274680849310762,58.04333495426315
28.440000000001646,2093.2804824213554,199.79204410765348,14.999999999999998,20.44431584608331,58.039639843613834
28.450000000001648,2093.856517921611,199.7213409203726,14.999999999999998,20.617743274497744,58.03583705318971
28.46000000000165,2094.4324324192853,199.64997647327382,14.999999999999998,20.79499326167281,58.03192164152836
28.47000000000165,2095.008224214818,199.5779529094507,14.999999999999998,20.976096308256793,58.02788860095766
28.480000000001652,2095.5838915655954,199.50527238439636,14.999999999999998,21.161083287398064,58.02373285765333
28.490000000001654,2096.159432685188,199.43193706522493,14.999999999999998,21.34998544360355,58.01944927176658
28.500000000001656,2096.7348457425783,199.3579491298607,14.999999999999998,21.54283439147989,58.01503263762559
28.510000000001657,2097.3101288613834,199.28331076619466,14.999999999999998,21.739662114352043,58.01047768401482
28.52000000000166,2097.885280119071,199.20802417120666,14.999999999999998,21.940500962753852,58.00577907453656
28.53000000000166,2098.4602975461676,199.132091550053,14.999999999999998,22.14538365278517,58.00093140805882
28.540000000001662,2099.035179125463,199.05551511511766,14.999999999999998,22.35434326432962,57.99592921925421
28.550000000001663,2099.609922791207,198.9782970850267,14.999999999999998,22.567413239127276,57.99076697923459
28.560000000001665,2100.1845264283043,198.90043968362434,14.999999999999998,22.78462737869624,57.9854390962861
28.570000000001667,2100.7589878715053,198.82194513891005,14.999999999999998,23.006019842096865,57.97993991670982
28.580000000001668,2101.333304904592,198.7428156819352,14.999999999999998,23.231625143532675,57.97426372577318
28.59000000000167,2101.9074752595634,198.66305354565853,14.999999999999998,23.46147814978108,57.968404748777445
28.60000000000167,2102.481496615821,198.582660963759,14.999999999999998,23.695614077447715,57.96235715224702
28.610000000001673,2103.0553665993502,198.5016401694053,14.999999999999998,23.93406849003744,57.95611504524601
28.620000000001674,2103.6290827819057,198.41999339398066,14.999999999999998,24.176877294835297,57.94967248082829
28.630000000001676,2104.2026426801967,198.33772286576175,14.999999999999998,24.424076739590173,57.943023457626936
28.640000000001677,2104.776043755075,198.25483080855102,14.999999999999998,24.675703408994266,57.936161921589445
28.65000000000168,2105.349283410728,198.1713194402609,14.999999999999998,24.931794220950838,57.92908176786514
28.66000000000168,2105.9223589938742,198.08719097144896,14.999999999999998,25.192386422622924,57.92177684285145
28.670000000001682,2106.4952677929687,198.002447603803,14.999999999999998,25.457517586255232,57.914240946405855
28.680000000001684,2107.068007037412,197.91709152857493,14.999999999999998,25.72722560476163,57.906467834230575
28.690000000001685,2107.6405738967705,197.83112492496215,14.999999999999998,26.001548687070265,57.898451220437096
28.700000000001687,2108.212965480008,197.7445499584359,14.999999999999998,26.280525353218213,57.89018478029798
28.71000000000169,2108.785178834725,197.65736877901483,14.999999999999998,26.56419442918753,57.88166215319343
28.72000000000169,2109.3572109464167,197.56958351948344,14.999999999999998,26.852595041474373,57.872876945760325
28.73000000000169,2109.929058737744,197.48119629355392,14.999999999999998,27.145766611382726,57.863822735251574
28.740000000001693,2110.50071906782,197.39220919397061,14.999999999999998,27.443748849034144,57.854493073113815
28.750000000001695,2111.0721887315162,197.30262429055617,14.999999999999998,27.746581747084736,57.844881488791515
28.760000000001696,2111.6434644587926,197.21244362819837,14.999999999999998,28.054305574140713,57.834981493765945
28.770000000001698,2112.2145429140446,197.12166922477695,14.999999999999998,28.36696086786328,57.82478658583718
28.7800000000017,2112.7854206954808,197.03030306902932,14.999999999999998,28.684588427754093,57.8142902536579
28.7900000000017,2113.3560943345224,196.93834711835467,14.999999999999998,29.007229307611812,57.80348598152744
28.800000000001702,2113.9265602952373,196.8458032965556,14.999999999999998,29.334924807650655,57.79236725445486
28.810000000001704,2114.4968149738006,196.75267349151665,14.999999999999998,29.667716466271468,57.78092756349986
28.820000000001706,2115.066854697993,196.65895955281908,14.999999999999998,30.005646051475956,57.769160411400264
28.830000000001707,2115.6366757267356,196.5646632892915,14.999999999999998,30.34875555191441,57.75705931849508
28.84000000000171,2116.2062742496596,196.46978646649578,14.999999999999998,30.697087167557278,57.74461782895191
28.85000000000171,2116.775646386726,196.37433080414783,14.999999999999998,31.050683299981095,57.731829517307645
28.860000000001712,2117.3447881878815,196.27829797347326,14.999999999999998,31.409586542258793,57.71868799533122
28.870000000001713,2117.91369563277,196.1816895944973,14.999999999999998,31.77383966844491,57.705186919217354
28.880000000001715,2118.4823646304894,196.08450723326933,14.999999999999998,32.14348562264546,57.69131999711974
28.890000000001717,2119.0507910194046,195.98675239902175,14.999999999999998,32.518567507663136,57.67708099703248
28.900000000001718,2119.618970567018,195.8884265412635,14.999999999999998,32.89912857320771,57.662463755028014
28.91000000000172,2120.1868989699005,195.78953104680843,14.999999999999998,33.28521220366182,57.64746218385983
28.92000000000172,2120.7545718536853,195.6900672367391,14.999999999999998,33.67686190539265,57.63207028193796
28.930000000001723,2121.321984773132,195.59003636330633,14.999999999999998,34.07412129359925,57.61628214268491
28.940000000001724,2121.889133212258,195.48943960676527,14.999999999999998,34.47703407868639,57.60009196427948
28.950000000001726,2122.456012584548,195.38827807214923,14.999999999999998,34.88564405215475,57.583494059795456
28.960000000001727,2123.0226182332403,195.28655278598168,14.999999999999998,35.299995071998595,57.566482867741854
28.97000000000173,2123.5889454316984,195.1842646929282,14.999999999999998,35.72013104760069,57.54905296301074
28.98000000000173,2124.1549893838646,195.08141465238955,14.999999999999998,36.14609592411603,57.53119906823837
28.990000000001732,2124.720745224809,194.97800343503752,14.999999999999998,36.577933666334715,57.5129160655846
29.000000000001734,2125.286208021369,194.8740317192954,14.999999999999998,37.01568824201506,57.494199008934906
29.010000000001735,2125.8513727728923,194.76950008776515,14.999999999999998,37.45940360467852,57.47504313652877
29.020000000001737,2126.4162344120787,194.66440902360358,14.999999999999998,37.90912367585759,57.45544388401723
29.03000000000174,2126.9807878059332,194.55875890684993,14.999999999999998,38.36489232678849,57.43539689795155
29.04000000000174,2127.5450277568284,194.4525500107079,14.999999999999998,38.826753359540625,57.41489804970421
29.05000000000174,2128.108949003685,194.3457824977849,14.999999999999998,39.29475048757522,57.3939434498221
29.060000000001743,2128.6725462232735,194.23845641629202,14.999999999999998,39.76892731572547,57.37252946281094
29.070000000001745,2129.2358140316387,194.13057169620828,14.999999999999998,40.24932731959155,57.350652722348656
29.080000000001746,2129.798746985658,194.02212814541315,14.999999999999998,40.73599382434359,57.32831014692417
29.090000000001748,2130.361339584733,193.91312544579137,14.999999999999998,41.22896998292635,57.3054989558966
29.10000000000175,2130.923586272617,193.80356314931487,14.999999999999998,41.72829875366005,57.2822166859687
29.11000000000175,2131.485481439392,193.6934406741064,14.999999999999998,42.23402287723181,57.25846120806618
29.120000000001752,2132.0470194235904,193.58275730049024,14.999999999999998,42.74618485307302,57.23423074461372
29.130000000001754,2132.6081945144692,193.47151216703557,14.999999999999998,43.26482691511846,57.20952388719585
29.140000000001756,2133.1690009544423,193.3597042665981,14.999999999999998,43.78999100694317,57.18433961458962
29.150000000001757,2133.7294329416764,193.24733244236683,14.999999999999998,44.32171875627442,57.15867731115355
29.16000000000176,2134.2894846328486,193.13439538392188,14.999999999999998,44.86005144887609,57.13253678555564
29.17000000000176,2134.849150146079,193.0208916233111,14.999999999999998,45.40503000180372,57.10591828982048
29.180000000001762,2135.4084235640335,192.90681953115222,14.999999999999998,45.95669493602925,57.078822538673805
29.190000000001763,2135.9672989372075,192.79217731276907,14.999999999999998,46.515086348435204,57.05125072915968
29.200000000001765,2136.52577028739,192.67696300436944,14.999999999999998,47.0802438831787,57.02320456050358
29.210000000001767,2137.083831611316,192.56117446927357,14.999999999999998,47.65220670242678,56.99468625419145
29.220000000001768,2137.641476884504,192.44480939420225,14.999999999999998,48.23101345646485,56.96569857423247
29.23000000000177,2138.19870006529,192.32786528563398,14.999999999999998,48.8167022531819,56.93624484756987
29.24000000000177,2138.7554950990557,192.21033946624073,14.999999999999998,49.40931062693588,56.906328984601586
29.250000000001773,2139.311855922654,192.09222907141327,14.999999999999998,50.00887550680459,56.87595549976924
29.260000000001774,2139.8677764690356,191.97353104588586,14.999999999999998,50.61543318422779,56.84512953217057
29.270000000001776,2140.423250672078,191.85424214047217,14.999999999999998,51.22901928004767,56.81385686614745
29.280000000001777,2140.978272471623,191.7343589089232,14.999999999999998,51.84966871095564,56.78214395179805
29.29000000000178,2141.532835818712,191.6138777049199,14.999999999999998,52.477415655354385,56.749997925358244
29.30000000000178,2142.0869346810387,191.49279467921164,14.999999999999998,53.112293518645814,56.71742662939385
29.310000000001782,2142.6405630486,191.3711057769144,14.999999999999998,53.75433489795593,56.6844386327418
29.320000000001784,2143.193714939562,191.24880673498046,14.999999999999998,54.403571546309294,56.65104325013448
29.330000000001785,2143.7463844063295,191.125893079854,14.999999999999998,55.06003433626694,56.61725056143804
29.340000000001787,2144.298565541824,191.00236012532534,14.999999999999998,55.723753223042735,56.58307143043163
29.35000000000179,2144.8502524859646,190.87820297059844,14.999999999999998,56.39475720711427,56.548517523050855
29.36000000000179,2145.401439432358,190.75341649858544,14.999999999999998,57.07307429634602,56.51360132501508
29.37000000000179,2145.9521206351833,190.62799537444317,14.999999999999998,57.75873146764338,56.47833615875452
29.380000000001793,2146.5022904162765,190.5019340443659,14.999999999999998,58.45175462815771,56.44273619954954
29.390000000001795,2147.051943172412,190.3752267346496,14.999999999999998,59.15216857606426,56.406816490790874
29.400000000001796,2147.601073382768,190.24786745104265,14.999999999999998,59.85999696093486,56.37059295826623
29.410000000001798,2148.1496756165825,190.11984997839826,14.999999999999998,60.57526224373043,56.3340824233754
29.4200000000018,2148.6977445409816,189.99116788064384,14.999999999999998,61.29798565643804,56.29730261517266
29.4300000000018,2149.2452749289837,189.86181450108273,14.999999999999998,62.028187161379705,56.26027218113259
29.440000000001803,2149.792261667665,189.73178296304368,14.999999999999998,62.765885410220875,56.223010696532285
29.450000000001804,2150.3386997664834,189.60106617089326,14.999999999999998,63.51109770270819,56.185538672340705
29.460000000001806,2150.8845843657446,189.46965681142657,14.999999999999998,64.26383994516728,56.1478775615035
29.470000000001807,2151.4299107452102,189.3375473556511,14.999999999999998,65.02412660879267,56.11004976350971
29.48000000000181,2151.9746743328265,189.20473006097876,14.999999999999998,65.79197068776354,56.07207862712519
29.49000000000181,2152.5188707135694,189.07119697384047,14.999999999999998,66.56738365721968,56.0339884511762
29.500000000001812,2153.062495638391,188.93693993273772,14.999999999999998,67.35037543113397,55.99580448326614
29.510000000001813,2153.60554503325,188.80195057174478,14.999999999999998,68.1409543201188,55.95755291630752
29.520000000001815,2154.1480150082198,188.66622032447498,14.999999999999998,68.93912698920451,55.919260882751985
29.530000000001817,2154.6899018666486,188.52974042852384,14.999999999999998,69.74489841563006,55.88095644640144
29.540000000001818,2155.2312021143644,188.39250193040118,14.999999999999998,70.55827184668686,55.84266859168474
29.55000000000182,2155.771912468901,188.25449569096392,14.999999999999998,71.37924875765715,55.80442721028628
29.56000000000182,2156.31202986873,188.11571239135998,14.999999999999998,72.20782880989135,55.766263085015254
29.570000000001823,2156.851551482476,187.9761425394935,14.999999999999998,73.04400980906745,55.72820787080775
29.580000000001824,2157.3904747181014,187.83577647702012,14.999999999999998,73.88778766367852,55.69029407275733
29.590000000001826,2157.9287972320303,187.69460438688017,14.999999999999998,74.73915634379415,55.65255502107507
29.600000000001828,2158.466516938199,187.552616301377,14.999999999999998,75.59810784014373,55.61502484288492
29.61000000000183,2159.003632017004,187.40980211080557,14.999999999999998,76.46463212356905,55.57773843076699
29.62000000000183,2159.5401409241217,187.26615157263643,14.999999999999998,77.33871710489578,55.54073140796815
29.630000000001832,2160.0760423991874,187.1216543212572,14.999999999999998,78.22034859527345,55.504040090207816
29.640000000001834,2160.6113354742906,186.97629987827423,14.999999999999998,79.10951026703471,55.46770144401524
29.650000000001835,2161.146019482276,186.83007766337366,14.999999999999998,80.00618361512524,55.431753041544916
29.660000000001837,2161.680094064815,186.6829770057411,14.999999999999998,80.91034791915646,55.3962330118271
29.67000000000184,2162.213559180221,186.53498715603638,14.999999999999998,81.82198020613383,55.36117998842244
29.68000000000184,2162.7464151109857,186.3860972989188,14.999999999999998,82.7410552139138,55.32663305346216
29.69000000000184,2163.2786624709984,186.2362965661159,14.999999999999998,83.6675453554438,55.29263167806879
29.700000000001843,2163.810302212431,186.08557405002747,14.999999999999998,84.6014206838395,55.25921565916698
29.710000000001845,2164.34133563225,185.93391881785422,14.999999999999998,85.54264885835391,55.226425052709274
29.720000000001846,2164.8717643783293,185.7813199262385,14.999999999999998,86.49119511129456,55.194300103357556
29.730000000001848,2165.401590455136,185.62776643640254,14.999999999999998,87.44702221594378,55.16288117067854
29.74000000000185,2165.9308162289535,185.47324742976767,14.999999999999998,88.41009045553842,55.13220865192867
29.75000000000185,2166.459444432619,185.3177520240354,14.999999999999998,89.38035759336617,55.10232290152294
29.760000000001853,2166.9874781697404,185.16126938970962,14.999999999999998,90.35777884403437,55.07326414730075
29.770000000001854,2167.5149209183637,185.0037887670363,14.999999999999998,91.34230684596925,55.045072403721896
29.780000000001856,2168.041776534064,184.84529948333554,14.999999999999998,92.33389163520268,55.01778738214593
29.790000000001857,2168.568049252425,184.68579097069792,14.999999999999998,93.33248062050401,54.99144839836851
29.80000000000186,2169.0937436908875,184.52525278401524,14.999999999999998,94.33801855991526,54.96609427760939
29.81000000000186,2169.6188648499283,184.36367461931312,14.999999999999998,95.35044753874757,54.94176325716779
29.820000000001862,2170.1434181135514,184.20104633235127,14.999999999999998,96.36970694909692,54.918492886981575
29.830000000001863,2170.66740924906,184.03735795745422,14.999999999999998,97.39573347093821,54.89631992834823
29.840000000001865,2171.1908444060828,183.87259972653374,14.999999999999998,98.42846105485559,54.87528025108592
29.850000000001867,2171.7137301148373,183.70676208826166,14.999999999999998,99.46782090646822,54.85540872943369
29.860000000001868,2172.2360732835978,183.53983572734984,14.999999999999998,100.51374147260988,54.836739137009445
29.87000000000187,2172.7578811953535,183.37181158389217,14.999999999999998,101.56614842932183,54.81930404116398
29.88000000000187,2173.2791615036344,183.20268087272106,14.999999999999998,102.62496467171688,54.80313469708739
29.890000000001873,2173.799922227485,183.03243510272952,14.999999999999998,103.6901103057746,54.78826094204173
29.900000000001874,2174.3201717455718,182.86106609610775,14.999999999999998,104.76150264212527,54.77471109011015
29.910000000001876,2174.8399187894115,182.688566007442,14.999999999999998,105.83905619188242,54.7625118278673
29.920000000001878,2175.3591724357,182.51492734262132,14.999999999999998,106.92268266458132,54.75168811138956
29.93000000000188,2175.877942097743,182.34014297749692,14.999999999999998,108.01229096828236,54.74226306503504
29.94000000000188,2176.3962375159717,182.1642061762377,14.999999999999998,109.10778721189706,54.734257882433425
29.950000000001882,2176.914068747543,181.98711060932376,14.999999999999998,110.20907470979373,54.72769173013335
29.960000000001884,2177.4314461550193,181.8088503711197,14.999999999999998,111.31605398874035,54.722581654360916
29.970000000001885,2177.948380394134,181.62941999696824,14.999999999999998,112.42862279724015,54.71894249134629
29.980000000001887,2178.464882400635,181.44881447974447,14.999999999999998,113.54667611731576,54.716786781676376
29.99000000000189,2178.980963376225,181.26702928581054,14.999999999999998,114.67010617879629,54.71612468912992
30.00000000000189,2179.4966347736013,181.0840603703108,14.999999999999998,115.79880247616035,54.71696392444745
30.01000000000189,2180.0119082806073,180.8999041917474,14.999999999999998,116.93265178798718,54.719309674481266
30.020000000001893,2180.5267958035174,180.7145577257769,14.999999999999998,118.07153819906635,54.72316453716122
30.030000000001895,2181.0413094494697,180.52801847816903,14.999999999999998,119.21534312521406,54.728528462699266
30.040000000001896,2181.555461508073,180.34028449686966,14.999999999999998,120.36394534084366,54.735398701440644
30.050000000001898,2182.0692644322135,180.15135438311142,14.999999999999998,121.51722100933358,54.743769758750666
30.0600000000019,2182.582730818092,179.96122730151671,14.999999999999998,122.67504371623492,54.75363335730546
30.0700000000019,2183.0958733845264,179.76990298913972,14.999999999999998,123.83728450535786,54.76497840713068
30.080000000001903,2183.6087049515577,179.57738176339603,14.999999999999998,125.00381191777149,54.77779098370513
30.090000000001904,2184.1212384183987,179.38366452883085,14.999999999999998,126.17449203375061,54.792054314417356
30.100000000001906,2184.633486740773,179.1887527826793,14.999999999999998,127.3491885176964,54.80774877363043
30.110000000001907,2185.145462907694,178.99264861917544,14.999999999999998,128.52776266605593,54.82485188657619
30.12000000000191,2185.65717991773,178.79535473256954,14.999999999999998,129.7100734582596,54.84333834226296
30.13000000000191,2186.1686507548206,178.59687441881684,14.999999999999998,130.89597761069066,54.86318001554218
30.140000000001912,2186.679888363695,178.39721157590466,14.999999999999998,132.08532963369697,54.8843459984383
30.150000000001913,2187.190905624959,178.19637070278867,14.999999999999998,133.27798189164716,54.906802640804045
30.160000000001915,2187.7017153299134,177.9943568969135,14.999999999999998,134.47378466602945,54.93051360031911
30.170000000001917,2188.212330155174,177.79117585029732,14.999999999999998,135.6725862215838,54.95543990180545
30.180000000001918,2188.722762637164,177.58683384416477,14.999999999999998,136.8742328754512,54.981540005786506
30.19000000000192,2189.233025146548,177.38133774211744,14.999999999999998,138.07856906931755,55.00876988617115
30.20000000000192,2189.743129862685,177.17469498183632,14.999999999999998,139.28543744452068,55.037083116896646
30.210000000001923,2190.253088748181,176.96691356531596,14.999999999999998,140.49467892008326,55.06643096731826
30.220000000001924,2190.7629135236143,176.75800204763527,14.999999999999998,141.70613277362418,55.09676250608707
30.230000000001926,2191.2726156425124,176.5479695242759,14.999999999999998,142.91963672509405,55.12802471321203
30.240000000001928,2191.7822062666683,176.33682561700425,14.999999999999998,144.13502702327136,55.16016259995812
30.25000000000193,2192.291696241868,176.12458045833927,14.999999999999998,145.35213853494713,55.19311933618937
30.26000000000193,2192.801096074119,175.91124467463382,14.999999999999998,146.57080483671703,55.22683638472434
30.270000000001932,2193.310415906452,175.69682936780305,14.999999999999998,147.79085830929097,55.26125364223264
30.280000000001934,2193.8196654963835,175.48134609573899,14.999999999999998,149.01213023422142,55.296309586163915
30.290000000001935,2194.328854194113,175.2648068514564,14.999999999999998,150.23445089294125,55.33194142716691
30.300000000001937,2194.8379909215346,175.04722404102014,14.999999999999998,151.45764966799544,55.36808526642458
30.31000000000194,2195.3470841521385,174.82861046031007,14.999999999999998,152.6815551463395,55.404676257303265
30.32000000000194,2195.8561418918744,174.60897927068442,14.999999999999998,153.9059952245698,55.44164877068907
30.33000000000194,2196.365171661047,174.38834397360793,14.999999999999998,155.1307972159432,55.47893656336346
30.340000000001943,2196.8741804773144,174.16671838431577,14.999999999999998,156.35578795903348,55.51647294875238
30.350000000001945,2197.3831748398457,173.94411660458843,14.999999999999998,157.58079392786513,55.55419096936991
30.360000000001946,2197.892160714704,173.7205529947177,14.999999999999998,158.80564134335782,55.59202357026764
30.370000000001948,2198.4011435215084,173.49604214474715,14.999999999999998,160.03015628590646,55.629903772795444
30.38000000000195,2198.9101281214225,173.27059884507418,14.999999999999998,161.2541648089162,55.66776484797793
30.39000000000195,2199.419118806517,173.044238056504,14.999999999999998,162.4774930531055,55.70554048881354
30.400000000001953,2199.9281192905482,172.81697487984866,14.999999999999998,163.69996736138398,55.74316498081001
30.410000000001954,2200.4371327011845,172.58882452516602,14.999999999999998,164.92141439410855,55.78057337008073
30.420000000001956,2200.9461615737087,172.35980228073606,14.999999999999998,166.14166124451543,55.81770162834141
30.430000000001957,2201.455207846223,172.12992348187274,14.999999999999998,167.36053555412298,55.85448681416489
30.44000000000196,2201.9642728563686,171.89920347967066,14.999999999999998,168.57786562789815,55.890867229874345
30.45000000000196,2202.473357339575,171.66765760978618,14.999999999999998,169.79348054897625,55.92678257348091
30.460000000001962,2202.982461428838,171.43530116135219,14.999999999999998,171.0072102927232,55.96217408510058
30.470000000001964,2203.4915846560275,171.2021493461257,14.999999999999998,172.21888583992944,55.996984687317756
30.480000000001965,2204.000725954715,170.96821726796543,14.999999999999998,173.42833928892523,56.03115911899719
30.490000000001967,2204.5098836645075,170.73351989273544,14.999999999999998,174.6354039664069,56.06464406208378
30.500000000001968,2205.019055536861,170.49807201872886,14.999999999999998,175.83991453676902,56.09738826096941
30.51000000000197,2205.5282387423545,170.2618882477025,14.999999999999998,177.0417071097369,56.12934263404708
30.52000000000197,2206.0374298793845,170.0249829566108,14.999999999999998,178.24061934610077,56.16046037711618
30.530000000001973,2206.5466249842416,169.78737027012346,14.999999999999998,179.43649056135573,56.190697058346906
30.540000000001974,2207.0558195425297,169.54906403400747,14.999999999999998,-179.37083817294155,56.2200107045571
30.550000000001976,2207.565008501871,169.31007778945033,14.999999999999998,-178.1815239302833,56.24836187860089
30.560000000001978,2208.074186285847,169.07042474839574,14.999999999999998,-176.99572183296436,56.27571374771462
30.57000000000198,2208.583346809115,168.83011776995883,14.999999999999998,-175.8135849586478,56.30203214271154
30.58000000000198,2209.0924834936354,168.5891693379826,14.999999999999998,-174.6352642499027,56.327285607962935
30.590000000001982,2209.601589285945,168.34759153979152,14.999999999999998,-173.46090842686564,56.35144544214791
30.600000000001984,2210.110656675404,168.10539604619277,14.999999999999998,-172.29066390316768,56.3744857297988
30.610000000001985,2210.6196777133428,167.86259409276974,14.999999999999998,-171.12467470525857,56.39638336371152
30.620000000001987,2211.128644033037,167.6191964625065,14.999999999999998,-169.9630823952501,56.417118058332
30.63000000000199,2211.6375468704236,167.37521346977533,14.999999999999998,-168.806025997389,56.43667235426925
30.64000000000199,2212.14637708549,167.13065494571438,14.999999999999998,-167.65364192825905,56.45503161412337
30.65000000000199,2212.6551251842443,166.8855302250151,14.999999999999998,-166.5060639308008,56.472184009852555
30.660000000001993,2213.1637813411958,166.63984813413413,14.999999999999998,-165.36342301222538,56.488120501935924
30.670000000001995,2213.672335422252,166.39361698093762,14.999999999999998,-164.2258473858881,56.502834810620406
30.680000000001996,2214.1807770079636,166.14684454578008,14.999999999999998,-163.09346241717415,56.51632337956735
30.690000000001998,2214.6890954170235,165.89953807401463,14.999999999999998,-161.9663905734391,56.528585332240695
30.700000000002,2215.1972797299513,165.651704269925,14.999999999999998,-160.8447513780333,56.539622421400615
30.710000000002,2215.7053188128752,165.40334929206534,14.999999999999998,-159.72866136842907,56.54943897208705
30.720000000002003,2216.21320134134,165.1544787499874,14.999999999999998,-158.61823405845752,56.55804181849404
30.730000000002004,2216.7209158240657,164.90509770233103,14.999999999999998,-157.5135799046505,56.56544023515044
30.740000000002006,2217.22845062658,164.65521065624836,14.999999999999998,-156.41480627667312,56.57164586283373
30.750000000002007,2217.7357939946596,164.40482156812794,14.999999999999998,-155.32201743182094,56.576672629652464
30.76000000000201,2218.242934077513,164.15393384558135,14.999999999999998,-154.23531449354547,56.580536667738706
30.77000000000201,2218.7498589506354,163.9025503506506,14.999999999999998,-153.1547954339634,56.5832562259951
30.780000000002012,2219.2565566382837,163.6506734041915,14.999999999999998,-152.08055506029325,56.58485157934218
30.790000000002014,2219.763015135508,163.39830479138516,14.999999999999998,-151.01268500515633,56.585344934909514
30.800000000002015,2220.269222429689,163.14544576832685,14.999999999999998,-149.95127372066906,56.58476033561075
30.810000000002017,2220.7751665215324,162.89209706963953,14.999999999999998,-148.896406476247,56.583123561536055
30.82000000000202,2221.280835445475,162.63825891705676,14.999999999999998,-147.84816536003197,56.58046202958771
30.83000000000202,2221.786217289459,162.38393102891837,14.999999999999998,-146.8066292838492,56.5768046917743
30.84000000000202,2222.291300214036,162.12911263052112,14.999999999999998,-145.77187399159217,56.57218193256732
30.850000000002023,2222.7960724707764,161.87380246526516,14.999999999999998,-144.7439720709304,56.56662546571075
30.860000000002024,2223.30052241994,161.61799880653663,14.999999999999998,-143.72299296822774,56.5601682308595
30.870000000002026,2223.804638547396,161.36169947026656,14.999999999999998,-142.7090030065556,56.55284429040654
30.880000000002028,2224.3084094807596,161.10490182810568,14.999999999999998,-141.70206540668127,56.54468872684188
30.89000000000203,2224.8118240047384,160.8476028211556,14.999999999999998,-140.70224031090814,56.535737540968384
30.90000000000203,2225.314871075663,160.58979897419653,14.999999999999998,-139.70958480964146,56.52602755128106
30.910000000002032,2225.8175398352023,160.33148641035342,14.999999999999998,-138.7241529705521,56.515596294797135
30.920000000002034,2226.3198196232456,160.07266086614214,14.999999999999998,-137.74599587020717,56.504481929604616
30.930000000002035,2226.82169998996,159.81331770683974,14.999999999999998,-136.77516162803738,56.49272313937721
30.940000000002037,2227.3231707070095,159.5534519421234,14.999999999999998,-135.81169544250835,56.48035904008331
30.95000000000204,2227.8242217779493,159.29305824192429,14.999999999999998,-134.855639629364,56.46742908909668
30.96000000000204,2228.324843447794,159.03213095244485,14.999999999999998,-133.90703366180995,56.453972996896546
30.97000000000204,2228.825026211772,158.7706641122891,14.999999999999998,-132.9659142125053,56.440030641524814
30.980000000002043,2229.3247608232714,158.50865146865797,14.999999999999998,-132.03231519723292,56.4256419859488
30.990000000002045,2229.824038300995,158.2460864935639,14.999999999999998,-131.1062678201185,56.41084699845876
31.000000000002046,2230.3228499353404,157.9829624000205,14.999999999999998,-130.18780062027173,56.39568557621064
31.010000000002048,2230.8211872940133,157.7192721581663,14.999999999999998,-129.27693951972446,56.38019747200685
31.02000000000205,2231.319042226905,157.45500851128236,14.999999999999998,-128.3737078725426,56.36442222438995
31.03000000000205,2231.8164068702436,157.19016399166787,14.999999999999998,-127.47812651499203,56.34839909110771
31.040000000002053,2232.313273650047,156.92473093633828,14.999999999999998,-126.59021381664127,56.33216698599195
31.050000000002054,2232.809635284898,156.65870150251425,14.999999999999998,-125.70998573228682,56.315764419278146
31.060000000002056,2233.3054847880658,156.3920676828712,14.999999999999998,-124.83745585459012,56.299229441378586
31.070000000002057,2233.8008154689983,156.12482132052216,14.999999999999998,-123.97263546731922,56.282599590108035
31.08000000000206,2234.295620934212,155.8569541237087,14.999999999999998,-123.11553359909126,56.26591184134828
31.09000000000206,2234.789895087602,155.5884576801768,14.999999999999998,-122.26615707751589,56.249202563125934
31.100000000002062,2235.283632130205,155.31932347121716,14.999999999999998,-121.42451058364357,56.232507473066924
31.110000000002064,2235.7768265594354,155.04954288535166,14.999999999999998,-120.5905967066266,56.21586159918071
31.120000000002065,2236.2694731678243,154.77910723164894,14.999999999999998,-119.76441599850492,56.19929924391828
31.130000000002067,2236.76156704129,154.5080077526556,14.999999999999998,-118.94596702903232,56.182853951439235
31.14000000000207,2237.2531035569637,154.23623563693013,14.999999999999998,-118.13524644046312,56.16655847801576
31.15000000000207,2237.7440783805996,153.96378203116936,14.999999999999998,-117.3322490022234,56.15044476549443
31.16000000000207,2238.234487463595,153.6906380519188,14.999999999999998,-116.53696766539476,56.13454391773066
31.170000000002073,2238.7243270396466,153.4167947968601,14.999999999999998,-115.7493936169427,56.11888617990554
31.180000000002075,2239.213593621068,153.14224335567044,14.999999999999998,-114.96951633362562,56.10350092062996
31.190000000002076,2239.7022839947963,152.86697482045005,14.999999999999998,-114.19732363552474,56.08841661673736
31.200000000002078,2240.1903952181096,152.59098029571612,14.999999999999998,-113.43280173913821,56.073660840662974
31.21000000000208,2240.677924614079,152.314250907962,14.999999999999998,-112.67593530998774,56.059260250305186
31.22000000000208,2241.164869766784,152.03677781478237,14.999999999999998,-111.92670751468863,56.04524058126242
31.230000000002082,2241.651228516305,151.75855221356645,14.999999999999998,-111.18510007243857,56.031626641337795
31.240000000002084,2242.1369989535247,151.47956534976166,14.999999999999998,-110.45109330588335,56.01844230720268
31.250000000002085,2242.622179414753,151.1998085247121,14.999999999999998,-109.72466619132172,56.00571052311035
31.260000000002087,2243.106768476197,150.9192731030767,14.999999999999998,-109.00579640821483,55.99345330155043
31.27000000000209,2243.590764948296,150.63795051983269,14.999999999999998,-108.29446038796819,55.981691725736034
31.28000000000209,2244.0741678699437,150.35583228687108,14.999999999999998,-107.59063336195828,55.970445953815855
31.29000000000209,2244.556976502609,150.0729099991915,14.999999999999998,-106.89428940877818,55.959735224704964
31.300000000002093,2245.039190324378,149.78917534070433,14.999999999999998,-106.20540150067941,55.94957786542975
31.310000000002095,2245.5208090239316,149.50462008964868,14.999999999999998,-105.52394154919065,55.93999129988409
31.320000000002096,2246.001832494473,149.21923612363508,14.999999999999998,-104.84988044989552,55.93099205889612
31.330000000002098,2246.482260827621,148.93301542432272,14.999999999999998,-104.18318812635515,55.92259579150733
31.3400000000021,2246.9620943072828,148.64595008174064,14.999999999999998,-103.5238335731628,55.91481727736819
31.3500000000021,2247.44133340352,148.35803229826357,14.999999999999998,-102.8717848981208,55.907670440157396
31.360000000002103,2247.9199787664165,148.0692543922523,14.999999999999998,-102.22700936353141,55.90116836193445
31.370000000002104,2248.398031219966,147.7796088013697,14.999999999999998,-101.58947342659607,55.895323298338624
31.380000000002106,2248.875491755982,147.48908808558286,14.999999999999998,-100.95914277891842,55.89014669455015
31.390000000002107,2249.352361528046,147.19768492986253,14.999999999999998,-100.33598238510942,55.88564920193298
31.40000000000211,2249.8286418455023,146.90539214659063,14.999999999999998,-99.71995652049347,55.88184069528131
31.41000000000211,2250.3043341675057,146.61220267768707,14.999999999999998,-99.1110288079168,55.878730290595776
31.420000000002112,2250.77944009713,146.31810959646677,14.999999999999998,-98.50916225366036,55.87632636331813
31.430000000002114,2251.2539613755484,146.02310610923792,14.999999999999998,-97.91431928246114,55.874636566956916
31.440000000002115,2251.7278998762863,145.72718555665233,14.999999999999998,-97.3264617716468,55.8736678520396
31.450000000002117,2252.2012575995573,145.43034141481888,14.999999999999998,-96.74555108439016,55.87342648533019
31.46000000000212,2252.674036666687,145.13256729619044,14.999999999999998,-96.17154810209045,55.8739180692544
31.47000000000212,2253.146239314626,144.8338569502353,14.999999999999998,-95.60441325588997,55.875147561477924
31.48000000000212,2253.6178678905626,144.53420426390286,14.999999999999998,-95.04410655733508,55.87711929458612
31.490000000002123,2254.08892484663,144.23360326189456,14.999999999999998,-94.49058762819186,55.87983699581703
31.500000000002125,2254.5594127347226,143.93204810674925,14.999999999999998,-93.94381572942696,55.88330380680216
31.510000000002126,2255.029334201414,143.62953309875346,14.999999999999998,-93.40374978936526,55.8875223032729
31.520000000002128,2255.4986919829857,143.32605267568564,14.999999999999998,-92.87034843103643,55.89249451469292
31.53000000000213,2255.9674889005673,143.02160141240407,14.999999999999998,-92.34356999872291,55.89822194377994
31.54000000000213,2256.4357278553853,142.71617402028713,14.999999999999998,-91.82337258372254,55.90470558588295
31.550000000002132,2256.90341182413,142.40976534653527,14.999999999999998,-91.30971404933925,55.911945948183494
31.560000000002134,2257.370543854435,142.10237037334258,14.999999999999998,-90.80255205511585,55.919943068692014
31.570000000002135,2257.83712706047,141.79398421694685,14.999999999999998,-90.30184408032305,55.9286965350132
31.580000000002137,2258.303164618655,141.48460212656576,14.999999999999998,-89.80754744671907,55.93820550285589
31.59000000000214,2258.768659763486,141.17421948322718,14.999999999999998,-89.31961934059485,55.94846871426592
31.60000000000214,2259.2336157834766,140.86283179850088,14.999999999999998,-88.8380168341195,55.95948451556211
31.61000000000214,2259.698036017218,140.55043471313908,14.999999999999998,-88.36269690600082,55.97125087495767
31.620000000002143,2260.161923849551,140.2370239956325,14.999999999999998,-87.8936164614766,55.983765399851364
31.630000000002145,2260.625282707855,139.92259554068886,14.999999999999998,-87.43073235165116,55.99702535377447
31.640000000002146,2261.088116058449,139.60714536763993,14.999999999999998,-86.97400139219285,56.01102767298133
31.650000000002148,2261.550427403103,139.29066961878374,14.999999999999998,-86.52338038140736,56.025768982673114
31.66000000000215,2262.0122202756656,138.97316455766725,14.999999999999998,-86.07882611770236,56.04124561284572
31.67000000000215,2262.4734982387945,138.65462656731546,14.999999999999998,-85.64029541645807,56.05745361375434
31.680000000002153,2262.934264880802,138.33505214841236,14.999999999999998,-85.20774512631945,56.074388770988705
31.690000000002154,2263.394523812601,138.01443791743864,14.999999999999998,-84.78113214492431,56.09204662015408
31.700000000002156,2263.854278664761,137.69278060477117,14.999999999999998,-84.36041343408263,56.11042246115451
31.710000000002157,2264.313533084662,137.37007705274885,14.999999999999998,-83.94554603442144,56.129511372075854
31.72000000000216,2264.772290733756,137.04632421370934,14.999999999999998,-83.53648707951002,56.14930822266716
31.73000000000216,2265.2305552849207,136.72151914800068,14.999999999999998,-83.13319380947964,56.16980768742007
31.740000000002162,2265.6883304199155,136.395659021972,14.999999999999998,-82.73562358415205,56.19100425824673
31.750000000002164,2266.145619826931,136.06874110594686,14.999999999999998,-82.34373389569072,56.21289225675746
31.760000000002165,2266.602427198232,135.740762772183,14.999999999999998,-81.95748238078856,56.23546584614054
31.770000000002167,2267.0587562278893,135.41172149282167,14.999999999999998,-81.57682683240573,56.25871904264665
31.78000000000217,2267.5146106096054,135.08161483782993,14.999999999999998,-81.20172521107094,56.28264572668174
31.79000000000217,2267.9699940346204,134.7504404729385,14.999999999999998,-80.83213565575912,56.30723965351229
31.80000000000217,2268.4249101897085,134.4181961575785,14.999999999999998,-80.46801649435878,56.33249446358756
31.810000000002173,2268.8793627552513,134.08487974281945,14.999999999999998,-80.10932625374116,56.358403692484046
31.820000000002175,2269.3333554033966,133.75048916931075,14.999999999999998,-79.75602366944403,56.38496078047775
31.830000000002176,2269.7868917962905,133.41502246522944,14.999999999999998,-79.4080676949822,56.41215908174994
31.840000000002178,2270.239975584388,133.07847774423612,14.999999999999998,-79.06541751079627,56.4399918732332
31.85000000000218,2270.6926104048352,132.74085320344105,14.999999999999998,-78.72803253285204,56.46845236310382
31.86000000000218,2271.144799879926,132.40214712138226,14.999999999999998,-78.39587242090121,56.497533698927924
31.870000000002182,2271.596547615623,132.06235785601763,14.999999999999998,-78.06889708641499,56.527228975468105
31.880000000002184,2272.0478572001516,131.7214838427324,14.999999999999998,-77.74706670020151,56.55753124215807
31.890000000002185,2272.4987322026545,131.37952359236343,14.999999999999998,-77.43034169971756,56.588433510252656
31.900000000002187,2272.94917617191,131.0364756892419,14.999999999999998,-77.11868279608501,56.61992875966099
31.91000000000219,2273.399192635113,130.6923387892556,14.999999999999998,-76.81205098082242,56.652009945470375
31.92000000000219,2273.8487850967135,130.3471116179317,14.999999999999998,-76.51040753230149,56.68467000416866
31.93000000000219,2274.297957037311,130.00079296854153,14.999999999999998,-76.21371402193789,56.71790185957329
31.940000000002193,2274.7467119126054,129.653381700228,14.999999999999998,-75.92193232012646,56.75169842847442
31.950000000002195,2275.195053152401,129.30487673615647,14.999999999999998,-75.63502460192937,56.7860526260005
31.960000000002196,2275.642984159662,128.95527706169005,14.999999999999998,-75.35295335252664,56.820957370713835
31.970000000002198,2276.0905083096122,128.60458172259007,14.999999999999998,-75.07568137243759,56.85640558944426
31.9800000000022,2276.537628948891,128.25278982324204,14.999999999999998,-74.80317178252164,56.89239022186865
31.9900000000022,2276.9843493947465,127.89990052490793,14.999999999999998,-74.53538802876716,56.928904224844025
32.0000000000022,2277.430672934279,127.54591304400515,14.999999999999998,-74.27229388687577,56.96594057650207
32.0100000000022,2277.8766028237214,127.19082665041252,14.999999999999998,-74.01385346665069,57.00349228011254
32.0200000000022,2278.322142287765,126.83464066580389,14.999999999999998,-73.76003121619618,57.04155236772325
32.0300000000022,2278.7672945189206,126.47735446200934,14.999999999999998,-73.51079192593592,57.08011390358396
32.040000000002195,2279.212062676918,126.11896745940452,14.999999999999998,-73.26610073245728,57.119169987361516
32.05000000000219,2279.6564498881426,125.75947912532796,14.999999999999998,-73.02592312218871,57.15871375715352
32.06000000000219,2280.100459245105,125.39888897252696,14.999999999999998,-72.79022493491706,57.19873839230743
32.07000000000219,2280.5440938059432,125.03719655763167,14.999999999999998,-72.55897236715128,57.23923711605229
32.08000000000219,2280.987356593957,124.6744014796578,14.999999999999998,-72.33213197533931,57.280203197949554
32.090000000002185,2281.4302505971727,124.31050337853767,14.999999999999998,-72.10967067894413,57.321629956170085
32.10000000000218,2281.8727787679354,123.94550193367988,14.999999999999998,-71.89155576338533,57.36351075960339
32.11000000000218,2282.3149440225293,123.57939686255723,14.999999999999998,-71.67775488285183,57.405839029805875
32.12000000000218,2282.756749240824,123.21218791932311,14.999999999999998,-71.46823606299193,57.448608242793995
32.13000000000218,2283.1981972659455,122.84387489345599,14.999999999999998,-71.2629677034858,57.49181193068864
32.140000000002175,2283.639290903973,122.47445760843202,14.999999999999998,-71.0619185805063,57.53544368321636
32.15000000000217,2284.0800329236517,122.10393592042554,14.999999999999998,-70.86505784907314,57.57949714907349
32.16000000000217,2284.5204260561372,121.73230971703728,14.999999999999998,-70.6723550453056,57.623966037158525
32.17000000000217,2284.96047299475,121.3595789160501,14.999999999999998,-70.48378008857881,57.66884411767825
32.18000000000217,2285.4001763947554,120.98574346421191,14.999999999999998,-70.29930328358839,57.71412522313294
32.190000000002165,2285.839538873159,120.61080333604579,14.999999999999998,-70.11889532232819,57.75980324918569
32.20000000000216,2286.2785630085227,120.23475853268673,14.999999999999998,-69.94252728598563,57.80587215542086
32.21000000000216,2286.71725134079,119.8576090807449,14.999999999999998,-69.77017064675927,57.852325965996364
32.22000000000216,2287.155606371135,119.47935503119518,14.999999999999998,-69.60179726960253,57.899158770194624
32.23000000000216,2287.5936305618197,119.09999645829261,14.999999999999998,-69.4373794138983,57.94636472287647
32.240000000002155,2288.0313263360667,118.71953345851328,14.999999999999998,-69.27688973506793,57.99393804484247
32.25000000000215,2288.468696077946,118.33796614952078,14.999999999999998,-69.12030128611887,58.041873023105886
32.26000000000215,2288.9057421322696,117.95529466915737,14.999999999999998,-68.96758751913492,58.090164011081185
32.27000000000215,2289.3424668045027,117.57151917445991,14.999999999999998,-68.81872228671234,58.13880542869219
32.28000000000215,2289.778872360681,117.18663984070007,14.999999999999998,-68.6736798433459,58.18779176240348
32.290000000002145,2290.2149610273373,116.80065686044848,14.999999999999998,-68.53243484676817,58.23711756517875
32.30000000000214,2290.650734991441,116.41357044266253,14.999999999999998,-68.3949623592455,58.28677745636959
32.31000000000214,2291.08619640034,116.02538081179738,14.999999999999998,-68.261237848834,58.33676612153805
32.32000000000214,2291.521347361717,115.63608820693996,14.999999999999998,-68.13123719059875,58.38707831221617
32.33000000000214,2291.9561899435434,115.24569288096555,14.999999999999998,-68.00493666779934,58.43770884560567
32.340000000002135,2292.39072617405,114.85419509971653,14.999999999999998,-67.8823129730449,58.488652604220704
32.35000000000213,2292.824958041694,114.46159514120306,14.999999999999998,-67.7633432094214,58.53990453547643
32.36000000000213,2293.2588874951366,114.06789329482531,14.999999999999998,-67.64800489159421,58.591459651226394
32.37000000000213,2293.6925164432228,113.67308986061681,14.999999999999998,-67.53627594688881,58.643313027251025
32.38000000000213,2294.125846754966,113.27718514850878,14.999999999999998,-67.42813471635209,58.69545980269994
32.390000000002125,2294.5588802595357,112.8801794776148,14.999999999999998,-67.32355995579712,58.74789517949044
32.40000000000212,2294.9916187462472,112.48207317553587,14.999999999999998,-67.22253083683398,58.80061442166436
32.41000000000212,2295.4240639645554,112.08286657768511,14.999999999999998,-67.12502694788891,58.85361285470556
32.42000000000212,2295.8562176240484,111.68256002663212,14.999999999999998,-67.03102829521454,58.906885864820026
32.43000000000212,2296.288081394445,111.28115387146644,14.999999999999998,-66.94051530389326,58.96042889818075
32.440000000002115,2296.71965690559,110.87864846718003,14.999999999999998,-66.85346881883628,59.01423746013897
32.45000000000211,2297.150945747456,110.4750441740681,14.999999999999998,-66.76987010578054,59.06830711440385
32.46000000000211,2297.581949470136,110.07034135714845,14.999999999999998,-66.68970085228555,59.12263348219205
32.47000000000211,2298.0126695838467,109.66454038559857,14.999999999999998,-66.61294316873247,59.177212241349025
32.48000000000211,2298.4431075589223,109.25764163221052,14.999999999999998,-66.53957958932747,59.2320391254433
32.490000000002105,2298.873264825812,108.84964547286314,14.999999999999998,-66.4695930731112,59.287109922835455
32.5000000000021,2299.3031424696956,108.44055177050177,14.999999999999998,-66.40292252109278,59.342433891990794
32.5100000000021,2299.73273876238,108.03035570767246,14.999999999999998,-66.33909461463024,59.398129991509165
32.5200000000021,2300.162052078657,107.61905269518363,14.999999999999998,-66.27764089937403,59.454191745848306
32.5300000000021,2300.591080890252,107.20663835176028,14.999999999999998,-66.21809709857617,59.51061349374077
32.540000000002095,2301.019823760936,106.79310848555357,14.999999999999998,-66.16000241519127,59.567390358083095
32.55000000000209,2301.4482793427633,106.37845907742401,14.999999999999998,-66.10289882792196,59.624518216993735
32.56000000000209,2301.8764463734133,105.96268626593137,14.999999999999998,-66.04633038644468,59.68199367582882
32.57000000000209,2302.3043236746244,105.54578633398025,14.999999999999998,-65.98984251118263,59.7398140399234
32.58000000000209,2302.731910151712,105.127755697085,14.999999999999998,-65.93298130317183,59.797977287804194
32.590000000002085,2303.1592047941863,104.70859089323297,14.999999999999998,-65.87529286979587,59.856482044598614
32.60000000000208,2303.586206677484,104.28828857434036,14.999999999999998,-65.81632267244656,59.915327555343126
32.61000000000208,2304.0129149658483,103.86684549930986,14.999999999999998,-65.7556149024989,59.97451365787185
32.62000000000208,2304.439328916394,103.4442585287148,14.999999999999998,-65.69271189237077,60.034040754944066
32.63000000000208,2304.865447884415,103.0205246211496,14.999999999999998,-65.62715356886638,60.09390978524629
32.640000000002075,2305.2912713299934,102.59564083130185,14.999999999999998,-65.55847695647518,60.154122192881815
32.65000000000207,2305.7167988259857,102.16960430981646,14.999999999999998,-65.48621573880757,60.21467989493778
32.66000000000207,2306.142030067473,101.74241230503833,14.999999999999998,-65.40989988689145,60.27558524669714
32.67000000000207,2306.566964882768,101.31406216673449,14.999999999999998,-65.32905536361571,60.33684100404198
32.68000000000207,2306.99160324609,100.8845513519127,14.999999999999998,-65.24320391418162,60.39845028257458
32.690000000002065,2307.4159452920235,100.45387743286793,14.999999999999998,-65.15186295299195,60.460416512965736
32.70000000000206,2307.839991331887,100.0220381076026,14.999999999999998,-65.0545455579569,60.52274339202606
32.71000000000206,2308.2637418721565,99.58903121278084,14.999999999999998,-64.95076058370412,60.58543482898726
32.72000000000206,2308.68719763508,99.15485473938934,14.999999999999998,-64.84001290562192,60.64849488647779
32.73000000000206,2309.110359581647,98.71950685128961,14.999999999999998,-64.72180380701606,60.71192771568228
32.740000000002055,2309.533228937073,98.28298590685678,14.999999999999998,-64.59563152188765,60.77573748518895
32.75000000000205,2309.9558072189593,97.84529048390809,14.999999999999998,-64.46099194590758,60.83992830305578
32.76000000000205,2310.3780962683063,97.40641940813056,14.999999999999998,-64.31737952803489,60.904504131666165
32.77000000000205,2310.800098283546,96.96637178522046,14.999999999999998,-64.1642883548587,60.969468695001275
32.78000000000205,2311.221815857763,96.52514703694659,14.999999999999998,-64.00121343909082,61.034825378031314
32.790000000002046,2311.643252019267,96.08274494134542,14.999999999999998,-63.8276522226528,61.10057711802351
32.80000000000204,2312.0644102756705,95.63916567724681,14.999999999999998,-63.64310630343825,61.16672628768386
32.81000000000204,2312.48529466161,95.19440987331484,14.999999999999998,-63.44708339304085,61.233274570194155
32.82000000000204,2312.905909790231,94.74847866176788,14.999999999999998,-63.23909951047545,61.30022282637693
32.83000000000204,2313.3262609085314,94.30137373691466,14.999999999999998,-63.018681414143614,61.367570954420785
32.840000000002036,2313.7463539566324,93.85309741860921,14.999999999999998,-62.78536927097201,61.4353177428264
32.850000000002034,2314.1661956309936,93.40365272068466,14.999999999999998,-62.53871955775884,61.503460717489375
32.86000000000203,2314.585793451563,92.95304342437569,14.999999999999998,-62.27830818529222,61.571995984117656
32.87000000000203,2315.005155832787,92.50127415667988,14.999999999999998,-62.003733830762656,61.64091806748522
32.88000000000203,2315.424292605614,92.04835176734282,14.999999999999998,-61.71488542246052,61.71015516905703
32.890000000002026,2315.84321509551,91.59428614699925,14.999999999999998,-61.41216803163916,61.77957915999094
32.900000000002024,2316.2619350723435,91.1390875527169,14.999999999999998,-61.09598249091511,61.84918586658935
32.91000000000202,2316.6804647361514,90.6827666015891,14.999999999999998,-60.76672535523258,61.91897043114877
32.92000000000202,2317.0988167028804,90.22533426455463,14.999999999999998,-60.42478886474451,61.988927320184644
32.93000000000202,2317.517003990116,89.76680186043009,14.999999999999998,-60.07056090955534,62.05905033415803
32.940000000002016,2317.9350400028125,89.30718105013952,14.999999999999998,-59.70442499627317,62.12933261861689
32.950000000002014,2318.3529385190304,88.84648383112695,14.999999999999998,-59.326760216321624,62.19976667666736
32.96000000000201,2318.7707136756926,88.38472253193693,14.999999999999998,-58.93794121596396,62.270344382692635
32.97000000000201,2319.188379954368,87.92190980694895,14.999999999999998,-58.53833816799544,62.34105699723942
32.98000000000201,2319.6059521670895,87.45805863125133,14.999999999999998,-58.12831674506158,62.41189518299419
32.990000000002006,2320.0234454422175,86.99318229564088,14.999999999999998,-57.70823809456365,62.48284902177379
33.000000000002004,2320.440875210352,86.5272944017345,14.999999999999998,-57.2784588151147,62.5539080324569
33.010000000002,2320.858257190303,86.06040885717948,14.999999999999998,-56.83933093451284,62.625061189785335
33.020000000002,2321.275607375127,85.59253987094944,14.999999999999998,-56.39120188920049,62.69629694396575
33.030000000002,2321.6929420182314,85.12370194871303,14.999999999999998,-55.934414505181245,62.76760324100489
33.040000000001996,2322.110277619558,84.6539098882634,14.999999999999998,-55.46930698036885,62.83896754371294
33.050000000001994,2322.527630911847,84.183178774996,14.999999999999998,-54.99621286834453,62.9103768533118
33.06000000000199,2322.945018846992,83.71152397742344,14.999999999999998,-54.5154610635022,62.98181773158685
33.07000000000199,2323.3624585824823,83.23896114271616,14.999999999999998,-54.02737578756254,63.05327632352242
33.08000000000199,2323.7799674679513,82.76550619225796,14.999999999999998,-53.5322765774398,63.12473838036314
33.090000000001986,2324.1975630318198,82.29117531720621,14.999999999999998,-53.030478274447,63.19618928304489
33.100000000001984,2324.6152629680514,81.8159849740469,14.999999999999998,-52.52229101482695,63.267614065940776
33.11000000000198,2325.033085123019,81.33995188013486,14.999999999999998,-52.00802022159884,63.338997440869136
33.12000000000198,2325.4510474824883,80.86309300921036,14.999999999999998,-51.48796659771151,63.41032382131203
33.13000000000198,2325.869168158719,80.38542558688354,14.999999999999998,-50.96242612049629,63.48157734679455
33.140000000001976,2326.2874653776935,79.90696708607861,14.999999999999998,-50.43169003741333,63.55274190737623
33.150000000001974,2326.705957466476,79.42773522243033,14.999999999999998,-49.89604486308754,63.62380116820783
33.16000000000197,2327.1246628406984,78.94774794962572,14.999999999999998,-49.35577237763022,63.69473859410782
33.17000000000197,2327.5435999921897,78.46702345468448,14.999999999999998,-48.81114962624461,63.76553747411451
33.18000000000197,2327.962787476742,77.985580153172,14.999999999999998,-48.26244892011372,63.83618094597104
33.190000000001966,2328.3822439020228,77.50343668433956,14.999999999999998,-47.70993783856974,63.90665202050188
33.200000000001964,2328.8019879156336,77.02061190618659,14.999999999999998,-47.15387923254525,63.9769336058409
33.21000000000196,2329.2220381933244,76.53712489044045,14.999999999999998,-46.59453122930616,64.04700853147223
33.22000000000196,2329.6424134273598,76.05299491744985,14.999999999999998,-46.032147238467665,64.11685957204669
33.23000000000196,2330.0631323150483,75.56824147098817,14.999999999999998,-45.46697595929345,64.18646947093782
33.240000000001956,2330.4842135474332,75.08288423296385,14.999999999999998,-44.89926138927975,64.25582096350273
33.250000000001954,2330.9056757981507,74.59694307803525,14.999999999999998,-44.329242834024534,64.32489680001459
33.26000000000195,2331.3275377124596,74.1104380681279,14.999999999999998,-43.75715491838282,64.39367976823479
33.27000000000195,2331.749817896445,73.62338944685261,14.999999999999998,-43.183227598908346,64.462152715594
33.28000000000195,2332.1725349064,73.1358176338234,14.999999999999998,-42.60768617758147,64.53029857095294
33.290000000001946,2332.595707238389,72.64774321887458,14.999999999999998,-42.03075131682276,64.59810036591485
33.300000000001944,2333.0193533179972,72.15918695617685,14.999999999999998,-41.45263905579089,64.66554125566317
33.31000000000194,2333.4434914902695,71.67016975825267,14.999999999999998,-40.87356082796274,64.73260453929905
33.32000000000194,2333.868140009839,71.18071268989165,14.999999999999998,-40.29372347999308,64.79927367965493
33.33000000000194,2334.293317031254,70.6908369619672,14.999999999999998,-39.713329291849895,64.86553232256182
33.340000000001936,2334.7190405995043,70.2005639251558,14.999999999999998,-39.13257599822056,64.93136431554885
33.350000000001934,2335.1453286407477,69.70991506356118,14.999999999999998,-38.55165681118322,64.99675372595577
33.36000000000193,2335.572198953246,69.21891198824534,14.999999999999998,-37.970760444136175,65.06168485843997
33.37000000000193,2335.9996691985066,68.72757643066956,14.999999999999998,-37.3900711369774,65.12614227186107
33.38000000000193,2336.427756892639,68.23593023604828,14.999999999999998,-36.80976868252464,65.19011079552764
33.390000000001926,2336.856479397926,67.74399535661924,14.999999999999998,-36.23002845416557,65.25357554479206
33.400000000001924,2337.2858539146096,67.2517938448338,14.999999999999998,-35.65102143472609,65.31652193598082
33.41000000000192,2337.7158974729055,66.75934784647134,14.999999999999998,-35.0729142465434,65.378935700649
33.42000000000192,2338.146626925233,66.26667959368228,14.999999999999998,-34.495869182729294,65.4408028991492
33.43000000000192,2338.578058938676,65.77381139796417,14.999999999999998,-33.92004423960772,65.50210993350647
33.440000000001916,2339.010209987672,65.2807656430759,14.999999999999998,-33.34559315030916,65.5628435595921
33.450000000001914,2339.4430644505237,64.78753295083372,14.999999999999998,-32.772438487894306,65.62327900272062
33.46000000000191,2339.876596167293,64.29409352121422,14.999999999999998,-32.200411374706874,65.68350022252127
33.47000000000191,2340.31077706873,63.800425714682405,14.999999999999998,-31.629311896255007,65.74351362521693
33.48000000000191,2340.7455771120135,63.3065059935839,14.999999999999998,-31.058908276719208,65.80332579203645
33.490000000001906,2341.1809642065828,62.81230885579948,14.999999999999998,-30.48893571112536,65.86294353516784
33.500000000001904,2341.616904128897,62.31780675975993,14.999999999999998,-29.91909482926292,65.9223739602081
33.5100000000019,2342.0533604247935,61.82297003980191,14.999999999999998,-29.34904975957293,65.98162453640194
33.5200000000019,2342.4902942979306,61.32776681070609,14.999999999999998,-28.77842575334193,66.04070317628022
33.5300000000019,2342.9276644825914,60.832162860093085,14.999999999999998,-28.20680632036126,66.09961832669806
33.540000000001896,2343.3654270988395,60.33612152715566,14.999999999999998,-27.633729816429785,66.15837907375311
33.550000000001894,2343.8035354877225,59.839603565971416,14.999999999999998,-27.05868541030136,66.21699526466277
33.56000000000189,2344.2419400238286,59.34256699136081,14.999999999999998,-26.48110834241751,66.2754776504316
33.57000000000189,2344.680587902057,58.84496690492153,14.999999999999998,-25.90037436940478,66.33383805409206
33.58000000000189,2345.119422894908,58.34675529846963,14.999999999999998,-25.31579326608142,66.39208957051507
33.590000000001886,2345.5584166810386,57.84791255081455,14.999999999999998,-24.72694159450196,66.44995343483507
33.600000000001884,2345.9975704531726,57.34844898659976,14.999999999999998,-24.133705661619054,66.50713402015361
33.61000000000188,2346.4368851982545,56.84837500901342,14.999999999999998,-23.53597136345217,66.56361080240892
33.62000000000188,2346.876361691957,56.347701096725174,14.999999999999998,-22.933624193764306,66.61936317339463
33.63000000000188,2347.3160004930755,55.8464378005996,14.999999999999998,-22.326549253796486,66.67437045008893
33.640000000001876,2347.75580193782,55.34459574017503,14.999999999999998,-21.714631263104405,66.72861188503624
33.650000000001874,2348.1957661340016,54.84218559989668,14.999999999999998,-21.09775457154215,66.78206667783506
33.66000000000187,2348.635892955125,54.33921812509269,14.999999999999998,-20.47580317243972,66.83471398778585
33.67000000000187,2349.076182034388,53.83570411768156,14.999999999999998,-19.8486607170212,66.88653294775526
33.68000000000187,2349.516632758595,53.33165443159919,14.999999999999998,-19.216210530111727,66.93750267931347
33.69000000000187,2349.957244261997,52.82707996793389,14.999999999999998,-18.57833562718225,66.98760230920283
33.700000000001864,2350.398015420058,52.32199166975728,14.999999999999998,-17.934918732781846,67.03681098719677
33.71000000000186,2350.83894484316,51.81640051663925,14.999999999999998,-17.285842300408035,67.08510790540923
33.72000000000186,2351.2800308702576,51.31031751883489,14.999999999999998,-16.63098853386638,67.13247231911478
33.73000000000186,2351.7212715624933,50.80375371113152,14.999999999999998,-15.970239410171434,67.17888356914125
33.74000000000186,2352.1626646967775,50.29672014634369,14.999999999999998,-15.30347670404132,67.22432110589558
33.750000000001855,2352.6042077593556,49.78922788844447,14.999999999999998,-14.63058201403919,67.2687645150852
33.76000000000185,2353.045897939368,49.28128800532126,14.999999999999998,-13.951436790414887,67.31219354519564
33.77000000000185,2353.4877321224208,48.77291156114447,14.999999999999998,-13.265922364700844,67.35458813678576
33.78000000000185,2353.9297068841815,48.26410960833801,14.999999999999998,-12.573919981116092,67.39592845366045
33.79000000000185,2354.3718184840177,47.75489317914044,14.999999999999998,-11.875310829832902,67.4361949159798
33.800000000001845,2354.814062858695,47.24527327674618,14.999999999999998,-11.16997608216001,67.47536823536231
33.81000000000184,2355.256435616151,46.735260866016795,14.999999999999998,-10.457796927696988,67.51342945203761
33.82000000000184,2355.6989320293746,46.224866863752474,14.999999999999998,-9.738654613513427,67.55035997410155
33.83000000000184,2356.141547030398,45.7141021285149,14.999999999999998,-9.012430485406831,67.58614161892433
33.84000000000184,2356.5842752044387,45.202977449993035,14.999999999999998,-8.27900603129206,67.6207566567578
33.850000000001835,2357.027110784204,44.69150353790428,14.999999999999998,-7.538262926775047,67.65418785658524
33.86000000000183,2357.470047644393,44.17969101042442,14.999999999999998,-6.790083082962054,67.68641853425102
33.87000000000183,2357.9130792964156,43.66755038214051,14.999999999999998,-6.0343486965551625,67.71743260290334
33.88000000000183,2358.3561988833617,43.1550920515223,14.999999999999998,-5.270942302283441,67.7472146257763
33.89000000000183,2358.799399175248,42.64232628790862,14.999999999999998,-4.499746827717335,67.7757498713311
33.900000000001825,2359.2426725645746,42.12926321800676,14.999999999999998,-3.7206456505127714,67.80302437076858
33.91000000000182,2359.686011062226,41.61591281190431,14.999999999999998,-2.9335226581292333,67.82902497791632
33.92000000000182,2360.129406293746,41.102284868594204,14.999999999999998,-2.1382623100639986,67.85373943148464
33.93000000000182,2360.572849496026,40.58838900101596,14.999999999999998,-1.3347497026424593,67.877156419675
33.94000000000182,2361.0163315144423,40.07423462061741,14.999999999999998,-0.5228706364017845,67.89926564711281
33.950000000001815,2361.459842800483,39.55983092144362,14.999999999999998,0.29748831389776836,67.92005790406458
33.96000000000181,2361.903373409899,39.04518686376166,14.999999999999998,1.1264397266026753,67.93952513788524
33.97000000000181,2362.346913001425,38.5303111572322,14.999999999999998,1.9640952578091866,67.95766052662695
33.98000000000181,2362.7904508361116,38.015212243641415,14.999999999999998,2.8105655632957482,67.97445855472493
33.99000000000181,2363.2339757773098,37.49989827920923,14.999999999999998,3.665960217724622,67.98991509065814
34.000000000001805,2363.6774762913537,36.9843771164927,14.999999999999998,4.530387631097162,68.00402746646519
34.0100000000018,2364.1209404489887,36.46865628590628,14.999999999999998,5.403954962451552,68.01679455897509
34.0200000000018,2364.5643559275863,35.95274297688375,14.999999999999998,6.286768030797015,68.02821687259276
34.0300000000018,2365.0077100141966,35.43664401870984,14.999999999999998,7.178931223283675,68.03829662345595
34.0400000000018,2365.4509896094846,34.92036586105285,14.999999999999998,8.0805474006127,68.0470378247577
34.050000000001795,2365.894181232598,34.40391455423321,14.999999999999998,8.99171779969752,68.05444637300327
34.06000000000179,2366.3372710270132,33.887295729266484,14.999999999999998,9.912541933592863,68.06053013494493
34.07000000000179,2366.7802447674094,33.37051457772311,14.999999999999998,10.843117488715098,68.06529903491074
34.08000000000179,2367.223087867617,32.853575831451025,14.999999999999998,11.783540219384085,68.06876514221571
34.09000000000179,2367.6657853896863,32.336483742211435,14.999999999999998,12.73390383972367,68.07094275831417
34.100000000001785,2368.1083220541277,31.819242061281866,14.999999999999998,13.694299912965896,68.07184850332278
34.11000000000178,2368.550682251362,31.301854019085077,14.999999999999998,14.66481773821116,68.07150140151205
34.12000000000178,2368.99285005443,30.78432230490638,14.999999999999998,15.64554423470474,68.06992296533355
34.13000000000178,2369.434809233,30.266649046766354,14.999999999999998,16.636563823698452,68.06713727751767
34.14000000000178,2369.8765432687183,29.74883579152017,14.999999999999998,17.637958307974294,68.06317107074446
34.150000000001775,2370.3180353719345,29.230883485258992,14.999999999999998,18.6498067491159,68.05805380435824
34.16000000000177,2370.7592684998435,28.71279245409322,14.999999999999998,19.67218534262249,68.0518177375641
34.17000000000177,2371.2002253760693,28.19456238540155,14.999999999999998,20.705167290968728,68.04449799851314
34.18000000000177,2371.640888511726,27.676192309633844,14.999999999999998,21.74882267472332,68.03613264865204
34.19000000000177,2372.0812402279776,27.157680582759834,14.999999999999998,22.803218321848377,68.026762741683
34.200000000001765,2372.5212626801126,26.639024869459533,14.999999999999998,23.86841767531116,68.0164323764515
34.21000000000176,2372.96093788316,26.12022212715476,14.999999999999998,24.944480659148766,68.00518874305276
34.22000000000176,2373.400247739045,25.601268590984684,14.999999999999998,26.03146354313627,67.99308216142373
34.23000000000176,2373.839174065295,25.082159759831267,14.999999999999998,27.129418806218077,67.98016611166538
34.24000000000176,2374.2776986252957,24.562890383503422,14.999999999999998,28.238394998871833,67.96649725532195
34.250000000001755,2374.715803160083,24.043454451191035,14.999999999999998,29.358436604583172,67.95213544682883
34.26000000000175,2375.1534694216607,23.523845181302054,14.999999999999998,30.489583900619415,67.93714373433014
34.27000000000175,2375.590679207818,23.004055012797416,14.999999999999998,31.631872818299076,67.9215883490613
34.28000000000175,2376.027414398418,22.484075598139697,14.999999999999998,32.78533480296306,67.90553868249111
34.29000000000175,2376.463656993112,21.96389779797181,14.999999999999998,33.9499966738623,67.8890672504229
34.300000000001745,2376.899389150443,21.443511677642128,14.999999999999998,35.125880484185025,67.87224964326613
34.31000000000174,2377.3345932282627,20.92290650569161,14.999999999999998,36.31300338145499,67.8551644617083
34.32000000000174,2377.7692518254153,20.402070754417217,14.999999999999998,37.51137746854034,67.83789323704251
34.33000000000174,2378.203347824593,19.88099210262377,14.999999999999998,38.721009665520256,67.82052033544058
34.34000000000174,2378.6368644362883,19.359657440673548,14.999999999999998,39.941901572663774,67.80313284550375
34.350000000001735,2379.069785243737,18.838052877939273,14.999999999999998,41.174049334782374,67.78582044847433
34.36000000000173,2379.5020942487486,18.316163752761682,14.999999999999998,42.41744350722476,67.76867527055256
34.37000000000173,2379.9337759183004,17.79397464500748,14.999999999999998,43.6720689237882,67.75179171683348
34.38000000000173,2380.3648152317696,17.271469391317265,14.999999999999998,44.937904566826965,67.7352662864587
34.39000000000173,2380.7951977286566,16.748631103125867,14.999999999999998,46.21492343984407,67.71919736866914
34.400000000001725,2381.2249095566526,16.225442187529488,14.999999999999998,47.503092442857444,67.70368501954525
34.41000000000172,2381.6539375198836,15.70188437106496,14.999999999999998,48.80237225083687,67.68883071933251
34.42000000000172,2382.0822691271596,15.17793872645654,14.999999999999998,50.112717195512325,67.67473711037184
34.43000000000172,2382.5098926400465,14.65358570237478,14.999999999999998,51.434075150858355,67.661507715785
34.44000000000172,2382.9367971205616,14.128805156240103,14.999999999999998,52.766387422563575,67.64924663920664
34.450000000001715,2383.362972478294,13.603576390091096,14.999999999999998,54.1095886417973,67.6380582460038
34.46000000000171,2383.788409516736,13.077878189523787,14.999999999999998,55.463606663588656,67.62804682658218
34.47000000000171,2384.2130999786,12.55168886569379,14.999999999999998,56.82836247013688,67.61931624254345
34.48000000000171,2384.6370365899006,12.024986300357824,14.999999999999998,58.203770079374166,67.61196955663006
34.49000000000171,2385.0602131025594,11.497747993915096,14.999999999999998,59.589736459104195,67.6061086475708
34.500000000001705,2385.482624335293,10.969951116392233,14.999999999999998,60.98616144704282,67.60183381112121
34.5100000000017,2385.904266212541,10.441572561298031,14.999999999999998,62.39293767708877,67.59924334877573
34.5200000000017,2386.3251358011794,9.912589002256318,14.999999999999998,63.80995051215378,67.59843314581242
34.5300000000017,2386.7452313447707,9.382976952306723,14.999999999999998,65.237077983884,67.59949624051296
34.5400000000017,2387.1645522950985,8.85271282574431,14.999999999999998,66.67419073960481,67.6025223865797
34.550000000001695,2387.5830993407294,8.32177300234987,14.999999999999998,68.12115199682272,67.60759761094481
34.56000000000169,2388.000874432355,7.7901338938433335,14.999999999999998,69.57781750561882,67.61480376933272
34.57000000000169,2388.417880804668,7.257772012373381,14.999999999999998,71.04403551926801,67.6242181020922
34.58000000000169,2388.8341229945263,6.724664040836984,14.999999999999998,72.51964677341782,67.63591279295804
34.59000000000169,2389.249606855175,6.190786904803523,14.999999999999998,74.00448447416126,67.64995453353127
34.600000000001685,2389.6643395663,5.656117845799291,14.999999999999998,75.49837429533473,67.66640409637728
34.61000000000168,2390.0783296396967,5.1206344956899645,14.999999999999998,77.0011343853707,67.68531591973414
34.62000000000168,2390.491586920358,4.58431495188092,14.999999999999998,78.51257538403247,67.70673770689274
34.63000000000168,2390.904122582788,4.047137853038481,14.999999999999998,80.03250044935204,67.73071004335691
34.64000000000168,2391.3159491223832,3.5090824550192976,14.999999999999998,81.56070529508874,67.75726603491202
34.650000000001675,2391.727080341719,2.9701287066803377,14.999999999999998,83.0969782390179,67.7864309697228
34.66000000000167,2392.137531331626,2.4302573252285797,14.999999999999998,84.64110026235068,67.81822200754509
34.67000000000167,2392.5473184469433,1.8894498707575775,14.999999999999998,86.19284508057582,67.85264789906878
34.68000000000167,2392.9564592768716,1.3476888196078196,14.999999999999998,87.75197922600192,67.88970873831109
34.69000000000167,2393.3649726098756,0.8049576361794074,14.999999999999998,89.31826214226325,67.92939575084876
34.700000000001666,2393.77287839311,0.2612408428191779,14.999999999999998,90.89144629103649,67.97169112051586
34.71000000000166,2394.180197686381,-0.28347591259981264,14.999999999999998,92.4712772711948,68.01656785699906
