t,x,y,commanded_pitch,actual_pitch
0.0,0.001999999998245404,-0.0009809162241959288,29.999999999999996,0.0024000000000000002
0.01,0.005999999980742365,-0.00294258146278551,29.999999999999996,0.007190208
0.02,0.011999999900418341,-0.005884745419084387,29.999999999999996,0.01436067995136
0.03,0.019999999646074566,-0.009807075061907807,29.999999999999996,0.023901321160518452
0.04,0.02999999900127976,-0.014709154983174995,29.999999999999996,0.035801887699147425
0.05,0.04199999759335699,-0.020590487760695123,29.999999999999996,0.05005198782060596
0.060000000000000005,0.05599999483261806,-0.027450494326095497,29.999999999999996,0.066641083382553
0.07,0.07199998984200223,-0.03528851433785422,29.999999999999996,0.08555849127558166
0.08,0.08999998137727841,-0.04410380655940116,29.999999999999996,0.10679338485773615
0.09,0.10999996773797231,-0.05389554924225266,29.999999999999996,0.1303347953947734
0.09999999999999999,0.13199994666918205,-0.06466284051414671,29.999999999999996,0.15617161350603095
0.10999999999999999,0.1559999152544481,-0.07640469877214683,29.999999999999996,0.18429259061576295
0.11999999999999998,0.18199986979984523,-0.08912006308068425,29.999999999999996,0.21468634040980678
0.12999999999999998,0.20999980570946641,-0.10280779357450912,29.999999999999996,0.24734134029744165
0.13999999999999999,0.23999971735247025,-0.1174666718665226,29.999999999999996,0.2822459328783022
0.15,0.2719995979218655,-0.1330954014604632,29.999999999999996,0.319388327414209
0.16,0.3059994392852082,-0.14969260816842114,29.999999999999996,0.3587566013057791
0.17,0.3419992318273878,-0.16725684053315626,29.999999999999996,0.4003387015736784
0.18000000000000002,0.37999896428568225,-0.18578657025519496,29.999999999999996,0.4441224463443802
0.19000000000000003,0.4199986235772606,-0.20528019262468364,29.999999999999996,0.49009552634029174
0.20000000000000004,0.4619981946193159,-0.22573602695797582,29.999999999999996,0.5382455063741124
0.21000000000000005,0.5059976601420116,-0.24715231703893145,29.999999999999996,0.5885598268472877
0.22000000000000006,0.5519970004944252,-0.2695272315649074,29.999999999999996,0.6410258052524227
0.23000000000000007,0.5999961934436757,-0.29285886459741856,29.999999999999996,0.6956306376795168
0.24000000000000007,0.6499952139674211,-0.3171452360174498,29.999999999999996,0.7523614003258883
0.25000000000000006,0.7019940340399147,-0.34238429198539916,29.999999999999996,0.8112050510096481
0.26000000000000006,0.755992622411809,-0.36857390540563256,29.999999999999996,0.8721484306865922
0.2700000000000001,0.8119909443838982,-0.3957118763956324,29.999999999999996,0.9351782649703735
0.2800000000000001,0.869988961574989,-0.42379593275972,29.999999999999996,1.0002811656558221
0.2900000000000001,0.9299866316840927,-0.4528237304673344,29.999999999999996,1.0674436322452765
0.3000000000000001,0.9919839082471321,-0.48279285413584844,29.999999999999996,1.1366520534777933
0.3100000000000001,1.0559807403883554,-0.5137008175179044,29.999999999999996,1.2078927088611018
0.3200000000000001,1.1219770725666516,-0.5455450639932499,29.999999999999996,1.281151770206168
0.3300000000000001,1.189972844316963,-0.5783229670650565,29.999999999999996,1.3564153031642379
0.34000000000000014,1.2599679899869907,-0.6120318308607017,29.999999999999996,1.4336692687662222
0.35000000000000014,1.3319624384693858,-0.6466688906369958,29.999999999999996,1.5128995249642974
0.36000000000000015,1.4059561129296267,-0.682231313289834,29.999999999999996,1.5940918281755831
0.37000000000000016,1.4819489305297762,-0.7187161978682544,29.999999999999996,1.6772318348277695
0.38000000000000017,1.559940802148316,-0.7561205760928822,29.999999999999996,1.762305102906561
0.3900000000000002,1.639931632096257,-0.7944414128787397,29.999999999999996,1.8492970935048045
0.4000000000000002,1.7219213178297188,-0.8336756068624004,29.999999999999996,1.938193172373175
0.4100000000000002,1.8059097496591816,-0.8738199909334665,29.999999999999996,2.028978611472282
0.4200000000000002,1.8918968104556007,-0.9148713327703475,29.999999999999996,2.1216385905260746
0.4300000000000002,1.9798823753535868,-0.9568263353803167,29.999999999999996,2.2161581985764105
0.4400000000000002,2.069866311451846,-0.9996816376438226,29.999999999999996,2.3125224355386584
0.45000000000000023,2.161848477511076,-1.04343381486303,29.999999999999996,2.410716213758215
0.46000000000000024,2.2558287236495174,-1.0880793793145669,29.999999999999996,2.510724359567792
0.47000000000000025,2.3518068910363534,-1.1336147808064492,29.999999999999996,2.612531614845366
0.48000000000000026,2.4497828115831566,-1.1800364072391583,29.999999999999996,2.7161226385726414
0.49000000000000027,2.549756307633576,-1.227340585170842,29.999999999999996,2.8214820083939225
0.5000000000000002,2.6517271916514584,-1.2755235803866105,29.999999999999996,2.9285942221752466
0.5100000000000002,2.7556952659076046,-1.324581598471896,29.999999999999996,3.037443699563671
0.5200000000000002,2.8616603221653425,-1.3745107853898484,29.999999999999996,3.1480147835465773
0.5300000000000002,2.9696221413651225,-1.425307228062729,29.999999999999996,3.260291742010868
0.5400000000000003,3.079580493308318,-1.4769669549572744,29.999999999999996,3.37425876930194
0.5500000000000003,3.1915351363404274,-1.5294859366739908,29.999999999999996,3.4898999877823047
0.5600000000000003,3.3054858170338637,-1.5828600865403475,29.999999999999996,3.6071994493897246
0.5700000000000003,3.4214322698705257,-1.6370852612078284,29.999999999999996,3.7261411371947637
0.5800000000000003,3.539374216924337,-1.6921572612528046,29.999999999999996,3.846708966957607
0.5900000000000003,3.6593113675439373,-1.748071831781188,29.999999999999996,3.9688867886840424
0.6000000000000003,3.7812434180357153,-1.8048246630368245,29.999999999999996,4.092658388180477
0.6100000000000003,3.905170051347369,-1.8624113910135838,29.999999999999996,4.2180074886078724
0.6200000000000003,4.031090936752173,-1.9208275980711014,29.999999999999996,4.344917752034469
0.6300000000000003,4.159005729534135,-1.980068813554129,29.999999999999996,4.473372780987196
0.6400000000000003,4.28891407067423,-2.0401305144154422,29.999999999999996,4.603356120001633
0.6500000000000004,4.420815586537881,-2.1010081258422626,29.999999999999996,4.734851257170414
0.6600000000000004,4.554709888563866,-2.162697021886138,29.999999999999996,4.867841625689945
0.6700000000000004,4.6905965729548385,-2.2251925260962335,29.999999999999996,5.002310605405342
0.6800000000000004,4.828475220369618,-2.28848991215598,29.999999999999996,5.138241524353446
0.6900000000000004,4.9683453956174395,-2.352584404523022,29.999999999999996,5.2756176603038085
0.7000000000000004,5.110206647354325,-2.4174711790724137,29.999999999999996,5.414422242297546
0.7100000000000004,5.2540585077817425,-2.483145363742999,29.999999999999996,5.554638452183924
0.7200000000000004,5.399900492347734,-2.5496020391869245,29.999999999999996,5.696249426154582
0.7300000000000004,5.547732099450657,-2.616836239422214,29.999999999999996,5.839238256275265
0.7400000000000004,5.69755281014573,-2.6848429524883537,29.999999999999996,5.9835879920149635
0.7500000000000004,5.849362087854511,-2.7536171211048135,29.999999999999996,6.129281641772342
0.7600000000000005,6.003159378077502,-2.8231536433324456,29.999999999999996,6.276302174399349
0.7700000000000005,6.158944108110006,-2.8934473732376893,29.999999999999996,6.424632520721896
0.7800000000000005,6.316715686761419,-2.964493121559517,29.999999999999996,6.574255575057495
0.7900000000000005,6.476473504078083,-3.0362856563790457,29.999999999999996,6.725154196729748
0.8000000000000005,6.638216931069877,-3.1088197037917467,29.999999999999996,6.877311211579572
0.8100000000000005,6.801945319440674,-3.182089948582178,29.999999999999996,7.030709413473072
0.8200000000000005,6.967658001322815,-3.256091034901166,29.999999999999996,7.185331565805918
0.8300000000000005,7.135354289015755,-3.3308175669453557,29.999999999999996,7.34116040300417
0.8400000000000005,7.305033474729,-3.4062641096390567,29.999999999999996,7.4981786320213875
0.8500000000000005,7.476694830329497,-3.482425189318304,29.999999999999996,7.656368933831975
0.8600000000000005,7.650337607093594,-3.559295294417047,29.999999999999996,7.815713964920614
0.8700000000000006,7.8259610354637115,-3.6368688761553956,29.999999999999996,7.976196358767705
0.8800000000000006,8.003564324809862,-3.715140349229827,29.999999999999996,8.137798727330706
0.8900000000000006,8.183146663196126,-3.794104092505278,29.999999999999996,8.300503662521267
0.9000000000000006,8.364707217152239,-3.8737544497090277,29.999999999999996,8.464293737678066
0.9100000000000006,8.548245131450376,-3.954085730126292,29.999999999999996,8.629151509035223
0.9200000000000006,8.73375952888729,-4.03509220929743,29.999999999999996,8.795059517186226
0.9300000000000006,8.921249510071892,-4.1167681297166805,29.999999999999996,8.962000288543255
0.9400000000000006,9.110714153218398,-4.199107701532333,29.999999999999996,9.12995633679177
0.9500000000000006,9.302152513945163,-4.282105103248238,29.999999999999996,9.298910164340347
0.9600000000000006,9.495563625079296,-4.365754482426565,29.999999999999996,9.468844263765583
0.9700000000000006,9.690946496467157,-4.450049956391716,29.999999999999996,9.639741119252017
0.9800000000000006,9.888300114790866,-4.5349856129352855,29.999999999999996,9.811583208026963
0.9900000000000007,10.087623443390882,-4.620555511021988,29.999999999999996,9.98435300179017
1.0000000000000007,10.288915422094789,-4.7067536814964335,29.999999999999996,10.15803296813818
1.0100000000000007,10.492174967052353,-4.793574127790671,29.999999999999996,10.332605571983345
1.0200000000000007,10.697400970576956,-4.881010826632381,29.999999999999996,10.508053276967374
1.0300000000000007,10.904592300993476,-4.969057728753629,29.999999999999996,10.684358546869307
1.0400000000000007,11.113747802492725,-5.057708759600073,29.999999999999996,10.861503847007885
1.0500000000000007,11.324866294992495,-5.146957820040514,29.999999999999996,11.039471645638146
1.0600000000000007,11.537946574005309,-5.236798787076698,29.999999999999996,11.218244415342236
1.0700000000000007,11.752987410512945,-5.327225514553256,29.999999999999996,11.39780463441428
1.0800000000000007,11.969987550847806,-5.418231833867678,29.999999999999996,11.578134788239284
1.0900000000000007,12.18894571658119,-5.509811554680212,29.999999999999996,11.75921737066593
1.1000000000000008,12.409860604418549,-5.601958465623592,29.999999999999996,11.941034885373215
1.1100000000000008,12.632730886101784,-5.694666335012467,29.999999999999996,12.123569847230842
1.1200000000000008,12.857555208318626,-5.787928911552443,29.999999999999996,12.30680478365326
1.1300000000000008,13.084332192619172,-5.881739925048619,29.999999999999996,12.490722235947295
1.1400000000000008,13.313060435339626,-5.976093087113505,29.999999999999996,12.67530476065328
1.1500000000000008,13.543738507533277,-6.070982091874228,29.999999999999996,12.860534930879586
1.1600000000000008,13.776364954908784,-6.166400616678889,29.999999999999996,13.046395337630518
1.1700000000000008,14.01093829777579,-6.262342322801991,29.999999999999996,13.232868591127437
1.1800000000000008,14.247457030997905,-6.358800856148808,29.999999999999996,13.419937322123076
1.1900000000000008,14.48591962395311,-6.455769847958592,29.999999999999996,13.607584183208962
1.2000000000000008,14.726324520501587,-6.5532429155065,29.999999999999996,13.79579185011585
1.2100000000000009,14.968670138961023,-6.651213662804142,29.999999999999996,13.9845430230071
1.2200000000000009,15.212954872089416,-6.749675681298628,29.999999999999996,14.173820427764944
1.2300000000000009,15.45917708707538,-6.848622550570015,29.999999999999996,14.363606817269536
1.2400000000000009,15.707335125535998,-6.948047839027028,29.999999999999996,14.553884972670728
1.2500000000000009,15.957427303522218,-7.047945104600956,29.999999999999996,14.7446377046525
1.260000000000001,16.20945191153181,-7.148307895437613,29.999999999999996,14.935847854689976
1.270000000000001,16.463407214529905,-7.249129750587248,29.999999999999996,15.127498296298928
1.280000000000001,16.719291451977078,-7.350404200692296,29.999999999999996,15.319571936277738
1.290000000000001,16.97710283786506,-7.452124768672862,29.999999999999996,15.51205171594173
1.300000000000001,17.236839560759982,-7.554284970409831,29.999999999999996,15.704920612349794
1.310000000000001,17.49849978385322,-7.656878315425489,29.999999999999996,15.898161639523233
1.320000000000001,17.76208164501979,-7.759898307561556,29.999999999999996,16.09175784965682
1.330000000000001,18.027583256884324,-7.863338445654514,29.999999999999996,16.285692334321897
1.340000000000001,18.29500270689456,-7.967192224208129,29.999999999999996,16.479948225661566
1.350000000000001,18.56433805740239,-8.071453134063066,29.999999999999996,16.674508697577828
1.360000000000001,18.835587345752394,-8.176114663063474,29.999999999999996,16.86935696691062
1.370000000000001,19.108748584377864,-8.281170296720457,29.999999999999996,17.064476294608724
1.380000000000001,19.383819760904313,-8.386613518872316,29.999999999999996,17.259849986892466
1.390000000000001,19.660798838260376,-8.492437812341457,29.999999999999996,17.455461396408122
1.400000000000001,19.939683754796157,-8.598636659587875,29.999999999999996,17.651293923374006
1.410000000000001,20.22047242440891,-8.705203543359097,29.999999999999996,17.84733101671815
1.420000000000001,20.503162736676067,-8.812131947336498,29.999999999999996,18.043556175207588
1.430000000000001,20.787752556995557,-8.919415356777883,29.999999999999996,18.239952948569048
1.440000000000001,21.07423972673337,-9.02704725915624,29.999999999999996,18.43650493860118
1.450000000000001,21.362622063378335,-9.135021144794562,29.999999999999996,18.633195800278088
1.460000000000001,21.652897360704035,-9.243330507496665,29.999999999999996,18.83000924284427
1.470000000000001,21.94506338893785,-9.351968845173865,29.999999999999996,19.02692903090076
1.480000000000001,22.239117894937035,-9.460929660467462,29.999999999999996,19.223938985482555
1.490000000000001,22.535058602371805,-9.570206461366928,29.999999999999996,19.421022985127184
1.500000000000001,22.83288321191535,-9.679792761823691,29.999999999999996,19.61816496693442
1.5100000000000011,23.13258940144074,-9.789682082360455,29.999999999999996,19.815348927617073
1.5200000000000011,23.434174826224627,-9.899867950675938,29.999999999999996,20.01255892454279
1.5300000000000011,23.737637119157714,-10.010343902244973,29.999999999999996,20.20977907676684
1.5400000000000011,24.042973890961886,-10.121103480913865,29.999999999999996,20.40699356605585
1.5500000000000012,24.350182730413966,-10.232140239490933,29.999999999999996,20.60418663790242
1.5600000000000012,24.659261204575998,-10.343447740332149,29.999999999999996,20.80134260253057
1.5700000000000012,24.970206859032,-10.4550195559218,29.999999999999996,20.99844583589201
1.5800000000000012,25.283017218131096,-10.566849269448095,29.999999999999996,21.195480780653128
1.5900000000000012,25.597689785236952,-10.678930475373638,29.999999999999996,21.39243194717275
1.6000000000000012,25.91422204298345,-10.791256780000694,29.999999999999996,21.58928391447052
1.6100000000000012,26.23261145353648,-10.903821802031173,29.999999999999996,21.78602133118594
1.6200000000000012,26.55285545886182,-11.01661917312127,29.999999999999996,21.982628916528004
1.6300000000000012,26.874951480998945,-11.129642538430685,29.999999999999996,22.17909146121538
1.6400000000000012,27.19889692234075,-11.242885557166353,29.999999999999996,22.375393828407105
1.6500000000000012,27.524689165919046,-11.356341903120628,29.999999999999996,22.571520954623793
1.6600000000000013,27.852325575695748,-11.470005265203847,29.999999999999996,22.76745785065924
1.6700000000000013,28.181803496859676,-11.583869347971232,29.999999999999996,22.963189602482498
1.6800000000000013,28.51312025612885,-11.697927872144044,29.999999999999996,23.158701372130263
1.6900000000000013,28.846273162058196,-11.81217457512495,29.999999999999996,23.353978398589668
1.7000000000000013,29.181259505352564,-11.92660321150754,29.999999999999996,23.549005998671348
1.7100000000000013,29.51807655918495,-12.041207553579962,29.999999999999996,23.743769567872807
1.7200000000000013,29.85672157951982,-12.155981391822577,29.999999999999996,23.93825458123203
1.7300000000000013,30.19719180544144,-12.270918535399627,29.999999999999996,24.13244659417132
1.7400000000000013,30.53948445948711,-12.386012812644866,29.999999999999996,24.326331243331317
1.7500000000000013,30.883596747985155,-12.50125807154108,29.999999999999996,24.519894247395204
1.7600000000000013,31.22952586139765,-12.61664818019348,29.999999999999996,24.71312140790305
1.7700000000000014,31.577268974667682,-12.732177027296911,29.999999999999996,24.90599861005623
1.7800000000000014,31.92682324757108,-12.847838522596867,29.999999999999996,25.09851182351199
1.7900000000000014,32.27818582507251,-12.963626597344215,29.999999999999996,25.290647103168048
1.8000000000000014,32.63135383768583,-13.07953520474367,29.999999999999996,25.48239058993723
1.8100000000000014,32.9863244018385,-13.195558320395929,29.999999999999996,25.673728511512138
1.8200000000000014,33.343094620240116,-13.311689942733455,29.999999999999996,25.864647183119825
1.8300000000000014,33.70166158225476,-13.4279240934499,29.999999999999996,26.055133008266434
1.8400000000000014,34.06202236427716,-13.544254817923093,29.999999999999996,26.245172479471794
1.8500000000000014,34.42417403011256,-13.660676185631637,29.999999999999996,26.43475217899398
1.8600000000000014,34.78811363136006,-13.777182290565019,29.999999999999996,26.623858779543752
1.8700000000000014,35.153838207799495,-13.893767251627276,29.999999999999996,26.81247904498896
1.8800000000000014,35.52134478778153,-14.010425213034162,29.999999999999996,27.000599831048792
1.8900000000000015,35.89063038862104,-14.127150344703809,29.999999999999996,27.188208085977898
1.9000000000000015,36.26169201699353,-14.24393684264088,29.999999999999996,27.37529085124041
1.9100000000000015,36.63452666933453,-14.360778929314181,29.999999999999996,27.561835262173776
1.9200000000000015,37.0091313322418,-14.477670854027751,29.999999999999996,27.74782854864243
1.9300000000000015,37.38550298288035,-14.594606893285393,29.999999999999996,27.933258035681323
1.9400000000000015,37.763638589389934,-14.711581351148656,29.999999999999996,28.118111144129205
1.9500000000000015,38.14353511129515,-14.828588559588278,29.999999999999996,28.30237539125176
1.9600000000000015,38.52518949991782,-14.945622878829058,29.999999999999996,28.48603839135453
1.9700000000000015,38.90859869879166,-15.062678697688177,29.999999999999996,28.669087856385577
1.9800000000000015,39.29375964407904,-15.179750433906984,29.999999999999996,28.851511596527985
1.9900000000000015,39.68066926498979,-15.29683253447621,29.999999999999996,29.033297520782106
2.0000000000000013,40.06932448420184,-15.413919475954668,29.999999999999996,29.21443363753755
2.010000000000001,40.45972221828367,-15.531005764781412,29.999999999999996,29.394908055134962
2.020000000000001,40.85185937811835,-15.648085937581376,29.999999999999996,29.574708982417583
2.0300000000000007,41.245732869329146,-15.765154561464508,29.999999999999996,29.753824729272473
2.0400000000000005,41.64133959270652,-15.882206234318412,29.999999999999996,29.932243707161604
2.0500000000000003,42.03867644463641,-15.999235585094521,29.999999999999996,30.10995442964261
2.06,42.437740317529645,-16.116237274087805,29.999999999999996,30.286945512879313
2.07,42.83852810025249,-16.233205993210042,29.999999999999996,30.463205676142042
2.0799999999999996,43.24103667855801,-16.350136466256682,29.999999999999996,30.638723742297632
2.0899999999999994,43.64526293551835,-16.46702344916731,29.999999999999996,30.813488638289215
2.099999999999999,44.05120375195764,-16.583861730279754,29.999999999999996,30.987489395605763
2.109999999999999,44.45885600688546,-16.70064613057784,29.999999999999996,31.160715150741403
2.1199999999999988,44.8682165779309,-16.817371503932865,29.999999999999996,31.333155145644437
2.1299999999999986,45.27928234177679,-16.934032737338743,29.999999999999996,31.504798728156203
2.1399999999999983,45.692050174594286,-17.050624751140962,29.999999999999996,31.675635352439674
2.149999999999998,46.10651695247751,-17.167142499259278,29.999999999999996,31.845654579397817
2.159999999999998,46.522679551878255,-17.283580969404262,29.999999999999996,32.01484607708178
2.1699999999999977,46.94053485004051,-17.3999351832877,29.999999999999996,32.18319962108883
2.1799999999999975,47.36007972543483,-17.51620019682687,29.999999999999996,32.35070509495017
2.1899999999999973,47.78131105819236,-17.632371100342784,29.999999999999996,32.51735249050847
2.199999999999997,48.204225730538376,-17.748443018752404,29.999999999999996,32.6831319082853
2.209999999999997,48.62882062722535,-17.864411111754855,29.999999999999996,32.84803355783835
2.2199999999999966,49.05509263596532,-17.980270574011726,29.999999999999996,33.01204775810857
2.2299999999999964,49.48303864786149,-18.096016635321487,29.999999999999996,33.17516493775705
2.239999999999996,49.91265555783898,-18.211644560788034,29.999999999999996,33.337375635491924
2.249999999999996,50.34394026507461,-18.327149650983472,29.999999999999996,33.49867050038502
2.259999999999996,50.77688967342558,-18.442527242105125,29.999999999999996,33.65904029217851
2.2699999999999956,51.211500691857005,-18.557772706126876,29.999999999999996,33.81847588158145
2.2799999999999954,51.64777023486813,-18.672881450944843,29.999999999999996,33.97696825055625
2.289999999999995,52.08569522291722,-18.78784892051747,29.999999999999996,34.13450849259511
2.299999999999995,52.525272582844885,-18.90267059500009,29.999999999999996,34.291087812986405
2.3099999999999947,52.96649924829594,-19.01734199087399,29.999999999999996,34.4466975290711
2.3199999999999945,53.40937216013947,-19.13185866107007,29.999999999999996,34.60132907048912
2.3299999999999943,53.85388826688721,-19.2462161950871,29.999999999999996,34.75497397941584
2.339999999999994,54.30004452511003,-19.360410219104708,29.999999999999996,34.907623910788494
2.349999999999994,54.74783789985247,-19.474436396091072,29.999999999999996,35.0592706325228
2.3599999999999937,55.1972653650452,-19.58829042590545,29.999999999999996,35.209906025719555
2.3699999999999934,55.648323903915376,-19.70196804539555,29.999999999999996,35.359522084861474
2.3799999999999932,56.10101050939475,-19.815465028489857,29.999999999999996,35.508110918000035
2.389999999999993,56.555322184525444,-19.92877718628493,29.999999999999996,35.65566474693261
2.399999999999993,57.01125594286337,-20.041900367127738,29.999999999999996,35.80217590736969
2.4099999999999926,57.4688088088791,-20.154830456693148,29.999999999999996,35.94763684909243
2.4199999999999924,57.927977818356226,-20.267563378056558,29.999999999999996,36.092040136100366
2.429999999999992,58.388760018787,-20.38009509176179,29.999999999999996,36.23537844674937
2.439999999999992,58.85115246976531,-20.492421595884284,29.999999999999996,36.37764457388004
2.4499999999999917,59.31515224337677,-20.60453892608968,29.999999999999996,36.51883142493628
2.4599999999999915,59.780756424585995,-20.71644315568782,29.999999999999996,36.6589320220743
2.4699999999999913,60.247962111620815,-20.82813039568226,29.999999999999996,36.797939502262
2.479999999999991,60.716766416353536,-20.939596794815362,29.999999999999996,36.935847117368766
2.489999999999991,61.18716646467901,-21.050838539609042,29.999999999999996,37.07264823424572
2.4999999999999907,61.65915939688958,-21.161851854401185,29.999999999999996,37.20833633479643
2.5099999999999905,62.132742368046685,-21.272633001377862,29.999999999999996,37.342905016038145
2.5199999999999902,62.60791254834923,-21.383178280601403,29.999999999999996,37.47634799015361
2.52999999999999,63.08466712349849,-21.493484030034345,29.999999999999996,37.60865908453341
2.53999999999999,63.56300329505954,-21.6035466255594,29.999999999999996,37.73983224180892
2.5499999999999896,64.04291828081922,-21.713362480995436,29.999999999999996,37.86986151987598
2.5599999999999894,64.52440931514047,-21.822928048109606,29.999999999999996,37.998741091909196
2.569999999999989,65.00747364931301,-21.932239816625646,29.999999999999996,38.12646524636692
2.579999999999989,65.4921085519003,-22.041294314228434,29.999999999999996,38.2530283869871
2.5899999999999888,65.97831130908274,-22.150088106564873,29.999999999999996,38.37842503277384
2.5999999999999885,66.46607922499703,-22.25861779724117,29.999999999999996,38.50264981797481
2.6099999999999883,66.95540962207168,-22.366880027816567,29.999999999999996,38.62569749204954
2.619999999999988,67.44629984135851,-22.47487147779362,29.999999999999996,38.747562919628606
2.629999999999988,67.93874724286022,-22.582588864605064,29.999999999999996,38.86824108046379
2.6399999999999877,68.43274920585387,-22.69002894359735,29.999999999999996,38.98772706936919
2.6499999999999875,68.9283031292103,-22.79718850801092,29.999999999999996,39.10601609615343
2.6599999999999873,69.42540643170943,-22.904064388957273,29.999999999999996,39.22310348554283
2.669999999999987,69.92405655235123,-23.010653455392944,29.999999999999996,39.33898467709584
2.679999999999987,70.42425095066264,-23.116952614090366,29.999999999999996,39.45365522510846
2.6899999999999866,70.9259871070001,-23.222958809605778,29.999999999999996,39.567110798511024
2.6999999999999864,71.42926252284778,-23.328669024244203,29.999999999999996,39.679347180756096
2.709999999999986,71.93407472111144,-23.43408027802155,29.999999999999996,39.79036026969773
2.719999999999986,72.44042124640795,-23.539189628623937,29.999999999999996,39.90014607746202
2.7299999999999858,72.9482996653502,-23.643994171364284,29.999999999999996,40.00870073030905
2.7399999999999856,73.45770756682779,-23.748491039136248,29.999999999999996,40.116020468486276
2.7499999999999853,73.96864256228292,-23.85267740236554,29.999999999999996,40.22210164607331
2.759999999999985,74.48110228598198,-23.956550468958746,29.999999999999996,40.32694073081831
2.769999999999985,74.99508439528238,-24.06010748424964,29.999999999999996,40.430534303965864
2.7799999999999847,75.51058657089487,-24.163345730943124,29.999999999999996,40.53287906007651
2.7899999999999845,76.02760651714121,-24.266262529056803,29.999999999999996,40.63397180683791
2.7999999999999843,76.5461419622071,-24.36885523586029,29.999999999999996,40.73380946486772
2.809999999999984,77.0661906583905,-24.471121245812295,29.999999999999996,40.83238906750821
2.819999999999984,77.58775038234513,-24.57305799049554,29.999999999999996,40.92970776061275
2.8299999999999836,78.11081893531937,-24.674662938549595,29.999999999999996,41.02576280232402
2.8399999999999834,78.63539414339022,-24.77593359560167,29.999999999999996,41.120551562844255
2.849999999999983,79.16147385769256,-24.876867504195427,29.999999999999996,41.21407152419738
2.859999999999983,79.68905595464359,-24.977462243717856,29.999999999999996,41.306320279983154
2.869999999999983,80.21813833616245,-25.07771543032432,29.999999999999996,41.39729553512339
2.8799999999999826,80.74871892988496,-25.17762471686177,29.999999999999996,41.486995105600265
2.8899999999999824,81.28079568937345,-25.27718779279021,29.999999999999996,41.575416918186775
2.899999999999982,81.81436659432185,-25.37640238410248,29.999999999999996,41.66255901016949
2.909999999999982,82.34942965075574,-25.475266253242374,29.999999999999996,41.748419529063455
2.9199999999999817,82.88598289122751,-25.573777199021208,29.999999999999996,41.832996732319515
2.9299999999999815,83.42402437500675,-25.671933056532815,29.999999999999996,41.916288987023975
2.9399999999999813,83.96355218826545,-25.769731697067076,29.999999999999996,41.99829476959066
2.949999999999981,84.50456444425852,-25.867171028022028,29.999999999999996,42.0790126654455
2.959999999999981,85.04705928349917,-25.964248992814568,29.999999999999996,42.158441368703684
2.9699999999999807,85.59103487392943,-26.060963570789838,29.999999999999996,42.23657968183934
2.9799999999999804,86.13648941108572,-26.157312777129334,29.999999999999996,42.313426515347906
2.9899999999999802,86.68342111825933,-26.253294662757764,29.999999999999996,42.38898088740122
2.99999999999998,87.23182824665213,-26.348907314248716,29.999999999999996,42.46324192349531
3.00999999999998,87.78170907552709,-26.444148853729203,29.999999999999996,42.53620885609116
3.0199999999999796,88.33306191235403,-26.539017438783087,29.999999999999996,42.60788102424813
3.0299999999999794,88.88588509295023,-26.633511262353455,29.999999999999996,42.67825787325054
3.039999999999979,89.44017698161618,-26.727628552643985,29.999999999999996,42.747338954227075
3.049999999999979,89.99593597126628,-26.82136757301934,29.999999999999996,42.815123923763366
3.0599999999999787,90.55316048355463,-26.91472662190464,29.999999999999996,42.881612543507615
3.0699999999999785,91.11184896899586,-27.00770403268403,29.999999999999996,42.9468046797694
3.0799999999999783,91.6719999070809,-27.100298173598397,29.999999999999996,43.01070030311176
3.089999999999978,92.23361180638794,-27.192507447642306,29.999999999999996,43.0732994879365
3.099999999999978,92.79668320468835,-27.28433029246012,29.999999999999996,43.13460241206291
3.1099999999999777,93.36121266904766,-27.375765180241405,29.999999999999996,43.19460935629985
3.1199999999999775,93.92719879592168,-27.46681061761563,29.999999999999996,43.25332070401133
3.1299999999999772,94.49464021124766,-27.557465145546182,29.999999999999996,43.310736940675646
3.139999999999977,95.06353557053046,-27.647727339223763,29.999999999999996,43.36685865343806
3.149999999999977,95.63388355892401,-27.737595807959178,29.999999999999996,43.421686530657134
3.1599999999999766,96.2056828913077,-27.827069195075534,29.999999999999996,43.47522136144489
3.1699999999999764,96.77893231235798,-27.91614617779992,29.999999999999996,43.52746403520058
3.179999999999976,97.35363059661512,-28.004825467154557,29.999999999999996,43.578415541138426
3.189999999999976,97.9297765485451,-28.093105807847465,29.999999999999996,43.62807696780923
3.1999999999999758,98.50736900259669,-28.180985978162678,29.999999999999996,43.67644950261593
3.2099999999999755,99.08640682325365,-28.268464789850015,29.999999999999996,43.72353443132319
3.2199999999999753,99.66688890508227,-28.35554108801446,29.999999999999996,43.76933313756112
3.229999999999975,100.24881417277403,-28.442213751005138,29.999999999999996,43.81384710232309
3.239999999999975,100.83218158118355,-28.528481690303956,29.999999999999996,43.85707790345782
3.2499999999999747,101.41699011536178,-28.614343850413885,29.999999999999996,43.89902721515575
3.2599999999999745,102.00323879058455,-28.699799208746942,29.999999999999996,43.93969680742966
3.2699999999999743,102.59092665237627,-28.784846775511863,29.999999999999996,43.97908854558989
3.279999999999974,103.18005277652917,-28.86948559360151,29.999999999999996,44.017204389713825
3.289999999999974,103.77061626911772,-28.953714738480024,29.999999999999996,44.054046394110095
3.2999999999999736,104.36261626650854,-29.037533318069713,29.999999999999996,44.08961670677724
3.3099999999999734,104.95605193536564,-29.12094047263775,29.999999999999996,44.12391756885719
3.319999999999973,105.55092247265111,-29.20393537468264,29.999999999999996,44.1569513140833
3.329999999999973,106.1472271056213,-29.28651722882051,29.999999999999996,44.188720368223386
3.3399999999999728,106.74496509181841,-29.3686852716712,29.999999999999996,44.21922724851744
3.3499999999999726,107.34413571905768,-29.450438771744196,29.999999999999996,44.24847456311045
3.3599999999999723,107.94473830540997,-29.531777029324424,29.999999999999996,44.27646501048003
3.369999999999972,108.54677219918008,-29.612699376357877,29.999999999999996,44.3032013788593
3.379999999999972,109.15023677888054,-29.693205176337123,29.999999999999996,44.32868654565475
3.3899999999999717,109.75513145320103,-29.773293824186684,29.999999999999996,44.35292347685935
3.3999999999999715,110.36145566097352,-29.8529647461483,29.999999999999996,44.37591522646099
3.4099999999999713,110.96920887113303,-29.932217399666087,29.999999999999996,44.3976649358461
3.419999999999971,111.57839058267413,-30.011051273271594,29.999999999999996,44.41817583319881
3.429999999999971,112.18900032460316,-30.08946588646877,29.999999999999996,44.437451232895455
3.4399999999999706,112.80103765588626,-30.167460789618822,29.999999999999996,44.455494534894676
3.4499999999999704,113.41450216539323,-30.245035563825013,29.999999999999996,44.472309224123116
3.45999999999997,114.02939347183717,-30.32218982081737,29.999999999999996,44.4878988698567
3.46999999999997,114.64571122371002,-30.3989232028373,29.999999999999996,44.502267125097774
3.47999999999997,115.26345509921408,-30.475235382522143,29.999999999999996,44.51541772594787
3.4899999999999696,115.88262480618938,-30.551126062789653,29.999999999999996,44.52735449097649
3.4999999999999694,116.5032200820371,-30.626594976722387,29.999999999999996,44.538081320585725
3.509999999999969,117.125240693639,-30.701641887452038,29.999999999999996,44.54760219637087
3.519999999999969,117.74868643727288,-30.776266588043676,29.999999999999996,44.55592118047716
3.5299999999999687,118.37355713852416,-30.85046890137992,29.999999999999996,44.56304241495259
3.5399999999999685,118.9998526521936,-30.92424868004503,29.999999999999996,44.56897012109693
3.5499999999999683,119.62757286220113,-30.997605806208913,29.999999999999996,44.573708598807
3.559999999999968,120.25671768148601,-31.070540191511054,29.999999999999996,44.577262225918325
3.569999999999968,120.88728705190306,-31.143051776944333,29.999999999999996,44.57963545754313
3.5799999999999677,121.51928094411535,-31.215140532738772,29.999999999999996,44.58083282540483
3.5899999999999674,122.15269935748312,-31.286806458245167,29.999999999999996,44.580858937169054
3.5999999999999672,122.78754231994903,-31.358049581818612,29.999999999999996,44.579718475771244
3.609999999999967,123.42380988791994,-31.42886996070192,29.999999999999996,44.57741619874096
3.619999999999967,124.06150214614506,-31.499267680908915,29.999999999999996,44.57395693752291
3.6299999999999666,124.70061920759053,-31.5692428571076,29.999999999999996,44.56934559679472
3.6399999999999664,125.34116121331067,-31.63879563250319,29.999999999999996,44.563587153781704
3.649999999999966,125.98312833231563,-31.70792617872099,29.999999999999996,44.556686657568434
3.659999999999966,126.62652076143583,-31.77663469568913,29.999999999999996,44.54864922840741
3.6699999999999657,127.27133872518291,-31.844921411521135,29.999999999999996,44.53948005702477
3.6799999999999655,127.91758247560749,-31.912786582398308,29.999999999999996,44.5291844039231
3.6899999999999653,128.5652522921535,-31.980230492451945,29.999999999999996,44.5177675986815
3.699999999999965,129.21434848150957,-32.04725345364534,29.999999999999996,44.505235039252995
3.709999999999965,129.86487137745698,-32.1138558056556,29.999999999999996,44.49159219125905
3.7199999999999647,130.51682134071459,-32.18003791575521,29.999999999999996,44.47684458728178
3.7299999999999645,131.1701987587807,-32.245800178693415,29.999999999999996,44.460997826153445
3.7399999999999642,131.82500404577195,-32.311143016577304,29.999999999999996,44.44405757224352
3.749999999999964,132.4812376422589,-32.37606687875267,29.999999999999996,44.426029554743465
3.759999999999964,133.13890001509907,-32.440572241684585,29.999999999999996,44.40691956694902
3.7699999999999636,133.7979916572669,-32.50465960883771,29.999999999999996,44.3867334655404
3.7799999999999634,134.45851308768073,-32.5683295105563,29.999999999999996,44.36547716986018
3.789999999999963,135.12046485102715,-32.63158250394387,29.999999999999996,44.34315666118909
3.799999999999963,135.7838475175825,-32.694419172742556,29.999999999999996,44.31977798201979
3.8099999999999627,136.44866168303164,-32.756840127212165,29.999999999999996,44.2953472353286
3.8199999999999625,137.11490796828411,-32.81884600400881,29.999999999999996,44.26987058384535
3.8299999999999623,137.78258701928755,-32.88043746606322,29.999999999999996,44.24335424932133
3.839999999999962,138.45169950683862,-32.94161520245863,29.999999999999996,44.215804511795454
3.849999999999962,139.12224612639142,-33.00237992830829,29.999999999999996,44.18722770885874
3.8599999999999617,139.79422759786328,-33.06273238463256,29.999999999999996,44.157630234917065
3.8699999999999615,140.46764466543826,-33.12267333823558,29.999999999999996,44.12701854045236
3.8799999999999613,141.14249809736816,-33.182203581581426,29.999999999999996,44.095399131282285
3.889999999999961,141.8187886857712,-33.241323932669886,29.999999999999996,44.062778567818384
3.899999999999961,142.4965172464285,-33.30003523491171,29.999999999999996,44.02916346432291
3.9099999999999606,143.17568461857812,-33.35833835700337,29.999999999999996,43.994560488164275
3.9199999999999604,143.856291664707,-33.41623419280129,29.999999999999996,43.95897635907122
3.92999999999996,144.53833927034083,-33.47372366119558,29.999999999999996,43.92241784838582
3.93999999999996,145.2218283438317,-33.53080770598319,29.999999999999996,43.88489177831528
3.9499999999999598,145.90675981614368,-33.587487295740544,29.999999999999996,43.84640502118276
3.9599999999999596,146.59313464063644,-33.64376342369552,29.999999999999996,43.806964498677075
3.9699999999999593,147.2809537928469,-33.699637107598896,29.999999999999996,43.76657718110152
3.979999999999959,147.97021827026896,-33.755109389595205,29.999999999999996,43.72525008662178
3.989999999999959,148.6609290921314,-33.81018133609287,29.999999999999996,43.682990280513025
3.9999999999999587,149.35308729917384,-33.86485403763377,29.999999999999996,43.639804874406266
4.009999999999959,150.04669395342114,-33.919128608762136,29.999999999999996,43.59570102553398
4.019999999999959,150.74175013795585,-33.973006187892736,29.999999999999996,43.55068593597514
4.0299999999999585,151.43825695668912,-34.026487937178395,29.999999999999996,43.50476685189966
4.039999999999958,152.13621553413003,-34.079575042376796,29.999999999999996,43.45795106281233
4.049999999999958,152.8356270151532,-34.13226871271656,29.999999999999996,43.41024590079632
4.059999999999958,153.536492564765,-34.184570180762584,29.999999999999996,43.361658739756315
4.069999999999958,154.23881336786826,-34.23648070228063,29.999999999999996,43.312196994661285
4.079999999999957,154.94259062902546,-34.28800155610113,29.999999999999996,43.261868120787064
4.089999999999957,155.64782557222068,-34.3391340439822,29.999999999999996,43.210679612958685
4.099999999999957,156.3545194406201,-34.38987949047189,29.999999999999996,43.158639004792576
4.109999999999957,157.0626734963313,-34.440239242769564,29.999999999999996,43.105753867938745
4.119999999999957,157.7722890201613,-34.49021467058649,29.999999999999996,43.0520318113229
4.129999999999956,158.48336731137343,-34.53980716600558,29.999999999999996,42.99748048038861
4.139999999999956,159.1959096874429,-34.58901814334025,29.999999999999996,42.94210755633963
4.149999999999956,159.90991748381168,-34.63784903899242,29.999999999999996,42.88592075538233
4.159999999999956,160.62539205364186,-34.686301311309656,29.999999999999996,42.828927827968435
4.1699999999999555,161.3423347675684,-34.73437644044135,29.999999999999996,42.77113655803795
4.179999999999955,162.0607470134506,-34.782075928194054,29.999999999999996,42.712554762262556
4.189999999999955,162.78063019612307,-34.82940129788584,29.999999999999996,42.65319028928928
4.199999999999955,163.5019857371455,-34.87635409419975,29.999999999999996,42.59305101898475
4.209999999999955,164.22481507455183,-34.92293588303629,29.999999999999996,42.53214486167992
4.2199999999999545,164.94911966259855,-34.96914825136497,29.999999999999996,42.470479757415376
4.229999999999954,165.6749009715124,-35.014992807074854,29.999999999999996,42.40806367518729
4.239999999999954,166.4021604872373,-35.060471178824145,29.999999999999996,42.344904612194114
4.249999999999954,167.13089971118086,-35.10558501588876,29.999999999999996,42.28101059308393
4.259999999999954,167.86112015996005,-35.150335988009914,29.999999999999996,42.21638966920274
4.269999999999953,168.59282336514664,-35.19472578524071,29.999999999999996,42.151049917843544
4.279999999999953,169.32601087301197,-35.23875611779165,29.999999999999996,42.08499944149635
4.289999999999953,170.0606842442713,-35.282428715875156,29.999999999999996,42.01824636709922
4.299999999999953,170.796845053828,-35.32574532954904,29.999999999999996,41.95079884529032
4.3099999999999525,171.53449489051712,-35.36870772855894,29.999999999999996,41.882665049661036
4.319999999999952,172.27363535684887,-35.411317702179666,29.999999999999996,41.81385317601029
4.329999999999952,173.01426806875182,-35.453577059055505,29.999999999999996,41.74437144160006
4.339999999999952,173.75639465531583,-35.49548762703946,29.999999999999996,41.67422808441215
4.349999999999952,174.50001675853497,-35.53705125303137,29.999999999999996,41.60343136240623
4.3599999999999515,175.24513603305022,-35.57826980281501,29.999999999999996,41.53198955277936
4.369999999999951,175.99175414589212,-35.61914516089402,29.999999999999996,41.45991095122676
4.379999999999951,176.73987277622348,-35.65967923032685,29.999999999999996,41.38720387120428
4.389999999999951,177.48949361508204,-35.69987393256048,29.999999999999996,41.31387664319219
4.399999999999951,178.24061836512334,-35.73973120726311,29.999999999999996,41.23993761396069
4.40999999999995,178.99324874036347,-35.77925301215575,29.999999999999996,41.165395145837
4.41999999999995,179.74738646592223,-35.81844132284264,29.999999999999996,41.09025761597414
4.42999999999995,180.50303327776632,-35.8572981326406,29.999999999999996,41.01453341562145
4.43999999999995,181.2601909224529,-35.89582545240728,29.999999999999996,40.938230949396925
4.4499999999999496,182.0188611568733,-35.93402531036821,29.999999999999996,40.86135863456134
4.459999999999949,182.77904574799723,-35.971899751942836,29.999999999999996,40.78392490029434
4.469999999999949,183.5407464726173,-36.00945083956933,29.999999999999996,40.70593818697238
4.479999999999949,184.30396511709375,-36.04668065252837,29.999999999999996,40.627406945448755
4.489999999999949,185.0687034771001,-36.08359128676573,29.999999999999996,40.548339636335584
4.4999999999999485,185.8349633573687,-36.12018485471379,29.999999999999996,40.46874472928796
4.509999999999948,186.60274657143745,-36.15646348511189,29.999999999999996,40.388630702290186
4.519999999999948,187.37205494139653,-36.1924293228256,29.999999999999996,40.30800604094422
4.529999999999948,188.14289029763611,-36.22808452866485,29.999999999999996,40.22687923776036
4.539999999999948,188.91525447859462,-36.26343127920095,29.999999999999996,40.14525879145021
4.549999999999947,189.68914933050763,-36.2984717665825,29.999999999999996,40.06315320622199
4.559999999999947,190.46457670715756,-36.33320819835019,29.999999999999996,39.98057099107818
4.569999999999947,191.24153846962415,-36.3676427972505,29.999999999999996,39.89752065911567
4.579999999999947,192.0200364860357,-36.40177780104828,29.999999999999996,39.81401072682827
4.589999999999947,192.80007263132117,-36.43561546233829,29.999999999999996,39.73004971341188
4.599999999999946,193.5816487869632,-36.46915804835555,29.999999999999996,39.64564614007208
4.609999999999946,194.36476684075197,-36.50240784078472,29.999999999999996,39.56080852933443
4.619999999999946,195.14942868654012,-36.53536713556832,29.999999999999996,39.47554540435739
4.629999999999946,195.93563622399853,-36.568038242713925,29.999999999999996,39.389865288247904
4.6399999999999455,196.72339135837328,-36.60042348610026,29.999999999999996,39.3037767033798
4.649999999999945,197.51269600024352,-36.63252520328229,29.999999999999996,39.217288170714895
4.659999999999945,198.30355206528057,-36.664345745295215,29.999999999999996,39.130408209127
4.669999999999945,199.09596147400802,-36.695887476457436,29.999999999999996,39.04314533472872
4.679999999999945,199.88992615156303,-36.72715277417253,29.999999999999996,38.95550806020126
4.689999999999944,200.68544802745896,-36.75814402873016,29.999999999999996,38.86750489412709
4.699999999999944,201.48252903534896,-36.78886364310599,29.999999999999996,38.779144340325686
4.709999999999944,202.28117111279107,-36.819314032760644,29.999999999999996,38.69043489719226
4.719999999999944,203.08137620101448,-36.84949762543759,29.999999999999996,38.60138505703959
4.729999999999944,203.88314624468708,-36.879416860960156,29.999999999999996,38.512003305442974
4.739999999999943,204.68648319168452,-36.90907419102748,29.999999999999996,38.42229812058831
4.749999999999943,205.4913889928604,-36.93847207900959,29.999999999999996,38.33227797262341
4.759999999999943,206.29786560181813,-36.96761299974153,29.999999999999996,38.241951323012565
4.769999999999943,207.10591497468403,-36.996499439316516,29.999999999999996,38.15132662389432
4.7799999999999425,207.91553906988196,-37.02513389487823,29.999999999999996,38.06041231744264
4.789999999999942,208.7267398479095,-37.05351887441223,29.999999999999996,37.969216835231364
4.799999999999942,209.53951927111558,-37.08165689653642,29.999999999999996,37.87774859760212
4.809999999999942,210.35387930347963,-37.10955049029074,29.999999999999996,37.786016013035585
4.819999999999942,211.16982191039241,-37.13720219492589,29.999999999999996,37.69402747752628
4.8299999999999415,211.9873490584383,-37.16461455969138,29.999999999999996,37.6017913739608
4.839999999999941,212.8064627151793,-37.1917901436226,29.999999999999996,37.50931607149967
4.849999999999941,213.62716484894068,-37.21873151532719,29.999999999999996,37.416609924962664
4.859999999999941,214.44945742859824,-37.24544125277063,29.999999999999996,37.323681274217805
4.869999999999941,215.2733424233673,-37.271921943061,29.999999999999996,37.23053844357399
4.87999999999994,216.09882180259342,-37.298176182233064,29.999999999999996,37.13718974117727
4.88999999999994,216.9258975355448,-37.324206575031575,29.999999999999996,37.043643458410834
4.89999999999994,217.75457159120648,-37.350015734693905,29.999999999999996,36.9499078692988
4.90999999999994,218.5848459380763,-37.37560628273197,29.999999999999996,36.85599122991366
4.9199999999999395,219.41672254396275,-37.40098084871349,29.999999999999996,36.76190177778768
4.929999999999939,220.2502033757844,-37.426142070042566,29.999999999999996,36.66764773132797
4.939999999999939,221.08529039937144,-37.451092591739716,29.999999999999996,36.57323728923559
4.949999999999939,221.92198557926898,-37.47583506622119,29.999999999999996,36.47867862992845
4.959999999999939,222.76029087854204,-37.500372153077755,29.999999999999996,36.38397991096814
4.9699999999999385,223.60020825858277,-37.52470651885295,29.999999999999996,36.289149268490796
4.979999999999938,224.44173967891933,-37.5488408368207,29.999999999999996,36.19419481664188
4.989999999999938,225.28488709702674,-37.57277778676249,29.999999999999996,36.099124647015024
4.999999999999938,226.1296524681397,-37.59652005474397,29.999999999999996,36.00394682809492
5.009999999999938,226.97603774506743,-37.62007033289116,29.999999999999996,35.90866940470425
5.019999999999937,227.82404487801028,-37.643431319166126,29.999999999999996,35.81330039745477
5.029999999999937,228.67367581437856,-37.66660571714224,29.999999999999996,35.717847802202485
5.039999999999937,229.52493249861314,-37.689596235779064,29.999999999999996,35.622319589507036
5.049999999999937,230.37781687200834,-37.7124055891968,29.999999999999996,35.526723704095204
5.0599999999999365,231.2323308725365,-37.7350364964504,29.999999999999996,35.43106806432869
5.069999999999936,232.08847643467482,-37.757491681303335,29.999999999999996,35.335360561676104
5.079999999999936,232.94625548923423,-37.77977387200105,29.999999999999996,35.23960906018919
5.089999999999936,233.80566996319016,-37.80188580104412,29.999999999999996,35.14382139598341
5.099999999999936,234.66672177951554,-37.82383020496113,29.999999999999996,35.04800537672276
5.1099999999999355,235.52941285701579,-37.84560982408134,29.999999999999996,34.95216878110903
5.119999999999935,236.3937451101659,-37.867227402307115,29.999999999999996,34.856319358375266
5.129999999999935,237.25972044894957,-37.888685686886156,29.999999999999996,34.760464827783764
5.139999999999935,238.1273407787005,-37.90998742818357,29.999999999999996,34.66461287812841
5.149999999999935,238.9966079999458,-37.93113537945382,29.999999999999996,34.56877116724142
5.159999999999934,239.86752400825145,-37.95213229661252,29.999999999999996,34.4729473215046
5.169999999999934,240.7400906940698,-37.97298093800817,29.999999999999996,34.37714893536501
5.179999999999934,241.61430994258944,-37.993684064193815,29.999999999999996,34.28138357085514
5.189999999999934,242.49018363358687,-38.01424443769866,29.999999999999996,34.18565875711765
5.199999999999934,243.36771364128063,-38.03466482279967,29.999999999999996,34.08998198993454
5.209999999999933,244.24690183418724,-38.054947985293225,29.999999999999996,33.99436073126097
5.219999999999933,245.12775007497956,-38.07509669226675,29.999999999999996,33.898802408763586
5.229999999999933,246.01026022034708,-38.09511371187045,29.999999999999996,33.803314415363495
5.239999999999933,246.89443412085842,-38.115001813089144,29.999999999999996,33.70790410878378
5.2499999999999325,247.78027362082602,-38.13476376551419,29.999999999999996,33.61257881110168
5.259999999999932,248.66778055817292,-38.15440233911556,29.999999999999996,33.517345808305414
5.269999999999932,249.55695676430165,-38.17392030401415,29.999999999999996,33.42221234985567
5.279999999999932,250.44780406396526,-38.19332043025418,29.999999999999996,33.32718564825174
5.289999999999932,251.3403242751407,-38.21260548757589,29.999999999999996,33.23227287860236
5.299999999999931,252.23451920890392,-38.2317782451885,29.999999999999996,33.1374811782013
5.309999999999931,253.13039066930753,-38.250841471543396,29.999999999999996,33.04281764610758
5.319999999999931,254.02794045326036,-38.26979793410767,29.999999999999996,32.94828934273055
5.329999999999931,254.92717035040914,-38.288650399137964,29.999999999999996,32.8539032894196
5.339999999999931,255.82808214302247,-38.30740163145469,29.999999999999996,32.75966646805875
5.34999999999993,256.73067760587674,-38.32605439421661,29.999999999999996,32.665585820665896
5.35999999999993,257.6349585061443,-38.344611448695886,29.999999999999996,32.57166824899696
5.36999999999993,258.5409266032836,-38.36307555405349,29.999999999999996,32.477920614154776
5.37999999999993,259.4485836489316,-38.38144946711514,29.999999999999996,32.38434973620283
5.3899999999999295,260.35793138679827,-38.39973594214772,29.999999999999996,32.29096239378379
5.399999999999929,261.26897155256285,-38.4179377306362,29.999999999999996,32.197765323742935
5.409999999999929,262.1817058737728,-38.4360575810611,29.999999999999996,32.10476522075634
5.419999999999929,263.09613606974426,-38.45409823867657,29.999999999999996,32.01196873696403
5.429999999999929,264.01226385146504,-38.47206244528901,29.999999999999996,31.919382481607933
5.4399999999999284,264.93009092149924,-38.48995293903634,29.999999999999996,31.82701302067473
5.449999999999928,265.84961897389434,-38.50777245416795,29.999999999999996,31.73486687654361
5.459999999999928,266.77084969409003,-38.525523720825255,29.999999999999996,31.64295052763889
5.469999999999928,267.6937847588292,-38.54320946482305,29.999999999999996,31.551270408087575
5.479999999999928,268.6184258360712,-38.560832407431505,29.999999999999996,31.45983290738182
5.489999999999927,269.54477458490646,-38.578395265158946,29.999999999999996,31.368644370046294
5.499999999999927,270.4728326554739,-38.595900749535446,29.999999999999996,31.277711095310508
5.509999999999927,271.40260168887977,-38.61335156689718,29.999999999999996,31.187039336786043
5.519999999999927,272.3340833171188,-38.63075041817163,29.999999999999996,31.096635302148734
5.5299999999999265,273.26727916299717,-38.64809999866363,29.999999999999996,31.006505152825802
5.539999999999926,274.2021908400573,-38.66540299784232,29.999999999999996,30.916655003687932
5.549999999999926,275.1388199525052,-38.682662099128976,29.999999999999996,30.82709092274632
5.559999999999926,276.07716809513875,-38.69987997968578,29.999999999999996,30.737818930854658
5.569999999999926,277.01723685327903,-38.71705931020556,29.999999999999996,30.648845001416092
5.5799999999999255,277.95902780270274,-38.734202754702494,29.999999999999996,30.56017506009517
5.589999999999925,278.9025425095767,-38.75131297030379,29.999999999999996,30.47181498453472
5.599999999999925,279.8477825303944,-38.76839260704247,29.999999999999996,30.383770604077746
5.609999999999925,280.79474941191455,-38.785444307651105,29.999999999999996,30.29604769949428
5.619999999999925,281.7434446911009,-38.8024707073567,29.999999999999996,30.208652002713183
5.629999999999924,282.69386989506444,-38.819474433676646,29.999999999999996,30.121589196558993
5.639999999999924,283.6460265410074,-38.83645810621581,29.999999999999996,30.034864914493696
5.649999999999924,284.59991613616864,-38.85342433646471,29.999999999999996,29.948484740363508
5.659999999999924,285.55554017777115,-38.870375727598955,29.999999999999996,29.862454208150602
5.6699999999999235,286.5129001529714,-38.88731487427977,29.999999999999996,29.7767788017299
5.679999999999923,287.4719975388102,-38.9042443624558,29.999999999999996,29.69146395463074
5.689999999999923,288.43283380216536,-38.921166769166135,29.999999999999996,29.60651504980361
5.699999999999923,289.3954103997064,-38.938084662344544,29.999999999999996,29.521937419391797
5.709999999999923,290.35972877785036,-38.95500060062504,29.999999999999996,29.43773634450808
5.7199999999999225,291.3257903727198,-38.97191713314873,29.999999999999996,29.353917055016343
5.729999999999922,292.29359661010227,-38.988836799371924,29.999999999999996,29.27048472931817
5.739999999999922,293.2631489054115,-39.00576212887568,29.999999999999996,29.187444494144447
5.749999999999922,294.2344486636503,-39.02269564117662,29.999999999999996,29.104801424351887
5.759999999999922,295.2074972793746,-39.03963984553917,29.999999999999996,29.02256054272455
5.769999999999921,296.18229613665983,-39.05659724078919,29.999999999999996,28.9407268197803
5.779999999999921,297.1588466090684,-39.073570315129004,29.999999999999996,28.859305173582243
5.789999999999921,298.1371500596188,-39.090561545953896,29.999999999999996,28.778300469555095
5.799999999999921,299.1172078407564,-39.10757339967003,29.999999999999996,28.69771752030649
5.809999999999921,300.09902129432544,-39.12460833151387,29.999999999999996,28.617561085453257
5.81999999999992,301.08259175154296,-39.14166878537308,29.999999999999996,28.5378358714526
5.82999999999992,302.06792053297403,-39.158757193608935,29.999999999999996,28.458546531438234
5.83999999999992,303.0550089485082,-39.17587597688026,29.999999999999996,28.379697665061403
5.84999999999992,304.0438582973378,-39.19302754396893,29.999999999999996,28.30129381833688
5.8599999999999195,305.0344698679374,-39.2102142916069,29.999999999999996,28.223339483493785
5.869999999999919,306.02684493804475,-39.227438604304865,29.999999999999996,28.145839098831384
5.879999999999919,307.02098477464324,-39.24470285418246,29.999999999999996,28.06879704857973
5.889999999999919,308.01689063394537,-39.2620094008001,29.999999999999996,27.99221766276519
5.899999999999919,309.01456376137793,-39.279360590992496,29.999999999999996,27.916105217080887
5.909999999999918,310.0140053915684,-39.29675875870371,29.999999999999996,27.840463932761956
5.919999999999918,311.0152167483325,-39.31420622482397,29.999999999999996,27.765297976465682
5.929999999999918,312.0181990446632,-39.33170529702811,29.999999999999996,27.690611460156475
5.939999999999918,313.02295348272105,-39.34925826961571,29.999999999999996,27.61640844099569
5.949999999999918,314.02948125382545,-39.36686742335295,29.999999999999996,27.54269292123627
5.959999999999917,315.03778353844746,-39.38453502531616,29.999999999999996,27.46946884812219
5.969999999999917,316.04786150620373,-39.402263328737135,29.999999999999996,27.396740113792717
5.979999999999917,317.0597163158514,-39.42005457285016,29.999999999999996,27.324510555191456
5.989999999999917,318.07334911528454,-39.43791098274084,29.999999999999996,27.252783953980185
5.9999999999999165,319.08876104153137,-39.455834769196635,29.999999999999996,27.18156403645744
6.009999999999916,320.1059532207529,-39.473828128559276,29.999999999999996,27.110854473481872
6.019999999999916,321.12492676824235,-39.49189324257887,29.999999999999996,27.040658880400326
6.029999999999916,322.1456827884261,-39.51003227826988,29.999999999999996,26.970980816980674
6.039999999999916,323.16822237486514,-39.52824738776895,29.999999999999996,26.901823787349343
6.0499999999999154,324.1925466102581,-39.54654070819446,29.999999999999996,26.833191239933548
6.059999999999915,325.2186565664449,-39.56491436150806,29.999999999999996,26.765086567408225
6.069999999999915,326.2465533044116,-39.5833704543779,29.999999999999996,26.69751310664761
6.079999999999915,327.27623787429616,-39.6019110780439,29.999999999999996,26.630474138681503
6.089999999999915,328.30771131539524,-39.62053830818473,29.999999999999996,26.563972888656163
6.099999999999914,329.34097465617185,-39.63925420478678,29.999999999999996,26.49801252579984
6.109999999999914,330.37602891426394,-39.658060812015,29.999999999999996,26.432596163392873
6.119999999999914,331.41287509649385,-39.67696015808561,29.999999999999996,26.36772685874246
6.129999999999914,332.4515141988789,-39.69595425514075,29.999999999999996,26.303407613161955
6.1399999999999135,333.49194720664235,-39.715045099125035,29.999999999999996,26.23964137195472
6.149999999999913,334.53417509422565,-39.734234669664055,29.999999999999996,26.17643102440255
6.159999999999913,335.57819882530134,-39.753524929944795,29.999999999999996,26.11377940375864
6.169999999999913,336.6240193527867,-39.772917826598004,29.999999999999996,26.051689287245008
6.179999999999913,337.6716376188583,-39.7924152895825,29.999999999999996,25.99016339605445
6.1899999999999125,338.72105455496717,-39.812019232071464,29.999999999999996,25.929204395356965
6.199999999999912,339.7722710818548,-39.83173155034064,29.999999999999996,25.868814894310646
6.209999999999912,340.82528810956995,-39.85155412365859,29.999999999999996,25.808997446076965
6.219999999999912,341.88010653748603,-39.871488814178825,29.999999999999996,25.749754547840535
6.229999999999912,342.9367272543191,-39.891537466834,29.999999999999996,25.69108864083322
6.239999999999911,343.995151138147,-39.91170190923206,29.999999999999996,25.63300211036267
6.249999999999911,345.05537905642825,-39.93198395155435,29.999999999999996,25.575497285845174
6.259999999999911,346.1174118660227,-39.95238538645579,29.999999999999996,25.518576440842878
6.269999999999911,347.1812504132118,-39.97290798896697,29.999999999999996,25.462241793105324
6.2799999999999105,348.24689553372,-39.993553516398336,29.999999999999996,25.406495504615272
6.28999999999991,349.31434805273676,-40.014323708246295,29.999999999999996,25.351339681638812
6.29999999999991,350.3836087849387,-40.03522028610139,29.999999999999996,25.296776374779725
6.30999999999991,351.4546785345129,-40.0562449535585,29.999999999999996,25.242807579038097
6.31999999999991,352.5275580951801,-40.07739939612899,29.999999999999996,25.18943523387311
6.3299999999999095,353.6022482502189,-40.09868528115495,29.999999999999996,25.13666122327007
6.339999999999909,354.6787497724903,-40.12010425772544,29.999999999999996,25.084487375811584
6.349999999999909,355.7570634244624,-40.14165795659472,29.999999999999996,25.032915464752865
6.359999999999909,356.8371899582363,-40.16334799010257,29.999999999999996,24.9819472081012
6.369999999999909,357.91913011557165,-40.1851759520966,29.999999999999996,24.931584268699496
6.379999999999908,359.0028846279131,-40.20714341785658,29.999999999999996,24.881828254313902
6.389999999999908,360.08845421641695,-40.229251944020824,29.999999999999996,24.832680717725506
6.399999999999908,361.17583959197856,-40.251503068514616,29.999999999999996,24.784143156826044
6.409999999999908,362.26504145525956,-40.27389831048063,29.999999999999996,24.736217014717635
6.419999999999908,363.35606049671594,-40.29643917021141,29.999999999999996,24.68890367981648
6.429999999999907,364.4488973966262,-40.31912712908385,29.999999999999996,24.642204485960548
6.439999999999907,365.5435528251201,-40.34196364949578,29.999999999999996,24.59612071252116
6.449999999999907,366.64002744220744,-40.36495017480448,29.999999999999996,24.55065358451853
6.459999999999907,367.7383218978073,-40.38808812926728,29.999999999999996,24.505804272741145
6.4699999999999065,368.8384368317776,-40.41137891798423,29.999999999999996,24.461573893869055
6.479999999999906,369.940372873945,-40.43482392684268,29.999999999999996,24.41796351060094
6.489999999999906,371.04413064413495,-40.45842452246401,29.999999999999996,24.374974131785052
6.499999999999906,372.1497107522019,-40.48218205215228,29.999999999999996,24.332606712553886
6.509999999999906,373.25711379806006,-40.50609784384501,29.999999999999996,24.290862154462637
6.519999999999905,374.3663403717142,-40.53017320606586,29.999999999999996,24.249741305631396
6.529999999999905,375.4773910532907,-40.554409427879406,29.999999999999996,24.20924496089103
6.539999999999905,376.5902664130687,-40.5788077788479,29.999999999999996,24.16937386193276
6.549999999999905,377.70496701151177,-40.60336950899007,29.999999999999996,24.130128697461362
6.559999999999905,378.8214933992993,-40.62809584874186,29.999999999999996,24.091510103352054
6.569999999999904,379.93984611735857,-40.652988008919245,29.999999999999996,24.053518662810916
6.579999999999904,381.0600256968966,-40.67804718068301,29.999999999999996,24.01615490653892
6.589999999999904,382.18203265943225,-40.70327453550552,29.999999999999996,23.979419312899484
6.599999999999904,383.3058675168286,-40.72867122513949,29.999999999999996,23.943312308089574
6.6099999999999035,384.43153077132524,-40.754238381588756,29.999999999999996,23.907834266314257
6.619999999999903,385.559022915571,-40.77997711708097,29.999999999999996,23.87298550996474
6.629999999999903,386.6883444326563,-40.80588852404235,29.999999999999996,23.83876630979982
6.639999999999903,387.81949579614627,-40.831973675074366,29.999999999999996,23.805176885130777
6.649999999999903,388.9524774701132,-40.85823362293233,29.999999999999996,23.7722174040096
6.659999999999902,390.0872899091698,-40.884669400506084,29.999999999999996,23.739887983420587
6.669999999999902,391.2239335585019,-40.91128202080248,29.999999999999996,23.708188689475254
6.679999999999902,392.36240885390185,-40.93807247692995,29.999999999999996,23.677119537610544
6.689999999999902,393.50271622180134,-40.965041742084935,29.999999999999996,23.646680492790285
6.699999999999902,394.6448560793048,-40.992190769540244,29.999999999999996,23.616871469709885
6.709999999999901,395.7888288342225,-41.0195204926354,29.999999999999996,23.587692333004227
6.719999999999901,396.93463488510383,-41.04703182476887,29.999999999999996,23.559142897458756
6.729999999999901,398.0822746212707,-41.07472565939221,29.999999999999996,23.53122292822367
6.739999999999901,399.23174842285067,-41.10260287000609,29.999999999999996,23.503932141031264
6.7499999999999005,400.38305666081044,-41.1306643101583,29.999999999999996,23.477270202416346
6.7599999999999,401.536199696989,-41.15891081344358,29.999999999999996,23.451236729939694
6.7699999999999,402.69117788413126,-41.18734319350533,29.999999999999996,23.425831292414554
6.7799999999999,403.84799156592106,-41.215962244039225,29.999999999999996,23.40105341013612
6.7899999999999,405.0066410770147,-41.244768738798726,29.999999999999996,23.37690255511399
6.7999999999998995,406.1671267430743,-41.27376343160237,29.999999999999996,23.353378151307542
6.809999999999899,407.3294488808008,-41.30294705634298,29.999999999999996,23.33047957486421
6.819999999999899,408.49360779796757,-41.3323203269987,29.999999999999996,23.308206154360665
6.829999999999899,409.6596037934536,-41.36188393764582,29.999999999999996,23.286557171046784
6.839999999999899,410.8274371572764,-41.391638562473524,29.999999999999996,23.265531859092476
6.849999999999898,411.99710817062555,-41.42158485580035,29.999999999999996,23.245129405837258
6.859999999999898,413.16861710589563,-41.451723452092494,29.999999999999996,23.22534895204259
6.869999999999898,414.3419642267194,-41.48205496598395,29.999999999999996,23.20618959214694
6.879999999999898,415.5171497880008,-41.51257999229837,29.999999999999996,23.187650374523503
6.8899999999998975,416.69417403594775,-41.54329910607276,29.999999999999996,23.169730301740596
6.899999999999897,417.8730372081055,-41.57421286258289,29.999999999999996,23.15242833082468
6.909999999999897,419.0537395333891,-41.605321797370515,29.999999999999996,23.135743373525965
6.919999999999897,420.2362812321165,-41.63662642627229,29.999999999999996,23.11967429658656
6.929999999999897,421.42066251604103,-41.66812724545045,29.999999999999996,23.10421992201119
6.9399999999998965,422.60688358838445,-41.699824731425245,29.999999999999996,23.089379027340353
6.949999999999896,423.7949446438692,-41.731719341109006,29.999999999999996,23.07515034592602
6.959999999999896,424.98484586875117,-41.76381151184201,29.999999999999996,23.061532567209664
6.969999999999896,426.1765874408521,-41.79610166142996,29.999999999999996,23.0485243370028
6.979999999999896,427.37016952959203,-41.8285901881832,29.999999999999996,23.036124257769803
6.989999999999895,428.56559229602175,-41.86127747095759,29.999999999999996,23.024330888913116
6.999999999999895,429.7628558928548,-41.89416386919701,29.999999999999996,23.013142747060744
7.009999999999895,430.9619604645,-41.92724972297754,29.999999999999996,23.002558306356015
7.019999999999895,432.1629061470933,-41.960535353053295,29.999999999999996,22.992575998749597
7.0299999999998946,433.3656930685299,-41.994021060903826,29.999999999999996,22.983194214293704
7.039999999999894,434.5703213484963,-42.027707128783184,29.999999999999996,22.974411301438494
7.049999999999894,435.77679109850226,-42.061593819770565,29.999999999999996,22.966225567330586
7.059999999999894,436.9851024219124,-42.09568137782255,29.999999999999996,22.95863527811372
7.069999999999894,438.19525541397826,-42.12997002782692,29.999999999999996,22.95163865923148
7.0799999999998935,439.4072501618696,-42.164459975658026,29.999999999999996,22.94523389573203
7.089999999999893,440.62108674470653,-42.19915140823371,29.999999999999996,22.939419132574915
7.099999999999893,441.83676523359054,-42.2340444935738,29.999999999999996,22.934192474939824
7.109999999999893,443.0542856916363,-42.26913938086007,29.999999999999996,22.929551988537277
7.119999999999893,444.2736481740031,-42.304436200497776,29.999999999999996,22.925495699921257
7.129999999999892,445.4948527279258,-42.33993506417864,29.999999999999996,22.92202159680371
7.139999999999892,446.7178993927466,-42.375636064945354,29.999999999999996,22.919127628370887
7.149999999999892,447.94278819994605,-42.41153927725757,29.999999999999996,22.916811705601525
7.159999999999892,449.16951917317414,-42.44764475705929,29.999999999999996,22.915071701586793
7.169999999999892,450.3980923282815,-42.48395254184777,29.999999999999996,22.913905451851996
7.179999999999891,451.6285076733505,-42.52046265074385,29.999999999999996,22.913310754679987
7.189999999999891,452.86076520872604,-42.55717508456365,29.999999999999996,22.91328537143629
7.199999999999891,454.09486492704673,-42.59408982589176,29.999999999999996,22.913827026895856
7.209999999999891,455.3308068132756,-42.63120683915571,29.999999999999996,22.914933409571432
7.2199999999998905,456.5685908447312,-42.66852607070197,29.999999999999996,22.916602172043543
7.22999999999989,457.8082169911181,-42.70604744887318,29.999999999999996,22.918830931291996
7.23999999999989,459.0496852145579,-42.743770884086786,29.999999999999996,22.921617269028953
7.24999999999989,460.2929954696198,-42.78169626891505,29.999999999999996,22.924958732033442
7.25999999999989,461.5381477033517,-42.81982347816632,29.999999999999996,22.92885283248735
7.269999999999889,462.78514185531014,-42.85815236896766,29.999999999999996,22.93329704831284
7.279999999999889,464.03397785759176,-42.89668278084874,29.999999999999996,22.93828882351117
7.289999999999889,465.28465563486344,-42.93541453582706,29.999999999999996,22.94382556850282
7.299999999999889,466.53717510439304,-42.97434743849435,29.999999999999996,22.949904660469024
7.309999999999889,467.7915361760801,-43.01348127610434,29.999999999999996,22.956523443694525
7.319999999999888,469.0477387524864,-43.05281581866169,29.999999999999996,22.963679229911634
7.329999999999888,470.3057827288664,-43.092350819012154,29.999999999999996,22.971369298645477
7.339999999999888,471.5656679931981,-43.13208601293397,29.999999999999996,22.979590897560495
7.349999999999888,472.82739442621335,-43.17202111923044,29.999999999999996,22.988341242808048
7.3599999999998875,474.09096190142884,-43.21215583982372,29.999999999999996,22.997617519375183
7.369999999999887,475.3563702851763,-43.2524898598497,29.999999999999996,23.0074168814345
7.379999999999887,476.62361943663336,-43.293022847754116,29.999999999999996,23.01773645269507
7.389999999999887,477.8927092078543,-43.333754455389744,29.999999999999996,23.028573326754376
7.399999999999887,479.1636394438005,-43.37468431811476,29.999999999999996,23.03992456745131
7.4099999999998865,480.4364099823713,-43.41581205489215,29.999999999999996,23.051787209220056
7.419999999999886,481.7110206544347,-43.45713726839027,29.999999999999996,23.06415825744499
7.429999999999886,482.9874712838584,-43.498659545084436,29.999999999999996,23.07703468881643
7.439999999999886,484.26576168754013,-43.540378455359615,29.999999999999996,23.090413451687276
7.449999999999886,485.5458916754391,-43.58229355361413,29.999999999999996,23.104291466430503
7.459999999999885,486.8278610506066,-43.62440437836439,29.999999999999996,23.118665625797444
7.469999999999885,488.1116696092171,-43.66671045235069,29.999999999999996,23.133532795276853
7.479999999999885,489.3973171405993,-43.70921128264395,29.999999999999996,23.148889813454726
7.489999999999885,490.68480342726735,-43.75190636075346,29.999999999999996,23.164733492374808
7.4999999999998845,491.9741282449521,-43.7947951627356,29.999999999999996,23.18106061789982
7.509999999999884,493.2652913626323,-43.83787714930354,29.999999999999996,23.1978679500733
7.519999999999884,494.55829254256594,-43.88115176593779,29.999999999999996,23.215152223482082
7.529999999999884,495.85313154032195,-43.9246184429978,29.999999999999996,23.23291014761935
7.539999999999884,497.1498081048116,-43.96827659583435,29.999999999999996,23.25113840724826
7.5499999999998835,498.4483219783202,-44.01212562490292,29.999999999999996,23.26983366276607
7.559999999999883,499.74867289653906,-44.056164915877886,29.999999999999996,23.288992550568793
7.569999999999883,501.0508605885971,-44.100393839767584,29.999999999999996,23.30861168341626
7.579999999999883,502.3548847770931,-44.14481175303024,29.999999999999996,23.32868765079766
7.589999999999883,503.66074517812774,-44.18941799769072,29.999999999999996,23.34921701929747
7.599999999999882,504.968441501336,-44.23421190145808,29.999999999999996,23.37019633296174
7.609999999999882,506.2779734499192,-44.27919277784395,29.999999999999996,23.391622113664717
7.619999999999882,507.5893407206781,-44.32435992628166,29.999999999999996,23.413490861475786
7.629999999999882,508.902543004045,-44.36971263224614,29.999999999999996,23.435799055026695
7.6399999999998816,510.21757998411715,-44.41525016737464,29.999999999999996,23.458543151878995
7.649999999999881,511.5344513386891,-44.460971789588065,29.999999999999996,23.481719588891735
7.659999999999881,512.8531567392864,-44.50687674321315,29.999999999999996,23.505324782589316
7.669999999999881,514.1736958511988,-44.55296425910526,29.999999999999996,23.5293551295295
7.679999999999881,515.4960683335131,-44.59923355477192,29.999999999999996,23.55380700667156
7.6899999999998805,516.820273839148,-44.645683834497,29.999999999999996,23.578676771744515
7.69999999999988,518.1463120148866,-44.69231428946556,29.999999999999996,23.60396076361544
7.70999999999988,519.4741825014114,-44.73912409788936,29.999999999999996,23.629655302657792
7.71999999999988,520.803884933338,-44.78611242513296,29.999999999999996,23.655756691119763
7.72999999999988,522.1354189392499,-44.83327842384047,29.999999999999996,23.682261213492595
7.739999999999879,523.4687841417324,-44.88062123406285,29.999999999999996,23.70916513687886
7.749999999999879,524.8039801574081,-44.92813998338585,29.999999999999996,23.736464711360625
7.759999999999879,526.1410065969715,-44.975833787058434,29.999999999999996,23.764156170367553
7.769999999999879,527.4798630652242,-45.023701748121866,29.999999999999996,23.792235731044826
7.779999999999879,528.8205491611108,-45.07174295753919,29.999999999999996,23.82069959462091
7.789999999999878,530.1630644777537,-45.11995649432536,29.999999999999996,23.849543946775118
7.799999999999878,531.5074086024897,-45.16834142567776,29.999999999999996,23.878764958004965
7.809999999999878,532.853581116906,-45.21689680710731,29.999999999999996,23.908358783993258
7.819999999999878,534.2015815968759,-45.265621682569964,29.999999999999996,23.938321565974874
7.8299999999998775,535.5514096125963,-45.31451508459872,29.999999999999996,23.968649431103284
7.839999999999877,536.9030647286239,-45.363576034436015,29.999999999999996,23.999338492816694
7.849999999999877,538.2565465039122,-45.4128035421666,29.999999999999996,24.030384851203824
7.859999999999877,539.6118544918492,-45.46219660685079,29.999999999999996,24.061784593369307
7.869999999999877,540.9689882402945,-45.51175421665812,29.999999999999996,24.093533793798663
7.879999999999876,542.3279472916176,-45.56147534900137,29.999999999999996,24.125628514722795
7.889999999999876,543.6887311827358,-45.61135897067097,29.999999999999996,24.158064806482056
7.899999999999876,545.0513394451519,-45.66140403796973,29.999999999999996,24.190838707889757
7.909999999999876,546.4157716049939,-45.71160949684793,29.999999999999996,24.223946246595197
7.919999999999876,547.7820271830531,-45.76197428303869,29.999999999999996,24.25738343944609
7.929999999999875,549.1501056948233,-45.81249732219369,29.999999999999996,24.291146292850424
7.939999999999875,550.5200066505407,-45.86317753001914,29.999999999999996,24.32523080313771
7.949999999999875,551.891729555223,-45.914013812412044,29.999999999999996,24.359632956919597
7.959999999999875,553.2652739087098,-45.96500506559668,29.999999999999996,24.394348731449803
7.9699999999998745,554.6406392057024,-46.016150176261384,29.999999999999996,24.429374094983373
7.979999999999874,556.017824935805,-46.06744802169554,29.999999999999996,24.46470500713521
7.989999999999874,557.396830583565,-46.118897469926736,29.999999999999996,24.500337419237866
7.999999999999874,558.7776556285144,-46.170497379858176,29.999999999999996,24.536267274698574
8.009999999999874,560.160299545211,-46.22224660140625,29.999999999999996,24.572490509355465
8.019999999999873,561.5447618032805,-46.27414397563827,29.999999999999996,24.609003051832975
8.029999999999873,562.931041867458,-46.32618833491038,29.999999999999996,24.645800823896433
8.039999999999873,564.319139197631,-46.37837850300556,29.999999999999996,24.682879740805724
8.049999999999873,565.7090532488813,-46.43071329527181,29.999999999999996,24.720235711668114
8.059999999999873,567.1007834715284,-46.4831915187604,29.999999999999996,24.75786463979012
8.069999999999872,568.4943293111727,-46.53581197236424,29.999999999999996,24.795762423028457
8.079999999999872,569.8896902087389,-46.58857344695632,29.999999999999996,24.833924954139995
8.089999999999872,571.28686560052,-46.6414747255282,29.999999999999996,24.87234812113076
8.099999999999872,572.6858549182211,-46.694514583328605,29.999999999999996,24.911027807603865
8.109999999999872,574.0866575890046,-46.74769178800201,29.999999999999996,24.949959893106474
8.119999999999871,575.4892730355343,-46.80100509972724,29.999999999999996,24.989140253475625
8.129999999999871,576.893700676021,-46.85445327135615,29.999999999999996,25.028564761183024
8.139999999999871,578.2999399242674,-46.908035048552215,29.999999999999996,25.06822928567869
8.14999999999987,579.7079901897143,-46.961749169929156,29.999999999999996,25.108129693733524
8.15999999999987,581.1178508774866,-47.01559436718952,29.999999999999996,25.148261849780642
8.16999999999987,582.5295213884393,-47.06956936526323,29.999999999999996,25.188621616255585
8.17999999999987,583.9430011192047,-47.12367288244602,29.999999999999996,25.22920485393533
8.18999999999987,585.3582894622391,-47.1779036305379,29.999999999999996,25.27000742227604
8.19999999999987,586.7753858058701,-47.23226031498142,29.999999999999996,25.31102517974961
8.20999999999987,588.1942895343443,-47.28674163499991,29.999999999999996,25.3522539841789
8.21999999999987,589.6150000278753,-47.34134628373561,29.999999999999996,25.39368969307174
8.229999999999869,591.0375166626922,-47.39607294838761,29.999999999999996,25.43532816395356
8.239999999999869,592.4618388110873,-47.45092031034972,29.999999999999996,25.47716525469874
8.249999999999869,593.8879658414663,-47.50588704534816,29.999999999999996,25.51919682386056
8.259999999999868,595.3158971183965,-47.560971823579074,29.999999999999996,25.56141873099983
8.269999999999868,596.7456320026566,-47.61617330984589,29.999999999999996,25.603826837012058
8.279999999999868,598.1771698512869,-47.671490163696475,29.999999999999996,25.64641700445328
8.289999999999868,599.6105100176388,-47.72692103956009,29.999999999999996,25.689185097864378
8.299999999999867,601.0456518514261,-47.78246458688414,29.999999999999996,25.732126984094002
8.309999999999867,602.482594698775,-47.838119450270675,29.999999999999996,25.77523853261998
8.319999999999867,603.9213379022754,-47.89388426961267,29.999999999999996,25.818515615869245
8.329999999999867,605.3618808010325,-47.94975768023005,29.999999999999996,25.861954109536246
8.339999999999867,606.8042227307185,-48.00573831300544,29.999999999999996,25.905549892899813
8.349999999999866,608.2483630236242,-48.06182479451963,29.999999999999996,25.949298849138497
8.359999999999866,609.6943010087116,-48.11801574718682,29.999999999999996,25.99319686564429
8.369999999999866,611.1420360116666,-48.17430978938943,29.999999999999996,26.037239834334812
8.379999999999866,612.5915673549515,-48.23070553561276,29.999999999999996,26.081423651963824
8.389999999999866,614.0428943578585,-48.287201596579195,29.999999999999996,26.125744220430164
8.399999999999865,615.4960163365629,-48.343796579382136,29.999999999999996,26.170197447085002
8.409999999999865,616.9509326041772,-48.40048908761958,29.999999999999996,26.214779245037455
8.419999999999865,618.4076424708048,-48.457277721527355,29.999999999999996,26.259485533458495
8.429999999999865,619.8661452435946,-48.51416107811192,29.999999999999996,26.304312237883178
8.439999999999864,621.3264402267954,-48.571137751282876,29.999999999999996,26.349255290511124
8.449999999999864,622.7885267218107,-48.628206331985034,29.999999999999996,26.394310630505323
8.459999999999864,624.2524040272544,-48.68536540833008,29.999999999999996,26.439474204289105
8.469999999999864,625.7180714390054,-48.74261356572783,29.999999999999996,26.48474196584141
8.479999999999864,627.1855282502638,-48.7999493870171,29.999999999999996,26.53010987699023
8.489999999999863,628.6547737516069,-48.85737145259609,29.999999999999996,26.5755739077043
8.499999999999863,630.125807231045,-48.91487834055234,29.999999999999996,26.6211300363829
8.509999999999863,631.5986279740783,-48.97246862679227,29.999999999999996,26.666774250143874
8.519999999999863,633.0732352637535,-49.0301408851702,29.999999999999996,26.71250254510979
8.529999999999863,634.5496283807205,-49.08789368761691,29.999999999999996,26.758310926692236
8.539999999999862,636.0278066032897,-49.14572560426776,29.999999999999996,26.804195409874215
8.549999999999862,637.5077692074897,-49.20363520359025,29.999999999999996,26.85015201949068
8.559999999999862,638.9895154671246,-49.261621052511146,29.999999999999996,26.896176790507116
8.569999999999862,640.4730446538324,-49.31968171654301,29.999999999999996,26.942265768296245
8.579999999999862,641.9583560371425,-49.377815759910284,29.999999999999996,26.988415008912757
8.589999999999861,643.4454488845344,-49.436021745674815,29.999999999999996,27.034620579366088
8.599999999999861,644.9343224614963,-49.494298235860825,29.999999999999996,27.080878557891257
8.60999999999986,646.4249760315838,-49.55264379157934,29.999999999999996,27.127185034217693
8.61999999999986,647.9174088564787,-49.61105697315208,29.999999999999996,27.173536109836085
8.62999999999986,649.4116201960485,-49.66953634023475,29.999999999999996,27.219927898263215
8.63999999999986,650.9076093084055,-49.728080451939775,29.999999999999996,27.26635652530478
8.64999999999986,652.4053754499665,-49.78668786695846,29.999999999999996,27.312818129316152
8.65999999999986,653.9049178755125,-49.84535714368251,29.999999999999996,27.359308861461134
8.66999999999986,655.4062358382487,-49.90408684032502,29.999999999999996,27.40582488596862
8.67999999999986,656.9093285898642,-49.9628755150408,29.999999999999996,27.4523623803872
8.68999999999986,658.414195380593,-50.02172172604609,29.999999999999996,27.49891753583767
8.699999999999859,659.9208354592738,-50.08062403173768,29.999999999999996,27.545486557263473
8.709999999999859,661.4292480734108,-50.139580990811375,29.999999999999996,27.592065663678994
8.719999999999859,662.9394324692345,-50.19859116237982,29.999999999999996,27.638651088415756
8.729999999999858,664.4513878917622,-50.25765310608968,29.999999999999996,27.6852390793665
8.739999999999858,665.9651135848599,-50.31676538223816,29.999999999999996,27.73182589922709
8.749999999999858,667.4806087913021,-50.37592655188888,29.999999999999996,27.778407825736302
8.759999999999858,668.9978727528343,-50.43513517698707,29.999999999999996,27.824981151913416
8.769999999999857,670.5169047102338,-50.49438982047406,29.999999999999996,27.87154218629367
8.779999999999857,672.0377039033713,-50.55368904640116,29.999999999999996,27.9180872531615
8.789999999999857,673.5602695712723,-50.61303142004276,29.999999999999996,27.9646126927816
8.799999999999857,675.0846009521795,-50.672415508008804,29.999999999999996,28.0111148616278
8.809999999999857,676.6106972836136,-50.73183987835653,29.999999999999996,28.05759013260969
8.819999999999856,678.138557802436,-50.79130310070152,29.999999999999996,28.10403489529704
8.829999999999856,679.6681817449104,-50.850803746327976,29.999999999999996,28.150445556142017
8.839999999999856,681.1995683467647,-50.91034038829839,29.999999999999996,28.196818538699123
8.849999999999856,682.7327168432538,-50.96991160156234,29.999999999999996,28.243150283842905
8.859999999999856,684.2676264692208,-51.0295159630647,29.999999999999996,28.289437249983404
8.869999999999855,685.8042964591598,-51.089152051853006,29.999999999999996,28.335675913279342
8.879999999999855,687.3427260472783,-51.148818449184105,29.999999999999996,28.381862767849036
8.889999999999855,688.8829144675592,-51.20851373863009,29.999999999999996,28.42799432597902
8.899999999999855,690.424860953823,-51.26823650618343,29.999999999999996,28.47406711833041
8.909999999999854,691.9685647397904,-51.32798534036139,29.999999999999996,28.520077694142923
8.919999999999854,693.5140250591448,-51.38775883230963,29.999999999999996,28.56602262143666
8.929999999999854,695.0612411455945,-51.447555575905085,29.999999999999996,28.6118984872115
8.939999999999854,696.6102122329349,-51.50737416785805,29.999999999999996,28.65770189764427
8.949999999999854,698.1609375551114,-51.56721320781348,29.999999999999996,28.703429478283493
8.959999999999853,699.7134163462814,-51.627071298451504,29.999999999999996,28.749077874241898
8.969999999999853,701.2676478408764,-51.686947045587175,29.999999999999996,28.794643750386527
8.979999999999853,702.8236312736651,-51.746839058269416,29.999999999999996,28.840123791526548
8.989999999999853,704.381365879815,-51.80674594887914,29.999999999999996,28.88551470259869
8.999999999999853,705.940850894955,-51.866666333226625,29.999999999999996,28.93081320885033
9.009999999999852,707.5020855552374,-51.926598830648054,29.999999999999996,28.976016056020264
9.019999999999852,709.0650690974003,-51.98654206410123,29.999999999999996,29.021120010517027
9.029999999999852,710.6298007588294,-52.04649466026051,29.999999999999996,29.06612185959497
9.039999999999852,712.1962797776205,-52.10645524961092,29.999999999999996,29.11101841152783
9.049999999999851,713.7645053926406,-52.16642246654145,29.999999999999996,29.155806495780034
9.059999999999851,715.3344768435904,-52.22639494943749,29.999999999999996,29.200482963175567
9.069999999999851,716.9061933710663,-52.286371340772526,29.999999999999996,29.24504468606447
9.07999999999985,718.4796542166212,-52.3463502871989,29.999999999999996,29.289488558486926
9.08999999999985,720.0548586228266,-52.406330439637856,29.999999999999996,29.333811496335016
9.09999999999985,721.631805833334,-52.46631045336863,29.999999999999996,29.378010437512007
9.10999999999985,723.2104950929364,-52.52628898811682,29.999999999999996,29.422082342089286
9.11999999999985,724.7909256476287,-52.58626470814183,29.999999999999996,29.466024192460893
9.12999999999985,726.3730967446696,-52.64623628232354,29.999999999999996,29.509832993495618
9.13999999999985,727.9570076326422,-52.706202384248066,29.999999999999996,29.55350577268672
9.14999999999985,729.5426575615145,-52.766161692292734,29.999999999999996,29.597039580299242
9.15999999999985,731.1300457827003,-52.82611288971017,29.999999999999996,29.640431489514892
9.169999999999849,732.7191715491194,-52.88605466471155,29.999999999999996,29.683678596574516
9.179999999999849,734.310034115258,-52.945985710549024,29.999999999999996,29.726778020918182
9.189999999999849,735.9026327372285,-53.00590472559724,29.999999999999996,29.769726905322795
9.199999999999848,737.4969666728296,-53.065810413434036,29.999999999999996,29.812522416037368
9.209999999999848,739.0930351816058,-53.12570148292029,29.999999999999996,29.855161742915797
9.219999999999848,740.6908375249072,-53.18557664827891,29.999999999999996,29.897642099547276
9.229999999999848,742.2903729659481,-53.24543462917292,29.999999999999996,29.93996072338427
9.239999999999847,743.8916407698664,-53.30527415078275,29.999999999999996,29.982114875868042
9.249999999999847,745.4946402037825,-53.365093943882634,29.999999999999996,30.024101842551815
9.259999999999847,747.0993705368577,-53.424892744916136,29.999999999999996,30.065918933221443
9.269999999999847,748.7058310403525,-53.48466929607082,29.999999999999996,30.107563482013735
9.279999999999847,750.3140209876844,-53.54442234535208,29.999999999999996,30.149032847532293
9.289999999999846,751.9239396544865,-53.604150646656066,29.999999999999996,30.190324412960983
9.299999999999846,753.5355863186641,-53.66385295984177,29.999999999999996,30.231435586174914
9.309999999999846,755.1489602604523,-53.72352805080225,29.999999999999996,30.272363799849096
9.319999999999846,756.7640607624735,-53.78317469153497,29.999999999999996,30.313106511564595
9.329999999999846,758.3808871097932,-53.84279166021127,29.999999999999996,30.353661203912306
9.339999999999845,759.999438589977,-53.902377741245004,29.999999999999996,30.39402538459431
9.349999999999845,761.6197144931465,-53.96193172536028,29.999999999999996,30.434196586522823
9.359999999999845,763.2417141120353,-54.02145240965833,29.999999999999996,30.4741723679167
9.369999999999845,764.8654367420442,-54.08093859768354,29.999999999999996,30.51395031239557
9.379999999999844,766.4908816812964,-54.140389099488594,29.999999999999996,30.55352802907153
9.389999999999844,768.1180482306926,-54.19980273169874,29.999999999999996,30.59290315263846
9.399999999999844,769.7469356939652,-54.25917831757523,29.999999999999996,30.632073343458917
9.409999999999844,771.3775433777324,-54.31851468707785,29.999999999999996,30.671036287648608
9.419999999999844,773.0098705915525,-54.37781067692663,29.999999999999996,30.70978969715853
9.429999999999843,774.6439166479769,-54.43706513066263,29.999999999999996,30.748331309854642
9.439999999999843,776.2796808626031,-54.49627689870792,29.999999999999996,30.78665888959518
9.449999999999843,777.9171625541278,-54.55544483842466,29.999999999999996,30.824770226305592
9.459999999999843,779.5563610443991,-54.61456781417335,29.999999999999996,30.862663136051054
9.469999999999843,781.1972756584684,-54.673644697370165,29.999999999999996,30.900335461106653
9.479999999999842,782.8399057246419,-54.732674366543506,29.999999999999996,30.93778507002514
9.489999999999842,784.484250574532,-54.791655707389616,29.999999999999996,30.975009857702346
9.499999999999842,786.130309543108,-54.850587612827375,29.999999999999996,31.012007745440233
9.509999999999842,787.7780819687463,-54.90946898305226,29.999999999999996,31.048776681007535
9.519999999999841,789.4275671932808,-54.968298725589385,29.999999999999996,31.085314638698083
9.529999999999841,791.0787645620518,-55.027075755345756,29.999999999999996,31.121619619386774
9.539999999999841,792.7316734239558,-55.08579899466162,29.999999999999996,31.15768965058316
9.54999999999984,794.3862931314939,-55.144467373361,29.999999999999996,31.19352278648271
9.55999999999984,796.0426230408196,-55.20307982880135,29.999999999999996,31.229117108015746
9.56999999999984,797.7006625117876,-55.261635305922375,29.999999999999996,31.264470722894004
9.57999999999984,799.3604109080004,-55.320132757294026,29.999999999999996,31.299581765654917
9.58999999999984,801.0218675968554,-55.37857114316361,29.999999999999996,31.33444839770354
9.59999999999984,802.6850319495913,-55.43694943150208,29.999999999999996,31.369068807352146
9.60999999999984,804.3499033413347,-55.49526659804947,29.999999999999996,31.403441209857576
9.61999999999984,806.0164811511445,-55.55352162635951,29.999999999999996,31.437563847456193
9.62999999999984,807.6847647620581,-55.61171350784341,29.999999999999996,31.471434989396617
9.639999999999839,809.3547535611351,-55.66984124181276,29.999999999999996,31.50505293197013
9.649999999999839,811.0264469395021,-55.727903835521644,29.999999999999996,31.538415998538788
9.659999999999838,812.6998442923955,-55.78590030420792,29.999999999999996,31.571522539561297
9.669999999999838,814.3749450192055,-55.84382967113363,29.999999999999996,31.604370932616547
9.679999999999838,816.051748523518,-55.90169096762466,29.999999999999996,31.636959582424964
9.689999999999838,817.730254213157,-55.959483233109474,29.999999999999996,31.669286920867552
9.699999999999838,819.4104615002263,-56.01720551515712,29.999999999999996,31.701351407002708
9.709999999999837,821.0923698011504,-56.07485686951437,29.999999999999996,31.733151527080754
9.719999999999837,822.7759785367151,-56.13243636014203,29.999999999999996,31.76468579455633
9.729999999999837,824.4612871321076,-56.18994305925049,29.999999999999996,31.795952750098433
9.739999999999837,826.1482950169559,-56.2473760473344,29.999999999999996,31.82695096159836
9.749999999999837,827.837001625368,-56.30473441320658,29.999999999999996,31.85767902417536
9.759999999999836,829.5274063959702,-56.36201725403112,29.999999999999996,31.88813556018012
9.769999999999836,831.2195087719449,-56.41922367535564,29.999999999999996,31.91831921919605
9.779999999999836,832.9133082010683,-56.47635279114278,29.999999999999996,31.948228678038376
9.789999999999836,834.608804135747,-56.5334037238009,29.999999999999996,31.977862640751088
9.799999999999836,836.3059960330544,-56.59037560421397,29.999999999999996,32.00721983860169
9.809999999999835,838.0048833547662,-56.64726757177064,29.999999999999996,32.0362990300738
9.819999999999835,839.7054655673959,-56.704078774392585,29.999999999999996,32.065099000857614
9.829999999999835,841.407742142229,-56.760808368562,29.999999999999996,32.093618563838234
9.839999999999835,843.1117125553576,-56.817455519348364,29.999999999999996,32.12185655908182
9.849999999999834,844.8173762877133,-56.874019400434356,29.999999999999996,32.1498118538197
9.859999999999834,846.5247328251004,-56.93049919414107,29.999999999999996,32.17748334243033
9.869999999999834,848.2337816582283,-56.98689409145241,29.999999999999996,32.204869946419116
9.879999999999834,849.9445222827432,-57.04320329203872,29.999999999999996,32.23197061439624
9.889999999999834,851.656954199259,-57.099426004279636,29.999999999999996,32.2587843220523
9.899999999999833,853.3710769133883,-57.15556144528622,29.999999999999996,32.28531007213197
9.909999999999833,855.0868899357722,-57.211608840922246,29.999999999999996,32.31154689440556
9.919999999999833,856.8043927821099,-57.26756742582483,29.999999999999996,32.3374938456385
9.929999999999833,858.5235849731871,-57.32343644342422,29.999999999999996,32.36315000955885
9.939999999999833,860.244466034905,-57.379215145962874,29.999999999999996,32.38851449682276
9.949999999999832,861.9670354983072,-57.43490279451379,29.999999999999996,32.41358644497787
9.959999999999832,863.6912928996069,-57.49049865899806,29.999999999999996,32.438365018424754
9.969999999999832,865.4172377802139,-57.54600201820171,29.999999999999996,32.46284940837638
9.979999999999832,867.1448696867599,-57.60141215979183,29.999999999999996,32.48703883281553
9.989999999999831,868.8741881711239,-57.65672838033187,29.999999999999996,32.51093253645029
9.999999999999831,870.605192790457,-57.711949985296314,29.999999999999996,32.534529790667605
10.009999999999831,872.3378831072058,-57.76707628908456,29.999999999999996,32.557829893484794
10.01999999999983,874.0722586891371,-57.82210661503407,29.999999999999996,32.58083216949924
10.02999999999983,875.8083191093594,-57.877040295432884,29.999999999999996,32.60353596983606
10.03999999999983,877.5460639463461,-57.93187667153127,29.999999999999996,32.62594067209395
10.04999999999983,879.2854927839562,-57.98661509355279,29.999999999999996,32.64804568028904
10.05999999999983,881.0266052114562,-58.041254920704596,29.999999999999996,32.66985042479692
10.06999999999983,882.7694008235399,-58.09579552118702,29.999999999999996,32.69135436229279
10.07999999999983,884.5138792203483,-58.15023627220248,29.999999999999996,32.712556975689694
10.08999999999983,886.2600400074888,-58.20457655996364,29.999999999999996,32.73345777407496
10.09999999999983,888.0078827960538,-58.25881577970095,29.999999999999996,32.75405629264475
10.109999999999829,889.7574072026382,-58.31295333566942,29.999999999999996,32.77435209263685
10.119999999999829,891.5086128493574,-58.366988641154705,29.999999999999996,32.794344761261584
10.129999999999828,893.2614993638633,-58.42092111847858,29.999999999999996,32.81403391163091
10.139999999999828,895.0160663793608,-58.47475019900366,29.999999999999996,32.83341918268583
10.149999999999828,896.7723135346231,-58.528475323137435,29.999999999999996,32.85250023912191
10.159999999999828,898.5302404740063,-58.582095940335705,29.999999999999996,32.87127677131312
10.169999999999828,900.289846847464,-58.635611509105246,29.999999999999996,32.88974849523386
10.179999999999827,902.0511323105605,-58.689021497005896,29.999999999999996,32.9079151523793
10.189999999999827,903.8140965244842,-58.7423253806519,29.999999999999996,32.92577650968396
10.199999999999827,905.5787391560593,-58.79552264571265,29.999999999999996,32.943332359438635
10.209999999999827,907.3450598777584,-58.84861278691276,29.999999999999996,32.96058251920554
10.219999999999827,909.1130583677128,-58.90159530803143,29.999999999999996,32.97752683173183
10.229999999999826,910.8827343097232,-58.954469721901255,29.999999999999996,32.99416516486148
10.239999999999826,912.65408739327,-59.00723555040629,29.999999999999996,33.01049741144542
10.249999999999826,914.4271173135219,-59.05989232447956,29.999999999999996,33.02652348925012
10.259999999999826,916.2018237713451,-59.112439584099874,29.999999999999996,33.042243340864445
10.269999999999825,917.9782064733109,-59.164876878288,29.999999999999996,33.05765693360505
10.279999999999825,919.7562651317035,-59.217203765102255,29.999999999999996,33.072764259420005
10.289999999999825,921.5359994645263,-59.26941981163343,29.999999999999996,33.087565334790945
10.299999999999825,923.3174091955086,-59.32152459399911,29.999999999999996,33.10206020063362
10.309999999999825,925.1004940541109,-59.37351769733733,29.999999999999996,33.11624892219688
10.319999999999824,926.8852537755296,-59.425398715799695,29.999999999999996,33.130131588960104
10.329999999999824,928.671688100702,-59.47716725254381,29.999999999999996,33.143708314529164
10.339999999999824,930.4597967763095,-59.52882291972514,29.999999999999996,33.15697923653078
10.349999999999824,932.249579554781,-59.58036533848825,29.999999999999996,33.16994451650547
10.359999999999824,934.0410361942953,-59.63179413895746,29.999999999999996,33.18260433979893
10.369999999999823,935.8341664587832,-59.68310896022687,29.999999999999996,33.19495891545204
10.379999999999823,937.6289701179286,-59.73430945034981,29.999999999999996,33.2070084760893
10.389999999999823,939.4254469471692,-59.78539526632774,29.999999999999996,33.218753277805924
10.399999999999823,941.2235967276972,-59.836366074098464,29.999999999999996,33.23019360005346
10.409999999999823,943.0234192464582,-59.88722154852385,29.999999999999996,33.241329745524006
10.419999999999822,944.8249142961502,-59.93796137337693,29.999999999999996,33.252162040033014
10.429999999999822,946.6280816752225,-59.988585241328444,29.999999999999996,33.26269083240079
10.439999999999822,948.4329211878729,-60.03909285393278,29.999999999999996,33.272916494332506
10.449999999999822,950.2394326440452,-60.08948392161338,29.999999999999996,33.28283942029695
10.459999999999821,952.0476158594257,-60.13975816364755,29.999999999999996,33.29246002740391
10.469999999999821,953.8574706554391,-60.189915308150745,29.999999999999996,33.301778755280246
10.479999999999821,955.6689968592442,-60.239955092060264,29.999999999999996,33.31079606594466
10.48999999999982,957.4821943037286,-60.289877261118406,29.999999999999996,33.319512443681134
10.49999999999982,959.2970628275033,-60.33968156985506,29.999999999999996,33.327928394911176
10.50999999999982,961.1136022748957,-60.38936778156978,29.999999999999996,33.3360444480647
10.51999999999982,962.9318124959435,-60.43893566831329,29.999999999999996,33.343861153449765
10.52999999999982,964.751693346387,-60.488385010868456,29.999999999999996,33.35137908312102
10.53999999999982,966.5732446876613,-60.53771559873073,29.999999999999996,33.358598830746935
10.54999999999982,968.3964663868873,-60.58692723008804,29.999999999999996,33.365521011475884
10.55999999999982,970.2213583168633,-60.63601971180019,29.999999999999996,33.372146261801
10.569999999999819,972.047920356055,-60.6849928593777,29.999999999999996,33.37847523942387
10.579999999999819,973.8761523885852,-60.73384649696015,29.999999999999996,33.3845086231171
10.589999999999819,975.7060543042234,-60.782580457293975,29.999999999999996,33.390247112585705
10.599999999999818,977.5376259983743,-60.831194581709795,29.999999999999996,33.39569142832743
10.609999999999818,979.3708673720663,-60.87968872009919,29.999999999999996,33.40084231149192
10.619999999999818,981.2057783319386,-60.92806273089098,29.999999999999996,33.40570052373884
10.629999999999818,983.0423587902292,-60.97631648102702,29.999999999999996,33.41026684709487
10.639999999999818,984.8806086647604,-61.02444984593749,29.999999999999996,33.4145420838097
10.649999999999817,986.7205278789261,-61.07246270951566,29.999999999999996,33.41852705621097
10.659999999999817,988.5621163616763,-61.12035496409223,29.999999999999996,33.422222606558144
10.669999999999817,990.4053740475031,-61.16812651040909,29.999999999999996,33.4256295968954
10.679999999999817,992.2503008764243,-61.21577725759267,29.999999999999996,33.42874890890356
10.689999999999817,994.0968967939682,-61.2633071231268,29.999999999999996,33.431581443750964
10.699999999999816,995.9451617511569,-61.31071603282505,29.999999999999996,33.43412812194349
10.709999999999816,997.7950957044892,-61.35800392080263,29.999999999999996,33.43638988317348
10.719999999999816,999.6466986159231,-61.40517072944784,29.999999999999996,33.43836768616791
10.729999999999816,1001.4999704528583,-61.45221640939299,29.999999999999996,33.440062508535455
10.739999999999815,1003.3549111881171,-61.499140919484915,29.999999999999996,33.441475346612854
10.749999999999815,1005.211520799926,-61.545944226755026,29.999999999999996,33.44260721531021
10.759999999999815,1007.0697992718962,-61.59262630638887,29.999999999999996,33.44345914795556
10.769999999999815,1008.9297465930035,-61.639187141695274,29.999999999999996,33.44403219613848
10.779999999999815,1010.7913627575683,-61.685626724075,29.999999999999996,33.444327429552985
10.789999999999814,1012.6546477652346,-61.731945052989026,29.999999999999996,33.444345935839465
10.799999999999814,1014.5196016209487,-61.778142135926316,29.999999999999996,33.44408882042594
10.809999999999814,1016.3862243349378,-61.82421798837118,29.999999999999996,33.443557206368425
10.819999999999814,1018.2545159226871,-61.87017263377022,29.999999999999996,33.442752234190635
10.829999999999814,1020.1244764049184,-61.91600610349878,29.999999999999996,33.441675061722826
10.839999999999813,1021.9961058075656,-61.96171843682709,29.999999999999996,33.440326863939944
10.849999999999813,1023.8694041617526,-62.00730968088585,29.999999999999996,33.43870883279908
10.859999999999813,1025.7443715037684,-62.05277989063148,29.999999999999996,33.43682217707615
10.869999999999813,1027.6210078750432,-62.09812912881094,29.999999999999996,33.434668122201955
10.879999999999812,1029.4993133221235,-62.14335746592613,29.999999999999996,33.43224791009747
10.889999999999812,1031.379287896647,-62.18846498019787,29.999999999999996,33.4295627990086
10.899999999999812,1033.2609316553169,-62.233451757529515,29.999999999999996,33.42661406334017
10.909999999999812,1035.1442446598762,-62.27831789147012,29.999999999999996,33.42340299348935
10.919999999999812,1037.029226977081,-62.32306348317723,29.999999999999996,33.41993089567844
10.929999999999811,1038.9158786786734,-62.3676886413793,29.999999999999996,33.41619909178712
10.939999999999811,1040.804199841355,-62.41219348233769,29.999999999999996,33.41220891918403
10.949999999999811,1042.6941905467593,-62.45657812980828,29.999999999999996,33.407961730557815
10.95999999999981,1044.5858508814229,-62.5008427150027,29.999999999999996,33.40345889374766
10.96999999999981,1046.4791809367582,-62.544987376549216,29.999999999999996,33.398701791573245
10.97999999999981,1048.3741808090242,-62.589012260453195,29.999999999999996,33.393691821664206
10.98999999999981,1050.2708505992973,-62.632917520057234,29.999999999999996,33.38843039628907
10.99999999999981,1052.169190413442,-62.676703316000875,29.999999999999996,33.38291894218372
11.00999999999981,1054.0692003620816,-62.72036981618001,29.999999999999996,33.37715890037943
11.01999999999981,1055.9708805605671,-62.763917195705886,29.999999999999996,33.37115172603032
11.02999999999981,1057.874231128948,-62.80734563686378,29.999999999999996,33.364898888240525
11.039999999999809,1059.77925219194,-62.85065532907129,29.999999999999996,33.358401869890834
11.049999999999809,1061.6859438788952,-62.893846468836294,29.999999999999996,33.351662167464944
11.059999999999809,1063.5943063237696,-62.936919259714585,29.999999999999996,33.344681290875364
11.069999999999808,1065.5043396650924,-62.97987391226711,29.999999999999996,33.33746076328887
11.079999999999808,1067.4160440459327,-63.02271064401692,29.999999999999996,33.33000212095166
11.089999999999808,1069.3294196138681,-63.065429679405746,29.999999999999996,33.322306913014124
11.099999999999808,1071.2444665209512,-63.10803124975029,29.999999999999996,33.3143767013553
11.109999999999808,1073.1611849236767,-63.150515593198136,29.999999999999996,33.306213060406996
11.119999999999807,1075.079574982949,-63.19288295468336,29.999999999999996,33.29781757697766
11.129999999999807,1076.999636864047,-63.235133585881854,29.999999999999996,33.28919185007588
11.139999999999807,1078.9213707365918,-63.27726774516626,29.999999999999996,33.2803374907337
11.149999999999807,1080.8447767745115,-63.31928569756066,29.999999999999996,33.27125612182963
11.159999999999807,1082.7698551560068,-63.36118771469489,29.999999999999996,33.26194937791143
11.169999999999806,1084.6966060635166,-63.402974074758646,29.999999999999996,33.252418905018665
11.179999999999806,1086.6250296836834,-63.444645062455166,29.999999999999996,33.242666360505076
11.189999999999806,1088.555126207317,-63.48620096895472,29.999999999999996,33.2326934128607
11.199999999999806,1090.48689582936,-63.52764209184773,29.999999999999996,33.22250174153387
11.209999999999805,1092.4203387488517,-63.56896873509767,29.999999999999996,33.212093036753025
11.219999999999805,1094.355455168892,-63.61018120899359,29.999999999999996,33.201468999348364
11.229999999999805,1096.2922452966052,-63.651279830102446,29.999999999999996,33.190631340573375
11.239999999999805,1098.230709343104,-63.692264921221096,29.999999999999996,33.17958178192624
11.249999999999805,1100.1708475234523,-63.73313681132803,29.999999999999996,33.16832205497114
11.259999999999804,1102.1126600566286,-63.77389583553485,29.999999999999996,33.156853901159465
11.269999999999804,1104.0561471654887,-63.81454233503745,29.999999999999996,33.14517907165094
11.279999999999804,1106.001309076729,-63.85507665706695,29.999999999999996,33.133299327134715
11.289999999999804,1107.9481460208483,-63.89549915484038,29.999999999999996,33.12121643765039
11.299999999999804,1109.8966582321102,-63.93581018751107,29.999999999999996,33.108932182408985
11.309999999999803,1111.8468459485057,-63.976010120118836,29.999999999999996,33.09644834961396
11.319999999999803,1113.7987094117145,-64.01609932353988,29.999999999999996,33.083766736282136
11.329999999999803,1115.7522488670675,-64.05607817443644,29.999999999999996,33.070889148064744
11.339999999999803,1117.7074645635078,-64.09594705520624,29.999999999999996,33.05781739906838
11.349999999999802,1119.664356753552,-64.13570635393167,29.999999999999996,33.04455331167606
11.359999999999802,1121.6229256932525,-64.17535646432874,29.999999999999996,33.03109871636839
11.369999999999802,1123.5831716421567,-64.21489778569581,29.999999999999996,33.017455451544635
11.379999999999802,1125.54509486327,-64.25433072286206,29.999999999999996,33.00362536334405
11.389999999999802,1127.508695623015,-64.2936556861358,29.999999999999996,32.9896103054672
11.399999999999801,1129.4739741911933,-64.33287309125251,29.999999999999996,32.97541213899743
11.409999999999801,1131.4409308409454,-64.37198335932267,29.999999999999996,32.96103273222241
11.419999999999801,1133.4095658487108,-64.41098691677944,29.999999999999996,32.94647396045591
11.4299999999998,1135.3798794941893,-64.449884195326,29.999999999999996,32.931737705859646
11.4399999999998,1137.3518720603001,-64.48867563188288,29.999999999999996,32.916825857265295
11.4499999999998,1139.3255438331423,-64.52736166853491,29.999999999999996,32.90174030999675
11.4599999999998,1141.3008951019547,-64.56594275247804,29.999999999999996,32.886482965692466
11.4699999999998,1143.2779261590758,-64.60441933596604,29.999999999999996,32.87105573212815
11.4799999999998,1145.2566372999033,-64.64279187625691,29.999999999999996,32.85546052303952
11.4899999999998,1147.2370288228537,-64.68106083555915,29.999999999999996,32.8396992579454
11.4999999999998,1149.219101029322,-64.71922668097787,29.999999999999996,32.82377386197103
11.509999999999799,1151.2028542236412,-64.75728988446068,29.999999999999996,32.807686265671585
11.519999999999799,1153.1882887130414,-64.79525092274342,29.999999999999996,32.79143840485609
11.529999999999799,1155.1754048076093,-64.8331102772958,29.999999999999996,32.77503222041147
11.539999999999798,1157.1642028202473,-64.87086843426674,29.999999999999996,32.758469658127
11.549999999999798,1159.154683066633,-64.90852588442965,29.999999999999996,32.741752668519005
11.559999999999798,1161.1468458651777,-64.94608312312755,29.999999999999996,32.72488320665597
11.569999999999798,1163.140691536986,-64.983540650218,29.999999999999996,32.70786323198385
11.579999999999798,1165.1362204058146,-65.02089897001788,29.999999999999996,32.69069470815186
11.589999999999797,1167.1334327980314,-65.05815859124806,29.999999999999996,32.67337960283855
11.599999999999797,1169.1323290425744,-65.09532002697794,29.999999999999996,32.65591988757826
11.609999999999797,1171.1329094709101,-65.13238379456982,29.999999999999996,32.63831753758801
11.619999999999797,1173.1351744169933,-65.1693504156231,29.999999999999996,32.62057453159471
11.629999999999797,1175.1391242172251,-65.20622041591851,29.999999999999996,32.60269285166286
11.639999999999796,1177.1447592104123,-65.242994325362,29.999999999999996,32.5846744830226
11.649999999999796,1179.152079737726,-65.27967267792873,29.999999999999996,32.56652141389827
11.659999999999796,1181.1610861426598,-65.31625601160673,29.999999999999996,32.54823563533732
11.669999999999796,1183.1717787709902,-65.35274486834061,29.999999999999996,32.52981914103979
11.679999999999795,1185.1841579707336,-65.38913979397515,29.999999999999996,32.51127392718816
11.689999999999795,1187.1982240921066,-65.42544133819867,29.999999999999996,32.49260199227776
11.699999999999795,1189.2139774874834,-65.46165005448643,29.999999999999996,32.47380533694762
11.709999999999795,1191.231418511356,-65.49776650004387,29.999999999999996,32.454885963811854
11.719999999999795,1193.250547520292,-65.53379123574979,29.999999999999996,32.43584587729151
11.729999999999794,1195.271364872894,-65.5697248260994,29.999999999999996,32.41668708344708
11.739999999999794,1197.293870929759,-65.60556783914734,29.999999999999996,32.39741158981135
11.749999999999794,1199.3180660534354,-65.64132084645058,29.999999999999996,32.378021405222974
11.759999999999794,1201.3439506083846,-65.67698442301129,29.999999999999996,32.35851853966053
11.769999999999794,1203.3715249609384,-65.7125591472196,29.999999999999996,32.33890500407717
11.779999999999793,1205.400789479258,-65.7480456007963,29.999999999999996,32.319182810235816
11.789999999999793,1207.431744533294,-65.78344436873553,29.999999999999996,32.299353970545
11.799999999999793,1209.464390494745,-65.8187560392473,29.999999999999996,32.279420497895316
11.809999999999793,1211.4987277370165,-65.85398120370012,29.999999999999996,32.25938440549639
11.819999999999792,1213.5347566351809,-65.88912045656339,29.999999999999996,32.23924770671462
11.829999999999792,1215.5724775659364,-65.92417439534995,29.999999999999996,32.21901241491145
11.839999999999792,1217.611890907567,-65.95914362055838,29.999999999999996,32.19868054328229
11.849999999999792,1219.6529970399008,-65.99402873561544,29.999999999999996,32.17825410469619
11.859999999999792,1221.695796344271,-66.0288303468184,29.999999999999996,32.15773511153605
11.869999999999791,1223.7402892034745,-66.06354906327728,29.999999999999996,32.137125575539635
11.879999999999791,1225.7864760017324,-66.09818549685721,29.999999999999996,32.11642750764116
11.889999999999791,1227.834357124649,-66.13274026212069,29.999999999999996,32.09564291781367
11.89999999999979,1229.8839329591724,-66.16721397626978,29.999999999999996,32.074773814912064
11.90999999999979,1231.9352038935544,-66.20160725908836,29.999999999999996,32.05382220651687
11.91999999999979,1233.9881703173105,-66.23592073288441,29.999999999999996,32.03279009877873
11.92999999999979,1236.0428326211802,-66.27015502243216,29.999999999999996,32.011679496263646
11.93999999999979,1238.0991911970873,-66.30431075491437,29.999999999999996,31.990492401798925
11.94999999999979,1240.1572464381004,-66.3383885598645,29.999999999999996,31.969230816319918
11.95999999999979,1242.2169987383934,-66.37238906910903,29.999999999999996,31.947896738717517
11.96999999999979,1244.2784484932063,-66.4063129167097,29.999999999999996,31.92649216568643
11.979999999999789,1246.3415960988057,-66.44016073890567,29.999999999999996,31.90501909157421
11.989999999999789,1248.4064419524464,-66.473933174056,29.999999999999996,31.883479508231115
11.999999999999789,1250.472986452332,-66.50763086258179,29.999999999999996,31.861875404860736
12.009999999999788,1252.5412299975758,-66.54125444690867,29.999999999999996,31.84020876787145
12.019999999999788,1254.6111729881627,-66.57480457140906,29.999999999999996,31.818481580728694
12.029999999999788,1256.6828158249107,-66.60828188234473,29.999999999999996,31.796695823808044
12.039999999999788,1258.7561589094316,-66.64168702780913,29.999999999999996,31.774853474249174
12.049999999999788,1260.8312026440942,-66.67502065766998,29.999999999999996,31.7529565058106
12.059999999999787,1262.9079474319851,-66.70828342351182,29.999999999999996,31.731006888725314
12.069999999999787,1264.9863936768713,-66.7414759785786,29.999999999999996,31.709006589557273
12.079999999999787,1267.066541783162,-66.7745989777164,29.999999999999996,31.686957571058738
12.089999999999787,1269.148392155871,-66.8076530773161,29.999999999999996,31.664861792028514
12.099999999999786,1271.2319452005804,-66.84063893525628,29.999999999999996,31.642721207171046
12.109999999999786,1273.3172013234014,-66.87355721084599,29.999999999999996,31.620537766956435
12.119999999999786,1275.4041609309384,-66.90640856476779,29.999999999999996,31.59831341748133
12.129999999999786,1277.4928244302519,-66.93919365902075,29.999999999999996,31.576050100330725
12.139999999999786,1279.5831922288214,-66.97191315686355,29.999999999999996,31.553749752440694
12.149999999999785,1281.6752647345093,-67.0045677227577,29.999999999999996,31.53141430596203
12.159999999999785,1283.7690423555234,-67.03715802231083,29.999999999999996,31.5090456881248
12.169999999999785,1285.8645255003821,-67.06968472222009,29.999999999999996,31.48664582110387
12.179999999999785,1287.961714577877,-67.1021484902156,29.999999999999996,31.46421662188534
12.189999999999785,1290.060609997038,-67.13454999500411,29.999999999999996,31.441760002133925
12.199999999999784,1292.1612121670967,-67.16688990621266,29.999999999999996,31.41927786806135
12.209999999999784,1294.2635214974514,-67.19916889433239,29.999999999999996,31.396772120295616
12.219999999999784,1296.3675383976322,-67.23138763066247,29.999999999999996,31.374244653751326
12.229999999999784,1298.4732632772648,-67.26354678725417,29.999999999999996,31.351697357500914
12.239999999999783,1300.5806965460365,-67.29564703685502,29.999999999999996,31.3291321146469
12.249999999999783,1302.6898386136609,-67.3276890528531,29.999999999999996,31.306550802195126
12.259999999999783,1304.8006898898436,-67.3596735092215,29.999999999999996,31.28395529092899
12.269999999999783,1306.9132507842478,-67.39160108046285,29.999999999999996,31.261347445284645
12.279999999999783,1309.02752170646,-67.42347244155407,29.999999999999996,31.238729123227255
12.289999999999782,1311.1435030659566,-67.45528826789118,29.999999999999996,31.21610217612823
12.299999999999782,1313.2611952720695,-67.48704923523432,29.999999999999996,31.19346844864352
12.309999999999782,1315.3805987339529,-67.51875601965291,29.999999999999996,31.170829778592857
12.319999999999782,1317.5017138605504,-67.55040929747094,29.999999999999996,31.148187996840107
12.329999999999782,1319.6245410605613,-67.5820097452124,29.999999999999996,31.12554492717462
12.339999999999781,1321.749080742408,-67.613558039547,29.999999999999996,31.102902386193623
12.349999999999781,1323.8753333142033,-67.64505485723586,29.999999999999996,31.08026218318565
12.359999999999781,1326.0032991837181,-67.67650087507754,29.999999999999996,31.057626120015055
12.36999999999978,1328.1329787583488,-67.70789676985413,29.999999999999996,31.03499599100754
12.37999999999978,1330.264372445086,-67.73924321827765,29.999999999999996,31.012373582836776
12.38999999999978,1332.397480650482,-67.77054089693644,29.999999999999996,30.98976067441207
12.39999999999978,1334.53230378062,-67.8017904822419,29.999999999999996,30.96715903676711
12.40999999999978,1336.6688422410818,-67.83299265037537,29.999999999999996,30.94457043294979
12.41999999999978,1338.807096436918,-67.8641480772352,29.999999999999996,30.921996617913095
12.42999999999978,1340.947066772616,-67.89525743838396,29.999999999999996,30.89943933840712
12.43999999999978,1343.0887536520697,-67.92632140899596,29.999999999999996,30.876900332872097
12.449999999999779,1345.2321574785499,-67.95734066380489,29.999999999999996,30.854381331332583
12.459999999999779,1347.3772786546729,-67.98831587705168,29.999999999999996,30.83188405529272
12.469999999999779,1349.5241175823714,-68.01924772243262,29.999999999999996,30.80941021763259
12.479999999999778,1351.672674662865,-68.05013687304768,29.999999999999996,30.786961522505695
12.489999999999778,1353.8229502966294,-68.08098400134891,29.999999999999996,30.764539665237507
12.499999999999778,1355.974944883369,-68.11178977908932,29.999999999999996,30.742146332225172
12.509999999999778,1358.1286588219868,-68.14255487727179,29.999999999999996,30.719783200838304
12.519999999999778,1360.2840925105559,-68.17327996609822,29.999999999999996,30.69745193932092
12.529999999999777,1362.441246346291,-68.20396571491904,29.999999999999996,30.675154206694458
12.539999999999777,1364.6001207255206,-68.2346127921828,29.999999999999996,30.652891652661967
12.549999999999777,1366.760716043658,-68.26522186538611,29.999999999999996,30.630665917513394
12.559999999999777,1368.9230326951745,-68.29579360102377,29.999999999999996,30.608478632032014
12.569999999999776,1371.0870710735717,-68.32632866453919,29.999999999999996,30.586331417401997
12.579999999999776,1373.252831571354,-68.35682772027498,29.999999999999996,30.564225885117107
12.589999999999776,1375.4203145800013,-68.38729143142385,29.999999999999996,30.542163636890546
12.599999999999776,1377.5895204899432,-68.4177204599798,29.999999999999996,30.520146264565945
12.609999999999776,1379.7604496905312,-68.44811546668949,29.999999999999996,30.498175350029474
12.619999999999775,1381.9331025700137,-68.4784771110039,29.999999999999996,30.476252465123146
12.629999999999775,1384.107479515509,-68.5088060510303,29.999999999999996,30.454379171559236
12.639999999999775,1386.2835809129801,-68.53910294348445,29.999999999999996,30.43255702083586
12.649999999999775,1388.4614071472085,-68.56936844364301,29.999999999999996,30.410787554153703
12.659999999999775,1390.6409586017699,-68.59960320529638,29.999999999999996,30.389072302333943
12.669999999999774,1392.8222356590081,-68.62980788070165,29.999999999999996,30.367412785737276
12.679999999999774,1395.0052387000114,-68.65998312053597,29.999999999999996,30.34581051418414
12.689999999999774,1397.189968104587,-68.69012957385013,29.999999999999996,30.324266986876083
12.699999999999774,1399.3764242512373,-68.7202478880224,29.999999999999996,30.302783692318307
12.709999999999773,1401.5646075171355,-68.75033870871275,29.999999999999996,30.281362108243375
12.719999999999773,1403.7545182781025,-68.78040267981727,29.999999999999996,30.260003701536085
12.729999999999773,1405.9461569085827,-68.81044044342298,29.999999999999996,30.238709928159498
12.739999999999773,1408.1395237816207,-68.84045263976284,29.999999999999996,30.217482233082162
12.749999999999773,1410.334619268839,-68.87043990717115,29.999999999999996,30.19632205020649
12.759999999999772,1412.5314437404152,-68.90040288203917,29.999999999999996,30.17523080229831
12.769999999999772,1414.729997565058,-68.93034219877117,29.999999999999996,30.154209900917575
12.779999999999772,1416.930281109987,-68.96025848974061,29.999999999999996,30.133260746350288
12.789999999999772,1419.1322947409092,-68.99015238524682,29.999999999999996,30.112384727541567
12.799999999999772,1421.3360388219983,-69.02002451347185,29.999999999999996,30.091583222029875
12.809999999999771,1423.5415137158723,-69.04987550043778,29.999999999999996,30.070857595882472
12.819999999999771,1425.748719783573,-69.07970596996417,29.999999999999996,30.05020920363198
12.829999999999771,1427.9576573845447,-69.109516543626,29.999999999999996,30.029639388214203
12.83999999999977,1430.1683268766135,-69.13930784071188,29.999999999999996,30.00914948090704
12.84999999999977,1432.3807286159663,-69.16908047818252,29.999999999999996,29.98874080127063
12.85999999999977,1434.5948629571317,-69.19883507062964,29.999999999999996,29.968414657088665
12.86999999999977,1436.8107302529593,-69.22857223023514,29.999999999999996,29.948172344310862
12.87999999999977,1439.0283308545997,-69.25829256673066,29.999999999999996,29.92801514699663
12.88999999999977,1441.247665111486,-69.28799668735739,29.999999999999996,29.907944337259888
12.89999999999977,1443.4687333713134,-69.31768519682633,29.999999999999996,29.887961175215118
12.90999999999977,1445.6915359800214,-69.34735869727884,29.999999999999996,29.868066908924508
12.919999999999769,1447.916073281774,-69.37701778824747,29.999999999999996,29.848262774346345
12.929999999999769,1450.1423456189423,-69.40666306661733,29.999999999999996,29.828549995284547
12.939999999999769,1452.3703533320852,-69.43629512658755,29.999999999999996,29.808929783339376
12.949999999999768,1454.6000967599325,-69.46591455963335,29.999999999999996,29.789403337859316
12.959999999999768,1456.8315762393665,-69.49552195446822,29.999999999999996,29.769971845894144
12.969999999999768,1459.0647921054049,-69.52511789700665,29.999999999999996,29.75063648214917
12.979999999999768,1461.299744691183,-69.55470297032717,29.999999999999996,29.731398408940596
12.989999999999768,1463.5364343279373,-69.58427775463565,29.999999999999996,29.712258776152147
12.999999999999767,1465.7748613449892,-69.61384282722908,29.999999999999996,29.693218721192757
13.009999999999767,1468.0150260697271,-69.64339876245968,29.999999999999996,29.67427936895551
13.019999999999767,1470.2569288275918,-69.67294613169938,29.999999999999996,29.655441831777694
13.029999999999767,1472.5005699420594,-69.70248550330457,29.999999999999996,29.636707209402047
13.039999999999766,1474.7459497346263,-69.73201744258144,29.999999999999996,29.618076588939154
13.049999999999766,1476.9930685247928,-69.76154251175146,29.999999999999996,29.599551044830996
13.059999999999766,1479.241926630049,-69.79106126991735,29.999999999999996,29.581131638815684
13.069999999999766,1481.492524365859,-69.82057427302945,29.999999999999996,29.562819419893327
13.079999999999766,1483.7448620456466,-69.85008207385239,29.999999999999996,29.544615424293067
13.089999999999765,1485.9989399807803,-69.87958522193216,29.999999999999996,29.52652067544126
13.099999999999765,1488.2547584805595,-69.90908426356361,29.999999999999996,29.508536183930833
13.109999999999765,1490.5123178522006,-69.93857974175828,29.999999999999996,29.490662947491725
13.119999999999765,1492.7716184008225,-69.96807219621262,29.999999999999996,29.47290195096258
13.129999999999765,1495.0326604294337,-69.99756216327661,29.999999999999996,29.455254166263476
13.139999999999764,1497.2954442389187,-70.02705017592277,29.999999999999996,29.437720552369864
13.149999999999764,1499.559970128025,-70.05653676371553,29.999999999999996,29.42030205528764
13.159999999999764,1501.8262383933506,-70.08602245278102,29.999999999999996,29.402999608029322
13.169999999999764,1504.094249329331,-70.11550776577727,29.999999999999996,29.385814130591392
13.179999999999763,1506.3640032282267,-70.14499322186467,29.999999999999996,29.368746529932764
13.189999999999763,1508.6355003801116,-70.17447933667702,29.999999999999996,29.351797699954375
13.199999999999763,1510.908741072861,-70.20396662229287,29.999999999999996,29.334968521479905
13.209999999999763,1513.1837255921394,-70.23345558720719,29.999999999999996,29.318259862237618
13.219999999999763,1515.4604542213897,-70.26294673630359,29.999999999999996,29.30167257684332
13.229999999999762,1517.738927241822,-70.2924405708268,29.999999999999996,29.285207506784452
13.239999999999762,1520.0191449324025,-70.32193758835564,29.999999999999996,29.268865480405275
13.249999999999762,1522.3011075698423,-70.35143828277636,29.999999999999996,29.25264731289318
13.259999999999762,1524.584815428588,-70.38094314425632,29.999999999999996,29.236553806266105
13.269999999999762,1526.8702687808102,-70.41045265921822,29.999999999999996,29.220585749361035
13.279999999999761,1529.1574678963943,-70.43996731031456,29.999999999999996,29.20474391782364
13.289999999999761,1531.4464130429305,-70.4694875764026,29.999999999999996,29.189029074098965
13.299999999999761,1533.737104485704,-70.49901393251976,29.999999999999996,29.173441967423265
13.30999999999976,1536.029542487686,-70.52854684985932,29.999999999999996,29.157983333816873
13.31999999999976,1538.3237273095244,-70.55808679574662,29.999999999999996,29.142653896078198
13.32999999999976,1540.6196592095346,-70.58763423361556,29.999999999999996,29.127454363778796
13.33999999999976,1542.9173384436908,-70.61718962298566,29.999999999999996,29.112385433259483
13.34999999999976,1545.2167652656187,-70.64675341943939,29.999999999999996,29.09744778762759
13.35999999999976,1547.5179399265855,-70.67632607459997,29.999999999999996,29.082642096755215
13.36999999999976,1549.8208626754931,-70.70590803610958,29.999999999999996,29.06796901727859
13.37999999999976,1552.1255337588698,-70.73549974760793,29.999999999999996,29.053429192598486
13.389999999999759,1554.4319534208626,-70.76510164871138,29.999999999999996,29.039023252881698
13.399999999999759,1556.7401219032304,-70.79471417499224,29.999999999999996,29.024751815063546
13.409999999999759,1559.050039445336,-70.82433775795869,29.999999999999996,29.01061548285146
13.419999999999758,1561.3617062841402,-70.85397282503503,29.999999999999996,28.996614846729592
13.429999999999758,1563.6751226541935,-70.88361979954232,29.999999999999996,28.98275048396448
13.439999999999758,1565.9902887876315,-70.91327910067945,29.999999999999996,28.969022958611706
13.449999999999758,1568.307204914167,-70.94295114350466,29.999999999999996,28.955432821523658
13.459999999999757,1570.6258712610847,-70.97263633891744,29.999999999999996,28.94198061035824
13.469999999999757,1572.946288053235,-71.0023350936408,29.999999999999996,28.92866684958865
13.479999999999757,1575.2684555130286,-71.03204781020402,29.999999999999996,28.915492050514175
13.489999999999757,1577.5923738604304,-71.0617748869258,29.999999999999996,28.902456711271952
13.499999999999757,1579.918043312955,-71.09151671789782,29.999999999999996,28.8895613168498
13.509999999999756,1582.245464085661,-71.12127369296864,29.999999999999996,28.876806339099993
13.519999999999756,1584.5746363911467,-71.15104619772816,29.999999999999996,28.86419223675405
13.529999999999756,1586.9055604395448,-71.18083461349235,29.999999999999996,28.851719455438552
13.539999999999756,1589.2382364385182,-71.21063931728847,29.999999999999996,28.839388427691883
13.549999999999756,1591.5726645932561,-71.24046068184069,29.999999999999996,28.827199572981982
13.559999999999755,1593.9088451064692,-71.2702990755561,29.999999999999996,28.815153297725086
13.569999999999755,1596.2467781783864,-71.30015486251115,29.999999999999996,28.803249995305396
13.579999999999755,1598.586464006751,-71.33002840243853,29.999999999999996,28.791490046095763
13.589999999999755,1600.927902786817,-71.3599200507144,29.999999999999996,28.779873817479277
13.599999999999755,1603.271094711346,-71.38983015834604,29.999999999999996,28.768401663871867
13.609999999999754,1605.616039970604,-71.41975907196,29.999999999999996,28.75707392674577
13.619999999999754,1607.962738752359,-71.44970713379053,29.999999999999996,28.74589093465404
13.629999999999754,1610.3111912418772,-71.4796746816685,29.999999999999996,28.734853003255907
13.639999999999754,1612.6613976219214,-71.50966204901074,29.999999999999996,28.723960435343102
13.649999999999753,1615.0133580727488,-71.53966956480971,29.999999999999996,28.71321352086712
13.659999999999753,1617.3670727721078,-71.56969755362368,29.999999999999996,28.70261253696738
13.669999999999753,1619.7225418952373,-71.59974633556722,29.999999999999996,28.692157748000277
13.679999999999753,1622.0797656148638,-71.62981622630217,29.999999999999996,28.6818494055692
13.689999999999753,1624.4387441012009,-71.65990753702899,29.999999999999996,28.671687748555403
13.699999999999752,1626.7994775219468,-71.6900205744785,29.999999999999996,28.661673003149776
13.709999999999752,1629.161966042284,-71.72015564090405,29.999999999999996,28.65180538288552
13.719999999999752,1631.5262098248775,-71.7503130340741,29.999999999999996,28.642085088671692
13.729999999999752,1633.892209029875,-71.78049304726513,29.999999999999996,28.632512308827625
13.739999999999752,1636.259963814905,-71.81069596925506,29.999999999999996,28.62308721911823
13.749999999999751,1638.6294743350768,-71.84092208431704,29.999999999999996,28.613809982790144
13.759999999999751,1641.0007407429807,-71.87117167221355,29.999999999999996,28.60468075060874
13.76999999999975,1643.373763188687,-71.90144500819103,29.999999999999996,28.595699660896017
13.77999999999975,1645.7485418197466,-71.93174236297484,29.999999999999996,28.586866839569275
13.78999999999975,1648.1250767811907,-71.96206400276459,29.999999999999996,28.578182400180673
13.79999999999975,1650.503368215532,-71.99241018922996,29.999999999999996,28.56964644395761
13.80999999999975,1652.8834162627643,-72.02278117950681,29.999999999999996,28.561259059843923
13.81999999999975,1655.265221060364,-72.05317722619377,29.999999999999996,28.553020324541905
13.82999999999975,1657.6487827432902,-72.08359857734915,29.999999999999996,28.54493030255513
13.83999999999975,1660.0341014439866,-72.11404547648833,29.999999999999996,28.536989046232097
13.84999999999975,1662.4211772923823,-72.14451816258143,29.999999999999996,28.529196595810657
13.859999999999749,1664.8100104158927,-72.17501687005148,29.999999999999996,28.52155297946324
13.869999999999749,1667.2006009394224,-72.2055418287729,29.999999999999996,28.514058213342857
13.879999999999749,1669.5929489853654,-72.23609326407039,29.999999999999996,28.506712301629886
13.889999999999748,1671.9870546736079,-72.26667139671825,29.999999999999996,28.499515236579633
13.899999999999748,1674.3829181215299,-72.29727644293999,29.999999999999996,28.49246699857066
13.909999999999748,1676.780539444008,-72.3279086144084,29.999999999999996,28.485567556153832
13.919999999999748,1679.179918753417,-72.358568118246,29.999999999999996,28.478816866102182
13.929999999999747,1681.5810561596336,-72.38925515702581,29.999999999999996,28.47221487346145
13.939999999999747,1683.9839517700373,-72.41996992877257,29.999999999999996,28.465761511601404
13.949999999999747,1686.3886056895146,-72.45071262696428,29.999999999999996,28.45945670226787
13.959999999999747,1688.7950180204618,-72.48148344053413,29.999999999999996,28.45330035563549
13.969999999999747,1691.203188862788,-72.51228255387286,29.999999999999996,28.44729237036119
13.979999999999746,1693.613118313918,-72.54311014683141,29.999999999999996,28.441432633638353
13.989999999999746,1696.0248064687967,-72.57396639472394,29.999999999999996,28.43572102125172
13.999999999999746,1698.4382534198917,-72.60485146833133,29.999999999999996,28.430157397632936
14.009999999999746,1700.8534592571978,-72.63576553390493,29.999999999999996,28.424741615916812
14.019999999999746,1703.2704240682406,-72.6667087531707,29.999999999999996,28.41947351799828
14.029999999999745,1705.6891479380804,-72.69768128333374,29.999999999999996,28.414352934589985
14.039999999999745,1708.1096309493169,-72.72868327708319,29.999999999999996,28.409379685280555
14.049999999999745,1710.5318731820932,-72.75971488259748,29.999999999999996,28.40455357859354
14.059999999999745,1712.9558747141004,-72.79077624354987,29.999999999999996,28.399874412046984
14.069999999999744,1715.381635620582,-72.82186749911448,29.999999999999996,28.395341972213654
14.079999999999744,1717.809155974339,-72.8529887839725,29.999999999999996,28.390956034781876
14.089999999999744,1720.238435845735,-72.884140228319,29.999999999999996,28.386716364617044
14.099999999999744,1722.6694753027007,-72.91532195786978,29.999999999999996,28.3826227158237
14.109999999999744,1725.1022744107395,-72.94653409386883,29.999999999999996,28.378674831808265
14.119999999999743,1727.536833232933,-72.97777675309602,29.999999999999996,28.374872445342348
14.129999999999743,1729.9731518299463,-73.00905004787514,29.999999999999996,28.371215278626668
14.139999999999743,1732.4112302600333,-73.04035408608229,29.999999999999996,28.367703043355558
14.149999999999743,1734.851068579043,-73.07168897115463,29.999999999999996,28.364335440782067
14.159999999999743,1737.2926668404252,-73.10305480209942,29.999999999999996,28.36111216178361
14.169999999999742,1739.7360250952368,-73.13445167350349,29.999999999999996,28.3580328869282
14.179999999999742,1742.1811433921473,-73.16587967554291,29.999999999999996,28.355097286541255
14.189999999999742,1744.6280217774458,-73.1973388939931,29.999999999999996,28.35230502077294
14.199999999999742,1747.076660295047,-73.22882941023926,29.999999999999996,28.34965573966603
14.209999999999742,1749.5270589864986,-73.26035130128702,29.999999999999996,28.347149083224377
14.219999999999741,1751.9792178909863,-73.29190463977358,29.999999999999996,28.344784681481833
14.229999999999741,1754.4331370453428,-73.32348949397905,29.999999999999996,28.34256215457174
14.23999999999974,1756.888816484053,-73.35510592783814,29.999999999999996,28.340481112796923
14.24999999999974,1759.346256239262,-73.3867540009522,29.999999999999996,28.33854115670018
14.25999999999974,1761.8054563407818,-73.41843376860153,29.999999999999996,28.336741877135292
14.26999999999974,1764.2664168160995,-73.45014528175805,29.999999999999996,28.33508285533849
14.27999999999974,1766.7291376903838,-73.48188858709825,29.999999999999996,28.33356366300045
14.28999999999974,1769.193618986493,-73.51366372701644,29.999999999999996,28.33218386233872
14.29999999999974,1771.6598607249828,-73.54547073963833,29.999999999999996,28.33094300617065
14.30999999999974,1774.127862924114,-73.57730965883495,29.999999999999996,28.32984063798676
14.31999999999974,1776.5976255998605,-73.60918051423675,29.999999999999996,28.328876292024564
14.329999999999739,1779.0691487659176,-73.64108333124817,29.999999999999996,28.328049493342853
14.339999999999739,1781.5424324337098,-73.67301813106229,29.999999999999996,28.327359757896406
14.349999999999739,1784.0174766123994,-73.70498493067605,29.999999999999996,28.32680659261111
14.359999999999738,1786.4942813088949,-73.73698374290548,29.999999999999996,28.32638949545955
14.369999999999738,1788.972846527859,-73.76901457640143,29.999999999999996,28.32610795553696
14.379999999999738,1791.4531722717186,-73.80107743566548,29.999999999999996,28.325961453137612
14.389999999999738,1793.9352585406723,-73.83317232106612,29.999999999999996,28.325949459831616
14.399999999999737,1796.4191053326997,-73.86529922885533,29.999999999999996,28.326071438542055
14.409999999999737,1798.9047126435705,-73.89745815118532,29.999999999999996,28.326326843622567
14.419999999999737,1801.3920804668537,-73.92964907612556,29.999999999999996,28.32671512093527
14.429999999999737,1803.8812087939266,-73.96187198768014,29.999999999999996,28.32723570792904
14.439999999999737,1806.3720976139846,-73.9941268658054,29.999999999999996,28.32788803371821
14.449999999999736,1808.8647469140499,-74.02641368642773,29.999999999999996,28.328671519161524
14.459999999999736,1811.3591566789814,-74.05873242146176,29.999999999999996,28.32958557694153
14.469999999999736,1813.8553268914852,-74.09108303882871,29.999999999999996,28.33062961164426
14.479999999999736,1816.3532575321228,-74.12346550247513,29.999999999999996,28.331803019839246
14.489999999999736,1818.8529485793224,-74.15587977239171,29.999999999999996,28.333105190159866
14.499999999999735,1821.354400009388,-74.18832580463256,29.999999999999996,28.33453550338399
14.509999999999735,1823.85761179651,-74.2208035513345,29.999999999999996,28.33609333251495
14.519999999999735,1826.3625839127749,-74.25331296073689,29.999999999999996,28.33777804286278
14.529999999999735,1828.8693163281762,-74.28585397720143,29.999999999999996,28.339588992125794
14.539999999999734,1831.3778090106243,-74.31842654123234,29.999999999999996,28.341525530472385
14.549999999999734,1833.8880619259576,-74.35103058949683,29.999999999999996,28.343587000623153
14.559999999999734,1836.4000750379519,-74.38366605484568,29.999999999999996,28.34577273793327
14.569999999999734,1838.9138483083327,-74.41633286633412,29.999999999999996,28.348082070475108
14.579999999999734,1841.429381696785,-74.44903094924297,29.999999999999996,28.350514319121142
14.589999999999733,1843.946675160964,-74.48176022509996,29.999999999999996,28.353068797627063
14.599999999999733,1846.465728656507,-74.51452061170131,29.999999999999996,28.355744812715148
14.609999999999733,1848.9865421370437,-74.54731202313353,29.999999999999996,28.358541664157865
14.619999999999733,1851.5091155542077,-74.58013436979537,29.999999999999996,28.361458644861678
14.629999999999733,1854.0334488576477,-74.61298755842016,29.999999999999996,28.364495040951088
14.639999999999732,1856.5595419950391,-74.64587149209814,29.999999999999996,28.367650131852862
14.649999999999732,1859.0873949120949,-74.67878607029922,29.999999999999996,28.37092319038048
14.659999999999732,1861.617007552578,-74.7117311888958,29.999999999999996,28.37431348281876
14.669999999999732,1864.148379858312,-74.74470674018583,29.999999999999996,28.377820269008662
14.679999999999731,1866.6815117691938,-74.77771261291615,29.999999999999996,28.381442802432282
14.689999999999731,1869.2164032232047,-74.81074869230592,29.999999999999996,28.385180330298013
14.699999999999731,1871.7530541564229,-74.84381486007034,29.999999999999996,28.389032093625858
14.70999999999973,1874.291464503035,-74.87691099444447,29.999999999999996,28.392997327332903
14.71999999999973,1876.8316341953484,-74.91003697020739,29.999999999999996,28.39707526031893
14.72999999999973,1879.373563163803,-74.94319265870635,29.999999999999996,28.40126511555219
14.73999999999973,1881.9172513369842,-74.97637792788132,29.999999999999996,28.40556611015527
14.74999999999973,1884.4626986416347,-75.00959264228952,29.999999999999996,28.409977455491127
14.75999999999973,1887.0099050026668,-75.04283666313033,29.999999999999996,28.4144983572492
14.76999999999973,1889.5588703431752,-75.07610984827022,29.999999999999996,28.419128015531662
14.77999999999973,1892.1095945844497,-75.1094120522679,29.999999999999996,28.423865624939754
14.78999999999973,1894.6620776459874,-75.1427431263997,29.999999999999996,28.428710374660213
14.799999999999729,1897.216319445506,-75.17610291868503,29.999999999999996,28.43366144855182
14.809999999999729,1899.7723198989559,-75.20949127391212,29.999999999999996,28.438718025231978
14.819999999999729,1902.3300789205334,-75.24290803366377,29.999999999999996,28.443879278163394
14.829999999999728,1904.8895964226942,-75.27635303634338,29.999999999999996,28.44914437574083
14.839999999999728,1907.4508723161657,-75.30982611720114,29.999999999999996,28.454512481377897
14.849999999999728,1910.0139065099604,-75.34332710836027,29.999999999999996,28.45998275359391
14.859999999999728,1912.578698911389,-75.37685583884353,29.999999999999996,28.46555434610077
14.869999999999727,1915.1452494260736,-75.41041213459978,29.999999999999996,28.47122640788991
14.879999999999727,1917.7135579579615,-75.4439958185308,29.999999999999996,28.476998083319266
14.889999999999727,1920.283624409338,-75.4776067105181,29.999999999999996,28.482868512200238
14.899999999999727,1922.85544868084,-75.51124462745004,29.999999999999996,28.48883682988471
14.909999999999727,1925.4290306714697,-75.54490938324892,29.999999999999996,28.494902167352055
14.919999999999726,1928.0043702786083,-75.57860078889834,29.999999999999996,28.501063651296143
14.929999999999726,1930.5814673980294,-75.61231865247062,29.999999999999996,28.507320404212347
14.939999999999726,1933.1603219239128,-75.64606277915436,29.999999999999996,28.513671544484552
14.949999999999726,1935.7409337488582,-75.67983297128214,29.999999999999996,28.520116186472112
14.959999999999726,1938.3233027638996,-75.7136290283583,29.999999999999996,28.526653440596803
14.969999999999725,1940.9074288585186,-75.7474507470869,29.999999999999996,28.533282413429745
14.979999999999725,1943.4933119206585,-75.78129792139977,29.999999999999996,28.540002207778283
14.989999999999725,1946.0809518367384,-75.81517034248465,29.999999999999996,28.546811922772804
14.999999999999725,1948.670348491668,-75.84906779881346,29.999999999999996,28.553710653953523
15.009999999999724,1951.2615017688602,-75.88299007617069,29.999999999999996,28.560697493357203
15.019999999999724,1953.854411550247,-75.91693695768186,29.999999999999996,28.5677715296038
15.029999999999724,1956.449077716293,-75.95090822384212,29.999999999999996,28.574931847983045
15.039999999999724,1959.0455001460093,-75.98490365254493,29.999999999999996,28.58217753054093
15.049999999999724,1961.643678716969,-76.01892301911084,29.999999999999996,28.589507656166145
15.059999999999723,1964.2436133053202,-76.05296609631634,29.999999999999996,28.59692130067636
15.069999999999723,1966.8453037858023,-76.08703265442284,29.999999999999996,28.60441753690448
15.079999999999723,1969.4487500317591,-76.12112246120572,29.999999999999996,28.611995434784742
15.089999999999723,1972.0539519151541,-76.15523528198341,29.999999999999996,28.619654061438695
15.099999999999723,1974.6609093065847,-76.18937087964667,29.999999999999996,28.627392481261122
15.109999999999722,1977.269622075297,-76.22352901468787,29.999999999999996,28.635209756005754
15.119999999999722,1979.8800900892015,-76.2577094452303,29.999999999999996,28.64310494487093
15.129999999999722,1982.4923132148865,-76.29191192705767,29.999999999999996,28.651077104585056
15.139999999999722,1985.1062913176336,-76.32613621364358,29.999999999999996,28.659125289491953
15.149999999999721,1987.7220242614328,-76.36038205618111,29.999999999999996,28.66724855163607
15.159999999999721,1990.339511908997,-76.39464920361246,29.999999999999996,28.675445940847478
15.169999999999721,1992.9587541217775,-76.42893740265863,29.999999999999996,28.68371650482677
15.17999999999972,1995.5797507599784,-76.46324639784923,29.999999999999996,28.69205928922976
15.18999999999972,1998.2025016825721,-76.49757593155225,29.999999999999996,28.700473337751998
15.19999999999972,2000.8270067473143,-76.5319257440039,29.999999999999996,28.70895769221313
15.20999999999972,2003.4532658107591,-76.56629557333862,29.999999999999996,28.717511392641033
15.21999999999972,2006.0812787282744,-76.60068515561895,29.999999999999996,28.726133477355823
15.22999999999972,2008.7110453540568,-76.63509422486558,29.999999999999996,28.734822983053558
15.23999999999972,2011.342565541147,-76.66952251308741,29.999999999999996,28.743578944889865
15.24999999999972,2013.9758391414452,-76.70396975031163,29.999999999999996,28.752400396563235
15.25999999999972,2016.6108660057264,-76.7384356646138,29.999999999999996,28.76128637039818
15.269999999999719,2019.2476459836555,-76.77291998214812,29.999999999999996,28.770235897428158
15.279999999999719,2021.8861789238028,-76.8074224271775,29.999999999999996,28.779248007478216
15.289999999999718,2024.5264646736603,-76.84194272210382,29.999999999999996,28.788321729247482
15.299999999999718,2027.1685030796552,-76.87648058749824,29.999999999999996,28.797456090391325
15.309999999999718,2029.8122939871675,-76.91103574213132,29.999999999999996,28.80665011760337
15.319999999999718,2032.4578372405444,-76.94560790300346,29.999999999999996,28.815902836697152
15.329999999999718,2035.105132683116,-76.9801967853751,29.999999999999996,28.825213272687627
15.339999999999717,2037.7541801572104,-77.01480210279708,29.999999999999996,28.834580449872323
15.349999999999717,2040.4049795041706,-77.04942356714093,29.999999999999996,28.84400339191229
15.359999999999717,2043.057530564369,-77.08406088862928,29.999999999999996,28.853481121912743
15.369999999999717,2045.711833177223,-77.11871377586614,29.999999999999996,28.863012662503447
15.379999999999717,2048.3678871812117,-77.15338193586724,29.999999999999996,28.87259703591878
15.389999999999716,2051.0256924138903,-77.18806507409046,29.999999999999996,28.88223326407758
15.399999999999716,2053.6852487119068,-77.22276289446609,29.999999999999996,28.89192036866262
15.409999999999716,2056.3465559110173,-77.25747509942721,29.999999999999996,28.90165737119983
15.419999999999716,2059.0096138461013,-77.29220138994005,29.999999999999996,28.911443293137193
15.429999999999715,2061.6744223511787,-77.32694146553429,29.999999999999996,28.921277155923352
15.439999999999715,2064.340981259424,-77.36169502433337,29.999999999999996,28.931157981085896
15.449999999999715,2067.009290403184,-77.39646176308484,29.999999999999996,28.9410847903093
15.459999999999715,2069.6793496139912,-77.43124137719062,29.999999999999996,28.95105660551259
15.469999999999715,2072.3511587225817,-77.46603356073723,29.999999999999996,28.961072448926625
15.479999999999714,2075.02471755891,-77.50083800652612,29.999999999999996,28.971131343171084
15.489999999999714,2077.7000259521656,-77.53565440610382,29.999999999999996,28.981232311331116
15.499999999999714,2080.377083730787,-77.57048244979217,29.999999999999996,28.991374377033605
15.509999999999714,2083.0558907224804,-77.60532182671848,29.999999999999996,29.001556564523117
15.519999999999714,2085.7364467542334,-77.6401722248457,29.999999999999996,29.01177789873751
15.529999999999713,2088.418751652331,-77.67503333100245,29.999999999999996,29.022037405383145
15.539999999999713,2091.1028052423726,-77.70990483091317,29.999999999999996,29.032334111009767
15.549999999999713,2093.7886073492873,-77.7447864092281,29.999999999999996,29.042667043085
15.559999999999713,2096.476157797349,-77.77967774955326,29.999999999999996,29.05303523006849
15.569999999999713,2099.165456410194,-77.81457853448042,29.999999999999996,29.063437701485643
15.579999999999712,2101.8565030108352,-77.84948844561701,29.999999999999996,29.073873488001006
15.589999999999712,2104.5492974216786,-77.88440716361596,29.999999999999996,29.084341621491262
15.599999999999712,2107.243839464539,-77.91933436820547,29.999999999999996,29.094841135117843
15.609999999999712,2109.9401289606576,-77.9542697382188,29.999999999999996,29.105371063399105
15.619999999999711,2112.6381657307143,-77.98921295162394,29.999999999999996,29.115930442282167
15.629999999999711,2115.337949594847,-78.02416368555329,29.999999999999996,29.12651830921432
15.639999999999711,2118.0394803726654,-78.0591216163332,29.999999999999996,29.137133703214005
15.64999999999971,2120.742757883268,-78.09408641951347,29.999999999999996,29.147775664941435
15.65999999999971,2123.4477819452577,-78.12905776989686,29.999999999999996,29.15844323676876
15.66999999999971,2126.154552376757,-78.16403534156844,29.999999999999996,29.169135462849834
15.67999999999971,2128.8630689954234,-78.1990188079249,29.999999999999996,29.179851389189555
15.68999999999971,2131.573331618468,-78.23400784170386,29.999999999999996,29.190590063712783
15.69999999999971,2134.2853400626673,-78.26900211501298,29.999999999999996,29.201350536332825
15.70999999999971,2136.999094144382,-78.30400129935913,29.999999999999996,29.212131859019475
15.71999999999971,2139.7145936795723,-78.33900506567733,29.999999999999996,29.222933085866657
15.729999999999709,2142.4318384838125,-78.37401308435979,29.999999999999996,29.233753273159586
15.739999999999709,2145.1508283723074,-78.40902502528473,29.999999999999996,29.244591479441485
15.749999999999709,2147.871563159908,-78.4440405578452,29.999999999999996,29.255446765579908
15.759999999999708,2150.594042661127,-78.47905935097772,29.999999999999996,29.266318194832525
15.769999999999708,2153.3182666901553,-78.51408107319095,29.999999999999996,29.277204832912545
15.779999999999708,2156.0442350608764,-78.54910539259423,29.999999999999996,29.288105748053617
15.789999999999708,2158.771947586883,-78.58413197692596,29.999999999999996,29.299020011074273
15.799999999999708,2161.501404081492,-78.61916049358197,29.999999999999996,29.309946695441962
15.809999999999707,2164.232604357761,-78.6541906096438,29.999999999999996,29.32088487733655
15.819999999999707,2166.9655482285016,-78.68922199190682,29.999999999999996,29.33183363571337
15.829999999999707,2169.700235506298,-78.72425430690828,29.999999999999996,29.342792052365827
15.839999999999707,2172.436666003521,-78.75928722095527,29.999999999999996,29.353759211987484
15.849999999999707,2175.174839532343,-78.79432040015261,29.999999999999996,29.364734202233695
15.859999999999706,2177.9147559047537,-78.82935351043056,29.999999999999996,29.37571611378274
15.869999999999706,2180.6564149325764,-78.86438621757246,29.999999999999996,29.386704040396484
15.879999999999706,2183.399816427482,-78.89941818724228,29.999999999999996,29.397697078980546
15.889999999999706,2186.144960201006,-78.93444908501205,29.999999999999996,29.40869432964395
15.899999999999705,2188.8918460645623,-78.96947857638918,29.999999999999996,29.41969489575833
15.909999999999705,2191.6404738294586,-79.00450632684365,29.999999999999996,29.430697884016595
15.919999999999705,2194.3908433069128,-79.03953200183511,29.999999999999996,29.441702404491107
15.929999999999705,2197.1429543080667,-79.07455526683985,29.999999999999996,29.45270757069136
15.939999999999705,2199.896806644003,-79.10957578737764,29.999999999999996,29.463712499621156
15.949999999999704,2202.6524001257585,-79.14459322903848,29.999999999999996,29.47471631183526
15.959999999999704,2205.4097345643404,-79.17960725750923,29.999999999999996,29.48571813149556
15.969999999999704,2208.1688097707406,-79.21461753860007,29.999999999999996,29.496717086426706
15.979999999999704,2210.9296255559516,-79.24962373827087,29.999999999999996,29.507712308171207
15.989999999999704,2213.6921817309803,-79.28462552265745,29.999999999999996,29.51870293204408
15.999999999999703,2216.456478106864,-79.31962255809768,29.999999999999996,29.529688097186895
16.009999999999703,2219.2225144946838,-79.35461451115746,29.999999999999996,29.540666946621368
16.019999999999705,2221.990290705581,-79.38960104865662,29.999999999999996,29.551638627302367
16.029999999999706,2224.759806550772,-79.42458183769453,29.999999999999996,29.56260229017046
16.039999999999708,2227.5310618415606,-79.45955654567582,29.999999999999996,29.57355709020387
16.04999999999971,2230.304056389355,-79.49452484033576,29.999999999999996,29.58450218646993
16.05999999999971,2233.078790005682,-79.52948638976554,29.999999999999996,29.59543674217601
16.069999999999713,2235.8552625022007,-79.56444086243754,29.999999999999996,29.606359924719882
16.079999999999714,2238.6334736907174,-79.5993879272303,29.999999999999996,29.617270905739606
16.089999999999716,2241.4134233832006,-79.63432725345342,29.999999999999996,29.62816886116279
16.099999999999717,2244.1951113917944,-79.66925851087237,29.999999999999996,29.639052971255392
16.10999999999972,2246.9785375288334,-79.704181369733,29.999999999999996,29.649922420669924
16.11999999999972,2249.7637016068575,-79.73909550078614,29.999999999999996,29.66077639849314
16.129999999999722,2252.550603438625,-79.77400057531176,29.999999999999996,29.671614098293187
16.139999999999723,2255.339242837127,-79.80889626514328,29.999999999999996,29.682434718166167
16.149999999999725,2258.1296196156027,-79.8437822426915,29.999999999999996,29.693237460782203
16.159999999999727,2260.921733587551,-79.87865818096856,29.999999999999996,29.704021533430915
16.169999999999728,2263.7155845667476,-79.91352375361154,29.999999999999996,29.714786148066356
16.17999999999973,2266.5111723672558,-79.94837863490616,29.999999999999996,29.72553052135141
16.18999999999973,2269.3084968034427,-79.98322249981007,29.999999999999996,29.736253874701614
16.199999999999733,2272.107557689992,-80.0180550239762,29.999999999999996,29.746955434328445
16.209999999999734,2274.908354841917,-80.05287588377583,29.999999999999996,29.75763443128202
16.219999999999736,2277.710888074576,-80.0876847563215,29.999999999999996,29.76829010149328
16.229999999999738,2280.5151572036834,-80.12248131948985,29.999999999999996,29.778921685815575
16.23999999999974,2283.3211620453258,-80.15726525194422,29.999999999999996,29.78952843006572
16.24999999999974,2286.128902415974,-80.19203623315714,29.999999999999996,29.800109585064455
16.259999999999742,2288.9383781324964,-80.22679394343257,29.999999999999996,29.81066440667639
16.269999999999744,2291.7495890121722,-80.2615380639281,29.999999999999996,29.821192155849346
16.279999999999745,2294.562534872706,-80.29626827667693,29.999999999999996,29.831692098653136
16.289999999999747,2297.3772155322376,-80.33098426460961,29.999999999999996,29.84216350631782
16.29999999999975,2300.1936308093595,-80.36568571157578,29.999999999999996,29.852605655271343
16.30999999999975,2303.0117805231266,-80.40037230236557,29.999999999999996,29.86301782717663
16.31999999999975,2305.83166449307,-80.43504372273095,29.999999999999996,29.873399308968118
16.329999999999753,2308.6532825392105,-80.46969965940688,29.999999999999996,29.883749392887726
16.339999999999755,2311.47663448207,-80.50433980013224,29.999999999999996,29.89406737652022
16.349999999999756,2314.301720142686,-80.53896383367065,29.999999999999996,29.904352562828066
16.359999999999758,2317.128539342622,-80.57357144983112,29.999999999999996,29.91460426018565
16.36999999999976,2319.9570919039816,-80.60816233948847,29.999999999999996,29.924821782412998
16.37999999999976,2322.7873776494203,-80.64273619460364,29.999999999999996,29.93500444880884
16.389999999999763,2325.619396402158,-80.67729270824378,29.999999999999996,29.94515158418319
16.399999999999764,2328.453147985992,-80.7118315746022,29.999999999999996,29.95526251888931
16.409999999999766,2331.288632225307,-80.74635248901811,29.999999999999996,29.965336588855095
16.419999999999767,2334.1258489450897,-80.78085514799622,29.999999999999996,29.975373135613907
16.42999999999977,2336.964797970939,-80.81533924922613,29.999999999999996,29.985371506334836
16.43999999999977,2339.8054791290783,-80.84980449160155,29.999999999999996,29.99533105385237
16.449999999999772,2342.6478922463684,-80.88425057523936,29.999999999999996,30.00525113669553
16.459999999999773,2345.4920371503176,-80.91867720149848,29.999999999999996,30.015131119116383
16.469999999999775,2348.3379136690946,-80.95308407299854,29.999999999999996,30.024970371118023
16.479999999999777,2351.18552163154,-80.98747089363839,29.999999999999996,30.03476826848196
16.489999999999778,2354.0348608671757,-81.02183736861444,29.999999999999996,30.044524192794974
16.49999999999978,2356.88593120622,-81.05618320443878,29.999999999999996,30.054237531475305
16.50999999999978,2359.738732479595,-81.09050810895715,29.999999999999996,30.0639076777984
16.519999999999783,2362.5932645189405,-81.12481179136674,29.999999999999996,30.07353403092198
16.529999999999784,2365.449527156624,-81.15909396223371,29.999999999999996,30.08311599591059
16.539999999999786,2368.3075202257514,-81.1933543335107,29.999999999999996,30.09265298375957
16.549999999999788,2371.1672435601786,-81.22759261855396,29.999999999999996,30.102144411418458
16.55999999999979,2374.028696994522,-81.26180853214042,29.999999999999996,30.111589701813795
16.56999999999979,2376.891880364169,-81.2960017904846,29.999999999999996,30.120988283871405
16.579999999999792,2379.756793505289,-81.33017211125514,29.999999999999996,30.130339592538075
16.589999999999794,2382.623436254843,-81.36431921359141,29.999999999999996,30.139643068802677
16.599999999999795,2385.4918084505957,-81.39844281811976,29.999999999999996,30.148898159716712
16.609999999999797,2388.3619099311245,-81.43254264696955,29.999999999999996,30.158104318414313
16.6199999999998,2391.2337405358294,-81.46661842378917,29.999999999999996,30.167261004131653
16.6299999999998,2394.107300104944,-81.50066987376168,29.999999999999996,30.17636768222579
16.6399999999998,2396.9825884795455,-81.53469672362041,29.999999999999996,30.185423824192974
16.649999999999803,2399.8596055015637,-81.56869870166426,29.999999999999996,30.19442890768635
16.659999999999805,2402.738351013792,-81.60267553777288,29.999999999999996,30.203382416533145
16.669999999999806,2405.618824859896,-81.63662696342162,29.999999999999996,30.212283840751226
16.679999999999808,2408.501026884424,-81.67055271169632,29.999999999999996,30.221132676565176
16.68999999999981,2411.3849569328154,-81.70445251730789,29.999999999999996,30.229928426421747
16.69999999999981,2414.2706148514117,-81.73832611660669,29.999999999999996,30.238670599004777
16.709999999999813,2417.1580004874636,-81.77217324759675,29.999999999999996,30.247358709249553
16.719999999999814,2420.047113689142,-81.8059936499498,29.999999999999996,30.25599227835661
16.729999999999816,2422.9379543055466,-81.83978706501901,29.999999999999996,30.26457083380497
16.739999999999817,2425.830522186714,-81.8735532358527,29.999999999999996,30.273093909364835
16.74999999999982,2428.7248171836277,-81.90729190720772,29.999999999999996,30.281561045109708
16.75999999999982,2431.6208391482264,-81.94100282556275,29.999999999999996,30.289971787427994
16.769999999999822,2434.5185879334126,-81.97468573913127,29.999999999999996,30.298325689034016
16.779999999999824,2437.418063393061,-82.0083403978745,29.999999999999996,30.30662230897849
16.789999999999825,2440.3192653820265,-82.041966553514,29.999999999999996,30.314861212658464
16.799999999999827,2443.2221937561535,-82.07556395954416,29.999999999999996,30.323041971826708
16.809999999999828,2446.126848372284,-82.10913237124447,29.999999999999996,30.33116416460053
16.81999999999983,2449.0332290882643,-82.14267154569164,29.999999999999996,30.339227375470088
16.82999999999983,2451.9413357629546,-82.17618124177143,29.999999999999996,30.347231195306133
16.839999999999833,2454.8511682562366,-82.20966122019041,29.999999999999996,30.355175221367208
16.849999999999834,2457.76272642902,-82.2431112434874,29.999999999999996,30.363059057306334
16.859999999999836,2460.676010143251,-82.27653107604486,29.999999999999996,30.370882313177116
16.869999999999838,2463.5910192619203,-82.3099204840999,29.999999999999996,30.37864460543936
16.87999999999984,2466.50775364907,-82.34327923575532,29.999999999999996,30.386345556964116
16.88999999999984,2469.4262131698006,-82.37660710099023,29.999999999999996,30.39398479703822
16.899999999999842,2472.3463976902785,-82.40990385167066,29.999999999999996,30.401561961368262
16.909999999999844,2475.2683070777434,-82.44316926155989,29.999999999999996,30.409076692084074
16.919999999999845,2478.1919412005145,-82.47640310632858,29.999999999999996,30.41652863774166
16.929999999999847,2481.117299927998,-82.50960516356473,29.999999999999996,30.423917453325593
16.93999999999985,2484.0443831306934,-82.54277521278345,29.999999999999996,30.431242800250924
16.94999999999985,2486.9731906802003,-82.57591303543654,29.999999999999996,30.43850434636454
16.95999999999985,2489.9037224492254,-82.60901841492183,29.999999999999996,30.445701765945987
16.969999999999853,2492.8359783115875,-82.64209113659241,29.999999999999996,30.452834739707836
16.979999999999855,2495.769958142225,-82.67513098776558,29.999999999999996,30.459902954795457
16.989999999999856,2498.7056618172014,-82.70813775773169,29.999999999999996,30.466906104786343
16.999999999999858,2501.643089213712,-82.7411112377627,29.999999999999996,30.47384388968889
17.00999999999986,2504.582240210089,-82.77405122112062,29.999999999999996,30.480716015940647
17.01999999999986,2507.523114685808,-82.80695750306573,29.999999999999996,30.487522196406125
17.029999999999863,2510.465712521494,-82.83982988086464,29.999999999999996,30.494262150374023
17.039999999999864,2513.410033598925,-82.87266815379805,29.999999999999996,30.500935603554023
17.049999999999866,2516.3560778010396,-82.90547212316847,29.999999999999996,30.507542288073015
17.059999999999867,2519.303845011941,-82.93824159230763,29.999999999999996,30.514081942470884
17.06999999999987,2522.2533351169036,-82.97097636658381,29.999999999999996,30.520554311695772
17.07999999999987,2525.204548002376,-83.00367625340883,29.999999999999996,30.526959147098818
17.089999999999872,2528.157483555989,-83.03634106224497,29.999999999999996,30.533296206428485
17.099999999999874,2531.112141666557,-83.0689706046117,29.999999999999996,30.539565253824318
17.109999999999875,2534.0685222240845,-83.10156469409215,29.999999999999996,30.545766059810262
17.119999999999877,2537.026625119772,-83.13412314633939,29.999999999999996,30.55189840128748
17.129999999999878,2539.9864502460177,-83.16664577908266,29.999999999999996,30.557962061526688
17.13999999999988,2542.9479974964243,-83.19913241213318,29.999999999999996,30.563956830160013
17.14999999999988,2545.911266765802,-83.23158286739002,29.999999999999996,30.569882503172394
17.159999999999883,2548.876257950172,-83.26399696884557,29.999999999999996,30.57573888289247
17.169999999999884,2551.8429709467737,-83.29637454259097,29.999999999999996,30.581525777983032
17.179999999999886,2554.8114056540644,-83.32871541682127,29.999999999999996,30.587243003431
17.189999999999888,2557.7815619717258,-83.36101942184044,29.999999999999996,30.592890380536893
17.19999999999989,2560.7534398006674,-83.39328639006618,29.999999999999996,30.598467736903928
17.20999999999989,2563.727039043029,-83.42551615603456,29.999999999999996,30.60397490642654
17.219999999999892,2566.7023596021854,-83.45770855640446,29.999999999999996,30.609411729278545
17.229999999999894,2569.679401382749,-83.4898634299618,29.999999999999996,30.614778051900803
17.239999999999895,2572.6581642905726,-83.52198061762368,29.999999999999996,30.620073726988423
17.249999999999897,2575.638648232754,-83.5540599624422,29.999999999999996,30.62529861347753
17.2599999999999,2578.6208531176376,-83.5861013096082,29.999999999999996,30.6304525765316
17.2699999999999,2581.6047788548176,-83.61810450645477,29.999999999999996,30.635535487527328
17.2799999999999,2584.590425355141,-83.65006940246064,29.999999999999996,30.640547224040073
17.289999999999903,2587.5777925307107,-83.68199584925327,29.999999999999996,30.64548766982885
17.299999999999905,2590.5668802948862,-83.71388370061186,29.999999999999996,30.650356714820884
17.309999999999906,2593.557688562288,-83.74573281247017,29.999999999999996,30.655154255095766
17.319999999999908,2596.550217248799,-83.77754304291909,29.999999999999996,30.65988019286913
17.32999999999991,2599.5444662715663,-83.80931425220912,29.999999999999996,30.664534436475982
17.33999999999991,2602.540435549004,-83.8410463027526,29.999999999999996,30.669116900353483
17.349999999999913,2605.5381250007954,-83.87273905912582,29.999999999999996,30.67362750502345
17.359999999999914,2608.5375345478933,-83.90439238807089,29.999999999999996,30.678066177074335
17.369999999999916,2611.5386641125233,-83.93600615849748,29.999999999999996,30.682432849142845
17.379999999999917,2614.541513618184,-83.96758024148438,29.999999999999996,30.68672745989515
17.38999999999992,2617.5460829896506,-83.99911451028086,29.999999999999996,30.690949954007657
17.39999999999992,2620.5523721529735,-84.03060884030786,29.999999999999996,30.695100282147394
17.409999999999922,2623.5603810354814,-84.06206310915904,29.999999999999996,30.699178400952
17.419999999999924,2626.570109565782,-84.09347719660158,29.999999999999996,30.70318427300931
17.429999999999925,2629.5815576737623,-84.12485098457692,29.999999999999996,30.70711786683655
17.439999999999927,2632.5947252905917,-84.15618435720121,29.999999999999996,30.71097915685914
17.44999999999993,2635.6096123487196,-84.18747720076567,29.999999999999996,30.71476812338908
17.45999999999993,2638.626218781879,-84.21872940373673,29.999999999999996,30.718484752603036
17.46999999999993,2641.6445445250847,-84.24994085675603,29.999999999999996,30.722129036519924
17.479999999999933,2644.6645895146357,-84.28111145264023,29.999999999999996,30.725700972978224
17.489999999999934,2647.686353688114,-84.31224108638071,29.999999999999996,30.729200565612857
17.499999999999936,2650.7098369843866,-84.34332965514294,29.999999999999996,30.7326278238317
17.509999999999938,2653.735039343603,-84.37437705826592,29.999999999999996,30.73598276279176
17.51999999999994,2656.761960707198,-84.40538319726124,29.999999999999996,30.739265403374958
17.52999999999994,2659.7906010178895,-84.43634797581211,29.999999999999996,30.74247577216355
17.539999999999942,2662.8209602196803,-84.46727129977214,29.999999999999996,30.745613901415215
17.549999999999944,2665.853038257855,-84.49815307716402,29.999999999999996,30.748679829037762
17.559999999999945,2668.8868350789826,-84.52899321817799,29.999999999999996,30.751673598563496
17.569999999999947,2671.922350630914,-84.55979163517019,29.999999999999996,30.754595259123242
17.57999999999995,2674.9595848627814,-84.59054824266076,29.999999999999996,30.75744486542002
17.58999999999995,2677.998537724999,-84.62126295733194,29.999999999999996,30.760222477702374
17.59999999999995,2681.0392091692606,-84.65193569802581,29.999999999999996,30.762928161737385
17.609999999999953,2684.081599148539,-84.68256638574204,29.999999999999996,30.76556198878331
17.619999999999955,2687.1257076170864,-84.71315494363537,29.999999999999996,30.76812403556196
17.629999999999956,2690.17153453043,-84.74370129701302,29.999999999999996,30.770614384230647
17.639999999999958,2693.2190798453744,-84.77420537333182,29.999999999999996,30.77303312235392
17.64999999999996,2696.2683435199974,-84.80466710219537,29.999999999999996,30.77538034287491
17.65999999999996,2699.3193255136503,-84.83508641535083,29.999999999999996,30.777656144086386
17.669999999999963,2702.3720257869554,-84.86546324668572,29.999999999999996,30.779860629601494
17.679999999999964,2705.426444301804,-84.8957975322245,29.999999999999996,30.781993908324164
17.689999999999966,2708.4825810213565,-84.926089210125,29.999999999999996,30.784056094419284
17.699999999999967,2711.5404359100376,-84.95633822067468,29.999999999999996,30.78604730728247
17.70999999999997,2714.6000089335366,-84.9865445062868,29.999999999999996,30.78796767150962
17.71999999999997,2717.661300058804,-85.01670801149638,29.999999999999996,30.789817316866138
17.729999999999972,2720.7243092540507,-85.046828682956,29.999999999999996,30.791596378255882
17.739999999999974,2723.7890364887435,-85.07690646943159,29.999999999999996,30.79330499568981
17.749999999999975,2726.855481733605,-85.10694132179783,29.999999999999996,30.794943314254347
17.759999999999977,2729.9236449606096,-85.13693319303364,29.999999999999996,30.79651148407948
17.76999999999998,2732.993526142982,-85.1668820382174,29.999999999999996,30.798009660306587
17.77999999999998,2736.065125255193,-85.19678781452201,29.999999999999996,30.79943800305596
17.78999999999998,2739.138442272958,-85.22665048120993,29.999999999999996,30.800796677394093
17.799999999999983,2742.213477173234,-85.2564699996279,29.999999999999996,30.802085853300685
17.809999999999985,2745.290229934216,-85.28624633320167,29.999999999999996,30.80330570563538
17.819999999999986,2748.368700535334,-85.31597944743056,29.999999999999996,30.804456414104294
17.829999999999988,2751.448888957251,-85.34566930988177,29.999999999999996,30.805538163226203
17.83999999999999,2754.5307951818572,-85.3753158901847,29.999999999999996,30.806551142298563
17.84999999999999,2757.61441919227,-85.40491916002503,29.999999999999996,30.807495545363253
17.859999999999992,2760.6997609728273,-85.43447909313875,29.999999999999996,30.80837157117205
17.869999999999994,2763.7868205090867,-85.46399566530596,29.999999999999996,30.80917942315192
17.879999999999995,2766.87559778782,-85.49346885434458,29.999999999999996,30.809919309370017
17.889999999999997,2769.9660927970094,-85.52289864010396,29.999999999999996,30.810591442498495
17.9,2773.0583055258458,-85.5522850044583,29.999999999999996,30.81119603977906
17.91,2776.1522359647224,-85.58162793129996,29.999999999999996,30.81173332298732
17.92,2779.2478841052325,-85.61092740653267,29.999999999999996,30.812203518396903
17.930000000000003,2782.345249940164,-85.64018341806455,29.999999999999996,30.81260685674338
17.940000000000005,2785.4443334634966,-85.66939595580105,29.999999999999996,30.81294357318793
17.950000000000006,2788.5451346703962,-85.69856501163775,29.999999999999996,30.813213907280847
17.960000000000008,2791.647653557212,-85.72769057945304,29.999999999999996,30.813418102924814
17.97000000000001,2794.7518901214708,-85.75677265510062,29.999999999999996,30.81355640833797
17.98000000000001,2797.857844361873,-85.785811236402,29.999999999999996,30.813629076016806
17.990000000000013,2800.9655162782888,-85.81480632313871,29.999999999999996,30.813636362698844
18.000000000000014,2804.074905871752,-85.84375791704456,29.999999999999996,30.81357852932514
18.010000000000016,2807.1860131444564,-85.87266602179763,29.999999999999996,30.813455841002583
18.020000000000017,2810.298838099751,-85.90153064301225,29.999999999999996,30.813268566966034
18.03000000000002,2813.4133807421335,-85.9303517882308,29.999999999999996,30.813016980540272
18.04000000000002,2816.529641077248,-85.95912946691537,29.999999999999996,30.81270135910177
18.050000000000022,2819.6476191118777,-85.98786369043945,29.999999999999996,30.812321984040295
18.060000000000024,2822.76731485394,-86.01655447207929,29.999999999999996,30.811879140720343
18.070000000000025,2825.8887283124836,-86.0452018270053,29.999999999999996,30.811373118442415
18.080000000000027,2829.0118594976793,-86.07380577227329,29.999999999999996,30.81080421040412
18.09000000000003,2832.136708420818,-86.10236632681557,29.999999999999996,30.810172713661153
18.10000000000003,2835.2632750943044,-86.13088351143202,29.999999999999996,30.80947892908806
18.11000000000003,2838.3915595316494,-86.15935734878093,29.999999999999996,30.80872316133893
18.120000000000033,2841.521561747468,-86.18778786336986,29.999999999999996,30.80790571880789
18.130000000000035,2844.6532817574703,-86.21617508154631,29.999999999999996,30.807026913589475
18.140000000000036,2847.786719578459,-86.24451903148827,29.999999999999996,30.80608706143884
18.150000000000038,2850.9218752283205,-86.27281974319472,29.999999999999996,30.805086481731895
18.16000000000004,2854.0587487260213,-86.30107724847602,29.999999999999996,30.80402549742524
18.17000000000004,2857.197340091601,-86.32929158094419,29.999999999999996,30.802904435016014
18.180000000000042,2860.337649346166,-86.35746277600303,29.999999999999996,30.80172362450163
18.190000000000044,2863.479676511885,-86.38559087083824,29.999999999999996,30.80048339933934
18.200000000000045,2866.6234216119806,-86.41367590440734,29.999999999999996,30.799184096405753
18.210000000000047,2869.768884670725,-86.44171791742957,29.999999999999996,30.79782605595619
18.22000000000005,2872.9160657134335,-86.46971695237568,29.999999999999996,30.796409621583948
18.23000000000005,2876.064964766457,-86.49767305345753,29.999999999999996,30.794935140179465
18.24000000000005,2879.215581857176,-86.52558626661778,29.999999999999996,30.793402961889388
18.250000000000053,2882.367917013995,-86.55345663951928,29.999999999999996,30.79181344007552
18.260000000000055,2885.5219702663358,-86.58128422153453,29.999999999999996,30.790166931273703
18.270000000000056,2888.67774164463,-86.60906906373495,29.999999999999996,30.788463795152584
18.280000000000058,2891.835231180313,-86.63681121888007,29.999999999999996,30.78670439447234
18.29000000000006,2894.994438905817,-86.66451074140672,29.999999999999996,30.784889095043262
18.30000000000006,2898.1553648545655,-86.69216768741799,29.999999999999996,30.783018265684294
18.310000000000063,2901.318009060965,-86.71978211467224,29.999999999999996,30.781092278181507
18.320000000000064,2904.482371560398,-86.74735408257193,29.999999999999996,30.77911150724648
18.330000000000066,2907.6484523892173,-86.77488365215238,29.999999999999996,30.777076330474607
18.340000000000067,2910.8162515847384,-86.8023708860705,29.999999999999996,30.77498712830339
18.35000000000007,2913.9857691852326,-86.8298158485934,29.999999999999996,30.772844283970596
18.36000000000007,2917.15700522992,-86.85721860558688,29.999999999999996,30.770648183472414
18.370000000000072,2920.3299597589616,-86.88457922450392,29.999999999999996,30.768399215521548
18.380000000000074,2923.5046328134536,-86.91189777437305,29.999999999999996,30.76609777150524
18.390000000000075,2926.6810244354187,-86.93917432578661,29.999999999999996,30.76374424544328
18.400000000000077,2929.8591346678,-86.96640895088902,29.999999999999996,30.76133903394593
18.41000000000008,2933.0389635544525,-86.99360172336486,29.999999999999996,30.758882536171853
18.42000000000008,2936.2205111401368,-87.020752718427,29.999999999999996,30.75637515378598
18.43000000000008,2939.403777470511,-87.04786201280457,29.999999999999996,30.753817290917347
18.440000000000083,2942.5887625921246,-87.07492968473088,29.999999999999996,30.751209354116913
18.450000000000085,2945.775466552408,-87.10195581393124,29.999999999999996,30.748551752315354
18.460000000000086,2948.963889399668,-87.12894048161085,29.999999999999996,30.745844896780813
18.470000000000088,2952.154031183079,-87.15588377044241,29.999999999999996,30.743089201076675
18.48000000000009,2955.345891952675,-87.18278576455381,29.999999999999996,30.74028508101926
18.49000000000009,2958.539471759343,-87.20964654951572,29.999999999999996,30.737432954635594
18.500000000000092,2961.7347706548144,-87.23646621232913,29.999999999999996,30.734533242121095
18.510000000000094,2964.9317886916574,-87.26324484141274,29.999999999999996,30.73158636579728
18.520000000000095,2968.130525923269,-87.28998252659044,29.999999999999996,30.7285927500695
18.530000000000097,2971.3309824038683,-87.31667935907855,29.999999999999996,30.725552821384625
18.5400000000001,2974.533158188487,-87.3433354314732,29.999999999999996,30.722467008188776
18.5500000000001,2977.7370533329627,-87.36995083773745,29.999999999999996,30.719335740885057
18.5600000000001,2980.9426678939303,-87.39652567318853,29.999999999999996,30.716159451791277
18.570000000000103,2984.150001928815,-87.42306003448489,29.999999999999996,30.712938575097738
18.580000000000105,2987.359055495823,-87.44955401961325,29.999999999999996,30.709673546824963
18.590000000000106,2990.569828653935,-87.4760077278756,29.999999999999996,30.70636480478153
18.600000000000108,2993.7823214628957,-87.50242125987619,29.999999999999996,30.70301278852189
18.61000000000011,2996.9965339832083,-87.52879471750833,29.999999999999996,30.699617939304204
18.62000000000011,3000.2124662761253,-87.55512820394132,29.999999999999996,30.69618070004825
18.630000000000113,3003.43011840364,-87.5814218236072,29.999999999999996,30.69270151529331
18.640000000000114,3006.649490428479,-87.60767568218746,29.999999999999996,30.68918083115617
18.650000000000116,3009.870582414094,-87.63388988659982,29.999999999999996,30.685619095289084
18.660000000000117,3013.0933944246517,-87.6600645449848,29.999999999999996,30.682016756837847
18.67000000000012,3016.317926525029,-87.68619976669241,29.999999999999996,30.678374266399864
18.68000000000012,3019.5441787808027,-87.71229566226862,29.999999999999996,30.67469207598232
18.690000000000122,3022.77215125824,-87.73835234344197,29.999999999999996,30.670970638960377
18.700000000000124,3026.001844024292,-87.76436992311001,29.999999999999996,30.6672104100354
18.710000000000125,3029.2332571465854,-87.79034851532576,29.999999999999996,30.663411845193313
18.720000000000127,3032.4663906934134,-87.81628823528409,29.999999999999996,30.659575401662984
18.73000000000013,3035.701244733727,-87.84218919930814,29.999999999999996,30.655701537874645
18.74000000000013,3038.9378193371276,-87.86805152483558,29.999999999999996,30.65179071341843
18.75000000000013,3042.176114573858,-87.89387533040498,29.999999999999996,30.64784338900296
18.760000000000133,3045.4161305147936,-87.91966073564204,29.999999999999996,30.643860026414036
18.770000000000135,3048.657867231435,-87.94540786124583,29.999999999999996,30.639841088473354
18.780000000000136,3051.9013247958983,-87.97111682897497,29.999999999999996,30.635787038997357
18.790000000000138,3055.1465032809074,-87.99678776163385,29.999999999999996,30.631698342756145
18.80000000000014,3058.3934027597857,-88.02242078305875,29.999999999999996,30.627575465432475
18.81000000000014,3061.6420233064464,-88.04801601810392,29.999999999999996,30.62341887358087
18.820000000000142,3064.892364995386,-88.07357359262774,29.999999999999996,30.619229034586784
18.830000000000144,3068.1444279016728,-88.09909363347872,29.999999999999996,30.615006416625903
18.840000000000146,3071.3982121009412,-88.12457626848158,29.999999999999996,30.610751488623535
18.850000000000147,3074.653717669382,-88.15002162642324,29.999999999999996,30.606464720214095
18.86000000000015,3077.910944683733,-88.17542983703886,29.999999999999996,30.60214658170067
18.87000000000015,3081.1698932212716,-88.20080103099777,29.999999999999996,30.597797544014767
18.88000000000015,3084.4305633598065,-88.22613533988944,29.999999999999996,30.59341807867608
18.890000000000153,3087.692955177668,-88.25143289620942,29.999999999999996,30.589008657752455
18.900000000000155,3090.9570687536993,-88.27669383334528,29.999999999999996,30.584569753819906
18.910000000000156,3094.222904167249,-88.30191828556248,29.999999999999996,30.58010183992278
18.920000000000158,3097.4904614981624,-88.32710638799028,29.999999999999996,30.57560538953405
18.93000000000016,3100.759740826771,-88.35225827660763,29.999999999999996,30.571080876515715
18.94000000000016,3104.030742233887,-88.37737408822899,29.999999999999996,30.56652877507933
18.950000000000163,3107.3034658007914,-88.40245396049023,29.999999999999996,30.561949559746683
18.960000000000164,3110.577911609228,-88.42749803183447,29.999999999999996,30.557343705310586
18.970000000000166,3113.8540797413934,-88.45250644149787,29.999999999999996,30.552711686795814
18.980000000000167,3117.1319702799287,-88.47747932949551,29.999999999999996,30.54805397942015
18.99000000000017,3120.411583307911,-88.50241683660715,29.999999999999996,30.54337105855564
19.00000000000017,3123.692918908844,-88.52731910436312,29.999999999999996,30.538663399689902
19.010000000000172,3126.975977166652,-88.55218627503004,29.999999999999996,30.53393147838765
19.020000000000174,3130.260758165666,-88.5770184915967,29.999999999999996,30.529175770252337
19.030000000000175,3133.547261990622,-88.60181589775985,29.999999999999996,30.524396750887945
19.040000000000177,3136.835488726646,-88.62657863790994,29.999999999999996,30.51959489586094
19.05000000000018,3140.12543845925,-88.651306857117,29.999999999999996,30.514770680662377
19.06000000000018,3143.4171112743206,-88.67600070111641,29.999999999999996,30.50992458067015
19.07000000000018,3146.7105072581126,-88.70066031629469,29.999999999999996,30.50505707111144
19.080000000000183,3150.0056264972377,-88.72528584967533,29.999999999999996,30.500168627025275
19.090000000000185,3153.3024690786588,-88.74987744890461,29.999999999999996,30.495259723225296
19.100000000000186,3156.601035089679,-88.7744352622374,29.999999999999996,30.49033083426266
19.110000000000188,3159.9013246179356,-88.79895943852297,29.999999999999996,30.48538243438913
19.12000000000019,3163.2033377513885,-88.82345012719085,29.999999999999996,30.480414997520345
19.13000000000019,3166.507074578314,-88.84790747823668,29.999999999999996,30.475428997199234
19.140000000000192,3169.8125351872964,-88.872331642208,29.999999999999996,30.470424906559632
19.150000000000194,3173.119719667217,-88.89672277019018,29.999999999999996,30.46540319829006
19.160000000000196,3176.4286281072486,-88.92108101379227,29.999999999999996,30.460364344597703
19.170000000000197,3179.7392605968453,-88.94540652513288,29.999999999999996,30.455308817172547
19.1800000000002,3183.051617225734,-88.96969945682605,29.999999999999996,30.450237087151717
19.1900000000002,3186.3656980839064,-88.9939599619672,29.999999999999996,30.445149625084003
19.200000000000202,3189.681503261611,-89.0181881941191,29.999999999999996,30.44004690089455
19.210000000000203,3192.999032849344,-89.04238430729772,29.999999999999996,30.434929383849784
19.220000000000205,3196.318286937841,-89.06654845595828,29.999999999999996,30.429797542522493
19.230000000000206,3199.6392656180687,-89.09068079498118,29.999999999999996,30.424651844757108
19.240000000000208,3202.961968981217,-89.11478147965803,29.999999999999996,30.419492757635204
19.25000000000021,3206.2863971186894,-89.1388506656777,29.999999999999996,30.414320747441177
19.26000000000021,3209.612550122096,-89.16288850911229,29.999999999999996,30.409136279628125
19.270000000000213,3212.9404280832437,-89.18689516640332,29.999999999999996,30.403939818783957
19.280000000000214,3216.2700310941304,-89.2108707943477,29.999999999999996,30.398731828597665
19.290000000000216,3219.6013592469344,-89.23481555008394,29.999999999999996,30.393512771825833
19.300000000000217,3222.934412634007,-89.25872959107826,29.999999999999996,30.388283110259337
19.31000000000022,3226.269191347864,-89.28261307511079,29.999999999999996,30.38304330469029
19.32000000000022,3229.6056954811775,-89.3064661602617,29.999999999999996,30.37779381487914
19.330000000000222,3232.943925126769,-89.33028900489755,29.999999999999996,30.372535099522047
19.340000000000224,3236.2838803775994,-89.35408176765745,29.999999999999996,30.36726761621842
19.350000000000225,3239.6255613267617,-89.3778446074394,29.999999999999996,30.361991821438707
19.360000000000227,3242.968968067473,-89.4015776833866,29.999999999999996,30.3567081704924
19.37000000000023,3246.314100693066,-89.42528115487383,29.999999999999996,30.351417117496236
19.38000000000023,3249.6609592969817,-89.44895518149379,29.999999999999996,30.346119115342663
19.39000000000023,3253.0095439727606,-89.47259992304359,29.999999999999996,30.34081461566847
19.400000000000233,3256.3598548140353,-89.49621553951118,29.999999999999996,30.33550406882372
19.410000000000235,3259.711891914522,-89.51980219106186,29.999999999999996,30.33018792384085
19.420000000000236,3263.0656553680124,-89.54336003802477,29.999999999999996,30.324866628404003
19.430000000000238,3266.421145268367,-89.56688924087956,29.999999999999996,30.31954062881863
19.44000000000024,3269.7783617095065,-89.59038996024293,29.999999999999996,30.31421036998129
19.45000000000024,3273.1373047854026,-89.61386235685531,29.999999999999996,30.308876295349705
19.460000000000242,3276.4979745900728,-89.63730659156754,29.999999999999996,30.303538846913018
19.470000000000244,3279.860371217571,-89.66072282532762,29.999999999999996,30.298198465162322
19.480000000000246,3283.2244947619793,-89.68411121916755,29.999999999999996,30.29285558906142
19.490000000000247,3286.590345317402,-89.70747193419004,29.999999999999996,30.287510656017794
19.50000000000025,3289.957922977956,-89.73080513155547,29.999999999999996,30.282164101853862
19.51000000000025,3293.327227837765,-89.75411097246878,29.999999999999996,30.276816360778433
19.520000000000252,3296.69825999095,-89.77738961816645,29.999999999999996,30.271467865358446
19.530000000000253,3300.0710195316233,-89.80064122990348,29.999999999999996,30.26611904649091
19.540000000000255,3303.44550655388,-89.82386596894045,29.999999999999996,30.260770333375124
19.550000000000257,3306.8217211517904,-89.84706399653068,29.999999999999996,30.25542215348513
19.560000000000258,3310.1996634193933,-89.87023547390734,29.999999999999996,30.250074932542418
19.57000000000026,3313.579333450689,-89.89338056227068,29.999999999999996,30.24472909448888
19.58000000000026,3316.960731339629,-89.91649942277526,29.999999999999996,30.239385061459988
19.590000000000263,3320.3438571801125,-89.93959221651733,29.999999999999996,30.2340432537583
19.600000000000264,3323.7287110659763,-89.96265910452212,29.999999999999996,30.22870408982712
19.610000000000266,3327.1152930909884,-89.98570024773133,29.999999999999996,30.223367986224478
19.620000000000267,3330.5036033488414,-90.00871580699055,29.999999999999996,30.218035357597344
19.63000000000027,3333.893641933144,-90.03170594303684,29.999999999999996,30.212706616656117
19.64000000000027,3337.2854089374146,-90.05467081648628,29.999999999999996,30.20738217414932
19.650000000000272,3340.678904455074,-90.07761058782164,29.999999999999996,30.20206243883862
19.660000000000274,3344.074128579439,-90.10052541738007,29.999999999999996,30.19674781747405
19.670000000000275,3347.4710814037135,-90.12341546534087,29.999999999999996,30.191438714769543
19.680000000000277,3350.8697630209836,-90.14628089171332,29.999999999999996,30.18613553337867
19.69000000000028,3354.270173524209,-90.16912185632454,29.999999999999996,30.180838673870696
19.70000000000028,3357.672313006217,-90.19193851880745,29.999999999999996,30.17554853470684
19.71000000000028,3361.076181559695,-90.2147310385888,29.999999999999996,30.17026551221687
19.720000000000283,3364.481779277185,-90.23749957487716,29.999999999999996,30.164990000575877
19.730000000000285,3367.8891062510743,-90.26024428665116,29.999999999999996,30.1597223917814
19.740000000000286,3371.298162573591,-90.28296533264756,29.999999999999996,30.154463075630762
19.750000000000288,3374.7089483367968,-90.30566287134965,29.999999999999996,30.149212439698672
19.76000000000029,3378.1214636325785,-90.32833706097547,29.999999999999996,30.143970869315133
19.77000000000029,3381.535708552645,-90.35098805946622,29.999999999999996,30.138738747543588
19.780000000000292,3384.951683188516,-90.37361602447474,29.999999999999996,30.133516455159327
19.790000000000294,3388.3693876315206,-90.39622111335406,29.999999999999996,30.128304370628186
19.800000000000296,3391.7888219727856,-90.41880348314591,29.999999999999996,30.123102870085518
19.810000000000297,3395.2099863032336,-90.44136329056947,29.999999999999996,30.117912327315423
19.8200000000003,3398.6328807135737,-90.46390069201004,29.999999999999996,30.11273311373021
19.8300000000003,3402.0575052942963,-90.4864158435079,29.999999999999996,30.107565598350252
19.840000000000302,3405.4838601356664,-90.5089089007471,29.999999999999996,30.102410147783942
19.850000000000303,3408.9119453277176,-90.5313800190445,29.999999999999996,30.097267126208074
19.860000000000305,3412.341760960245,-90.55382935333871,29.999999999999996,30.09213689534841
19.870000000000307,3415.7733071228013,-90.57625705817922,29.999999999999996,30.087019814460557
19.880000000000308,3419.206583904687,-90.59866328771552,29.999999999999996,30.081916240311102
19.89000000000031,3422.6415913949477,-90.6210481956864,29.999999999999996,30.076826527159017
19.90000000000031,3426.0783296823665,-90.64341193540918,29.999999999999996,30.071751026737374
19.910000000000313,3429.516798855458,-90.66575465976915,29.999999999999996,30.066690088235276
19.920000000000314,3432.9569990024634,-90.68807652120903,29.999999999999996,30.061644058280127
19.930000000000316,3436.3989302113428,-90.71037767171846,29.999999999999996,30.056613280920136
19.940000000000317,3439.8425925697707,-90.73265826282366,29.999999999999996,30.051598097607112
19.95000000000032,3443.2879861651304,-90.75491844557709,29.999999999999996,30.046598847179528
19.96000000000032,3446.735111084507,-90.77715837054723,29.999999999999996,30.04161586584588
19.970000000000322,3450.1839674146827,-90.79937818780841,29.999999999999996,30.036649487168305
19.980000000000324,3453.6345552421303,-90.82157804693077,29.999999999999996,30.031700042046463
19.990000000000325,3457.0868746530095,-90.84375809697019,29.999999999999996,30.026767858701742
20.000000000000327,3460.540925733159,-90.86591848645847,29.999999999999996,30.021853262661708
20.01000000000033,3463.996708568092,-90.88805936339341,29.999999999999996,30.016956576744818
20.02000000000033,3467.454223242991,-90.9101808752291,29.999999999999996,30.012078121045455
20.03000000000033,3470.913469842702,-90.93228316886623,29.999999999999996,30.007218212919206
20.040000000000333,3474.37444845173,-90.95436639064249,29.999999999999996,30.00237716696843
20.050000000000335,3477.8371591542323,-90.97643068632307,29.999999999999996,29.9975552950281
20.060000000000336,3481.3016020340137,-90.99847620109122,29.999999999999996,29.992752906151928
20.070000000000338,3484.7677771745225,-91.02050307953891,29.999999999999996,29.987970306598765
20.08000000000034,3488.2356846588436,-91.04251146565757,29.999999999999996,29.98320779981929
20.09000000000034,3491.7053245696948,-91.06450150282892,29.999999999999996,29.978465686442952
20.100000000000342,3495.1766969894206,-91.08647333381585,29.999999999999996,29.973744264265196
20.110000000000344,3498.649801999988,-91.10842710075343,29.999999999999996,29.969043828235012
20.120000000000346,3502.124639682982,-91.13036294513999,29.999999999999996,29.964364670442695
20.130000000000347,3505.6012101195993,-91.15228100782826,29.999999999999996,29.959707080107904
20.14000000000035,3509.0795133906445,-91.17418142901666,29.999999999999996,29.955071343568047
20.15000000000035,3512.559549576525,-91.19606434824057,29.999999999999996,29.950457744266863
20.160000000000352,3516.0413187572467,-91.2179299043638,29.999999999999996,29.945866562743348
20.170000000000353,3519.5248210124087,-91.23977823557009,29.999999999999996,29.941298076620903
20.180000000000355,3523.0100564211984,-91.26160947935468,29.999999999999996,29.936752560596823
20.190000000000357,3526.4970250623887,-91.28342377251602,29.999999999999996,29.932230286431984
20.200000000000358,3529.9857270143316,-91.30522125114754,29.999999999999996,29.927731522940896
20.21000000000036,3533.476162354954,-91.32700205062952,29.999999999999996,29.92325653598194
20.22000000000036,3536.9683311617537,-91.34876630562097,29.999999999999996,29.91880558844793
20.230000000000363,3540.462233511796,-91.37051415005176,29.999999999999996,29.914378940256984
20.240000000000364,3543.957869481708,-91.39224571711469,29.999999999999996,29.909976848343586
20.250000000000366,3547.455239147674,-91.41396113925771,29.999999999999996,29.90559956664997
20.260000000000367,3550.954342585433,-91.43566054817626,29.999999999999996,29.9012473461178
20.27000000000037,3554.4551798702737,-91.45734407480563,29.999999999999996,29.896920434680066
20.28000000000037,3557.9577510770296,-91.47901184931348,29.999999999999996,29.89261907725331
20.290000000000372,3561.462056280076,-91.50066400109239,29.999999999999996,29.88834351573008
20.300000000000374,3564.9680955533263,-91.52230065875254,29.999999999999996,29.884093988971685
20.310000000000375,3568.4758689702267,-91.54392195011448,29.999999999999996,29.879870732801205
20.320000000000377,3571.9853766037536,-91.56552800220197,29.999999999999996,29.875673979996783
20.33000000000038,3575.4966185264097,-91.58711894123492,29.999999999999996,29.87150396028518
20.34000000000038,3579.009594810219,-91.60869489262245,29.999999999999996,29.867360900335605
20.35000000000038,3582.524305526724,-91.63025598095601,29.999999999999996,29.863245023753795
20.360000000000383,3586.0407507469836,-91.65180233000257,29.999999999999996,29.85915655107641
20.370000000000385,3589.5589305415656,-91.67333406269799,29.999999999999996,29.855095699765656
20.380000000000386,3593.0788449805473,-91.69485130114037,29.999999999999996,29.851062684204155
20.390000000000388,3596.600494133509,-91.7163541665836,29.999999999999996,29.84705771569017
20.40000000000039,3600.123878069532,-91.73784277943092,29.999999999999996,29.84308100243298
20.41000000000039,3603.6489968571955,-91.75931725922861,29.999999999999996,29.83913274954863
20.420000000000393,3607.1758505645716,-91.78077772465979,29.999999999999996,29.835213159055847
20.430000000000394,3610.7044392592243,-91.80222429353825,29.999999999999996,29.831322429872316
20.440000000000396,3614.2347630082045,-91.82365708280248,29.999999999999996,29.82746075781113
20.450000000000397,3617.7668218780473,-91.84507620850971,29.999999999999996,29.82362833557756
20.4600000000004,3621.300615934769,-91.86648178583002,29.999999999999996,29.81982535276608
20.4700000000004,3624.8361452438653,-91.88787392904064,29.999999999999996,29.816051995857624
20.480000000000402,3628.3734098703053,-91.90925275152027,29.999999999999996,29.81230844821713
20.490000000000403,3631.9124098785314,-91.93061836574354,29.999999999999996,29.80859489009135
20.500000000000405,3635.453145332455,-91.95197088327555,29.999999999999996,29.804911498606856
20.510000000000407,3638.995616295453,-91.97331041476643,29.999999999999996,29.801258447768415
20.520000000000408,3642.5398228303684,-91.99463706994617,29.999999999999996,29.797635908457504
20.53000000000041,3646.0857649995028,-92.01595095761932,29.999999999999996,29.794044048431168
20.54000000000041,3649.6334428646173,-92.03725218566002,29.999999999999996,29.790483032321056
20.550000000000413,3653.182856486928,-92.05854086100692,29.999999999999996,29.7869530216328
20.560000000000414,3656.7340059271046,-92.07981708965829,29.999999999999996,29.783454174745568
20.570000000000416,3660.286891245267,-92.10108097666728,29.999999999999996,29.779986646911905
20.580000000000418,3663.841512500983,-92.12233262613714,29.999999999999996,29.776550590257823
20.59000000000042,3667.3978697532666,-92.14357214121665,29.999999999999996,29.773146153783134
20.60000000000042,3670.955963060575,-92.1647996240956,29.999999999999996,29.769773483362048
20.610000000000422,3674.515792480806,-92.18601517600032,29.999999999999996,29.766432721743975
20.620000000000424,3678.0773580712967,-92.20721889718943,29.999999999999996,29.763124008554634
20.630000000000425,3681.64065988882,-92.22841088694953,29.999999999999996,29.759847480297367
20.640000000000427,3685.2056979895847,-92.24959124359111,29.999999999999996,29.75660327035471
20.65000000000043,3688.7724724292298,-92.2707600644445,29.999999999999996,29.753391508990187
20.66000000000043,3692.3409832628263,-92.2919174458559,29.999999999999996,29.750212323350404
20.67000000000043,3695.9112305448725,-92.31306348318356,29.999999999999996,29.747065837467314
20.680000000000433,3699.483214329294,-92.33419827079399,29.999999999999996,29.743952172260762
20.690000000000435,3703.05693466944,-92.35532190205832,29.999999999999996,29.740871445541252
20.700000000000436,3706.632391618083,-92.37643446934872,29.999999999999996,29.737823772012973
20.710000000000438,3710.2095852274165,-92.39753606403492,29.999999999999996,29.734809263277047
20.72000000000044,3713.788515549052,-92.41862677648083,29.999999999999996,29.731828027835004
20.73000000000044,3717.36918263402,-92.4397066960413,29.999999999999996,29.728880171092502
20.740000000000443,3720.9515865327658,-92.46077591105885,29.999999999999996,29.725965795363283
20.750000000000444,3724.5357272951496,-92.48183450886063,29.999999999999996,29.72308499987335
20.760000000000446,3728.121604970445,-92.5028825757554,29.999999999999996,29.72023788076539
20.770000000000447,3731.7092196073354,-92.52392019703062,29.999999999999996,29.717424531103397
20.78000000000045,3735.2985712539153,-92.54494745694966,29.999999999999996,29.714645040877567
20.79000000000045,3738.8896599576874,-92.56596443874903,29.999999999999996,29.71189949700937
20.800000000000452,3742.482485765562,-92.58697122463582,29.999999999999996,29.709187983356887
20.810000000000453,3746.0770487238556,-92.60796789578508,29.999999999999996,29.706510580720344
20.820000000000455,3749.6733488782884,-92.62895453233746,29.999999999999996,29.703867366847888
20.830000000000457,3753.2713862739856,-92.64993121339681,29.999999999999996,29.701258416441572
20.840000000000458,3756.871160955475,-92.67089801702798,29.999999999999996,29.69868380116357
20.85000000000046,3760.4726729666845,-92.6918550202546,29.999999999999996,29.69614358964259
20.86000000000046,3764.0759223509444,-92.71280229905702,29.999999999999996,29.693637847480513
20.870000000000463,3767.6809091509836,-92.73373992837038,29.999999999999996,29.69116663725929
20.880000000000464,3771.2876334089297,-92.75466798208271,29.999999999999996,29.68873001854797
20.890000000000466,3774.8960951663084,-92.77558653303309,29.999999999999996,29.686328047910013
20.900000000000468,3778.5062944640426,-92.79649565301001,29.999999999999996,29.683960778910777
20.91000000000047,3782.1182313424515,-92.81739541274972,29.999999999999996,29.681628262125223
20.92000000000047,3785.7319058412495,-92.83828588193474,29.999999999999996,29.67933054514584
20.930000000000472,3789.3473179995467,-92.85916712919241,29.999999999999996,29.677067672590763
20.940000000000474,3792.964467855847,-92.88003922209361,29.999999999999996,29.674839686112104
20.950000000000475,3796.5833554480487,-92.90090222715145,29.999999999999996,29.672646624404468
20.960000000000477,3800.203980813443,-92.92175620982012,29.999999999999996,29.670488523213713
20.97000000000048,3803.8263439887146,-92.94260123449389,29.999999999999996,29.66836541534586
20.98000000000048,3807.4504450099394,-92.96343736450608,29.999999999999996,29.66627733067625
20.99000000000048,3811.076283912587,-92.98426466212817,29.999999999999996,29.664224296158867
21.000000000000483,3814.703860731518,-93.00508318856906,29.999999999999996,29.662206335835858
21.010000000000485,3818.3331755009854,-93.02589300397433,29.999999999999996,29.660223470847278
21.020000000000486,3821.964228254633,-93.0466941674256,29.999999999999996,29.658275719440983
21.030000000000488,3825.5970190254957,-93.06748673694005,29.999999999999996,29.65636309698276
21.04000000000049,3829.2315478459996,-93.08827076946996,29.999999999999996,29.654485615966607
21.05000000000049,3832.8678147479627,-93.10904632090232,29.999999999999996,29.65264328602524
21.060000000000493,3836.505819762593,-93.12981344605866,29.999999999999996,29.650836113940763
21.070000000000494,3840.14556292049,-93.15057219869477,29.999999999999996,29.649064103655505
21.080000000000496,3843.787044251645,-93.17132263150067,29.999999999999996,29.647327256283095
21.090000000000497,3847.4302637854394,-93.19206479610058,29.999999999999996,29.645625570119673
21.1000000000005,3851.0752215506473,-93.21279874305303,29.999999999999996,29.643959040655293
21.1100000000005,3854.7219175754335,-93.233524521851,29.999999999999996,29.64232766058552
21.120000000000502,3858.3703518873554,-93.25424218092218,29.999999999999996,29.640731419823176
21.130000000000503,3862.0205245133625,-93.27495176762933,29.999999999999996,29.6391703055103
21.140000000000505,3865.6724354797966,-93.29565332827069,29.999999999999996,29.637644302030235
21.150000000000507,3869.326084812393,-93.31634690808048,29.999999999999996,29.636153391019924
21.160000000000508,3872.981472536281,-93.3370325512295,29.999999999999996,29.63469755138237
21.17000000000051,3876.638598675983,-93.35771030082583,29.999999999999996,29.63327675929926
21.18000000000051,3880.2974632554156,-93.37838019891554,29.999999999999996,29.63189098824374
21.190000000000513,3883.958066297891,-93.39904228648355,29.999999999999996,29.630540208993384
21.200000000000514,3887.6204078261176,-93.41969660345461,29.999999999999996,29.629224389643305
21.210000000000516,3891.2844878621995,-93.44034318869423,29.999999999999996,29.627943495619455
21.220000000000518,3894.950306427638,-93.4609820800098,29.999999999999996,29.626697489692056
21.23000000000052,3898.617863543333,-93.48161331415179,29.999999999999996,29.625486331989187
21.24000000000052,3902.287159229582,-93.50223692681494,29.999999999999996,29.624309980010572
21.250000000000522,3905.9581935060824,-93.52285295263967,29.999999999999996,29.62316838864147
21.260000000000524,3909.6309663919324,-93.5434614252134,29.999999999999996,29.622061510166755
21.270000000000525,3913.305477905631,-93.56406237707212,29.999999999999996,29.620989294285124
21.280000000000527,3916.98172806508,-93.58465583970192,29.999999999999996,29.619951688123475
21.29000000000053,3920.6597168875837,-93.60524184354067,29.999999999999996,29.618948636251424
21.30000000000053,3924.3394443898515,-93.6258204179797,29.999999999999996,29.617980080695965
21.31000000000053,3928.0209105879976,-93.64639159136563,29.999999999999996,29.61704596095627
21.320000000000533,3931.7041154975436,-93.66695539100229,29.999999999999996,29.616146214018652
21.330000000000535,3935.3890591334184,-93.68751184315263,29.999999999999996,29.61528077437167
21.340000000000536,3939.07574150996,-93.70806097304079,29.999999999999996,29.614449574021318
21.350000000000538,3942.7641626409168,-93.72860280485415,29.999999999999996,29.61365254250645
21.36000000000054,3946.4543225394477,-93.74913736174561,29.999999999999996,29.61288960691424
21.37000000000054,3950.1462212181264,-93.7696646658358,29.999999999999996,29.61216069189585
21.380000000000543,3953.839858688939,-93.79018473821542,29.999999999999996,29.61146571968218
21.390000000000544,3957.5352349632885,-93.81069759894764,29.999999999999996,29.610804610099787
21.400000000000546,3961.2323500519947,-93.83120326707063,29.999999999999996,29.61017728058692
21.410000000000547,3964.931203965296,-93.8517017606001,29.999999999999996,29.609583646209657
21.42000000000055,3968.631796712851,-93.87219309653186,29.999999999999996,29.609023619678208
21.43000000000055,3972.3341283037407,-93.89267729084466,29.999999999999996,29.608497111363306
21.440000000000552,3976.038198746468,-93.91315435850285,29.999999999999996,29.608004029312752
21.450000000000554,3979.7440080489623,-93.93362431345928,29.999999999999996,29.607544279268062
21.460000000000555,3983.451556218579,-93.95408716865818,29.999999999999996,29.607117764681206
21.470000000000557,3987.160843262102,-93.97454293603819,29.999999999999996,29.60672438673152
21.480000000000558,3990.8718691857453,-93.99499162653538,29.999999999999996,29.606364044342698
21.49000000000056,3994.5846339951554,-94.01543325008642,29.999999999999996,29.606036634199885
21.50000000000056,3998.2991376954124,-94.03586781563169,29.999999999999996,29.605742050766906
21.510000000000563,4002.015380291032,-94.05629533111863,29.999999999999996,29.6054801863036
21.520000000000564,4005.733361785968,-94.07671580350504,29.999999999999996,29.605250930883237
21.530000000000566,4009.453082183613,-94.09712923876243,29.999999999999996,29.605054172410085
21.540000000000568,4013.1745414868014,-94.11753564187956,29.999999999999996,29.604889796637032
21.55000000000057,4016.8977396978116,-94.13793501686588,29.999999999999996,29.604757687183344
21.56000000000057,4020.622676818368,-94.15832736675522,29.999999999999996,29.6046577255525
21.570000000000572,4024.349352849641,-94.17871269360936,29.999999999999996,29.60458979115013
21.580000000000574,4028.0777677922524,-94.19909099852178,29.999999999999996,29.604553761302075
21.590000000000575,4031.8079216462756,-94.21946228162149,29.999999999999996,29.604549511272513
21.600000000000577,4035.539814411238,-94.2398265420768,29.999999999999996,29.604576914282166
21.61000000000058,4039.273446086123,-94.26018377809929,29.999999999999996,29.604635841526637
21.62000000000058,4043.0088166693736,-94.28053398694776,29.999999999999996,29.60472616219481
21.63000000000058,4046.745926158893,-94.30087716493226,29.999999999999996,29.604847743487337
21.640000000000583,4050.484774552048,-94.32121330741818,29.999999999999996,29.605000450635206
21.650000000000585,4054.2253618456707,-94.34154240883042,29.999999999999996,29.60518414691844
21.660000000000586,4057.967688036061,-94.36186446265759,29.999999999999996,29.605398693684783
21.670000000000588,4061.7117531189906,-94.3821794614563,29.999999999999996,29.60564395036857
21.68000000000059,4065.457557089702,-94.40248739685545,29.999999999999996,29.60591977450959
21.69000000000059,4069.205099942914,-94.42278825956066,29.999999999999996,29.60622602177209
21.700000000000593,4072.9543816728233,-94.44308203935871,29.999999999999996,29.606562545963797
21.710000000000594,4076.7054022731068,-94.46336872512201,29.999999999999996,29.606929199055056
21.720000000000596,4080.4581617369245,-94.48364830481319,29.999999999999996,29.60732583119803
21.730000000000597,4084.212660056922,-94.5039207654897,29.999999999999996,29.607752290745935
21.7400000000006,4087.968897225232,-94.52418609330849,29.999999999999996,29.608208424272384
21.7500000000006,4091.7268732334796,-94.5444442735307,29.999999999999996,29.60869407659079
21.760000000000602,4095.486588072782,-94.56469529052649,29.999999999999996,29.609209090773792
21.770000000000604,4099.248041733754,-94.5849391277798,29.999999999999996,29.609753308172802
21.780000000000605,4103.011234206507,-94.6051757678933,29.999999999999996,29.610326568437564
21.790000000000607,4106.776165480656,-94.62540519259326,29.999999999999996,29.610928709535784
21.80000000000061,4110.542835545321,-94.64562738273457,29.999999999999996,29.611559567772854
21.81000000000061,4114.311244389129,-94.66584231830579,29.999999999999996,29.61221897781155
21.82000000000061,4118.081392000215,-94.68604997843417,29.999999999999996,29.612906772691872
21.830000000000613,4121.853278366229,-94.70625034139086,29.999999999999996,29.613622783850854
21.840000000000614,4125.626903474336,-94.72644338459601,29.999999999999996,29.614366841142495
21.850000000000616,4129.402267311222,-94.7466290846241,29.999999999999996,29.615138772857676
21.860000000000618,4133.179369863093,-94.76680741720912,29.999999999999996,29.61593840574417
21.87000000000062,4136.958211115679,-94.78697835724996,29.999999999999996,29.616765565026654
21.88000000000062,4140.73879105424,-94.80714187881574,29.999999999999996,29.61762007442681
21.890000000000622,4144.521109663566,-94.82729795515124,29.999999999999996,29.618501756183413
21.900000000000624,4148.305166927979,-94.84744655868235,29.999999999999996,29.619410431072488
21.910000000000625,4152.090962831341,-94.86758766102162,29.999999999999996,29.62034591842752
21.920000000000627,4155.878497357053,-94.88772123297373,29.999999999999996,29.621308036159665
21.93000000000063,4159.667770488058,-94.90784724454117,29.999999999999996,29.622296600777986
21.94000000000063,4163.458782206846,-94.9279656649298,29.999999999999996,29.623311427409774
21.95000000000063,4167.2515324954575,-94.94807646255454,29.999999999999996,29.62435232982084
21.960000000000633,4171.0460213354845,-94.96817960504512,29.999999999999996,29.625419120435875
21.970000000000635,4174.842248708076,-94.98827505925182,29.999999999999996,29.626511610358815
21.980000000000636,4178.64021459394,-95.00836279125124,29.999999999999996,29.627629609393235
21.990000000000638,4182.439918973346,-95.02844276635219,29.999999999999996,29.62877292606277
22.00000000000064,4186.24136182613,-95.04851494910147,29.999999999999996,29.629941367631535
22.01000000000064,4190.044543131696,-95.06857930328992,29.999999999999996,29.631134740124615
22.020000000000643,4193.849462869021,-95.08863579195825,29.999999999999996,29.632352848348518
22.030000000000644,4197.65612101666,-95.1086843774031,29.999999999999996,29.633595495911653
22.040000000000646,4201.464517552743,-95.12872502118297,29.999999999999996,29.634862485244863
22.050000000000647,4205.274652454984,-95.1487576841244,29.999999999999996,29.636153617621925
22.06000000000065,4209.0865257006835,-95.16878232632797,29.999999999999996,29.637468693180065
22.07000000000065,4212.900137266732,-95.18879890717447,29.999999999999996,29.638807510940516
22.080000000000652,4216.71548712961,-95.20880738533104,29.999999999999996,29.64016986882905
22.090000000000654,4220.532575265395,-95.22880771875737,29.999999999999996,29.64155556369653
22.100000000000655,4224.351401649767,-95.24879986471191,29.999999999999996,29.64296439133944
22.110000000000657,4228.171966258004,-95.26878377975817,29.999999999999996,29.644396146520474
22.12000000000066,4231.994269064996,-95.28875941977093,29.999999999999996,29.64585062298906
22.13000000000066,4235.818310045239,-95.30872673994264,29.999999999999996,29.64732761350193
22.14000000000066,4239.644089172844,-95.32868569478973,29.999999999999996,29.648826909843674
22.150000000000663,4243.471606421542,-95.34863623815895,29.999999999999996,29.65034830284726
22.160000000000664,4247.300861764679,-95.36857832323382,29.999999999999996,29.651891582414603
22.170000000000666,4251.131855175231,-95.38851190254108,29.999999999999996,29.65345653753708
22.180000000000668,4254.964586625798,-95.4084369279571,29.999999999999996,29.655042956316073
22.19000000000067,4258.799056088615,-95.42835335071436,29.999999999999996,29.65665062598344
22.20000000000067,4262.635263535549,-95.44826112140802,29.999999999999996,29.658279332922056
22.210000000000672,4266.473208938108,-95.46816019000241,29.999999999999996,29.659928862686286
22.220000000000674,4270.312892267441,-95.48805050583758,29.999999999999996,29.66159900002245
22.230000000000675,4274.154313494347,-95.50793201763592,29.999999999999996,29.663289528889262
22.240000000000677,4277.99747258927,-95.52780467350877,29.999999999999996,29.6650002324783
22.25000000000068,4281.84236952231,-95.54766842096299,29.999999999999996,29.666730893234377
22.26000000000068,4285.689004263226,-95.56752320690768,29.999999999999996,29.668481292875974
22.27000000000068,4289.537376781434,-95.58736897766083,29.999999999999996,29.670251212415575
22.280000000000683,4293.3874870460195,-95.60720567895599,29.999999999999996,29.672040432180022
22.290000000000685,4297.2393350257325,-95.62703325594903,29.999999999999996,29.67384873183084
22.300000000000686,4301.092920688998,-95.64685165322483,29.999999999999996,29.675675890384504
22.310000000000688,4304.9482440039155,-95.66666081480406,29.999999999999996,29.677521686232723
22.32000000000069,4308.805304938266,-95.68646068414992,29.999999999999996,29.679385897162657
22.33000000000069,4312.664103459513,-95.70625120417498,29.999999999999996,29.68126830037709
22.340000000000693,4316.524639534808,-95.72603231724793,29.999999999999996,29.683168672514643
22.350000000000694,4320.386913130993,-95.74580396520042,29.999999999999996,29.685086789669842
22.360000000000696,4324.250924214606,-95.76556608933393,29.999999999999996,29.687022427413247
22.370000000000697,4328.116672751885,-95.78531863042654,29.999999999999996,29.688975360811483
22.3800000000007,4331.9841587087685,-95.80506152873991,29.999999999999996,29.690945364447263
22.3900000000007,4335.853382050904,-95.82479472402606,29.999999999999996,29.692932212439345
22.400000000000702,4339.724342743647,-95.8445181555343,29.999999999999996,29.69493567846246
22.410000000000704,4343.59704075207,-95.86423176201815,29.999999999999996,29.69695553576721
22.420000000000705,4347.471476040962,-95.88393548174224,29.999999999999996,29.698991557199875
22.430000000000707,4351.347648574836,-95.90362925248925,29.999999999999996,29.70104351522224
22.44000000000071,4355.225558317929,-95.92331301156683,29.999999999999996,29.70311118193129
22.45000000000071,4359.105205234209,-95.94298669581458,29.999999999999996,29.705194329078953
22.46000000000071,4362.986589287379,-95.96265024161099,29.999999999999996,29.7072927280917
22.470000000000713,4366.869710440876,-95.98230358488037,29.999999999999996,29.70940615009015
22.480000000000715,4370.754568657882,-96.00194666109994,29.999999999999996,29.711534365908594
22.490000000000716,4374.641163901325,-96.02157940530667,29.999999999999996,29.71367714611449
22.500000000000718,4378.5294961338805,-96.04120175210439,29.999999999999996,29.71583426102788
22.51000000000072,4382.419565317979,-96.06081363567073,29.999999999999996,29.718005480740732
22.52000000000072,4386.311371415806,-96.08041498976412,29.999999999999996,29.72019057513627
22.530000000000722,4390.204914389312,-96.10000574773083,29.999999999999996,29.722389313908216
22.540000000000724,4394.100194200209,-96.11958584251197,29.999999999999996,29.724601466579962
22.550000000000725,4397.997210809983,-96.13915520665049,29.999999999999996,29.726826802523696
22.560000000000727,4401.895964179887,-96.15871377229823,29.999999999999996,29.729065090979457
22.57000000000073,4405.796454270956,-96.17826147122291,29.999999999999996,29.73131610107411
22.58000000000073,4409.698681044004,-96.19779823481521,29.999999999999996,29.7335796018403
22.59000000000073,4413.60264445963,-96.21732399409575,29.999999999999996,29.73585536223528
22.600000000000733,4417.508344478223,-96.23683867972214,29.999999999999996,29.738143151159697
22.610000000000735,4421.4157810599645,-96.25634222199601,29.999999999999996,29.740442737476325
22.620000000000736,4425.324954164833,-96.27583455087002,29.999999999999996,29.74275389002869
22.630000000000738,4429.235863752607,-96.29531559595493,29.999999999999996,29.745076377659643
22.64000000000074,4433.148509782871,-96.31478528652661,29.999999999999996,29.74740996922986
22.65000000000074,4437.062892215017,-96.33424355153305,29.999999999999996,29.749754433636255
22.660000000000743,4440.979011008251,-96.3536903196014,29.999999999999996,29.752109539830336
22.670000000000744,4444.896866121596,-96.373125519045,29.999999999999996,29.75447505683645
22.680000000000746,4448.8164575138935,-96.3925490778704,29.999999999999996,29.756850753769996
22.690000000000747,4452.737785143811,-96.41196092378433,29.999999999999996,29.759236399855507
22.70000000000075,4456.6608489698465,-96.4313609842008,29.999999999999996,29.761631764444687
22.71000000000075,4460.585648950327,-96.450749186248,29.999999999999996,29.764036617034357
22.720000000000752,4464.512185043418,-96.4701254567754,29.999999999999996,29.766450727284305
22.730000000000754,4468.440457207125,-96.48948972236069,29.999999999999996,29.76887386503507
22.740000000000755,4472.370465399299,-96.50884190931673,29.999999999999996,29.771305800325628
22.750000000000757,4476.302209577638,-96.52818194369863,29.999999999999996,29.773746303410995
22.76000000000076,4480.235689699692,-96.54750975131064,29.999999999999996,29.77619514477975
22.77000000000076,4484.170905722868,-96.56682525771318,29.999999999999996,29.778652095171452
22.78000000000076,4488.107857604435,-96.58612838822971,29.999999999999996,29.78111692559397
22.790000000000763,4492.046545301522,-96.60541906795376,29.999999999999996,29.78358940734075
22.800000000000765,4495.98696877113,-96.62469722175582,29.999999999999996,29.78606931200795
22.810000000000766,4499.929127970129,-96.64396277429029,29.999999999999996,29.788556411511525
22.820000000000768,4503.873022855268,-96.66321565000236,29.999999999999996,29.791050478104168
22.83000000000077,4507.818653383172,-96.68245577313496,29.999999999999996,29.79355128439219
22.84000000000077,4511.7660195103535,-96.70168306773563,29.999999999999996,29.796058603352307
22.850000000000772,4515.71512119321,-96.7208974576634,29.999999999999996,29.798572208348315
22.860000000000774,4519.665958388031,-96.74009886659566,29.999999999999996,29.801091873147676
22.870000000000775,4523.618531051002,-96.75928721803503,29.999999999999996,29.80361737193798
22.880000000000777,4527.572839138208,-96.77846243531614,29.999999999999996,29.806148479343374
22.89000000000078,4531.528882605638,-96.79762444161254,29.999999999999996,29.808684970440797
22.90000000000078,4535.486661409184,-96.81677315994344,29.999999999999996,29.811226620776196
22.91000000000078,4539.446175504655,-96.83590851318054,29.999999999999996,29.81377320638059
22.920000000000783,4543.40742484777,-96.85503042405483,29.999999999999996,29.816324503786053
22.930000000000785,4547.370409394169,-96.87413881516329,29.999999999999996,29.818880290041594
22.940000000000786,4551.335129099412,-96.8932336089757,29.999999999999996,29.82144034272891
22.950000000000788,4555.301583918989,-96.91231472784135,29.999999999999996,29.824004439978058
22.96000000000079,4559.269773808318,-96.9313820939957,29.999999999999996,29.826572360483016
22.97000000000079,4563.239698722751,-96.95043562956714,29.999999999999996,29.82914388351711
22.980000000000793,4567.211358617578,-96.96947525658365,29.999999999999996,29.83171878894839
22.990000000000794,4571.18475344803,-96.98850089697945,29.999999999999996,29.834296857254824
23.000000000000796,4575.159883169285,-97.00751247260162,29.999999999999996,29.836877869539457
23.010000000000797,4579.136747736468,-97.02650990521673,29.999999999999996,29.83946160754539
23.0200000000008,4583.115347104659,-97.04549311651742,29.999999999999996,29.84204785367069
23.0300000000008,4587.095681228893,-97.06446202812901,29.999999999999996,29.844636390983194
23.040000000000802,4591.077750064166,-97.08341656161603,29.999999999999996,29.847227003235172
23.050000000000804,4595.061553565438,-97.10235663848874,29.999999999999996,29.849819474877886
23.060000000000805,4599.0470916876375,-97.12128218020963,29.999999999999996,29.852413591076036
23.070000000000807,4603.034364385664,-97.14019310819997,29.999999999999996,29.855009137722114
23.08000000000081,4607.023371614392,-97.15908934384618,29.999999999999996,29.857605901450583
23.09000000000081,4611.014113328676,-97.17797080850636,29.999999999999996,29.860203669652023
23.10000000000081,4615.006589483352,-97.19683742351663,29.999999999999996,29.862802230487087
23.110000000000813,4619.000800033245,-97.21568911019757,29.999999999999996,29.86540137290037
23.120000000000815,4622.996744933164,-97.23452578986057,29.999999999999996,29.868000886634167
23.130000000000816,4626.994424137919,-97.25334738381417,29.999999999999996,29.870600562242103
23.140000000000818,4630.993837602312,-97.27215381337037,29.999999999999996,29.873200191102622
23.15000000000082,4634.994985281148,-97.29094499985092,29.999999999999996,29.875799565432413
23.16000000000082,4638.997867129236,-97.3097208645936,29.999999999999996,29.87839847829965
23.170000000000822,4643.0024831013925,-97.32848132895845,29.999999999999996,29.880996723637153
23.180000000000824,4647.008833152448,-97.34722631433394,29.999999999999996,29.883594096255415
23.190000000000826,4651.016917237244,-97.36595574214321,29.999999999999996,29.886190391855504
23.200000000000827,4655.026735310646,-97.3846695338502,29.999999999999996,29.888785407041844
23.21000000000083,4659.038287327536,-97.40336761096574,29.999999999999996,29.891378939334874
23.22000000000083,4663.051573242825,-97.42204989505373,29.999999999999996,29.89397078718359
23.23000000000083,4667.066593011454,-97.4407163077371,29.999999999999996,29.896560749977933
23.240000000000833,4671.083346588394,-97.45936677070394,29.999999999999996,29.8991486280611
23.250000000000835,4675.101833928656,-97.47800120571344,29.999999999999996,29.90173422274169
23.260000000000836,4679.122054987286,-97.49661953460192,29.999999999999996,29.904317336305738
23.270000000000838,4683.144009719377,-97.51522167928874,29.999999999999996,29.906897772028625
23.28000000000084,4687.167698080067,-97.53380756178224,29.999999999999996,29.90947533418686
23.29000000000084,4691.193120024543,-97.5523771041856,29.999999999999996,29.912049828069726
23.300000000000843,4695.220275508046,-97.57093022870272,29.999999999999996,29.914621059990814
23.310000000000844,4699.249164485876,-97.58946685764403,29.999999999999996,29.91718883729942
23.320000000000846,4703.279786913388,-97.60798691343226,29.999999999999996,29.919752968391805
23.330000000000847,4707.3121427460055,-97.62649031860823,29.999999999999996,29.922313262722355
23.34000000000085,4711.346231939215,-97.64497699583657,29.999999999999996,29.924869530814558
23.35000000000085,4715.382054448573,-97.66344686791136,29.999999999999996,29.92742158427193
23.360000000000852,4719.419610229714,-97.68189985776185,29.999999999999996,29.92996923578873
23.370000000000854,4723.458899238342,-97.70033588845806,29.999999999999996,29.9325122991606
23.380000000000855,4727.499921430246,-97.71875488321633,29.999999999999996,29.93505058929505
23.390000000000857,4731.542676761295,-97.73715676540498,29.999999999999996,29.937583922221823
23.40000000000086,4735.587165187447,-97.75554145854967,29.999999999999996,29.9401121151031
23.41000000000086,4739.633386664746,-97.77390888633904,29.999999999999996,29.94263498624365
23.42000000000086,4743.68134114933,-97.79225897263008,29.999999999999996,29.945152355100742
23.430000000000863,4747.731028597435,-97.81059164145353,29.999999999999996,29.947664042293994
23.440000000000865,4751.782448965392,-97.82890681701929,29.999999999999996,29.950169869615088
23.450000000000866,4755.835602209636,-97.84720442372175,29.999999999999996,29.952669660037326
23.460000000000868,4759.8904882867055,-97.86548438614511,29.999999999999996,29.955163237725078
23.47000000000087,4763.947107153249,-97.88374662906864,29.999999999999996,29.95765042804306
23.48000000000087,4768.005458766025,-97.90199107747188,29.999999999999996,29.960131057565523
23.490000000000872,4772.065543081907,-97.92021765653986,29.999999999999996,29.962604954085293
23.500000000000874,4776.127360057883,-97.93842629166828,29.999999999999996,29.965071946622658
23.510000000000876,4780.190909651065,-97.95661690846856,29.999999999999996,29.96753186543414
23.520000000000877,4784.256191818686,-97.974789432773,29.999999999999996,29.969984542021148
23.53000000000088,4788.323206518104,-97.99294379063974,29.999999999999996,29.97242980913844
23.54000000000088,4792.391953706808,-98.01107990835786,29.999999999999996,29.974867500802535
23.550000000000882,4796.462433342417,-98.02919771245223,29.999999999999996,29.97729745229991
23.560000000000883,4800.534645382688,-98.04729712968853,29.999999999999996,29.97971950019511
23.570000000000885,4804.608589785511,-98.06537808707809,29.999999999999996,29.982133482338718
23.580000000000886,4808.68426650892,-98.08344051188271,29.999999999999996,29.98453923787516
23.590000000000888,4812.76167551109,-98.10148433161956,29.999999999999996,29.98693660725043
23.60000000000089,4816.840816750345,-98.11950947406582,29.999999999999996,29.989325432219616
23.61000000000089,4820.921690185154,-98.13751586726353,29.999999999999996,29.99170555585435
23.620000000000893,4825.004295774141,-98.15550343952417,29.999999999999996,29.994076822550074
23.630000000000894,4829.088633476082,-98.17347211943337,29.999999999999996,29.996439078033212
23.640000000000896,4833.17470324991,-98.19142183585551,29.999999999999996,29.998792169368173
23.650000000000897,4837.262505054719,-98.20935251793823,29.999999999999996,30.001135944964247
23.6600000000009,4841.352038849766,-98.22726409511704,29.999999999999996,30.00347025458234
23.6700000000009,4845.443304594471,-98.2451564971197,29.999999999999996,30.005794949341592
23.680000000000902,4849.536302248421,-98.26302965397073,29.999999999999996,30.00810988172586
23.690000000000904,4853.631031771376,-98.28088349599581,29.999999999999996,30.010414905590054
23.700000000000905,4857.727493123267,-98.29871795382607,29.999999999999996,30.012709876166344
23.710000000000907,4861.8256862642,-98.31653295840246,29.999999999999996,30.014994650070236
23.72000000000091,4865.92561115446,-98.33432844098003,29.999999999999996,30.01726908530651
23.73000000000091,4870.027267754511,-98.35210433313209,29.999999999999996,30.019533041275007
23.74000000000091,4874.130656025,-98.36986056675445,29.999999999999996,30.021786378776333
23.750000000000913,4878.235775926759,-98.38759707406957,29.999999999999996,30.024028960017347
23.760000000000915,4882.34262742081,-98.40531378763063,29.999999999999996,30.026260648616603
23.770000000000916,4886.451210468361,-98.42301064032559,29.999999999999996,30.028481309609564
23.780000000000918,4890.561525030816,-98.4406875653812,29.999999999999996,30.030690809453787
23.79000000000092,4894.673571069771,-98.458344496367,29.999999999999996,30.032889016033877
23.80000000000092,4898.787348547022,-98.47598136719925,29.999999999999996,30.035075798666362
23.810000000000922,4902.90285742456,-98.49359811214474,29.999999999999996,30.03725102810443
23.820000000000924,4907.020097664583,-98.5111946658247,29.999999999999996,30.039414576542494
23.830000000000926,4911.139069229488,-98.52877096321859,29.999999999999996,30.041566317620685
23.840000000000927,4915.259772081881,-98.54632693966781,29.999999999999996,30.043706126429154
23.85000000000093,4919.382206184576,-98.56386253087945,29.999999999999996,30.045833879512273
23.86000000000093,4923.506371500595,-98.58137767292992,29.999999999999996,30.047949454872697
23.870000000000932,4927.632267993177,-98.5988723022686,29.999999999999996,30.05005273197529
23.880000000000933,4931.759895625772,-98.6163463557214,29.999999999999996,30.052143591750916
23.890000000000935,4935.889254362048,-98.63379977049428,29.999999999999996,30.054221916600095
23.900000000000936,4940.020344165891,-98.65123248417672,29.999999999999996,30.05628759039655
23.910000000000938,4944.153165001411,-98.6686444347452,29.999999999999996,30.058340498490587
23.92000000000094,4948.287716832939,-98.68603556056661,29.999999999999996,30.060380527712375
23.93000000000094,4952.423999625029,-98.70340580040151,29.999999999999996,30.062407566375057
23.940000000000943,4956.5620133424645,-98.72075509340753,29.999999999999996,30.064421504277778
23.950000000000944,4960.701757950257,-98.7380833791426,29.999999999999996,30.066422232708547
23.960000000000946,4964.84323341365,-98.7553905975681,29.999999999999996,30.068409644446973
23.970000000000947,4968.986439698117,-98.77267668905215,29.999999999999996,30.070383633766887
23.98000000000095,4973.131376769368,-98.78994159437265,29.999999999999996,30.07234409643882
23.99000000000095,4977.27804459335,-98.80718525472038,29.999999999999996,30.07429092973235
24.000000000000952,4981.426443136248,-98.82440761170201,29.999999999999996,30.07622403241833
24.010000000000954,4985.5765723644845,-98.84160860734316,29.999999999999996,30.078143304770975
24.020000000000955,4989.728432244726,-98.85878818409127,29.999999999999996,30.08004864856983
24.030000000000957,4993.882022743882,-98.8759462848185,29.999999999999996,30.0819399671016
24.04000000000096,4998.037343829107,-98.89308285282463,29.999999999999996,30.083817165161875
24.05000000000096,5002.194395467804,-98.91019783183985,29.999999999999996,30.0856801490567
24.06000000000096,5006.35317762762,-98.92729116602749,29.999999999999996,30.087528826604014
24.070000000000963,5010.513690276459,-98.94436279998673,29.999999999999996,30.08936310713501
24.080000000000965,5014.67593338247,-98.96141267875534,29.999999999999996,30.091182901495316
24.090000000000966,5018.83990691406,-98.97844074781221,29.999999999999996,30.09298812204606
24.100000000000968,5023.005610839888,-98.99544695308002,29.999999999999996,30.094778682664835
24.11000000000097,5027.17304512887,-99.01243124092767,29.999999999999996,30.096554498746524
24.12000000000097,5031.342209750183,-99.02939355817284,29.999999999999996,30.098315487203983
24.130000000000972,5035.5131046732595,-99.04633385208442,29.999999999999996,30.100061566468636
24.140000000000974,5039.685729867793,-99.06325207038488,29.999999999999996,30.101792656490918
24.150000000000976,5043.860085303742,-99.08014816125261,29.999999999999996,30.103508678740585
24.160000000000977,5048.036170951326,-99.09702207332428,29.999999999999996,30.105209556206958
24.17000000000098,5052.213986781031,-99.11387375569703,29.999999999999996,30.10689521339897
24.18000000000098,5056.393532763609,-99.1307031579307,29.999999999999996,30.108565576345143
24.190000000000982,5060.574808870078,-99.14751023005,29.999999999999996,30.110220572593423
24.200000000000983,5064.757815071728,-99.16429492254667,29.999999999999996,30.1118601312109
24.210000000000985,5068.942551340117,-99.18105718638148,29.999999999999996,30.113484182783413
24.220000000000987,5073.129017647074,-99.19779697298628,29.999999999999996,30.115092659415012
24.230000000000988,5077.317213964702,-99.214514234266,29.999999999999996,30.116685494727328
24.24000000000099,5081.5071402653775,-99.2312089226006,29.999999999999996,30.118262623858822
24.25000000000099,5085.698796521751,-99.2478809908469,29.999999999999996,30.119823983463885
24.260000000000993,5089.892182706751,-99.26453039234048,29.999999999999996,30.121369511711844
24.270000000000994,5094.08729879358,-99.28115708089746,29.999999999999996,30.122899148285878
24.280000000000996,5098.284144755722,-99.29776101081625,29.999999999999996,30.124412834381754
24.290000000000997,5102.482720566938,-99.31434213687925,29.999999999999996,30.12591051270649
24.300000000001,5106.68302620127,-99.33090041435455,29.999999999999996,30.127392127476913
24.310000000001,5110.885061633041,-99.34743579899748,29.999999999999996,30.12885762441806
24.320000000001002,5115.088826836857,-99.36394824705225,29.999999999999996,30.130306950761483
24.330000000001004,5119.294321787606,-99.38043771525345,29.999999999999996,30.131740055243473
24.340000000001005,5123.501546460462,-99.3969041608275,29.999999999999996,30.133156888103116
24.350000000001007,5127.710500830881,-99.41334754149413,29.999999999999996,30.134557401080272
24.36000000000101,5131.921184874607,-99.42976781546776,29.999999999999996,30.135941547413434
24.37000000000101,5136.133598567671,-99.44616494145883,29.999999999999996,30.13730928183747
24.38000000000101,5140.347741886389,-99.46253887867512,29.999999999999996,30.138660560581265
24.390000000001013,5144.563614807366,-99.47888958682297,29.999999999999996,30.139995341365232
24.400000000001015,5148.781217307499,-99.49521702610856,29.999999999999996,30.14131358339876
24.410000000001016,5153.00054936397,-99.51152115723902,29.999999999999996,30.142615247377478
24.420000000001018,5157.221610954255,-99.52780194142353,29.999999999999996,30.143900295480492
24.43000000000102,5161.4444020561195,-99.54405934037449,29.999999999999996,30.145168691367456
24.44000000000102,5165.66892264762,-99.56029331630845,29.999999999999996,30.146420400175565
24.450000000001022,5169.895172707107,-99.57650383194716,29.999999999999996,30.147655388516423
24.460000000001024,5174.123152213223,-99.59269085051852,29.999999999999996,30.148873624472838
24.470000000001026,5178.352861144904,-99.60885433575744,29.999999999999996,30.15007507759547
24.480000000001027,5182.584299481378,-99.62499425190673,29.999999999999996,30.151259718899407
24.49000000000103,5186.817467202172,-99.64111056371786,29.999999999999996,30.15242752086061
24.50000000000103,5191.052364287106,-99.65720323645182,29.999999999999996,30.1535784574123
24.510000000001032,5195.288990716293,-99.67327223587976,29.999999999999996,30.154712503941195
24.520000000001033,5199.527346470144,-99.68931752828372,29.999999999999996,30.155829637283652
24.530000000001035,5203.767431529368,-99.70533908045724,29.999999999999996,30.156929835721762
24.540000000001037,5208.009245874968,-99.72133685970597,29.999999999999996,30.15801307897926
24.550000000001038,5212.252789488244,-99.73731083384823,29.999999999999996,30.15907934821741
24.56000000000104,5216.498062350795,-99.75326097121548,29.999999999999996,30.16012862603075
24.57000000000104,5220.745064444518,-99.76918724065285,29.999999999999996,30.161160896442755
24.580000000001043,5224.993795751606,-99.78508961151952,29.999999999999996,30.162176144901395
24.590000000001044,5229.244256254551,-99.80096805368909,29.999999999999996,30.163174358274606
24.600000000001046,5233.4964459361445,-99.81682253754992,29.999999999999996,30.16415552484567
24.610000000001047,5237.750364779476,-99.8326530340055,29.999999999999996,30.165119634308454
24.62000000000105,5242.0060127679335,-99.84845951447458,29.999999999999996,30.166066677762643
24.63000000000105,5246.263389885205,-99.86424195089148,29.999999999999996,30.166996647708803
24.640000000001052,5250.522496115275,-99.88000031570623,29.999999999999996,30.167909538043357
24.650000000001054,5254.7833314424315,-99.89573458188465,29.999999999999996,30.168805344053528
24.660000000001055,5259.045895851258,-99.91144472290854,29.999999999999996,30.169684062412138
24.670000000001057,5263.31018932664,-99.92713071277564,29.999999999999996,30.170545691172315
24.68000000000106,5267.576211853761,-99.94279252599964,29.999999999999996,30.171390229762157
24.69000000000106,5271.843963418105,-99.95843013761016,29.999999999999996,30.172217678979262
24.70000000000106,5276.113444005454,-99.97404352315273,29.999999999999996,30.173028040985177
24.710000000001063,5280.38465360189,-99.98963265868854,29.999999999999996,30.17382131929979
24.720000000001065,5284.657592193795,-100.00519752079438,29.999999999999996,30.1745975187956
24.730000000001066,5288.932259767848,-100.02073808656246,29.999999999999996,30.175356645691927
24.740000000001068,5293.2086563110315,-100.03625433360006,29.999999999999996,30.17609870754901
24.75000000000107,5297.486781810623,-100.05174624002933,29.999999999999996,30.17682371326206
24.76000000000107,5301.7666362542,-100.06721378448698,29.999999999999996,30.1775316730552
24.770000000001072,5306.04821962964,-100.08265694612388,29.999999999999996,30.178222598475323
24.780000000001074,5310.331531925116,-100.09807570460467,29.999999999999996,30.178896502385886
24.790000000001076,5314.616573129102,-100.11347004010734,29.999999999999996,30.179553398960618
24.800000000001077,5318.903343230369,-100.12883993332274,29.999999999999996,30.180193303677132
24.81000000000108,5323.191842217984,-100.14418536545404,29.999999999999996,30.180816233310487
24.82000000000108,5327.482070081315,-100.15950631821623,29.999999999999996,30.18142220592664
24.830000000001082,5331.774026810024,-100.17480277383548,29.999999999999996,30.18201124087586
24.840000000001083,5336.06771239407,-100.19007471504854,29.999999999999996,30.18258335878601
24.850000000001085,5340.36312682371,-100.20532212510203,29.999999999999996,30.18313858155582
24.860000000001087,5344.660270089496,-100.22054498775178,29.999999999999996,30.18367693234802
24.870000000001088,5348.959142182276,-100.23574328726205,29.999999999999996,30.184198435582466
24.88000000000109,5353.259743093191,-100.25091700840478,29.999999999999996,30.184703116929132
24.89000000000109,5357.562072813679,-100.26606613645872,29.999999999999996,30.18519100330105
24.900000000001093,5361.866131335471,-100.28119065720861,29.999999999999996,30.185662122847223
24.910000000001094,5366.171918650593,-100.2962905569443,29.999999999999996,30.186116504945378
24.920000000001096,5370.4794347513625,-100.31136582245978,29.999999999999996,30.18655418019475
24.930000000001098,5374.78867963039,-100.32641644105223,29.999999999999996,30.186975180408705
24.9400000000011,5379.099653280579,-100.34144240052103,29.999999999999996,30.187379538607374
24.9500000000011,5383.412355695124,-100.35644368916671,29.999999999999996,30.187767289010157
24.960000000001102,5387.726786867507,-100.37142029578987,29.999999999999996,30.18813846702821
24.970000000001104,5392.042946791506,-100.3863722096901,29.999999999999996,30.188493109256832
24.980000000001105,5396.360835461185,-100.40129942066476,29.999999999999996,30.188831253467793
24.990000000001107,5400.680452870897,-100.4162019190079,29.999999999999996,30.189152938601634
25.00000000000111,5405.001799015285,-100.43107969550898,29.999999999999996,30.189458204759855
25.01000000000111,5409.324873889276,-100.44593274145164,29.999999999999996,30.189747093197056
25.02000000000111,5413.649677488087,-100.46076104861241,29.999999999999996,30.190019646313054
25.030000000001113,5417.97620980722,-100.47556460925941,29.999999999999996,30.19027590764488
25.040000000001115,5422.30447084246,-100.49034341615095,29.999999999999996,30.190515921858776
25.050000000001116,5426.634460589881,-100.50509746253422,29.999999999999996,30.190739734742063
25.060000000001118,5430.966179045837,-100.51982674214382,29.999999999999996,30.19094739319504
25.07000000000112,5435.299626206964,-100.5345312492003,29.999999999999996,30.191138945222743
25.08000000000112,5439.634802070182,-100.54921097840871,29.999999999999996,30.191314439926717
25.090000000001123,5443.971706632691,-100.56386592495707,29.999999999999996,30.191473927496688
25.100000000001124,5448.310339891973,-100.57849608451482,29.999999999999996,30.191617459202174
25.110000000001126,5452.650701845786,-100.59310145323124,29.999999999999996,30.19174508738411
25.120000000001127,5456.9927924921685,-100.60768202773383,29.999999999999996,30.191856865446322
25.13000000000113,5461.336611829436,-100.62223780512666,29.999999999999996,30.191952847847052
25.14000000000113,5465.682159856179,-100.63676878298871,29.999999999999996,30.192033090090348
25.150000000001132,5470.029436571265,-100.65127495937217,29.999999999999996,30.19209764871746
25.160000000001133,5474.378441973834,-100.66575633280068,29.999999999999996,30.19214658129817
25.170000000001135,5478.729176063301,-100.68021290226758,29.999999999999996,30.192179946422055
25.180000000001137,5483.081638839352,-100.69464466723409,29.999999999999996,30.192197803689726
25.190000000001138,5487.435830301946,-100.70905162762749,29.999999999999996,30.192200213704034
25.20000000000114,5491.79175045131,-100.72343378383927,29.999999999999996,30.19218723806119
25.21000000000114,5496.14939928794,-100.73779113672325,29.999999999999996,30.192158939341873
25.220000000001143,5500.5087768126,-100.75212368759362,29.999999999999996,30.192115381102283
25.230000000001144,5504.869883026325,-100.76643143822305,29.999999999999996,30.19205662786517
25.240000000001146,5509.232717930408,-100.78071439084069,29.999999999999996,30.19198274511077
25.250000000001148,5513.597281526413,-100.79497254813015,29.999999999999996,30.191893799267778
25.26000000000115,5517.963573816163,-100.80920591322749,29.999999999999996,30.19178985770422
25.27000000000115,5522.331594801746,-100.82341448971916,29.999999999999996,30.191670988718297
25.280000000001152,5526.701344485508,-100.83759828163988,29.999999999999996,30.19153726152922
25.290000000001154,5531.072822870057,-100.85175729347061,29.999999999999996,30.191388746267982
25.300000000001155,5535.446029958259,-100.86589153013631,29.999999999999996,30.191225513968085
25.310000000001157,5539.820965753235,-100.88000099700382,29.999999999999996,30.19104763655627
25.32000000000116,5544.197630258364,-100.89408569987967,29.999999999999996,30.190855186843176
25.33000000000116,5548.57602347728,-100.90814564500785,29.999999999999996,30.190648238513983
25.34000000000116,5552.956145413867,-100.92218083906755,29.999999999999996,30.19042686611903
25.350000000001163,5557.337996072262,-100.93619128917092,29.999999999999996,30.19019114506437
25.360000000001165,5561.721575456856,-100.95017700286074,29.999999999999996,30.189941151602323
25.370000000001166,5566.1068835722845,-100.96413798810812,29.999999999999996,30.189676962821995
25.380000000001168,5570.493920423433,-100.97807425331014,29.999999999999996,30.18939865663976
25.39000000000117,5574.882686015434,-100.99198580728746,29.999999999999996,30.189106311789725
25.40000000000117,5579.273180353663,-101.00587265928199,29.999999999999996,30.188800007814145
25.410000000001173,5583.66540344374,-101.01973481895439,29.999999999999996,30.188479825053843
25.420000000001174,5588.059355291528,-101.03357229638166,29.999999999999996,30.188145844638584
25.430000000001176,5592.455035903129,-101.0473851020547,29.999999999999996,30.18779814847741
25.440000000001177,5596.852445284886,-101.06117324687578,29.999999999999996,30.187436819248997
25.45000000000118,5601.251583443378,-101.07493674215604,29.999999999999996,30.187061940391963
25.46000000000118,5605.652450385422,-101.08867559961296,29.999999999999996,30.186673596095122
25.470000000001182,5610.055046118068,-101.10238983136777,29.999999999999996,30.186271871287783
25.480000000001183,5614.459370648601,-101.11607944994296,29.999999999999996,30.18585685162997
25.490000000001185,5618.865423984537,-101.12974446825955,29.999999999999996,30.185428623502663
25.500000000001187,5623.273206133622,-101.14338489963455,29.999999999999996,30.184987273997983
25.510000000001188,5627.682717103829,-101.15700075777835,29.999999999999996,30.184532890909402
25.52000000000119,5632.093956903363,-101.17059205679193,29.999999999999996,30.184065562721898
25.53000000000119,5636.506925540648,-101.18415881116431,29.999999999999996,30.18358537860213
25.540000000001193,5640.921623024337,-101.19770103576975,29.999999999999996,30.18309242838855
25.550000000001194,5645.338049363304,-101.21121874586508,29.999999999999996,30.182586802581557
25.560000000001196,5649.756204566642,-101.22471195708694,29.999999999999996,30.182068592333586
25.570000000001198,5654.176088643665,-101.23818068544898,29.999999999999996,30.181537889439216
25.5800000000012,5658.597701603904,-101.25162494733914,29.999999999999996,30.180994786325275
25.5900000000012,5663.021043457105,-101.26504475951681,29.999999999999996,30.180439376040876
25.600000000001202,5667.44611421323,-101.27844013911002,29.999999999999996,30.179871752247532
25.610000000001204,5671.872913882452,-101.29181110361259,29.999999999999996,30.17929200920919
25.620000000001205,5676.301442475154,-101.30515767088129,29.999999999999996,30.178700241782256
25.630000000001207,5680.731700001929,-101.31847985913296,29.999999999999996,30.178096545405687
25.64000000000121,5685.16368647358,-101.33177768694162,29.999999999999996,30.177481016090994
25.65000000000121,5689.597401901112,-101.34505117323556,29.999999999999996,30.17685375041227
25.66000000000121,5694.032846295735,-101.35830033729442,29.999999999999996,30.17621484549623
25.670000000001213,5698.470019668863,-101.37152519874626,29.999999999999996,30.175564399012217
25.680000000001215,5702.9089220321075,-101.38472577756455,29.999999999999996,30.17490250916222
25.690000000001216,5707.349553397283,-101.3979020940653,29.999999999999996,30.17422927467089
25.700000000001218,5711.7919137763965,-101.41105416890396,29.999999999999996,30.173544794775545
25.71000000000122,5716.236003181653,-101.42418202307249,29.999999999999996,30.172849169216207
25.72000000000122,5720.681821625451,-101.43728567789633,29.999999999999996,30.17214249822557
25.730000000001223,5725.129369120381,-101.45036515503132,29.999999999999996,30.17142488251903
25.740000000001224,5729.578645679221,-101.46342047646074,29.999999999999996,30.170696423284717
25.750000000001226,5734.02965131494,-101.47645166449217,29.999999999999996,30.169957222173476
25.760000000001227,5738.482386040691,-101.48945874175446,29.999999999999996,30.16920738128891
25.77000000000123,5742.936849869815,-101.50244173119464,29.999999999999996,30.168447003177377
25.78000000000123,5747.393042815832,-101.51540065607477,29.999999999999996,30.167676190818035
25.790000000001232,5751.850964892444,-101.52833553996892,29.999999999999996,30.166895047612872
25.800000000001234,5756.310616113533,-101.54124640675995,29.999999999999996,30.166103677376718
25.810000000001235,5760.7719964931575,-101.55413328063645,29.999999999999996,30.165302184327313
25.820000000001237,5765.235106045552,-101.56699618608951,29.999999999999996,30.164490673075363
25.830000000001238,5769.699944785124,-101.57983514790963,29.999999999999996,30.163669248614575
25.84000000000124,5774.166512726453,-101.59265019118352,29.999999999999996,30.162838016311742
25.85000000000124,5778.634809884288,-101.60544134129091,29.999999999999996,30.161997081896818
25.860000000001243,5783.1048362735455,-101.61820862390137,29.999999999999996,30.161146551452994
25.870000000001244,5787.576591909309,-101.63095206497107,29.999999999999996,30.160286531406832
25.880000000001246,5792.050076806826,-101.64367169073962,29.999999999999996,30.159417128518346
25.890000000001248,5796.525290981504,-101.65636752772683,29.999999999999996,30.15853844987113
25.90000000000125,5801.002234448915,-101.66903960272943,29.999999999999996,30.157650602862514
25.91000000000125,5805.480907224787,-101.68168794281787,29.999999999999996,30.1567536951937
25.920000000001252,5809.961309325005,-101.69431257533309,29.999999999999996,30.155847834859948
25.930000000001254,5814.443440765607,-101.70691352788319,29.999999999999996,30.154933130140744
25.940000000001255,5818.927301562788,-101.71949082834021,29.999999999999996,30.154009689590005
25.950000000001257,5823.412891732888,-101.73204450483686,29.999999999999996,30.1530776220263
25.96000000000126,5827.900211292401,-101.7445745857632,29.999999999999996,30.15213703652309
25.97000000000126,5832.389260257965,-101.75708109976337,29.999999999999996,30.151188042398967
25.98000000000126,5836.880038646365,-101.76956407573228,29.999999999999996,30.15023074920795
25.990000000001263,5841.372546474528,-101.78202354281231,29.999999999999996,30.14926526672976
26.000000000001265,5845.866783759521,-101.79445953039001,29.999999999999996,30.14829170496014
26.010000000001266,5850.362750518553,-101.80687206809277,29.999999999999996,30.14731017410121
26.020000000001268,5854.860446768967,-101.81926118578546,29.999999999999996,30.146320784551786
26.03000000000127,5859.3598725282445,-101.83162691356715,29.999999999999996,30.145323646897793
26.04000000000127,5863.861027813998,-101.84396928176776,29.999999999999996,30.14431887190267
26.050000000001273,5868.363912643972,-101.8562883209447,29.999999999999996,30.143306570497774
26.060000000001274,5872.868527036042,-101.86858406187956,29.999999999999996,30.142286853772852
26.070000000001276,5877.374871008208,-101.88085653557471,29.999999999999996,30.141259832966533
26.080000000001277,5881.882944578599,-101.89310577324997,29.999999999999996,30.140225619456803
26.09000000000128,5886.392747765463,-101.90533180633928,29.999999999999996,30.139184324751554
26.10000000000128,5890.904280587175,-101.91753466648727,29.999999999999996,30.13813606047914
26.110000000001282,5895.417543062226,-101.92971438554596,29.999999999999996,30.137080938378986
26.120000000001284,5899.9325352092255,-101.94187099557136,29.999999999999996,30.136019070292157
26.130000000001285,5904.449257046898,-101.95400452882008,29.999999999999996,30.13495056815205
26.140000000001287,5908.967708594084,-101.96611501774598,29.999999999999996,30.13387554397506
26.150000000001288,5913.4878898697325,-101.9782024949968,29.999999999999996,30.13279410985125
26.16000000000129,5918.009800892904,-101.99026699341073,29.999999999999996,30.131706377935153
26.17000000000129,5922.533441682768,-102.00230854601313,29.999999999999996,30.130612460436485
26.180000000001293,5927.058812258598,-102.01432718601302,29.999999999999996,30.129512469610972
26.190000000001294,5931.58591263977,-102.0263229467998,29.999999999999996,30.128406517751195
26.200000000001296,5936.114742845765,-102.03829586193977,29.999999999999996,30.12729471717744
26.210000000001298,5940.645302896162,-102.05024596517288,29.999999999999996,30.1261771802286
26.2200000000013,5945.177592810639,-102.06217329040918,29.999999999999996,30.125054019253138
26.2300000000013,5949.711612608969,-102.07407787172556,29.999999999999996,30.12392534660004
26.240000000001302,5954.247362311017,-102.08595974336234,29.999999999999996,30.122791274609824
26.250000000001304,5958.784841936745,-102.09781893971979,29.999999999999996,30.121651915605607
26.260000000001305,5963.3240515062,-102.10965549535489,29.999999999999996,30.120507381884153
26.270000000001307,5967.86499103952,-102.12146944497782,29.999999999999996,30.119357785707034
26.28000000000131,5972.407660556927,-102.13326082344868,29.999999999999996,30.11820323929177
26.29000000000131,5976.952060078728,-102.14502966577403,29.999999999999996,30.117043854803022
26.30000000000131,5981.498189625313,-102.15677600710355,29.999999999999996,30.115879744343843
26.310000000001313,5986.0460492171505,-102.16849988272662,29.999999999999996,30.114711019946956
26.320000000001315,5990.595638874788,-102.18020132806903,29.999999999999996,30.11353779356606
26.330000000001316,5995.146958618849,-102.19188037868953,29.999999999999996,30.112360177067202
26.340000000001318,5999.70000847003,-102.20353707027647,29.999999999999996,30.11117828222017
26.35000000000132,6004.254788449102,-102.21517143864446,29.999999999999996,30.109992220689954
26.36000000000132,6008.811298576906,-102.22678351973099,29.999999999999996,30.1088021040282
26.370000000001323,6013.369538874348,-102.23837334959306,29.999999999999996,30.107608043664772
26.380000000001324,6017.929509362404,-102.24994096440386,29.999999999999996,30.106410150899304
26.390000000001326,6022.491210062114,-102.26148640044937,29.999999999999996,30.105208536892825
26.400000000001327,6027.054640994578,-102.27300969412505,29.999999999999996,30.104003312659422
26.41000000000133,6031.61980218096,-102.28451088193246,29.999999999999996,30.10279458905794
26.42000000000133,6036.1866936424785,-102.29599000047595,29.999999999999996,30.10158247678374
26.430000000001332,6040.755315400413,-102.30744708645933,29.999999999999996,30.100367086360492
26.440000000001334,6045.325667476093,-102.31888217668252,29.999999999999996,30.099148528132034
26.450000000001335,6049.897749890905,-102.33029530803822,29.999999999999996,30.097926912254234
26.460000000001337,6054.471562666285,-102.34168651750862,29.999999999999996,30.096702348686968
26.47000000000134,6059.047105823715,-102.35305584216208,29.999999999999996,30.095474947186077
26.48000000000134,6063.624379384729,-102.36440331914982,29.999999999999996,30.09424481729541
26.49000000000134,6068.203383370901,-102.3757289857026,29.999999999999996,30.093012068338926
26.500000000001343,6072.7841178038525,-102.38703287912749,29.999999999999996,30.091776809412796
26.510000000001344,6077.366582705244,-102.39831503680452,29.999999999999996,30.09053914937762
26.520000000001346,6081.950778096774,-102.40957549618342,29.999999999999996,30.089299196850636
26.530000000001348,6086.536704000181,-102.42081429478039,29.999999999999996,30.088057060198008
26.54000000000135,6091.1243604372385,-102.43203147017476,29.999999999999996,30.086812847527177
26.55000000000135,6095.713747429752,-102.44322706000582,29.999999999999996,30.085566666679227
26.560000000001352,6100.304864999561,-102.45440110196952,29.999999999999996,30.084318625221332
26.570000000001354,6104.897713168532,-102.46555363381523,29.999999999999996,30.08306883043926
26.580000000001355,6109.492291958563,-102.47668469334253,29.999999999999996,30.081817389329874
26.590000000001357,6114.088601391576,-102.487794318398,29.999999999999996,30.080564408593784
26.60000000000136,6118.686641489517,-102.49888254687197,29.999999999999996,30.07930999462795
26.61000000000136,6123.286412274355,-102.50994941669535,29.999999999999996,30.078054253518403
26.62000000000136,6127.88791376808,-102.52099496583642,29.999999999999996,30.076797291033017
26.630000000001363,6132.491145992699,-102.53201923229766,29.999999999999996,30.07553921261429
26.640000000001365,6137.096108970238,-102.54302225411254,29.999999999999996,30.07428012337223
26.650000000001366,6141.702802722736,-102.55400406934243,29.999999999999996,30.073020128077268
26.660000000001368,6146.311227272247,-102.56496471607336,29.999999999999996,30.071759331153235
26.67000000000137,6150.921382640836,-102.57590423241294,29.999999999999996,30.07049783667041
26.68000000000137,6155.533268850576,-102.5868226564872,29.999999999999996,30.069235748338578
26.690000000001373,6160.146885923549,-102.59772002643747,29.999999999999996,30.067973169500213
26.700000000001374,6164.762233881844,-102.60859638041727,29.999999999999996,30.066710203123638
26.710000000001376,6169.379312747551,-102.61945175658923,29.999999999999996,30.06544695179632
26.720000000001377,6173.998122542766,-102.63028619312196,29.999999999999996,30.064183517718167
26.73000000000138,6178.618663289583,-102.64109972818704,29.999999999999996,30.06292000269491
26.74000000000138,6183.240935010096,-102.65189239995591,29.999999999999996,30.06165650813153
26.750000000001382,6187.8649377263955,-102.6626642465968,29.999999999999996,30.060393135025755
26.760000000001384,6192.490671460568,-102.67341530627175,29.999999999999996,30.059129983961604
26.770000000001385,6197.1181362346915,-102.68414561713352,29.999999999999996,30.05786715510299
26.780000000001387,6201.747332070839,-102.69485521732265,29.999999999999996,30.0566047481874
26.79000000000139,6206.378258991071,-102.70554414496439,29.999999999999996,30.055342862519616
26.80000000000139,6211.010917017436,-102.71621243816574,29.999999999999996,30.054081596965503
26.81000000000139,6215.645306171973,-102.72686013501249,29.999999999999996,30.052821049945845
26.820000000001393,6220.281426476701,-102.73748727356623,29.999999999999996,30.051561319430274
26.830000000001395,6224.919277953625,-102.74809389186143,29.999999999999996,30.050302502931206
26.840000000001396,6229.55886062473,-102.75868002790249,29.999999999999996,30.049044697497905
26.850000000001398,6234.200174511983,-102.76924571966082,29.999999999999996,30.04778799971054
26.8600000000014,6238.843219637327,-102.77979100507193,29.999999999999996,30.046532505674342
26.8700000000014,6243.487996022682,-102.79031592203258,29.999999999999996,30.045278311013842
26.880000000001402,6248.134503689943,-102.80082050839785,29.999999999999996,30.0440255108671
26.890000000001404,6252.782742660978,-102.8113048019783,29.999999999999996,30.042774199880075
26.900000000001405,6257.432712957628,-102.82176884053712,29.999999999999996,30.041524472201004
26.910000000001407,6262.084414601701,-102.83221266178732,29.999999999999996,30.04027642147487
26.92000000000141,6266.737847614975,-102.8426363033889,29.999999999999996,30.039030140837927
26.93000000000141,6271.393012019195,-102.85303980294601,29.999999999999996,30.037785722912265
26.94000000000141,6276.049907836071,-102.86342319800424,29.999999999999996,30.036543259800474
26.950000000001413,6280.708535087274,-102.87378652604778,29.999999999999996,30.03530284308035
26.960000000001415,6285.36889379444,-102.88412982449671,29.999999999999996,30.034064563799653
26.970000000001416,6290.0309839791635,-102.89445313070426,29.999999999999996,30.032828512470978
26.980000000001418,6294.694805662998,-102.90475648195407,29.999999999999996,30.031594779066616
26.99000000000142,6299.360358867455,-102.91503991545747,29.999999999999996,30.030363453013546
27.00000000000142,6304.027643614,-102.92530346835085,29.999999999999996,30.02913462318845
27.010000000001423,6308.696659924055,-102.93554717769291,29.999999999999996,30.0279083779128
27.020000000001424,6313.3674078189915,-102.9457710804621,29.999999999999996,30.026684804948022
27.030000000001426,6318.039887320134,-102.95597521355387,29.999999999999996,30.025463991490703
27.040000000001427,6322.714098448756,-102.96615961377815,29.999999999999996,30.024246024167894
27.05000000000143,6327.390041226079,-102.97632431785668,29.999999999999996,30.023030989032446
27.06000000000143,6332.067715673272,-102.98646936242046,29.999999999999996,30.021818971558414
27.070000000001432,6336.747121811446,-102.99659478400716,29.999999999999996,30.020610056636556
27.080000000001434,6341.4282596616595,-103.00670061905856,29.999999999999996,30.019404328569856
27.090000000001435,6346.11112924491,-103.01678690391807,29.999999999999996,30.018201871069135
27.100000000001437,6350.795730582138,-103.02685367482815,29.999999999999996,30.01700276724873
27.11000000000144,6355.482063694222,-103.03690096792783,29.999999999999996,30.015807099622226
27.12000000000144,6360.170128601978,-103.04692881925027,29.999999999999996,30.014614950098263
27.13000000000144,6364.859925326159,-103.05693726472023,29.999999999999996,30.013426399976385
27.140000000001443,6369.551453887453,-103.06692634015171,29.999999999999996,30.012241529943
27.150000000001445,6374.244714306482,-103.07689608124544,29.999999999999996,30.01106042006735
27.160000000001446,6378.939706603799,-103.08684652358653,29.999999999999996,30.00988314979759
27.170000000001448,6383.636430799889,-103.09677770264207,29.999999999999996,30.008709797956936
27.18000000000145,6388.334886915166,-103.10668965375878,29.999999999999996,30.007540442739806
27.19000000000145,6393.035074969972,-103.1165824121606,29.999999999999996,30.006375161708124
27.200000000001452,6397.736994984576,-103.12645601294643,29.999999999999996,30.00521403178763
27.210000000001454,6402.440646979174,-103.1363104910878,29.999999999999996,30.00405712926428
27.220000000001455,6407.146030973883,-103.14614588142655,29.999999999999996,30.00290452978068
27.230000000001457,6411.853146988746,-103.15596221867258,29.999999999999996,30.001756308332627
27.24000000000146,6416.561995043725,-103.16575953740163,29.999999999999996,30.000612539265706
27.25000000000146,6421.272575158704,-103.17553787205296,29.999999999999996,29.99947329627191
27.26000000000146,6425.984887353487,-103.18529725692723,29.999999999999996,29.998338652386384
27.270000000001463,6430.698931647792,-103.19503772618425,29.999999999999996,29.997208679984215
27.280000000001465,6435.414708061257,-103.20475931384087,29.999999999999996,29.996083450777252
27.290000000001466,6440.132216613436,-103.21446205376871,29.999999999999996,29.994963035811057
27.300000000001468,6444.851457323793,-103.22414597969217,29.999999999999996,29.99384750546186
27.31000000000147,6449.572430211708,-103.23381112518621,29.999999999999996,29.992736929433626
27.32000000000147,6454.295135296472,-103.2434575236743,29.999999999999996,29.991631376755148
27.330000000001473,6459.019572597287,-103.25308520842636,29.999999999999996,29.990530915777246
27.340000000001474,6463.745742133264,-103.2626942125567,29.999999999999996,29.989435614169984
27.350000000001476,6468.47364392342,-103.27228456902195,29.999999999999996,29.988345538920022
27.360000000001477,6473.203277986683,-103.28185631061912,29.999999999999996,29.98726075632795
27.37000000000148,6477.934644341884,-103.29140946998355,29.999999999999996,29.986181332005735
27.38000000000148,6482.667743007762,-103.300944079587,29.999999999999996,29.98510733087425
27.390000000001482,6487.402574002954,-103.31046017173563,29.999999999999996,29.984038817160823
27.400000000001484,6492.139137346005,-103.31995777856812,29.999999999999996,29.982975854396877
27.410000000001485,6496.877433055359,-103.32943693205381,29.999999999999996,29.981918505415635
27.420000000001487,6501.617461149361,-103.33889766399069,29.999999999999996,29.980866832349882
27.43000000000149,6506.359221646254,-103.34834000600367,29.999999999999996,29.979820896629807
27.44000000000149,6511.102714564182,-103.35776398954263,29.999999999999996,29.978780758980882
27.45000000000149,6515.847939921184,-103.3671696458807,29.999999999999996,29.977746479421832
27.460000000001493,6520.594897735196,-103.37655700611236,29.999999999999996,29.976718117262667
27.470000000001495,6525.3435880240495,-103.38592610115177,29.999999999999996,29.975695731102757
27.480000000001496,6530.094010805469,-103.39527696173091,29.999999999999996,29.974679378828995
27.490000000001498,6534.846166097074,-103.40460961839793,29.999999999999996,29.973669117614023
27.5000000000015,6539.600053916376,-103.41392410151535,29.999999999999996,29.972665003914504
27.5100000000015,6544.355674280776,-103.42322044125847,29.999999999999996,29.971667093469467
27.520000000001502,6549.113027207566,-103.43249866761361,29.999999999999996,29.970675441298734
27.530000000001504,6553.87211271393,-103.44175881037656,29.999999999999996,29.96969010170138
27.540000000001505,6558.632930816936,-103.45100089915081,29.999999999999996,29.96871112825428
27.550000000001507,6563.395481533544,-103.46022496334612,29.999999999999996,29.967738573810706
27.56000000000151,6568.159764880596,-103.46943103217679,29.999999999999996,29.966772490499007
27.57000000000151,6572.925780874825,-103.47861913466018,29.999999999999996,29.965812929721313
27.58000000000151,6577.693529532846,-103.48778929961516,29.999999999999996,29.96485994215235
27.590000000001513,6582.463010871157,-103.49694155566057,29.999999999999996,29.963913577738296
27.600000000001515,6587.234224906142,-103.50607593121374,29.999999999999996,29.96297388569567
27.610000000001516,6592.007171654066,-103.51519245448905,29.999999999999996,29.962040914510364
27.620000000001518,6596.781851131074,-103.52429115349642,29.999999999999996,29.961114711936634
27.63000000000152,6601.558263353195,-103.53337205603991,29.999999999999996,29.96019532499625
27.64000000000152,6606.336408336335,-103.54243518971633,29.999999999999996,29.959282799977622
27.650000000001523,6611.11628609628,-103.55148058191385,29.999999999999996,29.958377182435072
27.660000000001524,6615.897896648697,-103.5605082598106,29.999999999999996,29.957478517188097
27.670000000001526,6620.681240009126,-103.5695182503734,29.999999999999996,29.956586848320736
27.680000000001527,6625.466316192987,-103.5785105803564,29.999999999999996,29.95570221918098
27.69000000000153,6630.253125215575,-103.58748527629974,29.999999999999996,29.95482467238025
27.70000000000153,6635.041667092061,-103.59644236452841,29.999999999999996,29.953954249792925
27.710000000001532,6639.831941837491,-103.60538187115088,29.999999999999996,29.95309099255597
27.720000000001534,6644.623949466784,-103.61430382205789,29.999999999999996,29.95223494106856
27.730000000001535,6649.417689994733,-103.62320824292131,29.999999999999996,29.951386134991814
27.740000000001537,6654.213163436004,-103.63209515919287,29.999999999999996,29.950544613248578
27.75000000000154,6659.010369805133,-103.64096459610309,29.999999999999996,29.949710414023254
27.76000000000154,6663.809309116531,-103.64981657866007,29.999999999999996,29.948883574761705
27.77000000000154,6668.609981384477,-103.65865113164838,29.999999999999996,29.948064132171226
27.780000000001543,6673.412386623119,-103.66746827962804,29.999999999999996,29.94725212222053
27.790000000001545,6678.216524846479,-103.67626804693334,29.999999999999996,29.946447580139864
27.800000000001546,6683.022396068444,-103.68505045767189,29.999999999999996,29.945650540421106
27.810000000001548,6687.830000302772,-103.69381553572352,29.999999999999996,29.94486103681799
27.82000000000155,6692.639337563085,-103.7025633047393,29.999999999999996,29.944079102346343
27.83000000000155,6697.450407862876,-103.71129378814061,29.999999999999996,29.943304769284392
27.840000000001552,6702.263211215503,-103.72000700911809,29.999999999999996,29.94253806917315
27.850000000001554,6707.077747634192,-103.72870299063077,29.999999999999996,29.941779032816818
27.860000000001556,6711.894017132031,-103.73738175540511,29.999999999999996,29.941027690283285
27.870000000001557,6716.7120197219765,-103.74604332593417,29.999999999999996,29.940284070904664
27.88000000000156,6721.531755416848,-103.75468772447665,29.999999999999996,29.939548203277884
27.89000000000156,6726.3532242293295,-103.76331497305615,29.999999999999996,29.938820115265347
27.90000000000156,6731.17642617197,-103.77192509346024,29.999999999999996,29.938099833995643
27.910000000001563,6736.001361257179,-103.78051810723971,29.999999999999996,29.937387385864294
27.920000000001565,6740.828029497232,-103.7890940357078,29.999999999999996,29.93668279653461
27.930000000001566,6745.656430904264,-103.79765289993941,29.999999999999996,29.935986090938517
27.940000000001568,6750.486565490275,-103.80619472077036,29.999999999999996,29.935297293277536
27.95000000000157,6755.318433267124,-103.81471951879674,29.999999999999996,29.93461642702373
27.96000000000157,6760.152034246533,-103.82322731437411,29.999999999999996,29.93394351492078
27.970000000001573,6764.987368440083,-103.83171812761691,29.999999999999996,29.93327857898505
27.980000000001574,6769.8244358592165,-103.8401919783978,29.999999999999996,29.932621640506746
27.990000000001576,6774.663236515236,-103.848648886347,29.999999999999996,29.93197272005111
28.000000000001577,6779.5037704193055,-103.8570888708517,29.999999999999996,29.931331837459695
28.01000000000158,6784.346037582445,-103.86551195105551,29.999999999999996,29.930699011851647
28.02000000000158,6789.190038015537,-103.87391814585786,29.999999999999996,29.930074261625084
28.030000000001582,6794.03577172932,-103.88230747391346,29.999999999999996,29.929457604458495
28.040000000001584,6798.883238734393,-103.8906799536318,29.999999999999996,29.928849057312213
28.050000000001585,6803.732439041212,-103.89903560317667,29.999999999999996,29.928248636429934
28.060000000001587,6808.583372660093,-103.90737444046563,29.999999999999996,29.927656357340275
28.07000000000159,6813.436039601208,-103.91569648316961,29.999999999999996,29.927072234858386
28.08000000000159,6818.290439874587,-103.92400174871246,29.999999999999996,29.926496283087637
28.09000000000159,6823.146573490117,-103.93229025427053,29.999999999999996,29.925928515421322
28.100000000001593,6828.004440457542,-103.9405620167723,29.999999999999996,29.925368944544438
28.110000000001595,6832.864040786464,-103.94881705289802,29.999999999999996,29.924817582435498
28.120000000001596,6837.725374486341,-103.95705537907934,29.999999999999996,29.9242744403684
28.130000000001598,6842.588441566487,-103.96527701149897,29.999999999999996,29.92373952891434
28.1400000000016,6847.453242036073,-103.97348196609046,29.999999999999996,29.923212857943778
28.1500000000016,6852.319775904126,-103.98167025853782,29.999999999999996,29.92269443662847
28.160000000001602,6857.18804317953,-103.98984190427532,29.999999999999996,29.922184273443488
28.170000000001604,6862.058043871023,-103.99799691848723,29.999999999999996,29.92168237616937
28.180000000001606,6866.9297779872,-104.0061353161076,29.999999999999996,29.92118875189426
28.190000000001607,6871.803245536513,-104.01425711182009,29.999999999999996,29.920703407016095
28.20000000000161,6876.678446527267,-104.02236232005774,29.999999999999996,29.92022634724488
28.21000000000161,6881.555380967623,-104.03045095500286,29.999999999999996,29.919757577604972
28.220000000001612,6886.4340488656,-104.0385230305869,29.999999999999996,29.91929710243742
28.230000000001613,6891.31445022907,-104.04657856049029,29.999999999999996,29.91884492540234
28.240000000001615,6896.196585065761,-104.05461755814238,29.999999999999996,29.918401049481368
28.250000000001616,6901.080453383255,-104.06264003672138,29.999999999999996,29.917965476980125
28.260000000001618,6905.966055188993,-104.07064600915426,29.999999999999996,29.917538209530726
28.27000000000162,6910.853390490268,-104.07863548811676,29.999999999999996,29.917119248094362
28.28000000000162,6915.742459294229,-104.08660848603336,29.999999999999996,29.916708592963897
28.290000000001623,6920.633261607881,-104.0945650150773,29.999999999999996,29.91630624376651
28.300000000001624,6925.525797438083,-104.10250508717057,29.999999999999996,29.915912199466415
28.310000000001626,6930.420066791551,-104.11042871398404,29.999999999999996,29.915526458367562
28.320000000001627,6935.316069674856,-104.11833590693742,29.999999999999996,29.915149018116434
28.33000000000163,6940.213806094424,-104.12622667719944,29.999999999999996,29.914779875704863
28.34000000000163,6945.113276056537,-104.13410103568792,29.999999999999996,29.91441902747288
28.350000000001632,6950.014479567331,-104.14195899306989,29.999999999999996,29.91406646911163
28.360000000001634,6954.917416632801,-104.14980055976174,29.999999999999996,29.9137221956663
28.370000000001635,6959.822087258794,-104.15762574592942,29.999999999999996,29.913386201539094
28.380000000001637,6964.728491451016,-104.16543456148858,29.999999999999996,29.913058480492275
28.39000000000164,6969.636629215028,-104.1732270161048,29.999999999999996,29.912739025651206
28.40000000000164,6974.546500556246,-104.18100311919382,29.999999999999996,29.912427829507447
28.41000000000164,6979.458105479945,-104.18876287992175,29.999999999999996,29.9121248839219
28.420000000001643,6984.371443991253,-104.1965063072054,29.999999999999996,29.911830180127986
28.430000000001645,6989.286516095157,-104.20423340971246,29.999999999999996,29.911543708734836
28.440000000001646,6994.203321796501,-104.21194419586192,29.999999999999996,29.911265459730558
28.450000000001648,6999.121861099985,-104.21963867382429,29.999999999999996,29.91099542248552
28.46000000000165,7004.042134010167,-104.227316851522,29.999999999999996,29.910733585755665
28.47000000000165,7008.964140531461,-104.23497873662973,29.999999999999996,29.910479937685867
28.480000000001652,7013.887880668141,-104.24262433657476,29.999999999999996,29.910234465813332
28.490000000001654,7018.813354424337,-104.25025365853745,29.999999999999996,29.90999715707102
28.500000000001656,7023.7405618040375,-104.25786670945155,29.999999999999996,29.90976799779112
28.510000000001657,7028.66950281109,-104.26546349600468,29.999999999999996,29.909546973708512
28.52000000000166,7033.600177449199,-104.2730440246388,29.999999999999996,29.90933406996433
28.53000000000166,7038.53258572193,-104.28060830155064,29.999999999999996,29.909129271109535
28.540000000001662,7043.466727632707,-104.28815633269217,29.999999999999996,29.908932561108468
28.550000000001663,7048.402603184813,-104.29568812377113,29.999999999999996,29.908743923342517
28.560000000001665,7053.340212381391,-104.30320368025157,29.999999999999996,29.908563340613764
28.570000000001667,7058.279555225445,-104.31070300735433,29.999999999999996,29.908390795148676
28.580000000001668,7063.220631719837,-104.31818611005764,29.999999999999996,29.908226268601837
28.59000000000167,7068.163441867292,-104.32565299309766,29.999999999999996,29.9080697420597
28.60000000000167,7073.1079856703955,-104.33310366096912,29.999999999999996,29.90792119604436
28.610000000001673,7078.054263131595,-104.34053811792582,29.999999999999996,29.907780610517406
28.620000000001674,7083.002274253197,-104.34795636798138,29.999999999999996,29.907647964883708
28.630000000001676,7087.952019037375,-104.3553584149098,29.999999999999996,29.90752323799536
28.640000000001677,7092.903497486161,-104.36274426224614,29.999999999999996,29.907406408155527
28.65000000000168,7097.856709601451,-104.37011391328717,29.999999999999996,29.9072974531224
28.66000000000168,7102.811655385006,-104.37746737109208,29.999999999999996,29.907196350113153
28.670000000001682,7107.768334838448,-104.3848046384832,29.999999999999996,29.907103075807935
28.680000000001684,7112.726747963265,-104.39212571804669,29.999999999999996,29.90701760635387
28.690000000001685,7117.686894760808,-104.39943061213326,29.999999999999996,29.906939917369122
28.700000000001687,7122.648775232296,-104.40671932285899,29.999999999999996,29.90686998394692
28.71000000000169,7127.612389378812,-104.41399185210605,29.999999999999996,29.90680778065969
28.72000000000169,7132.577737201302,-104.4212482015235,29.999999999999996,29.90675328156315
28.73000000000169,7137.544818700582,-104.42848837252807,29.999999999999996,29.906706460200482
28.740000000001693,7142.5136338773345,-104.43571236630498,29.999999999999996,29.906667289606442
28.750000000001695,7147.484182732108,-104.44292018380884,29.999999999999996,29.90663574231161
28.760000000001696,7152.456465265319,-104.45011182576437,29.999999999999996,29.906611790346574
28.770000000001698,7157.430481477253,-104.45728729266736,29.999999999999996,29.90659540524617
28.7800000000017,7162.406231368064,-104.46444658478552,29.999999999999996,29.906586558053746
28.7900000000017,7167.383714937776,-104.47158970215935,29.999999999999996,29.90658521932545
28.800000000001702,7172.362932186281,-104.47871664460307,29.999999999999996,29.906591359134524
28.810000000001704,7177.343883113343,-104.48582741170554,29.999999999999996,29.90660494707563
28.820000000001706,7182.3265677185955,-104.49292200283116,29.999999999999996,29.906625952269202
28.830000000001707,7187.310986001546,-104.50000041712089,29.999999999999996,29.90665434336582
28.84000000000171,7192.297137961571,-104.50706265349311,29.999999999999996,29.90669008855058
28.85000000000171,7197.285023597922,-104.51410871064469,29.999999999999996,29.90673315554752
28.860000000001712,7202.274642909722,-104.52113858705194,29.999999999999996,29.906783511624024
28.870000000001713,7207.265995895969,-104.52815228097161,29.999999999999996,29.9068411235953
28.880000000001715,7212.259082555534,-104.53514979044195,29.999999999999996,29.906905957828798
28.890000000001717,7217.253902887164,-104.54213111328366,29.999999999999996,29.906977980248737
28.900000000001718,7222.25045688948,-104.54909624710102,29.999999999999996,29.907057156340574
28.91000000000172,7227.248744560981,-104.5560451892829,29.999999999999996,29.907143451155534
28.92000000000172,7232.248765900042,-104.56297793700382,29.999999999999996,29.907236829315146
28.930000000001723,7237.250520904914,-104.56989448722511,29.999999999999996,29.907337255015776
28.940000000001724,7242.254009573729,-104.57679483669591,29.999999999999996,29.907444692033195
28.950000000001726,7247.259231904493,-104.58367898195434,29.999999999999996,29.90755910372719
28.960000000001727,7252.266187895097,-104.5905469193286,29.999999999999996,29.907680453046105
28.97000000000173,7257.2748775433065,-104.59739864493811,29.999999999999996,29.907808702531504
28.98000000000173,7262.285300846771,-104.60423415469465,29.999999999999996,29.907943814322756
28.990000000001732,7267.29745780302,-104.61105344430355,29.999999999999996,29.908085750161703
29.000000000001734,7272.311348409465,-104.6178565092648,29.999999999999996,29.90823447139728
29.010000000001735,7277.3269726634,-104.62464334487427,29.999999999999996,29.908389938990197
29.020000000001737,7282.344330562002,-104.63141394622492,29.999999999999996,29.908552113517626
29.03000000000174,7287.363422102333,-104.63816830820798,29.999999999999996,29.908720955177866
29.04000000000174,7292.384247281339,-104.64490642551416,29.999999999999996,29.908896423795046
29.05000000000174,7297.406806095852,-104.65162829263491,29.999999999999996,29.909078478823858
29.060000000001743,7302.431098542587,-104.6583339038636,29.999999999999996,29.909267079354247
29.070000000001745,7307.45712461815,-104.66502325329688,29.999999999999996,29.909462184116165
29.080000000001746,7312.484884319032,-104.67169633483579,29.999999999999996,29.90966375148431
29.090000000001748,7317.514377641613,-104.67835314218715,29.999999999999996,29.909871739482863
29.10000000000175,7322.545604582161,-104.6849936688648,29.999999999999996,29.91008610579026
29.11000000000175,7327.578565136836,-104.6916179081909,29.999999999999996,29.910306807743964
29.120000000001752,7332.6132593016855,-104.69822585329723,29.999999999999996,29.910533802345235
29.130000000001754,7337.6496870726505,-104.70481749712647,29.999999999999996,29.91076704626391
29.140000000001756,7342.687848445563,-104.71139283243357,29.999999999999996,29.911006495843214
29.150000000001757,7347.727743416147,-104.71795185178708,29.999999999999996,29.911252107104527
29.16000000000176,7352.769371980022,-104.72449454757044,29.999999999999996,29.911503835752235
29.17000000000176,7357.812734132699,-104.7310209119834,29.999999999999996,29.91176163717849
29.180000000001762,7362.8578298695875,-104.73753093704333,29.999999999999996,29.912025466468066
29.190000000001763,7367.90465918599,-104.7440246145866,29.999999999999996,29.912295278403164
29.200000000001765,7372.953222077105,-104.75050193626998,29.999999999999996,29.912571027468246
29.210000000001767,7378.003518538032,-104.75696289357201,29.999999999999996,29.912852667854878
29.220000000001768,7383.055548563766,-104.76340747779439,29.999999999999996,29.91314015346653
29.23000000000177,7388.109312149202,-104.76983568006338,29.999999999999996,29.91343343792346
29.24000000000177,7393.164809289134,-104.77624749133126,29.999999999999996,29.913732474567524
29.250000000001773,7398.222039978256,-104.78264290237772,29.999999999999996,29.91403721646705
29.260000000001774,7403.281004211167,-104.78902190381123,29.999999999999996,29.914347616421658
29.270000000001776,7408.341701982365,-104.7953844860706,29.999999999999996,29.914663626967133
29.280000000001777,7413.404133286251,-104.80173063942634,29.999999999999996,29.91498520038027
29.29000000000178,7418.468298117131,-104.80806035398211,29.999999999999996,29.91531228868373
29.30000000000178,7423.534196469216,-104.81437361967625,29.999999999999996,29.915644843650874
29.310000000001782,7428.601828336623,-104.82067042628316,29.999999999999996,29.915982816810665
29.320000000001784,7433.671193713374,-104.82695076341484,29.999999999999996,29.916326159452463
29.330000000001785,7438.742292593399,-104.83321462052237,29.999999999999996,29.91667482263094
29.340000000001787,7443.815124970536,-104.83946198689733,29.999999999999996,29.917028757170893
29.35000000000179,7448.889690838533,-104.84569285167339,29.999999999999996,29.91738791367212
29.36000000000179,7453.965990191046,-104.85190720382776,29.999999999999996,29.917752242514243
29.37000000000179,7459.0440230216445,-104.8581050321827,29.999999999999996,29.918121693861593
29.380000000001793,7464.123789323807,-104.86428632540705,29.999999999999996,29.91849621766805
29.390000000001795,7469.205289090924,-104.87045107201776,29.999999999999996,29.918875763681864
29.400000000001796,7474.288522316304,-104.87659926038137,29.999999999999996,29.91926028145053
29.410000000001798,7479.373488993164,-104.88273087871562,29.999999999999996,29.91964972032561
29.4200000000018,7484.460189114639,-104.88884591509093,29.999999999999996,29.920044029467558
29.4300000000018,7489.548622673781,-104.89494435743197,29.999999999999996,29.920443157850585
29.440000000001803,7494.638789663557,-104.9010261935192,29.999999999999996,29.92084705426745
29.450000000001804,7499.730690076852,-104.90709141099045,29.999999999999996,29.921255667334304
29.460000000001806,7504.82432390647,-104.91313999734243,29.999999999999996,29.921668945495508
29.470000000001807,7509.919691145135,-104.91917193993235,29.999999999999996,29.92208683702842
29.48000000000181,7515.0167917854915,-104.9251872259795,29.999999999999996,29.922509290048243
29.49000000000181,7520.1156258201045,-104.93118584256675,29.999999999999996,29.92293625251278
29.500000000001812,7525.216193241462,-104.93716777664218,29.999999999999996,29.92336767222726
29.510000000001813,7530.318494041975,-104.94313301502072,29.999999999999996,29.923803496849104
29.520000000001815,7535.422528213979,-104.94908154438563,29.999999999999996,29.92424367389271
29.530000000001817,7540.528295749733,-104.95501335129016,29.999999999999996,29.924688150734237
29.540000000001818,7545.635796641423,-104.96092842215916,29.999999999999996,29.925136874616335
29.55000000000182,7550.745030881164,-104.96682674329061,29.999999999999996,29.925589792652936
29.56000000000182,7555.855998460995,-104.9727083008573,29.999999999999996,29.926046851833977
29.570000000001823,7560.968699372886,-104.97857308090845,29.999999999999996,29.926507999030147
29.580000000001824,7566.083133608735,-104.9844210693712,29.999999999999996,29.92697318099761
29.590000000001826,7571.199301160373,-104.99025225205237,29.999999999999996,29.927442344382726
29.600000000001828,7576.31720201956,-104.99606661464,29.999999999999996,29.92791543572675
29.61000000000183,7581.43683617799,-105.001864142705,29.999999999999996,29.92839240147054
29.62000000000183,7586.55820362729,-105.00764482170275,29.999999999999996,29.928873187959233
29.630000000001832,7591.68130435902,-105.01340863697477,29.999999999999996,29.929357741446935
29.640000000001834,7596.806138364677,-105.01915557375028,29.999999999999996,29.92984600810137
29.650000000001835,7601.932705635694,-105.02488561714792,29.999999999999996,29.930337934008545
29.660000000001837,7607.061006163441,-105.03059875217731,29.999999999999996,29.93083346517737
29.67000000000184,7612.191039939224,-105.03629496374073,29.999999999999996,29.931332547544304
29.68000000000184,7617.322806954289,-105.04197423663474,29.999999999999996,29.931835126977965
29.69000000000184,7622.456307199825,-105.04763655555186,29.999999999999996,29.932341149283733
29.700000000001843,7627.5915406669565,-105.05328190508213,29.999999999999996,29.932850560208333
29.710000000001845,7632.728507346754,-105.05891026971483,29.999999999999996,29.93336330544442
29.720000000001846,7637.867207230228,-105.0645216338401,29.999999999999996,29.933879330635133
29.730000000001848,7643.007640308335,-105.0701159817506,29.999999999999996,29.934398581378623
29.74000000000185,7648.149806571975,-105.07569329764314,29.999999999999996,29.934921003232635
29.75000000000185,7653.293706011994,-105.08125356562032,29.999999999999996,29.93544654171897
29.760000000001853,7658.439338619183,-105.0867967696922,29.999999999999996,29.935975142328022
29.770000000001854,7663.586704384282,-105.09232289377796,29.999999999999996,29.93650675052325
29.780000000001856,7668.735803297979,-105.09783192170754,29.999999999999996,29.93704131174566
29.790000000001857,7673.886635350912,-105.10332383722327,29.999999999999996,29.937578771418238
29.80000000000186,7679.039200533668,-105.10879862398158,29.999999999999996,29.938119074950414
29.81000000000186,7684.193498836786,-105.1142562655546,29.999999999999996,29.938662167742464
29.820000000001862,7689.349530250756,-105.11969674543181,29.999999999999996,29.939207995189925
29.830000000001863,7694.507294766025,-105.12512004702174,29.999999999999996,29.93975650268798
29.840000000001865,7699.666792372988,-105.13052615365359,29.999999999999996,29.940307635635833
29.850000000001867,7704.828023062001,-105.1359150485789,29.999999999999996,29.94086133944104
29.860000000001868,7709.990986823373,-105.14128671497315,29.999999999999996,29.941417559523867
29.87000000000187,7715.155683647368,-105.1466411359375,29.999999999999996,29.941976241321605
29.88000000000187,7720.322113524214,-105.15197829450037,29.999999999999996,29.942537330292843
29.890000000001873,7725.490276444091,-105.15729817361913,29.999999999999996,29.94310077192178
29.900000000001874,7730.6601723971435,-105.1626007561817,29.999999999999996,29.943666511722444
29.910000000001876,7735.831801373474,-105.16788602500829,29.999999999999996,29.944234495242966
29.920000000001878,7741.005163363149,-105.17315396285292,29.999999999999996,29.94480466806979
29.93000000000188,7746.180258356197,-105.17840455240518,29.999999999999996,29.94537697583186
29.94000000000188,7751.3570863426075,-105.18363777629182,29.999999999999996,29.94595136420481
29.950000000001882,7756.5356473123375,-105.1888536170784,29.999999999999996,29.946527778915133
29.960000000001884,7761.715941255308,-105.19405205727091,29.999999999999996,29.947106165744305
29.970000000001885,7766.897968161408,-105.19923307931748,29.999999999999996,29.9476864705329
29.980000000001887,7772.081728020492,-105.20439666560992,29.999999999999996,29.948268639184697
29.99000000000189,7777.267220822383,-105.20954279848543,29.999999999999996,29.948852617670752
30.00000000000189,7782.454446556874,-105.2146714602282,29.999999999999996,29.949438352033447
30.01000000000189,7787.643405213729,-105.21978263307105,29.999999999999996,29.95002578839053
30.020000000001893,7792.834096782681,-105.22487629919704,29.999999999999996,29.950614872939113
30.030000000001895,7798.026521253436,-105.22995244074113,29.999999999999996,29.951205551959667
30.040000000001896,7803.220678615673,-105.23501103979177,29.999999999999996,29.951797771819983
30.050000000001898,7808.416568859046,-105.24005207839255,29.999999999999996,29.952391478979113
30.0600000000019,7813.614191973181,-105.2450755385438,29.999999999999996,29.95298661999129
30.0700000000019,7818.813547947681,-105.25008140220419,29.999999999999996,29.953583141509814
30.080000000001903,7824.014636772128,-105.25506965129236,29.999999999999996,29.954180990290943
30.090000000001904,7829.217458436079,-105.26004026768854,29.999999999999996,29.954780113197724
30.100000000001906,7834.422012929071,-105.26499323323611,29.999999999999996,29.955380457203827
30.110000000001907,7839.628300240618,-105.26992852974327,29.999999999999996,29.955981969397328
30.12000000000191,7844.8363203602175,-105.27484613898456,29.999999999999996,29.956584596984502
30.13000000000191,7850.046073277346,-105.27974604270251,29.999999999999996,29.95718828729357
30.140000000001912,7855.257558981463,-105.2846282226092,29.999999999999996,29.957792987778415
30.150000000001913,7860.470777462012,-105.28949266038786,29.999999999999996,29.958398646022303
30.160000000001915,7865.685728708419,-105.29433933769447,29.999999999999996,29.95900520974153
30.170000000001917,7870.9024127100965,-105.29916823615928,29.999999999999996,29.9596126267891
30.180000000001918,7876.120829456441,-105.30397933738843,29.999999999999996,29.960220845158336
30.19000000000192,7881.340978936837,-105.3087726229655,29.999999999999996,29.960829812986482
30.20000000000192,7886.562861140656,-105.31354807445312,29.999999999999996,29.961439478558276
30.210000000001923,7891.786476057259,-105.31830567339445,29.999999999999996,29.962049790309504
30.220000000001924,7897.011823675995,-105.32304540131479,29.999999999999996,29.9626606968305
30.230000000001926,7902.2389039862055,-105.32776723972312,29.999999999999996,29.96327214686967
30.240000000001928,7907.46771697722,-105.33247117011364,29.999999999999996,29.96388408933693
30.25000000000193,7912.698262638363,-105.33715717396731,29.999999999999996,29.964496473307168
30.26000000000193,7917.9305409589515,-105.3418252327534,29.999999999999996,29.965109248023666
30.270000000001932,7923.164551928295,-105.34647532793097,29.999999999999996,29.965722362901452
30.280000000001934,7928.400295535698,-105.3511074409505,29.999999999999996,29.966335767530698
30.290000000001935,7933.637771770463,-105.35572155325528,29.999999999999996,29.966949411680023
30.300000000001937,7938.876980621885,-105.36031764628301,29.999999999999996,29.967563245299818
30.31000000000194,7944.117922079261,-105.36489570146728,29.999999999999996,29.96817721852551
30.32000000000194,7949.360596131882,-105.36945570023907,29.999999999999996,29.968791281680815
30.33000000000194,7954.60500276904,-105.37399762402826,29.999999999999996,29.96940538528097
30.340000000001943,7959.851141980027,-105.37852145426511,29.999999999999996,29.9700194800359
30.350000000001945,7965.099013754137,-105.38302717238174,29.999999999999996,29.970633516853407
30.360000000001946,7970.348618080662,-105.38751475981364,29.999999999999996,29.9712474468423
30.370000000001948,7975.599954948901,-105.39198419800107,29.999999999999996,29.97186122131548
30.38000000000195,7980.853024348153,-105.39643546839062,29.999999999999996,29.97247479179307
30.39000000000195,7986.107826267722,-105.4008685524366,29.999999999999996,29.973088110005403
30.400000000001953,7991.364360696918,-105.40528343160253,29.999999999999996,29.973701127896085
30.410000000001954,7996.622627625057,-105.40968008736253,29.999999999999996,29.974313797624973
30.420000000001956,8001.88262704146,-105.41405850120286,29.999999999999996,29.974926071571137
30.430000000001957,8007.144358935457,-105.41841865462327,29.999999999999996,29.97553790233579
30.44000000000196,8012.407823296386,-105.42276052913843,29.999999999999996,29.9761492427452
30.45000000000196,8017.673020113593,-105.4270841062794,29.999999999999996,29.976760045853553
30.460000000001962,8022.939949376437,-105.431389367595,29.999999999999996,29.977370264945804
30.470000000001964,8028.208611074284,-105.43567629465323,29.999999999999996,29.97797985354049
30.480000000001965,8033.479005196514,-105.43994486904268,29.999999999999996,29.978588765392516
30.490000000001967,8038.751131732519,-105.44419507237386,29.999999999999996,29.979196954495897
30.500000000001968,8044.0249906717045,-105.44842688628067,29.999999999999996,29.97980437508651
30.51000000000197,8049.300582003489,-105.45264029242175,29.999999999999996,29.98041098164475
30.52000000000197,8054.577905717306,-105.45683527248178,29.999999999999996,29.981016728898222
30.530000000001973,8059.856961802606,-105.46101180817294,29.999999999999996,29.981621571824373
30.540000000001974,8065.137750248854,-105.46516988123619,29.999999999999996,29.98222546565307
30.550000000001976,8070.420271045534,-105.46930947344266,29.999999999999996,29.982828365869203
30.560000000001978,8075.704524182146,-105.47343056659497,29.999999999999996,29.983430228215198
30.57000000000198,8080.99050964821,-105.47753314252854,29.999999999999996,29.984031008693552
30.58000000000198,8086.278227433264,-105.48161718311297,29.999999999999996,29.9846306635693
30.590000000001982,8091.5676775268685,-105.48568267025328,29.999999999999996,29.98522914937246
30.600000000001984,8096.858859918603,-105.48972958589127,29.999999999999996,29.98582642290046
30.610000000001985,8102.15177459807,-105.49375791200679,29.999999999999996,29.986422441220512
30.620000000001987,8107.446421554893,-105.49776763061904,29.999999999999996,29.987017161671986
30.63000000000199,8112.74280077872,-105.50175872378786,29.999999999999996,29.987610541868722
30.64000000000199,8118.040912259223,-105.50573117361498,29.999999999999996,29.98820253970132
30.65000000000199,8123.340755986097,-105.50968496224529,29.999999999999996,29.988793113339412
30.660000000001993,8128.642331949064,-105.5136200718681,29.999999999999996,29.989382221233885
30.670000000001995,8133.945640137872,-105.51753648471842,29.999999999999996,29.989969822119082
30.680000000001996,8139.2506805422945,-105.52143418307811,29.999999999999996,29.990555875014966
30.690000000001998,8144.557453152134,-105.52531314927721,29.999999999999996,29.99114033922927
30.700000000002,8149.865957957221,-105.52917336569509,29.999999999999996,29.991723174359578
30.710000000002,8155.176194947415,-105.5330148147617,29.999999999999996,29.992304340295412
30.720000000002003,8160.488164112604,-105.53683747895876,29.999999999999996,29.992883797220284
30.730000000002004,8165.801865442708,-105.54064134082094,29.999999999999996,29.993461505613674
30.740000000002006,8171.1172989276765,-105.54442638293709,29.999999999999996,29.99403742625304
30.750000000002007,8176.434464557491,-105.54819258795133,29.999999999999996,29.994611520215752
30.76000000000201,8181.753362322167,-105.55193993856435,29.999999999999996,29.995183748880997
30.77000000000201,8187.073992211751,-105.55566841753439,29.999999999999996,29.99575407393167
30.780000000002012,8192.396354216324,-105.55937800767857,29.999999999999996,29.99632245735623
30.790000000002014,8197.720448326001,-105.56306869187392,29.999999999999996,29.996888861450497
30.800000000002015,8203.046274530934,-105.56674045305851,29.999999999999996,29.997453248819472
30.810000000002017,8208.373832821308,-105.57039327423263,29.999999999999996,29.998015582379065
30.82000000000202,8213.703123187346,-105.57402713845984,29.999999999999996,29.998575825357825
30.83000000000202,8219.034145619307,-105.57764202886811,29.999999999999996,29.99913394129865
30.84000000000202,8224.366900107489,-105.58123792865089,29.999999999999996,29.9996898940604
30.850000000002023,8229.701386642224,-105.58481482106822,29.999999999999996,30.00024364781958
30.860000000002024,8235.037605213889,-105.58837268944775,29.999999999999996,30.000795167071903
30.870000000002026,8240.375555812896,-105.59191151718585,29.999999999999996,30.00134441663385
30.880000000002028,8245.715238429699,-105.59543128774865,29.999999999999996,30.001891361644212
30.89000000000203,8251.056653054793,-105.59893198467309,29.999999999999996,30.002435967565606
30.90000000000203,8256.399799678713,-105.60241359156791,29.999999999999996,30.00297820018591
30.910000000002032,8261.744678292036,-105.60587609211474,29.999999999999996,30.003518025619712
30.920000000002034,8267.091288885382,-105.60931947006907,29.999999999999996,30.004055410309736
30.930000000002035,8272.439631449413,-105.61274370926125,29.999999999999996,30.00459032102817
30.940000000002037,8277.789705974837,-105.61614879359752,29.999999999999996,30.005122724878053
30.95000000000204,8283.141512452405,-105.61953470706092,29.999999999999996,30.005652589294545
30.96000000000204,8288.495050872909,-105.62290143371239,29.999999999999996,30.006179882046222
30.97000000000204,8293.850321227193,-105.62624895769157,29.999999999999996,30.006704571236334
30.980000000002043,8299.207323506143,-105.62957726321791,29.999999999999996,30.007226625303986
30.990000000002045,8304.566057700691,-105.63288633459149,29.999999999999996,30.00774601302534
31.000000000002046,8309.926523801816,-105.63617615619404,29.999999999999996,30.008262703514774
31.010000000002048,8315.288721800547,-105.63944671248979,29.999999999999996,30.008776666225966
31.02000000000205,8320.652651687958,-105.64269798802644,29.999999999999996,30.009287870953013
31.03000000000205,8326.018313455175,-105.64592996743603,29.999999999999996,30.009796287831477
31.040000000002053,8331.38570709337,-105.64914263543585,29.999999999999996,30.0103018873394
31.050000000002054,8336.754832593764,-105.65233597682928,29.999999999999996,30.010804640298304
31.060000000002056,8342.125689947632,-105.65550997650672,29.999999999999996,30.011304517874148
31.070000000002057,8347.498279146295,-105.65866461944641,29.999999999999996,30.011801491578257
31.08000000000206,8352.872600181128,-105.6617998907153,29.999999999999996,30.012295533268222
31.09000000000206,8358.248653043558,-105.66491577546985,29.999999999999996,30.012786615148766
31.100000000002062,8363.62643772506,-105.6680122589569,29.999999999999996,30.01327470977258
31.110000000002064,8369.005954217168,-105.67108932651449,29.999999999999996,30.013759790041114
31.120000000002065,8374.387202511462,-105.67414696357262,29.999999999999996,30.014241829205375
31.130000000002067,8379.77018259958,-105.67718515565412,29.999999999999996,30.014720800866638
31.14000000000207,8385.154894473211,-105.68020388837535,29.999999999999996,30.015196678977187
31.15000000000207,8390.541338124103,-105.68320314744703,29.999999999999996,30.01566943784098
31.16000000000207,8395.929513544055,-105.68618291867503,29.999999999999996,30.016139052114287
31.170000000002073,8401.319420724922,-105.68914318796104,29.999999999999996,30.01660549680633
31.180000000002075,8406.711059658612,-105.69208394130338,29.999999999999996,30.017068747279865
31.190000000002076,8412.104430337095,-105.69500516479772,29.999999999999996,30.017528779251723
31.200000000002078,8417.499532752392,-105.69790684463779,29.999999999999996,30.01798556879335
31.21000000000208,8422.896366896584,-105.70078896711607,29.999999999999996,30.018439092331313
31.22000000000208,8428.29493276181,-105.70365151862457,29.999999999999996,30.01888932664773
31.230000000002082,8433.695230340263,-105.70649448565543,29.999999999999996,30.019336248880748
31.240000000002084,8439.097259624197,-105.70931785480164,29.999999999999996,30.019779836524926
31.250000000002085,8444.501020605923,-105.71212161275771,29.999999999999996,30.02022006743161
31.260000000002087,8449.906513277814,-105.71490574632033,29.999999999999996,30.020656919809273
31.27000000000209,8455.313737632297,-105.71767024238896,29.999999999999996,30.02109037222384
31.28000000000209,8460.722693661864,-105.72041508796659,29.999999999999996,30.02152040359897
31.29000000000209,8466.133381359065,-105.72314027016021,29.999999999999996,30.021946993216307
31.300000000002093,8471.545800716509,-105.72584577618157,29.999999999999996,30.022370120715717
31.310000000002095,8476.959951726867,-105.72853159334767,29.999999999999996,30.022789766095475
31.320000000002096,8482.375834382872,-105.73119770908139,29.999999999999996,30.023205909712427
31.330000000002098,8487.793448677316,-105.73384411091212,29.999999999999996,30.023618532282132
31.3400000000021,8493.212794603054,-105.73647078647625,29.999999999999996,30.024027614878975
31.3500000000021,8498.633872153003,-105.7390777235178,29.999999999999996,30.024433138936246
31.360000000002103,8504.056681320142,-105.74166490988893,29.999999999999996,30.02483508624617
31.370000000002104,8509.481222097515,-105.74423233355046,29.999999999999996,30.025233438959955
31.380000000002106,8514.907494478226,-105.74677998257246,29.999999999999996,30.025628179587766
31.390000000002107,8520.335498455444,-105.74930784513471,29.999999999999996,30.026019290998697
31.40000000000211,8525.765234022401,-105.75181590952722,29.999999999999996,30.026406756420712
31.41000000000211,8531.196701172394,-105.75430416415077,29.999999999999996,30.026790559440524
31.420000000002112,8536.62989989878,-105.75677259751728,29.999999999999996,30.0271706840035
31.430000000002114,8542.064830194986,-105.75922119825044,29.999999999999996,30.027547114413505
31.440000000002115,8547.5014920545,-105.76164995508603,29.999999999999996,30.027919835332714
31.450000000002117,8552.939885470878,-105.76405885687245,29.999999999999996,30.028288831781417
31.46000000000212,8558.380010437739,-105.76644789257115,29.999999999999996,30.028654089137785
31.47000000000212,8563.821866948767,-105.76881705125705,29.999999999999996,30.029015593137597
31.48000000000212,8569.265454997714,-105.77116632211894,29.999999999999996,30.029373329873962
31.490000000002123,8574.710774578398,-105.77349569445994,29.999999999999996,30.02972728579699
31.500000000002125,8580.157825684699,-105.77580515769785,29.999999999999996,30.03007744771346
31.510000000002126,8585.606608310569,-105.77809470136553,29.999999999999996,30.030423802786448
31.520000000002128,8591.057122450022,-105.78036431511134,29.999999999999996,30.030766338534924
31.53000000000213,8596.509368097142,-105.78261398869945,29.999999999999996,30.03110504283332
31.54000000000213,8601.96334524608,-105.7848437120102,29.999999999999996,30.031439903911096
31.550000000002132,8607.419053891052,-105.78705347504045,29.999999999999996,30.031770910352243
31.560000000002134,8612.876494026343,-105.78924326790393,29.999999999999996,30.032098051094806
31.570000000002135,8618.335665646306,-105.79141308083153,29.999999999999996,30.03242131543031
31.580000000002137,8623.79656874536,-105.79356290417165,29.999999999999996,30.032740693003234
31.59000000000214,8629.259203317994,-105.79569272839048,29.999999999999996,30.033056173810422
31.60000000000214,8634.723569358765,-105.79780254407227,29.999999999999996,30.033367748200487
31.61000000000214,8640.189666862298,-105.79989234191964,29.999999999999996,30.03367540687313
31.620000000002143,8645.657495823285,-105.80196211275387,29.999999999999996,30.033979140878532
31.630000000002145,8651.12705623649,-105.80401184751508,29.999999999999996,30.034278941616645
31.640000000002146,8656.598348096742,-105.80604153726257,29.999999999999996,30.034574800836474
31.650000000002148,8662.071371398944,-105.80805117317499,29.999999999999996,30.034866710635352
31.66000000000215,8667.546126138062,-105.8100407465506,29.999999999999996,30.03515466345819
31.67000000000215,8673.022612309136,-105.81201024880748,29.999999999999996,30.035438652096662
31.680000000002153,8678.500829907272,-105.81395967148374,29.999999999999996,30.035718669688407
31.690000000002154,8683.980778927647,-105.81588900623773,29.999999999999996,30.03599470971621
31.700000000002156,8689.46245936551,-105.81779824484815,29.999999999999996,30.036266766007124
31.710000000002157,8694.945871216174,-105.81968737921434,29.999999999999996,30.036534832731597
31.72000000000216,8700.431014475027,-105.82155640135637,29.999999999999996,30.036798904402556
31.73000000000216,8705.917889137523,-105.82340530341521,29.999999999999996,30.037058975874476
31.740000000002162,8711.40649519919,-105.82523407765288,29.999999999999996,30.03731504234244
31.750000000002164,8716.896832655622,-105.82704271645257,29.999999999999996,30.037567099341146
31.760000000002165,8722.388901502487,-105.82883121231876,29.999999999999996,30.037815142743906
31.770000000002167,8727.882701735518,-105.83059955787739,29.999999999999996,30.038059168761635
31.78000000000217,8733.378233350524,-105.83234774587591,29.999999999999996,30.038299173941795
31.79000000000217,8738.87549634338,-105.83407576918334,29.999999999999996,30.038535155167313
31.80000000000217,8744.374490710034,-105.83578362079045,29.999999999999996,30.038767109655517
31.810000000002173,8749.875216446502,-105.83747129380977,29.999999999999996,30.038995034956997
31.820000000002175,8755.377673548874,-105.83913878147564,29.999999999999996,30.039218928954472
31.830000000002176,8760.881862013304,-105.84078607714432,29.999999999999996,30.039438789861645
31.840000000002178,8766.387781836025,-105.84241317429395,29.999999999999996,30.039654616222002
31.85000000000218,8771.895433013335,-105.8440200665247,29.999999999999996,30.039866406907617
31.86000000000218,8777.404815541602,-105.84560674755869,29.999999999999996,30.04007416111794
31.870000000002182,8782.915929417268,-105.84717321124002,29.999999999999996,30.04027787837853
31.880000000002184,8788.42877463684,-105.84871945153483,29.999999999999996,30.04047755853981
31.890000000002185,8793.943351196904,-105.85024546253126,29.999999999999996,30.040673201775753
31.900000000002187,8799.45965909411,-105.8517512384394,29.999999999999996,30.040864808582615
31.91000000000219,8804.977698325178,-105.85323677359133,29.999999999999996,30.041052379777568
31.92000000000219,8810.497468886902,-105.85470206244104,29.999999999999996,30.041235916497353
31.93000000000219,8816.018970776147,-105.85614709956438,29.999999999999996,30.041415420196937
31.940000000002193,8821.542203989846,-105.85757187965906,29.999999999999996,30.041590892648113
31.950000000002195,8827.067168525002,-105.85897639754452,29.999999999999996,30.04176233593807
31.960000000002196,8832.593864378689,-105.8603606481619,29.999999999999996,30.041929752467993
31.970000000002198,8838.122291548052,-105.86172462657393,29.999999999999996,30.0420931449516
31.9800000000022,8843.652450030308,-105.86306832796487,29.999999999999996,30.042252516413676
31.9900000000022,8849.18433982274,-105.86439174764037,29.999999999999996,30.042407870188587
32.0000000000022,8854.717960922702,-105.8656948810274,29.999999999999996,30.042559209918785
32.0100000000022,8860.253313327621,-105.8669777236741,29.999999999999996,30.04270653955327
32.0200000000022,8865.790397034993,-105.86824027124966,29.999999999999996,30.04284986334605
32.0300000000022,8871.329212042381,-105.86948251954419,29.999999999999996,30.042989185854594
32.040000000002195,8876.869758347422,-105.87070446446856,29.999999999999996,30.043124511938235
32.05000000000219,8882.41203594782,-105.87190610205424,29.999999999999996,30.043255846756583
32.06000000000219,8887.95604484135,-105.87308742845315,29.999999999999996,30.04338319576792
32.07000000000219,8893.501785025855,-105.87424843993749,29.999999999999996,30.04350656472755
32.08000000000219,8899.04925649925,-105.87538913289954,29.999999999999996,30.043625959686164
32.090000000002185,8904.598459259514,-105.87650950385147,29.999999999999996,30.043741386988167
32.10000000000218,8910.149393304704,-105.87760954942513,29.999999999999996,30.043852853270003
32.11000000000218,8915.702058632938,-105.87868926637188,29.999999999999996,30.043960365458453
32.12000000000218,8921.256455242406,-105.87974865156232,29.999999999999996,30.044063930768914
32.13000000000218,8926.812583131368,-105.88078770198612,29.999999999999996,30.04416355670367
32.140000000002175,8932.370442298152,-105.88180641475172,29.999999999999996,30.044259251050146
32.15000000000217,8937.930032741153,-105.88280478708613,29.999999999999996,30.044351021879155
32.16000000000217,8943.491354458836,-105.88378281633464,29.999999999999996,30.0444388775431
32.17000000000217,8949.054407449734,-105.88474049996064,29.999999999999996,30.044522826674182
32.18000000000217,8954.619191712447,-105.88567783554524,29.999999999999996,30.04460287818261
32.190000000002165,8960.185707245646,-105.88659482078707,29.999999999999996,30.044679041254742
32.20000000000216,8965.753954048065,-105.88749145350198,29.999999999999996,30.044751325351296
32.21000000000216,8971.32393211851,-105.88836773162271,29.999999999999996,30.044819740205426
32.22000000000216,8976.895641455852,-105.88922365319864,29.999999999999996,30.04488429582093
32.23000000000216,8982.469082059031,-105.89005921639543,29.999999999999996,30.044945002470307
32.240000000002155,8988.044253927053,-105.89087441949474,29.999999999999996,30.045001870692886
32.25000000000215,8993.621157058991,-105.89166926089386,29.999999999999996,30.04505491129292
32.26000000000215,8999.199791453984,-105.89244373910546,29.999999999999996,30.045104135337652
32.27000000000215,9004.780157111238,-105.89319785275713,29.999999999999996,30.045149554155376
32.28000000000215,9010.362254030026,-105.89393160059112,29.999999999999996,30.045191179333496
32.290000000002145,9015.946082209686,-105.89464498146394,29.999999999999996,30.045229022716555
32.30000000000214,9021.531641649624,-105.89533799434604,29.999999999999996,30.045263096404263
32.31000000000214,9027.118932349309,-105.89601063832134,29.999999999999996,30.045293412749515
32.32000000000214,9032.707954308276,-105.89666291258698,29.999999999999996,30.04531998435636
32.33000000000214,9038.298707526128,-105.8972948164528,29.999999999999996,30.045342824078034
32.340000000002135,9043.89119200253,-105.89790634934106,29.999999999999996,30.04536194501489
32.35000000000213,9049.485407737211,-105.89849751078594,29.999999999999996,30.045377360512397
32.36000000000213,9055.081354729968,-105.89906830043323,29.999999999999996,30.045389084159073
32.37000000000213,9060.679032980659,-105.89961871803979,29.999999999999996,30.045397129784437
32.38000000000213,9066.278442489209,-105.90014876347324,29.999999999999996,30.04540151145691
32.390000000002125,9071.879583255602,-105.90065843671147,29.999999999999996,30.045402243481778
32.40000000000212,9077.482455279893,-105.90114773784218,29.999999999999996,30.04539934039907
32.41000000000212,9083.087058562192,-105.90161666706248,29.999999999999996,30.045392816981458
32.42000000000212,9088.69339310268,-105.90206522467845,29.999999999999996,30.04538268823216
32.43000000000212,9094.301458901593,-105.9024934111046,29.999999999999996,30.0453689693828
32.440000000002115,9099.911255959236,-105.90290122686348,29.999999999999996,30.045351675891286
32.45000000000211,9105.522784275972,-105.90328867258516,29.999999999999996,30.045330823439667
32.46000000000211,9111.136043852228,-105.90365574900679,29.999999999999996,30.04530642793198
32.47000000000211,9116.751034688492,-105.90400245697207,29.999999999999996,30.04527850549209
32.48000000000211,9122.367756785314,-105.9043287974308,29.999999999999996,30.04524707246152
32.490000000002105,9127.986210143303,-105.90463477143832,29.999999999999996,30.045212145397276
32.5000000000021,9133.60639476313,-105.90492038015509,29.999999999999996,30.045173741069654
32.5100000000021,9139.228310645529,-105.90518562484608,29.999999999999996,30.045131876460058
32.5200000000021,9144.851957791288,-105.90543050688034,29.999999999999996,30.045086568758784
32.5300000000021,9150.477336201262,-105.90565502773039,29.999999999999996,30.045037835362816
32.540000000002095,9156.10444587636,-105.90585918897176,29.999999999999996,30.0449856938736
32.55000000000209,9161.733286817556,-105.90604299228242,29.999999999999996,30.04493016209483
32.56000000000209,9167.363859025878,-105.90620643944223,29.999999999999996,30.04487125803021
32.57000000000209,9172.996162502412,-105.90634953233238,29.999999999999996,30.0448089998812
32.58000000000209,9178.630197248305,-105.9064722729349,29.999999999999996,30.044743406044805
32.590000000002085,9184.265963264763,-105.90657466333204,29.999999999999996,30.044674495111263
32.60000000000208,9189.903460553047,-105.90665670570567,29.999999999999996,30.044602285861853
32.61000000000208,9195.542689114476,-105.90671840233681,29.999999999999996,30.044526797266574
32.62000000000208,9201.183648950428,-105.90675975560494,29.999999999999996,30.04444804848189
32.63000000000208,9206.826340062333,-105.90678076798751,29.999999999999996,30.044366058848468
32.640000000002075,9212.470762451683,-105.90678144205931,29.999999999999996,30.044280847888874
32.65000000000207,9218.116916120021,-105.90676178049185,29.999999999999996,30.044192435305288
32.66000000000207,9223.76480106895,-105.90672178605278,29.999999999999996,30.044100840977205
32.67000000000207,9229.414417300124,-105.90666146160531,29.999999999999996,30.044006084959157
32.68000000000207,9235.065764815254,-105.90658081010757,29.999999999999996,30.043908187478383
32.690000000002065,9240.718843616107,-105.906479834612,29.999999999999996,30.04380716893254
32.70000000000206,9246.3736537045,-105.90635853826473,29.999999999999996,30.043703049887363
32.71000000000206,9252.03019508231,-105.90621692430494,29.999999999999996,30.04359585107438
32.72000000000206,9257.688467751463,-105.90605499606427,29.999999999999996,30.04348559338856
32.73000000000206,9263.348471713936,-105.90587275696613,29.999999999999996,30.04337229788601
32.740000000002055,9269.010206971765,-105.9056702105251,29.999999999999996,30.043255985781638
32.75000000000205,9274.673673527033,-105.90544736034629,29.999999999999996,30.04313667844682
32.76000000000205,9280.338871381879,-105.90520421012462,29.999999999999996,30.043014397407067
32.77000000000205,9286.005800538489,-105.90494076364426,29.999999999999996,30.04288916433968
32.78000000000205,9291.674460999104,-105.9046570247779,29.999999999999996,30.04276100107142
32.790000000002046,9297.344852766015,-105.90435299748614,29.999999999999996,30.042629929576147
32.80000000000204,9303.016975841561,-105.90402868581677,29.999999999999996,30.042495971972485
32.81000000000204,9308.690830228135,-105.90368409390413,29.999999999999996,30.042359150521484
32.82000000000204,9314.366415928178,-105.90331922596843,29.999999999999996,30.042219487624244
32.83000000000204,9320.04373294418,-105.90293408631506,29.999999999999996,30.042077005819582
32.840000000002036,9325.722781278677,-105.90252867933391,29.999999999999996,30.041931727781677
32.850000000002034,9331.403560934259,-105.9021030094987,29.999999999999996,30.0417836763177
32.86000000000203,9337.086071913562,-105.90165708136625,29.999999999999996,30.041632874365472
32.87000000000203,9342.770314219266,-105.9011908995758,29.999999999999996,30.0414793449911
32.88000000000203,9348.456287854104,-105.90070446884832,29.999999999999996,30.041323111386628
32.890000000002026,9354.143992820851,-105.9001977939858,29.999999999999996,30.041164196867662
32.900000000002024,9359.833429122331,-105.89967087987053,29.999999999999996,30.041002624871027
32.91000000000202,9365.524596761414,-105.89912373146441,29.999999999999996,30.04083841895239
32.92000000000202,9371.217495741015,-105.89855635380822,29.999999999999996,30.04067160278391
32.93000000000202,9376.912126064095,-105.8979687520209,29.999999999999996,30.040502200151874
32.940000000002016,9382.608487733658,-105.89736093129885,29.999999999999996,30.040330234954357
32.950000000002014,9388.306580752753,-105.89673289691515,29.999999999999996,30.040155731198837
32.96000000000201,9394.006405124474,-105.89608465421892,29.999999999999996,30.039978712999844
32.97000000000201,9399.707960851956,-105.89541620863451,29.999999999999996,30.039799204576607
32.98000000000201,9405.411247938382,-105.8947275656608,29.999999999999996,30.03961723025069
32.990000000002006,9411.116266386973,-105.89401873087044,29.999999999999996,30.039432814443664
33.000000000002004,9416.823016200993,-105.89328970990917,29.999999999999996,30.03924598167471
33.010000000002,9422.53149738375,-105.89254050849499,29.999999999999996,30.039056756558296
33.020000000002,9428.241709938591,-105.89177113241746,29.999999999999996,30.038865163801823
33.030000000002,9433.953653868904,-105.89098158753698,29.999999999999996,30.038671228203274
33.040000000001996,9439.66732917812,-105.89017187978398,29.999999999999996,30.038474974648857
33.050000000001994,9445.382735869709,-105.88934201515819,29.999999999999996,30.038276428110684
33.06000000000199,9451.099873947176,-105.8884919997279,29.999999999999996,30.03807561364442
33.07000000000199,9456.818743414073,-105.88762183962918,29.999999999999996,30.037872556386926
33.08000000000199,9462.539344273984,-105.8867315410651,29.999999999999996,30.037667281553954
33.090000000001986,9468.261676530536,-105.88582111030505,29.999999999999996,30.037459814437792
33.100000000001984,9473.98574018739,-105.88489055368385,29.999999999999996,30.037250180404936
33.11000000000198,9479.711535248249,-105.88393987760108,29.999999999999996,30.037038404893778
33.12000000000198,9485.439061716848,-105.88296908852028,29.999999999999996,30.036824513412274
33.13000000000198,9491.168319596962,-105.88197819296816,29.999999999999996,30.036608531535627
33.140000000001976,9496.8993088924,-105.88096719753383,29.999999999999996,30.036390484903958
33.150000000001974,9502.632029607008,-105.87993610886807,29.999999999999996,30.036170399220026
33.16000000000197,9508.366481744666,-105.87888493368246,29.999999999999996,30.035948300246897
33.17000000000197,9514.10266530929,-105.8778136787487,29.999999999999996,30.035724213805633
33.18000000000197,9519.84058030483,-105.87672235089775,29.999999999999996,30.035498165773035
33.190000000001966,9525.580226735268,-105.87561095701912,29.999999999999996,30.0352701820793
33.200000000001964,9531.321604604622,-105.87447950406,29.999999999999996,30.03504028870578
33.21000000000196,9537.064713916941,-105.87332799902455,29.999999999999996,30.034808511682655
33.22000000000196,9542.809554676307,-105.87215644897307,29.999999999999996,30.03457487708669
33.23000000000196,9548.556126886833,-105.87096486102122,29.999999999999996,30.034339411038935
33.240000000001956,9554.304430552666,-105.86975324233924,29.999999999999996,30.034102139702494
33.250000000001954,9560.05446567798,-105.86852160015114,29.999999999999996,30.03386308928022
33.26000000000195,9565.806232266985,-105.86726994173392,29.999999999999996,30.0336222860125
33.27000000000195,9571.559730323917,-105.8659982744168,29.999999999999996,30.03337975617496
33.28000000000195,9577.314959853044,-105.86470660558035,29.999999999999996,30.033135526076276
33.290000000001946,9583.07192085866,-105.86339494265579,29.999999999999996,30.032889622055908
33.300000000001944,9588.830613345091,-105.86206329312412,29.999999999999996,30.032642070481852
33.31000000000194,9594.59103731669,-105.86071166451538,29.999999999999996,30.032392897748455
33.32000000000194,9600.353192777839,-105.85934006440777,29.999999999999996,30.03214213027417
33.33000000000194,9606.117079732943,-105.85794850042696,29.999999999999996,30.031889794499364
33.340000000001936,9611.882698186442,-105.8565369802452,29.999999999999996,30.031635916884092
33.350000000001934,9617.650048142794,-105.85510551158056,29.999999999999996,30.031380523905938
33.36000000000193,9623.41912960649,-105.85365410219615,29.999999999999996,30.031123642057782
33.37000000000193,9629.18994258204,-105.85218275989925,29.999999999999996,30.03086529784565
33.38000000000193,9634.962487073983,-105.85069149254058,29.999999999999996,30.030605517786544
33.390000000001926,9640.736763086881,-105.84918030801347,29.999999999999996,30.030344328406247
33.400000000001924,9646.512770625324,-105.84764921425305,29.999999999999996,30.0300817562372
33.41000000000192,9652.290509693921,-105.84609821923547,29.999999999999996,30.029817827816334
33.42000000000192,9658.069980297305,-105.84452733097709,29.999999999999996,30.029552569682927
33.43000000000192,9663.851182440132,-105.84293655753365,29.999999999999996,30.02928600837647
33.440000000001916,9669.634116127083,-105.84132590699951,29.999999999999996,30.029018170434576
33.450000000001914,9675.418781362858,-105.83969538750685,29.999999999999996,30.02874908239081
33.46000000000191,9681.205178152177,-105.8380450072248,29.999999999999996,30.028478770772633
33.47000000000191,9686.993306499784,-105.83637477435875,29.999999999999996,30.02820726209926
33.48000000000191,9692.783166410443,-105.83468469714943,29.999999999999996,30.02793458287962
33.490000000001906,9698.574757888937,-105.8329747838722,29.999999999999996,30.027660759610225
33.500000000001904,9704.368080940067,-105.83124504283623,29.999999999999996,30.027385818773137
33.5100000000019,9710.163135568655,-105.82949548238366,29.999999999999996,30.027109786833893
33.5200000000019,9715.959921779542,-105.82772611088885,29.999999999999996,30.026832690239463
33.5300000000019,9721.758439577587,-105.82593693675753,29.999999999999996,30.02655455541619
33.540000000001896,9727.558688967665,-105.82412796842605,29.999999999999996,30.026275408767773
33.550000000001894,9733.360669954669,-105.8222992143606,29.999999999999996,30.025995276673257
33.56000000000189,9739.16438254351,-105.82045068305632,29.999999999999996,30.025714185484983
33.57000000000189,9744.969826739112,-105.81858238303661,29.999999999999996,30.02543216152662
33.58000000000189,9750.777002546418,-105.81669432285227,29.999999999999996,30.02514923109117
33.590000000001886,9756.585909970385,-105.81478651108073,29.999999999999996,30.024865420438978
33.600000000001884,9762.396549015984,-105.81285895632524,29.999999999999996,30.024580755795757
33.61000000000188,9768.208919688204,-105.81091166721413,29.999999999999996,30.02429526335065
33.62000000000188,9774.023021992043,-105.80894465239994,29.999999999999996,30.024008969254247
33.63000000000188,9779.838855932516,-105.80695792055872,29.999999999999996,30.023721899616696
33.640000000001876,9785.65642151465,-105.80495148038915,29.999999999999996,30.023434080505723
33.650000000001874,9791.475718743484,-105.80292534061182,29.999999999999996,30.023145537944753
33.66000000000187,9797.296747624072,-105.80087950996844,29.999999999999996,30.02285629791099
33.67000000000187,9803.119508161473,-105.79881399722102,29.999999999999996,30.022566386333533
33.68000000000187,9808.944000360765,-105.79672881115111,29.999999999999996,30.022275829091477
33.69000000000187,9814.770224227033,-105.79462396055904,29.999999999999996,30.021984652012062
33.700000000001864,9820.598179765373,-105.7924994542631,29.999999999999996,30.021692880868798
33.71000000000186,9826.427866980888,-105.79035530109878,29.999999999999996,30.021400541379645
33.72000000000186,9832.259285878696,-105.78819150991804,29.999999999999996,30.02110765920514
33.73000000000186,9838.09243646392,-105.78600808958842,29.999999999999996,30.02081425994659
33.74000000000186,9843.927318741691,-105.78380504899242,29.999999999999996,30.020520369144283
33.750000000001855,9849.763932717153,-105.7815823970266,29.999999999999996,30.02022601227565
33.76000000000185,9855.602278395452,-105.77934014260089,29.999999999999996,30.019931214753512
33.77000000000185,9861.442355781744,-105.77707829463778,29.999999999999996,30.01963600192428
33.78000000000185,9867.284164881192,-105.7747968620716,29.999999999999996,30.019340399066213
33.79000000000185,9873.127705698962,-105.7724958538477,29.999999999999996,30.019044431387652
33.800000000001845,9878.972978240232,-105.77017527892177,29.999999999999996,30.018748124025294
33.81000000000184,9884.81998251018,-105.76783514625899,29.999999999999996,30.018451502042463
33.82000000000184,9890.66871851399,-105.76547546483334,29.999999999999996,30.0181545904274
33.83000000000184,9896.519186256854,-105.76309624362683,29.999999999999996,30.01785741409157
33.84000000000184,9902.371385743963,-105.76069749162875,29.999999999999996,30.017559997867945
33.850000000001835,9908.225316980517,-105.7582792178349,29.999999999999996,30.01726236650939
33.86000000000183,9914.080979971715,-105.75584143124688,29.999999999999996,30.01696454468695
33.87000000000183,9919.938374722762,-105.75338414087133,29.999999999999996,30.01666655698822
33.88000000000183,9925.797501238862,-105.7509073557192,29.999999999999996,30.016368427915733
33.89000000000183,9931.658359525223,-105.74841108480499,29.999999999999996,30.016070181885297
33.900000000001825,9937.520949587057,-105.74589533714601,29.999999999999996,30.01577184322443
33.91000000000182,9943.385271429572,-105.7433601217617,29.999999999999996,30.01547343617075
33.92000000000182,9949.251325057981,-105.74080544767283,29.999999999999996,30.015174984870395
33.93000000000182,9955.119110477495,-105.73823132390082,29.999999999999996,30.01487651337645
33.94000000000182,9960.988627693327,-105.73563775946702,29.999999999999996,30.01457804564741
33.950000000001815,9966.859876710685,-105.73302476339197,29.999999999999996,30.014279605545635
33.96000000000181,9972.73285753478,-105.73039234469465,29.999999999999996,30.013981216835823
33.97000000000181,9978.607570170823,-105.72774051239183,29.999999999999996,30.013682903183508
33.98000000000181,9984.484014624019,-105.72506927549733,29.999999999999996,30.013384688153543
33.99000000000181,9990.362190899572,-105.72237864302129,29.999999999999996,30.013086595208645
34.000000000001805,9996.242099002686,-105.71966862396947,29.999999999999996,30.01278864770791
34.0100000000018,10002.12373893856,-105.71693922734258,29.999999999999996,30.01249086890536
34.0200000000018,10008.00711071239,-105.71419046213555,29.999999999999996,30.012193281948512
34.0300000000018,10013.892214329366,-105.71142233733684,29.999999999999996,30.011895909876934
34.0400000000018,10019.779049794677,-105.70863486192776,29.999999999999996,30.01159877562085
34.050000000001795,10025.667617113508,-105.70582804488177,29.999999999999996,30.011301901999744
34.06000000000179,10031.557916291034,-105.70300189516377,29.999999999999996,30.01100531172096
34.07000000000179,10037.449947332432,-105.70015642172945,29.999999999999996,30.010709027378358
34.08000000000179,10043.343710242865,-105.6972916335246,29.999999999999996,30.010413071450934
34.09000000000179,10049.239205027496,-105.69440753948446,29.999999999999996,30.010117466301498
34.100000000001785,10055.136431691479,-105.69150414853297,29.999999999999996,30.00982223417536
34.11000000000178,10061.03539023996,-105.68858146958219,29.999999999999996,30.009527397198994
34.12000000000178,10066.93608067808,-105.68563951153159,29.999999999999996,30.009232977378755
34.13000000000178,10072.838503010973,-105.68267828326739,29.999999999999996,30.008938996599607
34.14000000000178,10078.742657243762,-105.67969779366192,29.999999999999996,30.00864547662385
34.150000000001775,10084.648543381561,-105.67669805157291,29.999999999999996,30.00835243908986
34.16000000000177,10090.55616142948,-105.67367906584295,29.999999999999996,30.008059905510883
34.17000000000177,10096.465511392615,-105.67064084529872,29.999999999999996,30.007767897273784
34.18000000000177,10102.376593276054,-105.66758339875044,29.999999999999996,30.00747643563785
34.19000000000177,10108.289407084876,-105.66450673499118,29.999999999999996,30.007185541733605
34.200000000001765,10114.20395282415,-105.66141086279623,29.999999999999996,30.00689523656164
34.21000000000176,10120.12023049893,-105.6582957909225,29.999999999999996,30.006605540991437
34.22000000000176,10126.038240114263,-105.65516152810784,29.999999999999996,30.006316475760237
34.23000000000176,10131.957981675185,-105.65200808307048,29.999999999999996,30.006028061471902
34.24000000000176,10137.879455186718,-105.64883546450838,29.999999999999996,30.005740318595798
34.250000000001755,10143.802660653873,-105.64564368109858,29.999999999999996,30.00545326746571
34.26000000000175,10149.72759808165,-105.64243274149666,29.999999999999996,30.005166928278747
34.27000000000175,10155.654267475033,-105.63920265433609,29.999999999999996,30.004881321094278
34.28000000000175,10161.582668838993,-105.63595342822762,29.999999999999996,30.00459646583285
34.29000000000175,10167.512802178491,-105.63268507175871,29.999999999999996,30.004312382275206
34.300000000001745,10173.444667498472,-105.62939759349293,29.999999999999996,30.00402909006121
34.31000000000174,10179.378264803867,-105.62609100196934,29.999999999999996,30.003746608688864
34.32000000000174,10185.31359409959,-105.62276530570196,29.999999999999996,30.003464957513312
34.33000000000174,10191.250655390546,-105.61942051317912,29.999999999999996,30.003184155745863
34.34000000000174,10197.189448681618,-105.61605663286295,29.999999999999996,30.002904222453026
34.350000000001735,10203.129973977677,-105.61267367318878,29.999999999999996,30.002625176555558
34.36000000000173,10209.072231283579,-105.60927164256455,29.999999999999996,30.002347036827558
34.37000000000173,10215.016220604162,-105.60585054937027,29.999999999999996,30.002069821895525
34.38000000000173,10220.96194194425,-105.60241040195748,29.999999999999996,30.00179355023747
34.39000000000173,10226.909395308645,-105.59895120864866,29.999999999999996,30.001518240182026
34.400000000001725,10232.858580702137,-105.59547297773669,29.999999999999996,30.00124390990759
34.41000000000172,10238.809498129496,-105.59197571748432,29.999999999999996,30.000970577441453
34.42000000000172,10244.762147595477,-105.5884594361236,29.999999999999996,30.00069826065899
34.43000000000172,10250.716529104811,-105.5849241418554,29.999999999999996,30.000426977282807
34.44000000000172,10256.672642662219,-105.5813698428488,29.999999999999996,30.00015674488194
34.450000000001715,10262.630488272396,-105.57779654724064,29.999999999999996,29.99988758087109
34.46000000000171,10268.590065940021,-105.57420426313493,29.999999999999996,29.999619502509816
34.47000000000171,10274.551375669755,-105.5705929986024,29.999999999999996,29.99935252690178
34.48000000000171,10280.514417466236,-105.5669627616799,29.999999999999996,29.99908667099403
34.49000000000171,10286.479191334085,-105.56331356037002,29.999999999999996,29.99882195157623
34.500000000001705,10292.445697277903,-105.55964540264046,29.999999999999996,29.998558385279974
34.5100000000017,10298.413935302267,-105.55595829642357,29.999999999999996,29.99829598857808
34.5200000000017,10304.383905411738,-105.55225224961592,29.999999999999996,29.998034777783907
34.5300000000017,10310.355607610853,-105.54852727007774,29.999999999999996,29.997774769050693
34.5400000000017,10316.329041904128,-105.54478336563244,29.999999999999996,29.997515978370885
34.550000000001695,10322.304208296058,-105.54102054406617,29.999999999999996,29.99725842157552
34.56000000000169,10328.281106791117,-105.53723881312733,29.999999999999996,29.997002114333615
34.57000000000169,10334.259737393755,-105.53343818052608,29.999999999999996,29.99674707215153
34.58000000000169,10340.2401001084,-105.52961865393388,29.999999999999996,29.996493310372404
34.59000000000169,10346.222194939459,-105.52578024098308,29.999999999999996,29.996240844175563
34.600000000001685,10352.206021891314,-105.5219229492664,29.999999999999996,29.995989688575975
34.61000000000168,10358.191580968325,-105.51804678633651,29.999999999999996,29.9957398584237
34.62000000000168,10364.178872174829,-105.51415175970561,29.999999999999996,29.99549136840336
34.63000000000168,10370.167895515138,-105.51023787684494,29.999999999999996,29.995244233033635
34.64000000000168,10376.158650993542,-105.50630514518438,29.999999999999996,29.994998466666736
34.650000000001675,10382.151138614305,-105.50235357211201,29.999999999999996,29.994754083487976
34.66000000000167,10388.145358381666,-105.4983831649737,29.999999999999996,29.99451109751525
34.67000000000167,10394.141310299841,-105.49439393107266,29.999999999999996,29.994269522598614
34.68000000000167,10400.138994373023,-105.49038587766906,29.999999999999996,29.99402937241984
34.69000000000167,10406.138410605376,-105.48635901197959,29.999999999999996,29.993790660491985
34.700000000001666,10412.13955900104,-105.48231334117709,29.999999999999996,29.993553400159
34.71000000000166,10418.142439564128,-105.47824887239014,29.999999999999996,29.99331760459534
34.72000000000166,10424.147052298731,-105.47416561270265,29.999999999999996,29.993083286805565
34.73000000000166,10430.153397208911,-105.47006356915347,29.999999999999996,29.992850459624
34.74000000000166,10436.161474298704,-105.46594274873603,29.999999999999996,29.992619135714392
34.750000000001656,10442.171283572121,-105.46180315839796,29.999999999999996,29.99238932756957
34.760000000001654,10448.182825033145,-105.4576448050407,29.999999999999996,29.992161047511118
34.77000000000165,10454.196098685734,-105.45346769551914,29.999999999999996,29.991934307689103
34.78000000000165,10460.211104533813,-105.44927183664126,29.999999999999996,29.991709120081758
34.79000000000165,10466.227842581287,-105.44505723516777,29.999999999999996,29.99148549649524
34.800000000001646,10472.24631283203,-105.44082389781177,29.999999999999996,29.991263448563345
34.810000000001644,10478.26651528989,-105.43657183123837,29.999999999999996,29.991042987747296
34.82000000000164,10484.288449958683,-105.43230104206438,29.999999999999996,29.99082412533549
34.83000000000164,10490.312116842202,-105.42801153685798,29.999999999999996,29.9906068724433
34.84000000000164,10496.33751594421,-105.42370332213835,29.999999999999996,29.990391240012887
34.850000000001636,10502.364647268438,-105.41937640437538,29.999999999999996,29.99017723881299
34.860000000001634,10508.393510818594,-105.41503078998934,29.999999999999996,29.98996487943879
34.87000000000163,10514.424106598353,-105.41066648535056,29.999999999999996,29.989754172311734
34.88000000000163,10520.456434611364,-105.4062834967791,29.999999999999996,29.9895451276794
34.89000000000163,10526.490494861242,-105.40188183054448,29.999999999999996,29.989337755615377
34.900000000001626,10532.526287351579,-105.39746149286538,29.999999999999996,29.989132066019163
34.910000000001624,10538.563812085931,-105.39302248990931,29.999999999999996,29.988928068616055
34.92000000000162,10544.60306906783,-105.38856482779237,29.999999999999996,29.98872577295707
34.93000000000162,10550.644058300777,-105.38408851257891,29.999999999999996,29.988525188418883
34.94000000000162,10556.686779788239,-105.3795935502813,29.999999999999996,29.988326324203776
34.950000000001616,10562.731233533656,-105.37507994685963,29.999999999999996,29.98812918933959
34.960000000001614,10568.777419540436,-105.37054770822145,29.999999999999996,29.987933792679712
34.97000000000161,10574.825337811959,-105.36599684022151,29.999999999999996,29.987740142903064
34.98000000000161,10580.874988351574,-105.36142734866151,29.999999999999996,29.987548248514095
34.99000000000161,10586.926371162595,-105.3568392392898,29.999999999999996,29.987358117842792
35.000000000001606,10592.979486248312,-105.35223251780121,29.999999999999996,29.98716975904475
35.010000000001604,10599.034333611977,-105.34760718983675,29.999999999999996,29.986983180101177
35.0200000000016,10605.090913256816,-105.3429632609834,29.999999999999996,29.986798388818972
35.0300000000016,10611.14922518602,-105.33830073677386,29.999999999999996,29.986615392830785
35.0400000000016,10617.20926940275,-105.33361962268636,29.999999999999996,29.986434199595124
35.050000000001596,10623.271045910138,-105.32891992414437,29.999999999999996,29.986254816396443
35.060000000001594,10629.33455471128,-105.32420164651649,29.999999999999996,29.986077250345247
35.07000000000159,10635.399795809242,-105.31946479511612,29.999999999999996,29.985901508378223
35.08000000000159,10641.466769207058,-105.31470937520136,29.999999999999996,29.985727597258396
35.09000000000159,10647.53547490773,-105.30993539197475,29.999999999999996,29.98555552357527
35.100000000001586,10653.605912914229,-105.30514285058307,29.999999999999996,29.985385293744994
35.110000000001584,10659.67808322949,-105.3003317561172,29.999999999999996,29.985216914010536
35.12000000000158,10665.751985856421,-105.29550211361192,29.999999999999996,29.985050390441895
35.13000000000158,10671.827620797892,-105.29065392804567,29.999999999999996,29.98488572893629
35.14000000000158,10677.904988056745,-105.28578720434048,29.999999999999996,29.984722935218397
35.150000000001576,10683.984087635787,-105.2809019473617,29.999999999999996,29.984562014840556
35.160000000001574,10690.06491953779,-105.27599816191793,29.999999999999996,29.984402973183037
35.17000000000157,10696.147483765499,-105.27107585276077,29.999999999999996,29.984245815454294
35.18000000000157,10702.23178032162,-105.26613502458477,29.999999999999996,29.98409054669123
35.19000000000157,10708.31780920883,-105.26117568202719,29.999999999999996,29.98393717175949
35.200000000001566,10714.40557042977,-105.2561978296679,29.999999999999996,29.98378569535373
35.210000000001564,10720.495063987051,-105.25120147202925,29.999999999999996,29.983636121997968
35.22000000000156,10726.58628988325,-105.24618661357592,29.999999999999996,29.98348845604587
35.23000000000156,10732.679248120907,-105.24115325871479,29.999999999999996,29.983342701681092
35.24000000000156,10738.773938702532,-105.23610141179485,29.999999999999996,29.983198862917643
35.250000000001556,10744.870361630601,-105.23103107710703,29.999999999999996,29.98305694360021
35.260000000001554,10750.968516907556,-105.22594225888416,29.999999999999996,29.98291694740456
35.27000000000155,10757.068404535807,-105.2208349613008,29.999999999999996,29.982778877837898
35.28000000000155,10763.170024517727,-105.21570918847314,29.999999999999996,29.982642738239278
35.29000000000155,10769.273376855657,-105.21056494445898,29.999999999999996,29.982508531779995
35.300000000001546,10775.378461551905,-105.20540223325754,29.999999999999996,29.982376261464005
35.310000000001544,10781.485278608745,-105.20022105880945,29.999999999999996,29.98224593012836
35.32000000000154,10787.593828028415,-105.19502142499661,29.999999999999996,29.982117540443646
35.33000000000154,10793.704109813123,-105.18980333564218,29.999999999999996,29.98199109491444
35.34000000000154,10799.816123965038,-105.18456679451043,29.999999999999996,29.981866595879755
35.350000000001536,10805.9298704863,-105.17931180530675,29.999999999999996,29.98174404551354
35.360000000001534,10812.045349379012,-105.17403837167753,29.999999999999996,29.981623445825146
35.37000000000153,10818.162560645244,-105.16874649721014,29.999999999999996,29.98150479865984
35.38000000000153,10824.28150428703,-105.16343618543286,29.999999999999996,29.981388105699306
35.39000000000153,10830.402180306372,-105.15810743981486,29.999999999999996,29.98127336846216
35.400000000001526,10836.524588705237,-105.15276026376613,29.999999999999996,29.981160588304483
35.410000000001524,10842.64872948556,-105.14739466063743,29.999999999999996,29.981049766420373
35.42000000000152,10848.774602649239,-105.14201063372033,29.999999999999996,29.980940903842487
35.43000000000152,10854.902208198138,-105.1366081862471,29.999999999999996,29.9808340014426
35.44000000000152,10861.031546134089,-105.13118732139074,29.999999999999996,29.980729059932198
35.450000000001516,10867.162616458887,-105.12574804226493,29.999999999999996,29.980626079863047
35.460000000001514,10873.295419174294,-105.12029035192407,29.999999999999996,29.980525061627784
35.47000000000151,10879.429954282037,-105.11481425336319,29.999999999999996,29.980426005460526
35.48000000000151,10885.566221783813,-105.10931974951804,29.999999999999996,29.980328911437503
35.49000000000151,10891.704221681277,-105.10380684326502,29.999999999999996,29.980233779477654
35.500000000001506,10897.843953976057,-105.09827553742123,29.999999999999996,29.98014060934329
35.510000000001504,10903.985418669743,-105.09272583474446,29.999999999999996,29.980049400640716
35.5200000000015,10910.128615763892,-105.08715773793321,29.999999999999996,29.9799601528209
35.5300000000015,10916.273545260026,-105.08157124962672,29.999999999999996,29.97987286518014
35.5400000000015,10922.420207159636,-105.07596637240499,29.999999999999996,29.97978753686073
35.550000000001496,10928.568601464172,-105.0703431087888,29.999999999999996,29.97970416685165
35.560000000001494,10934.718728175058,-105.06470146123978,29.999999999999996,29.97962275398925
35.57000000000149,10940.870587293675,-105.0590414321604,29.999999999999996,29.97954329695799
35.58000000000149,10947.024178821379,-105.05336302389405,29.999999999999996,29.97946579429109
35.59000000000149,10953.179502759487,-105.04766623872507,29.999999999999996,29.97939024437132
35.60000000000149,10959.336559109282,-105.04195107887882,29.999999999999996,29.979316645431677
35.610000000001484,10965.495347872014,-105.03621754652174,29.999999999999996,29.979244995556158
35.62000000000148,10971.6558690489,-105.03046564376137,29.999999999999996,29.979175292680495
35.63000000000148,10977.81812264112,-105.02469537264649,29.999999999999996,29.97910753459292
35.64000000000148,10983.982108649823,-105.0189067351671,29.999999999999996,29.979041718934933
35.65000000000148,10990.147827076122,-105.01309973325459,29.999999999999996,29.97897784320206
35.660000000001475,10996.315277921098,-105.00727436878175,29.999999999999996,29.978915904744664
35.67000000000147,11002.484461185799,-105.00143064356288,29.999999999999996,29.978855900768714
35.68000000000147,11008.655376871237,-104.99556855935388,29.999999999999996,29.978797828336607
35.69000000000147,11014.82802497839,-104.98968811785237,29.999999999999996,29.97874168436796
35.70000000000147,11021.002405508203,-104.9837893206977,29.999999999999996,29.97868746564044
35.710000000001465,11027.178518461591,-104.97787216947115,29.999999999999996,29.978635168790582
35.72000000000146,11033.356363839432,-104.97193666569602,29.999999999999996,29.97858479031462
35.73000000000146,11039.53594164257,-104.96598281083766,29.999999999999996,29.978536326569333
35.74000000000146,11045.71725187182,-104.96001060630365,29.999999999999996,29.978489773772903
35.75000000000146,11051.900294527957,-104.95402005344395,29.999999999999996,29.978445128005756
35.760000000001455,11058.085069611729,-104.94801115355095,29.999999999999996,29.97840238521144
35.77000000000145,11064.271577123845,-104.94198390785962,29.999999999999996,29.978361541197486
35.78000000000145,11070.459817064988,-104.93593831754768,29.999999999999996,29.978322591636292
35.79000000000145,11076.649789435804,-104.92987438373568,29.999999999999996,29.97828553206601
35.80000000000145,11082.841494236904,-104.92379210748716,29.999999999999996,29.978250357891444
35.810000000001445,11089.03493146887,-104.9176914898088,29.999999999999996,29.978217064384946
35.82000000000144,11095.230101132252,-104.91157253165058,29.999999999999996,29.978185646687322
35.83000000000144,11101.427003227564,-104.90543523390588,29.999999999999996,29.97815609980875
35.84000000000144,11107.625637755287,-104.8992795974117,29.999999999999996,29.97812841862971
35.85000000000144,11113.826004715873,-104.89310562294878,29.999999999999996,29.978102597901895
35.860000000001435,11120.02810410974,-104.88691331124174,29.999999999999996,29.978078632249158
35.87000000000143,11126.231935937274,-104.88070266295931,29.999999999999996,29.978056516168458
35.88000000000143,11132.437500198828,-104.87447367871444,29.999999999999996,29.97803624403078
35.89000000000143,11138.644796894723,-104.86822635906452,29.999999999999996,29.978017810082132
35.90000000000143,11144.85382602525,-104.86196070451153,29.999999999999996,29.97800120844447
35.910000000001425,11151.064587590667,-104.85567671550223,29.999999999999996,29.97798643311669
35.92000000000142,11157.277081591197,-104.84937439242833,29.999999999999996,29.97797347797557
35.93000000000142,11163.491308027038,-104.84305373562671,29.999999999999996,29.977962336776773
35.94000000000142,11169.70726689835,-104.8367147453796,29.999999999999996,29.977953003155832
35.95000000000142,11175.924958205265,-104.83035742191474,29.999999999999996,29.977945470629123
35.960000000001415,11182.144381947885,-104.82398176540563,29.999999999999996,29.977939732594866
35.97000000000141,11188.365538126276,-104.81758777597173,29.999999999999996,29.97793578233414
35.98000000000141,11194.588426740478,-104.81117545367862,29.999999999999996,29.97793361301187
35.99000000000141,11200.813047790496,-104.80474479853824,29.999999999999996,29.97793321767785
36.00000000000141,11207.039401276308,-104.79829581050915,29.999999999999996,29.97793458926775
36.010000000001405,11213.267487197858,-104.79182848949664,29.999999999999996,29.97793772060415
36.0200000000014,11219.497305555062,-104.78534283535305,29.999999999999996,29.977942604397555
36.0300000000014,11225.728856347803,-104.77883884787795,29.999999999999996,29.977949233247433
36.0400000000014,11231.962139575937,-104.77231652681837,29.999999999999996,29.977957599643254
36.0500000000014,11238.197155239286,-104.76577587186902,29.999999999999996,29.97796769596552
36.060000000001395,11244.433903337645,-104.75921688267256,29.999999999999996,29.977979514486822
36.07000000000139,11250.672383870779,-104.75263955881978,29.999999999999996,29.977993047372877
36.08000000000139,11256.912596838418,-104.74604389984991,29.999999999999996,29.9780082866836
36.09000000000139,11263.15454224027,-104.7394299052508,29.999999999999996,29.978025224374147
36.10000000000139,11269.398220076011,-104.73279757445923,29.999999999999996,29.978043852295976
36.110000000001385,11275.643630345285,-104.72614690686106,29.999999999999996,29.978064162197935
36.12000000000138,11281.890773047708,-104.7194779017916,29.999999999999996,29.97808614572731
36.13000000000138,11288.139648182867,-104.7127905585358,29.999999999999996,29.97810979443091
36.14000000000138,11294.390255750322,-104.70608487632849,29.999999999999996,29.97813509975614
36.15000000000138,11300.642595749605,-104.69936085435471,29.999999999999996,29.978162053052092
36.160000000001375,11306.896668180214,-104.69261849174991,29.999999999999996,29.978190645570617
36.17000000000137,11313.152473041622,-104.68585778760026,29.999999999999996,29.978220868467425
36.18000000000137,11319.410010333277,-104.67907874094288,29.999999999999996,29.97825271280316
36.19000000000137,11325.669280054592,-104.67228135076617,29.999999999999996,29.978286169544532
36.20000000000137,11331.930282204956,-104.66546561601002,29.999999999999996,29.978321229565378
36.210000000001365,11338.19301678373,-104.65863153556614,29.999999999999996,29.978357883647774
36.22000000000136,11344.45748379025,-104.65177910827832,29.999999999999996,29.978396122483147
36.23000000000136,11350.723683223816,-104.64490833294272,29.999999999999996,29.978435936673378
36.24000000000136,11356.991615083709,-104.63801920830814,29.999999999999996,29.97847731673192
36.25000000000136,11363.26127936918,-104.63111173307634,29.999999999999996,29.978520253084884
36.260000000001355,11369.532676079454,-104.62418590590231,29.999999999999996,29.97856473607219
36.27000000000135,11375.805805213728,-104.61724172539456,29.999999999999996,29.97861075594866
36.28000000000135,11382.080666771171,-104.61027919011545,29.999999999999996,29.978658302885155
36.29000000000135,11388.35726075093,-104.60329829858145,29.999999999999996,29.978707366969672
36.30000000000135,11394.635587152121,-104.59629904926346,29.999999999999996,29.97875793820849
36.310000000001345,11400.915645973835,-104.58928144058713,29.999999999999996,29.978810006527294
36.32000000000134,11407.19743721514,-104.58224547093313,29.999999999999996,29.978863561772304
36.33000000000134,11413.480960875075,-104.57519113863749,29.999999999999996,29.97891859371139
36.34000000000134,11419.766216952656,-104.56811844199191,29.999999999999996,29.978975092035224
36.35000000000134,11426.05320544687,-104.56102737924407,29.999999999999996,29.979033046358403
36.360000000001335,11432.341926356681,-104.55391794859791,29.999999999999996,29.979092446220577
36.37000000000133,11438.63237968103,-104.54679014821403,29.999999999999996,29.979153281087605
36.38000000000133,11444.92456541883,-104.53964397620992,29.999999999999996,29.97921554035268
36.39000000000133,11451.218483568971,-104.53247943066035,29.999999999999996,29.97927921333746
36.40000000000133,11457.514134130317,-104.52529650959767,29.999999999999996,29.979344289293234
36.410000000001325,11463.811517101707,-104.51809521101212,29.999999999999996,29.979410757402047
36.42000000000132,11470.110632481961,-104.51087553285221,29.999999999999996,29.97947860677783
36.43000000000132,11476.41148026987,-104.50363747302498,29.999999999999996,29.979547826467567
36.44000000000132,11482.7140604642,-104.49638102939639,29.999999999999996,29.97961840545243
36.45000000000132,11489.018373063702,-104.48910619979165,29.999999999999996,29.979690332648918
36.460000000001315,11495.324418067095,-104.48181298199552,29.999999999999996,29.979763596910004
36.47000000000131,11501.63219547308,-104.47450137375267,29.999999999999996,29.9798381870263
36.48000000000131,11507.94170528033,-104.46717137276806,29.999999999999996,29.97991409172716
36.49000000000131,11514.2529474875,-104.45982297670722,29.999999999999996,29.97999129968188
36.50000000000131,11520.56592209322,-104.4524561831966,29.999999999999996,29.98006979950081
36.510000000001305,11526.880629096098,-104.44507098982399,29.999999999999996,29.980149579736505
36.5200000000013,11533.197068494721,-104.43766739413877,29.999999999999996,29.980230628884875
36.5300000000013,11539.515240287654,-104.43024539365233,29.999999999999996,29.98031293538634
36.5400000000013,11545.835144473438,-104.42280498583837,29.999999999999996,29.98039648762697
36.5500000000013,11552.156781050597,-104.41534616813331,29.999999999999996,29.980481273939628
36.560000000001295,11558.480150017627,-104.4078689379366,29.999999999999996,29.980567282605122
36.57000000000129,11564.805251373009,-104.40037329261108,29.999999999999996,29.980654501853344
36.58000000000129,11571.132085115201,-104.39285922948336,29.999999999999996,29.98074291986443
36.59000000000129,11577.46065124264,-104.38532674584417,29.999999999999996,29.980832524769877
36.60000000000129,11583.79094975374,-104.37777583894868,29.999999999999996,29.98092330465372
36.610000000001286,11590.1229806469,-104.37020650601694,29.999999999999996,29.981015247553657
36.62000000000128,11596.456743920495,-104.3626187442342,29.999999999999996,29.981108341462193
36.63000000000128,11602.79223957288,-104.35501255075124,29.999999999999996,29.98120257432777
36.64000000000128,11609.129467602394,-104.3473879226848,29.999999999999996,29.98129793405594
36.65000000000128,11615.468428007352,-104.3397448571179,29.999999999999996,29.98139440851048
36.660000000001276,11621.809120786054,-104.33208335110025,29.999999999999996,29.981491985514516
36.670000000001274,11628.151545936778,-104.32440340164858,29.999999999999996,29.98159065285169
36.68000000000127,11634.495703457784,-104.31670500574702,29.999999999999996,29.98169039826729
36.69000000000127,11640.841593347313,-104.3089881603475,29.999999999999996,29.981791209469367
36.70000000000127,11647.189215603588,-104.30125286237008,29.999999999999996,29.98189307412988
36.710000000001266,11653.538570224815,-104.29349910870336,29.999999999999996,29.98199597988582
36.720000000001264,11659.88965720918,-104.28572689620484,29.999999999999996,29.982099914340342
36.73000000000126,11666.242476554853,-104.27793622170127,29.999999999999996,29.982204865063903
36.74000000000126,11672.597028259986,-104.27012708198909,29.999999999999996,29.98231081959536
36.75000000000126,11678.953312322714,-104.26229947383474,29.999999999999996,29.982417765443124
36.760000000001256,11685.311328741152,-104.25445339397511,29.999999999999996,29.982525690086263
36.770000000001254,11691.671077513402,-104.24658883911783,29.999999999999996,29.98263458097562
36.78000000000125,11698.032558637547,-104.23870580594173,29.999999999999996,29.982744425534943
36.79000000000125,11704.395772111655,-104.23080429109717,29.999999999999996,29.98285521116199
36.80000000000125,11710.760717933777,-104.22288429120647,29.999999999999996,29.982966925229633
36.810000000001246,11717.127396101949,-104.21494580286424,29.999999999999996,29.983079555086984
36.820000000001244,11723.49580661419,-104.20698882263778,29.999999999999996,29.983193088060503
36.83000000000124,11729.865949468503,-104.19901334706752,29.999999999999996,29.983307511455084
36.84000000000124,11736.23782466288,-104.1910193726673,29.999999999999996,29.983422812555172
36.85000000000124,11742.61143219529,-104.18300689592485,29.999999999999996,29.983538978625848
36.860000000001236,11748.986772063694,-104.17497591330212,29.999999999999996,29.983655996913956
36.870000000001234,11755.363844266036,-104.16692642123569,29.999999999999996,29.983773854649158
36.88000000000123,11761.742648800246,-104.15885841613714,29.999999999999996,29.983892539045044
36.89000000000123,11768.123185664237,-104.15077189439346,29.999999999999996,29.984012037300225
36.90000000000123,11774.505454855913,-104.14266685236741,29.999999999999996,29.9841323365994
36.910000000001226,11780.889456373161,-104.13454328639796,29.999999999999996,29.984253424114453
36.920000000001224,11787.275190213855,-104.12640119280059,29.999999999999996,29.984375287005516
36.93000000000122,11793.662656375856,-104.11824056786774,29.999999999999996,29.98449791242205
36.94000000000122,11800.05185485701,-104.11006140786924,29.999999999999996,29.984621287503934
36.95000000000122,11806.442785655156,-104.10186370905258,29.999999999999996,29.984745399382483
36.960000000001216,11812.835448768112,-104.09364746764342,29.999999999999996,29.984870235181567
36.970000000001214,11819.22984419369,-104.08541267984589,29.999999999999996,29.984995782018643
36.98000000000121,11825.625971929685,-104.07715934184303,29.999999999999996,29.985122027005808
36.99000000000121,11832.023831973886,-104.06888744979717,29.999999999999996,29.98524895725086
37.00000000000121,11838.423424324064,-104.06059699985033,29.999999999999996,29.985376559858356
37.010000000001206,11844.824748977982,-104.05228798812456,29.999999999999996,29.985504821930633
37.020000000001204,11851.227805933393,-104.04396041072239,29.999999999999996,29.985633730568864
37.0300000000012,11857.632595188035,-104.0356142637272,29.999999999999996,29.9857632728741
37.0400000000012,11864.03911673964,-104.0272495432036,29.999999999999996,29.985893435948284
37.0500000000012,11870.447370585922,-104.01886624519781,29.999999999999996,29.9860242068953
37.060000000001196,11876.857356724593,-104.0104643657381,29.999999999999996,29.986155572821975
37.070000000001194,11883.26907515335,-104.00204390083513,29.999999999999996,29.986287520839117
37.08000000000119,11889.682525869881,-103.99360484648236,29.999999999999996,29.986420038062523
37.09000000000119,11896.097708871865,-103.9851471986564,29.999999999999996,29.986553111613986
37.10000000000119,11902.51462415697,-103.9766709533175,29.999999999999996,29.986686728622317
37.110000000001186,11908.933271722855,-103.96817610640981,29.999999999999996,29.986820876224325
37.120000000001184,11915.353651567171,-103.95966265386188,29.999999999999996,29.986955541565823
37.13000000000118,11921.775763687561,-103.95113059158697,29.999999999999996,29.987090711802633
37.14000000000118,11928.199608081657,-103.94257991548349,29.999999999999996,29.987226374101553
37.15000000000118,11934.625184747085,-103.93401062143535,29.999999999999996,29.987362515641347
37.160000000001176,11941.05249368146,-103.92542270531237,29.999999999999996,29.987499123613727
37.170000000001174,11947.481534882392,-103.91681616297066,29.999999999999996,29.987636185224336
37.18000000000117,11953.912308347482,-103.908190990253,29.999999999999996,29.987773687693682
37.19000000000117,11960.344814074322,-103.89954718298925,29.999999999999996,29.987911618258135
37.20000000000117,11966.7790520605,-103.89088473699671,29.999999999999996,29.98804996417087
37.210000000001166,11973.215022303593,-103.8822036480805,29.999999999999996,29.98818871270282
37.220000000001164,11979.652724801177,-103.87350391203398,29.999999999999996,29.988327851143627
37.23000000000116,11986.092159550815,-103.86478552463909,29.999999999999996,29.988467366802574
37.24000000000116,11992.533326550069,-103.85604848166676,29.999999999999996,29.988607247009547
37.25000000000116,11998.976225796489,-103.8472927788773,29.999999999999996,29.988747479115933
37.260000000001156,12005.420857287623,-103.83851841202078,29.999999999999996,29.988888050495557
37.270000000001154,12011.867221021015,-103.82972537683735,29.999999999999996,29.98902894854563
37.28000000000115,12018.3153169942,-103.8209136690577,29.999999999999996,29.989170160687614
37.29000000000115,12024.765145204708,-103.81208328440343,29.999999999999996,29.989311674368178
37.30000000000115,12031.216705650068,-103.80323421858736,29.999999999999996,29.989453477060064
37.310000000001146,12037.669998327798,-103.794366467314,29.999999999999996,29.989595556263023
37.320000000001144,12044.125023235414,-103.78548002627988,29.999999999999996,29.989737899504668
37.33000000000114,12050.58178037043,-103.77657489117391,29.999999999999996,29.98988049434139
37.34000000000114,12057.040269730354,-103.76765105767777,29.999999999999996,29.99002332835921
37.35000000000114,12063.500491312689,-103.7587085214663,29.999999999999996,29.9901663891747
37.360000000001136,12069.962445114934,-103.74974727820788,29.999999999999996,29.99030966443579
37.370000000001134,12076.426131134587,-103.74076732356475,29.999999999999996,29.990453141822677
37.38000000000113,12082.89154936914,-103.73176865319346,29.999999999999996,29.990596809048675
37.39000000000113,12089.358699816084,-103.72275126274516,29.999999999999996,29.990740653861042
37.40000000000113,12095.827582472908,-103.71371514786603,29.999999999999996,29.990884664041857
37.410000000001126,12102.298197337093,-103.7046603041976,29.999999999999996,29.99102882740882
37.420000000001124,12108.770544406125,-103.69558672737718,29.999999999999996,29.991173131816122
37.43000000000112,12115.244623677481,-103.68649441303815,29.999999999999996,29.99131756515525
37.44000000000112,12121.72043514864,-103.67738335681038,29.999999999999996,29.99146211535581
37.45000000000112,12128.197978817076,-103.66825355432059,29.999999999999996,29.991606770386333
37.460000000001116,12134.677254680266,-103.65910500119266,29.999999999999996,29.991751518255107
37.470000000001114,12141.15826273568,-103.64993769304807,29.999999999999996,29.991896347010947
37.48000000000111,12147.641002980792,-103.64075162550623,29.999999999999996,29.992041244744005
37.49000000000111,12154.125475413073,-103.63154679418479,29.999999999999996,29.992186199586545
37.50000000000111,12160.611680029991,-103.62232319470006,29.999999999999996,29.99233119971375
37.51000000000111,12167.099616829017,-103.61308082266733,29.999999999999996,29.992476233344473
37.520000000001104,12173.589285807619,-103.60381967370125,29.999999999999996,29.992621288742
37.5300000000011,12180.080686963265,-103.59453974341619,29.999999999999996,29.99276635421484
37.5400000000011,12186.573820293424,-103.58524102742653,29.999999999999996,29.99291141811745
37.5500000000011,12193.068685795566,-103.5759235213471,29.999999999999996,29.993056468851
37.5600000000011,12199.56528346716,-103.56658722079342,29.999999999999996,29.99320149486411
37.570000000001095,12206.063613305676,-103.5572321213822,29.999999999999996,29.993346484653575
37.58000000000109,12212.563675308584,-103.54785821873152,29.999999999999996,29.993491426765114
37.59000000000109,12219.065469473355,-103.5384655084613,29.999999999999996,29.993636309794066
37.60000000000109,12225.568995797465,-103.52905398619357,29.999999999999996,29.993781122386114
37.61000000000109,12232.074254278385,-103.51962364755286,29.999999999999996,29.993925853238007
37.620000000001085,12238.581244913594,-103.5101744881665,29.999999999999996,29.99407049109823
37.63000000000108,12245.089967700567,-103.50070650366497,29.999999999999996,29.99421502476773
37.64000000000108,12251.600422636788,-103.49121968968227,29.999999999999996,29.994359443100567
37.65000000000108,12258.112609719736,-103.4817140418562,29.999999999999996,29.994503735004628
37.66000000000108,12264.626528946896,-103.47218955582872,29.999999999999996,29.99464788944227
37.670000000001075,12271.142180315754,-103.46264622724632,29.999999999999996,29.994791895431003
37.68000000000107,12277.659563823801,-103.4530840517603,29.999999999999996,29.994935742044152
37.69000000000107,12284.17867946853,-103.4435030250271,29.999999999999996,29.995079418411482
37.70000000000107,12290.699527247436,-103.43390314270864,29.999999999999996,29.995222913719875
37.71000000000107,12297.222107158019,-103.42428440047266,29.999999999999996,29.995366217213927
37.720000000001065,12303.746419197782,-103.41464679399301,29.999999999999996,29.995509318196635
37.73000000000106,12310.27246336423,-103.40499031895001,29.999999999999996,29.995652206029952
37.74000000000106,12316.800239654875,-103.39531497103073,29.999999999999996,29.99579487013545
37.75000000000106,12323.32974806723,-103.38562074592934,29.999999999999996,29.995937299994917
37.76000000000106,12329.860988598813,-103.37590763934742,29.999999999999996,29.99607948515095
37.770000000001055,12336.39396124715,-103.36617564699425,29.999999999999996,29.996221415207543
37.78000000000105,12342.928666009766,-103.35642476458715,29.999999999999996,29.996363079830694
37.79000000000105,12349.465102884196,-103.34665498785178,29.999999999999996,29.99650446874897
37.80000000000105,12356.003271867976,-103.33686631252246,29.999999999999996,29.99664557175407
37.81000000000105,12362.543172958649,-103.32705873434244,29.999999999999996,29.996786378701405
37.820000000001045,12369.084806153764,-103.31723224906428,29.999999999999996,29.996926879510664
37.83000000000104,12375.628171450873,-103.30738685245004,29.999999999999996,29.99706706416632
37.84000000000104,12382.173268847537,-103.29752254027167,29.999999999999996,29.997206922718217
37.85000000000104,12388.720098341319,-103.28763930831131,29.999999999999996,29.997346445282094
37.86000000000104,12395.26865992979,-103.27773715236154,29.999999999999996,29.997485622040095
37.870000000001035,12401.81895361053,-103.26781606822568,29.999999999999996,29.997624443241296
37.88000000000103,12408.37097938112,-103.25787605171813,29.999999999999996,29.997762899202236
37.89000000000103,12414.924737239151,-103.24791709866457,29.999999999999996,29.997900980307392
37.90000000000103,12421.480227182221,-103.23793920490239,29.999999999999996,29.998038677009703
37.91000000000103,12428.037449207934,-103.22794236628081,29.999999999999996,29.998175979831046
37.920000000001025,12434.596403313899,-103.21792657866132,29.999999999999996,29.998312879362718
37.93000000000102,12441.157089497734,-103.20789183791783,29.999999999999996,29.998449366265913
37.94000000000102,12447.719507757065,-103.19783813993703,29.999999999999996,29.998585431272193
37.95000000000102,12454.283658089525,-103.18776548061868,29.999999999999996,29.998721065183947
37.96000000000102,12460.849540492754,-103.17767385587581,29.999999999999996,29.99885625887484
37.970000000001015,12467.417154964402,-103.16756326163505,29.999999999999996,29.99899100329026
37.98000000000101,12473.986501502122,-103.15743369383691,29.999999999999996,29.999125289447758
37.99000000000101,12480.557580103581,-103.14728514843598,29.999999999999996,29.999259108437464
38.00000000000101,12487.130390766451,-103.1371176214013,29.999999999999996,29.999392451422537
38.01000000000101,12493.704933488414,-103.12693110871653,29.999999999999996,29.99952530963956
38.020000000001005,12500.281208267159,-103.11672560638029,29.999999999999996,29.99965767439894
38.030000000001,12506.859215100385,-103.10650111040634,29.999999999999996,29.99978953708533
38.040000000001,12513.438953985798,-103.09625761682392,29.999999999999996,29.99992088915801
38.050000000001,12520.020424921117,-103.08599512167794,29.999999999999996,30.000051722151266
38.060000000001,12526.603627904065,-103.07571362102927,29.999999999999996,30.000182027674775
38.070000000000995,12533.18856293238,-103.06541311095498,29.999999999999996,30.000311797413975
38.08000000000099,12539.775230003806,-103.05509358754858,29.999999999999996,30.00044102313043
38.09000000000099,12546.363629116096,-103.04475504692032,29.999999999999996,30.00056969666217
38.10000000000099,12552.953760267015,-103.03439748519735,29.999999999999996,30.000697809924045
38.11000000000099,12559.545623454336,-103.024020898524,29.999999999999996,30.00082535490808
38.120000000000985,12566.139218675842,-103.01362528306207,29.999999999999996,30.000952323683787
38.13000000000098,12572.734545929328,-103.00321063499096,29.999999999999996,30.00107870839849
38.14000000000098,12579.3316052126,-102.99277695050802,29.999999999999996,30.00120450127767
38.15000000000098,12585.93039652347,-102.98232422582869,29.999999999999996,30.001329694625227
38.16000000000098,12592.530919859766,-102.97185245718678,29.999999999999996,30.00145428082383
38.170000000000975,12599.133175219324,-102.96136164083471,29.999999999999996,30.001578252335168
38.18000000000097,12605.73716259999,-102.95085177304368,29.999999999999996,30.001701601700272
38.19000000000097,12612.34288199962,-102.94032285010394,29.999999999999996,30.001824321539782
38.20000000000097,12618.950333416087,-102.92977486832498,29.999999999999996,30.00194640455421
38.21000000000097,12625.55951684727,-102.9192078240358,29.999999999999996,30.002067843524216
38.220000000000965,12632.170432291061,-102.90862171358502,29.999999999999996,30.00218863131086
38.23000000000096,12638.783079745363,-102.89801653334125,29.999999999999996,30.002308760855854
38.24000000000096,12645.397459208089,-102.88739227969316,29.999999999999996,30.002428225181802
38.25000000000096,12652.013570677167,-102.87674894904974,29.999999999999996,30.00254701739243
38.26000000000096,12658.631414150535,-102.86608653784053,29.999999999999996,30.002665130672824
38.270000000000955,12665.250989626145,-102.8554050425158,29.999999999999996,30.00278255828964
38.28000000000095,12671.872297101958,-102.84470445954673,29.999999999999996,30.002899293591327
38.29000000000095,12678.495336575948,-102.83398478542566,29.999999999999996,30.00301533000832
38.30000000000095,12685.120108046103,-102.82324601666622,29.999999999999996,30.003130661053248
38.31000000000095,12691.746611510422,-102.8124881498036,29.999999999999996,30.00324528032111
38.320000000000945,12698.374846966917,-102.80171118139468,29.999999999999996,30.003359181489476
38.33000000000094,12705.004814413613,-102.79091510801824,29.999999999999996,30.00347235831865
38.34000000000094,12711.636513848545,-102.78009992627514,29.999999999999996,30.00358480465184
38.35000000000094,12718.269945269765,-102.76926563278855,29.999999999999996,30.00369651441532
38.36000000000094,12724.905108675337,-102.75841222420402,29.999999999999996,30.003807481618598
38.370000000000935,12731.542004063334,-102.7475396971898,29.999999999999996,30.00391770035453
38.38000000000093,12738.180631431847,-102.73664804843689,29.999999999999996,30.004027164799492
38.39000000000093,12744.820990778979,-102.72573727465931,29.999999999999996,30.00413586921349
38.40000000000093,12751.463082102846,-102.71480737259421,29.999999999999996,30.004243807940295
38.41000000000093,12758.106905401577,-102.70385833900204,29.999999999999996,30.004350975407558
38.420000000000925,12764.752460673313,-102.69289017066677,29.999999999999996,30.004457366126918
38.43000000000092,12771.399747916214,-102.681902864396,29.999999999999996,30.004562974694114
38.44000000000092,12778.048767128446,-102.67089641702113,29.999999999999996,30.00466779578906
38.45000000000092,12784.699518308198,-102.65987082539753,29.999999999999996,30.004771824175965
38.46000000000092,12791.352001453664,-102.6488260864047,29.999999999999996,30.00487505470339
38.470000000000915,12798.006216563059,-102.6377621969464,29.999999999999996,30.004977482304326
38.48000000000091,12804.662163634606,-102.62667915395083,29.999999999999996,30.005079101996277
38.49000000000091,12811.319842666548,-102.61557695437077,29.999999999999996,30.005179908881296
38.50000000000091,12817.979253657139,-102.60445559518368,29.999999999999996,30.005279898146068
38.51000000000091,12824.640396604647,-102.59331507339192,29.999999999999996,30.00537906506193
38.520000000000906,12831.303271507357,-102.58215538602283,29.999999999999996,30.00547740498492
38.5300000000009,12837.967878363565,-102.57097653012892,29.999999999999996,30.00557491335582
38.5400000000009,12844.634217171584,-102.55977850278792,29.999999999999996,30.005671585700167
38.5500000000009,12851.302287929742,-102.54856130110302,29.999999999999996,30.00576741762828
38.5600000000009,12857.97209063638,-102.53732492220291,29.999999999999996,30.005862404835277
38.570000000000896,12864.643625289855,-102.52606936324197,29.999999999999996,30.005956543101053
38.580000000000894,12871.316891888539,-102.51479462140037,29.999999999999996,30.006049828290323
38.59000000000089,12877.991890430816,-102.50350069388416,29.999999999999996,30.00614225635257
38.60000000000089,12884.66862091509,-102.49218757792546,29.999999999999996,30.006233823322063
38.61000000000089,12891.347083339779,-102.48085527078253,29.999999999999996,30.006324525317805
38.620000000000886,12898.027277703311,-102.46950376973986,29.999999999999996,30.006414358543545
38.630000000000884,12904.709204004137,-102.45813307210837,29.999999999999996,30.006503319287695
38.64000000000088,12911.392862240717,-102.44674317522542,29.999999999999996,30.00659140392333
38.65000000000088,12918.078252411528,-102.43533407645499,29.999999999999996,30.006678608908107
38.66000000000088,12924.765374515064,-102.42390577318774,29.999999999999996,30.006764930784232
38.670000000000876,12931.454228549834,-102.41245826284114,29.999999999999996,30.00685036617839
38.680000000000874,12938.144814514362,-102.40099154285956,29.999999999999996,30.006934911801675
38.69000000000087,12944.837132407189,-102.38950561071435,29.999999999999996,30.00701856444952
38.70000000000087,12951.531182226867,-102.37800046390397,29.999999999999996,30.00710132100162
38.71000000000087,12958.226963971969,-102.36647609995404,29.999999999999996,30.00718317842183
38.720000000000866,12964.924477641081,-102.35493251641746,29.999999999999996,30.007264133758085
38.730000000000864,12971.623723232808,-102.3433697108745,29.999999999999996,30.0073441841423
38.74000000000086,12978.324700745765,-102.33178768093283,29.999999999999996,30.007423326790242
38.75000000000086,12985.027410178589,-102.32018642422769,29.999999999999996,30.007501559001447
38.76000000000086,12991.731851529928,-102.30856593842188,29.999999999999996,30.007578878159094
38.770000000000856,12998.43802479845,-102.29692622120592,29.999999999999996,30.007655281729857
38.780000000000854,13005.145929982837,-102.28526727029805,29.999999999999996,30.007730767263798
38.79000000000085,13011.855567081786,-102.27358908344435,29.999999999999996,30.007805332394216
38.80000000000085,13018.566936094012,-102.26189165841878,29.999999999999996,30.007878974837524
38.81000000000085,13025.280037018245,-102.25017499302325,29.999999999999996,30.00795169239308
38.820000000000846,13031.994869853233,-102.23843908508773,29.999999999999996,30.00802348294301
38.830000000000844,13038.711434597739,-102.22668393247025,29.999999999999996,30.00809434445211
38.84000000000084,13045.42973125054,-102.21490953305697,29.999999999999996,30.00816427496762
38.85000000000084,13052.149759810434,-102.20311588476227,29.999999999999996,30.008233272619066
38.86000000000084,13058.871520276232,-102.19130298552878,29.999999999999996,30.0083013356181
38.870000000000836,13065.595012646761,-102.17947083332743,29.999999999999996,30.00836846225829
38.880000000000834,13072.320236920867,-102.16761942615751,29.999999999999996,30.008434650914932
38.89000000000083,13079.047193097409,-102.15574876204671,29.999999999999996,30.008499900044875
38.90000000000083,13085.775881175266,-102.14385883905116,29.999999999999996,30.008564208186296
38.91000000000083,13092.506301153333,-102.13194965525548,29.999999999999996,30.008627573958496
38.920000000000826,13099.238453030517,-102.12002120877281,29.999999999999996,30.008689996061694
38.930000000000824,13105.972336805748,-102.10807349774487,29.999999999999996,30.008751473276792
38.94000000000082,13112.707952477966,-102.09610652034195,29.999999999999996,30.00881200446517
38.95000000000082,13119.445300046133,-102.08412027476298,29.999999999999996,30.008871588568436
38.96000000000082,13126.184379509225,-102.07211475923557,29.999999999999996,30.008930224608203
38.970000000000816,13132.925190866234,-102.06008997201599,29.999999999999996,30.008987911685846
38.980000000000814,13139.66773411617,-102.04804591138922,29.999999999999996,30.009044648982243
38.99000000000081,13146.41200925806,-102.035982575669,29.999999999999996,30.00910043575753
39.00000000000081,13153.158016290945,-102.02389996319778,29.999999999999996,30.009155271350856
39.01000000000081,13159.905755213886,-102.01179807234682,29.999999999999996,30.009209155180102
39.020000000000806,13166.655226025958,-101.99967690151614,29.999999999999996,30.009262086741618
39.030000000000804,13173.406428726254,-101.98753644913458,29.999999999999996,30.009314065609946
39.0400000000008,13180.159363313882,-101.97537671365976,29.999999999999996,30.009365091437555
39.0500000000008,13186.914029787968,-101.96319769357814,29.999999999999996,30.00941516395454
39.0600000000008,13193.670428147656,-101.95099938740498,29.999999999999996,30.009464282968334
39.070000000000796,13200.428558392103,-101.9387817936844,29.999999999999996,30.009512448363445
39.080000000000794,13207.188420520486,-101.9265449109893,29.999999999999996,30.0095596601011
39.09000000000079,13213.950014531998,-101.91428873792147,29.999999999999996,30.009605918219
39.10000000000079,13220.713340425847,-101.90201327311145,29.999999999999996,30.009651222830968
39.11000000000079,13227.47839820126,-101.88971851521865,29.999999999999996,30.009695574126663
39.120000000000786,13234.245187857478,-101.87740446293127,29.999999999999996,30.00973897237124
39.130000000000784,13241.01370939376,-101.8650711149663,29.999999999999996,30.009781417905053
39.14000000000078,13247.78396280938,-101.85271847006953,29.999999999999996,30.009822911143303
39.15000000000078,13254.555948103634,-101.84034652701551,29.999999999999996,30.0098634525757
39.16000000000078,13261.329665275829,-101.82795528460755,29.999999999999996,30.009903042766165
39.170000000000776,13268.105114325292,-101.8155447416777,29.999999999999996,30.009941682352448
39.180000000000774,13274.882295251362,-101.8031148970867,29.999999999999996,30.009979372045795
39.19000000000077,13281.6612080534,-101.79066574972401,29.999999999999996,30.010016112630606
39.20000000000077,13288.441852730779,-101.77819729850773,29.999999999999996,30.010051904964072
39.21000000000077,13295.224229282892,-101.7657095423846,29.999999999999996,30.010086749975798
39.220000000000766,13302.008337709147,-101.75320248032997,29.999999999999996,30.01012064866749
39.230000000000764,13308.794178008968,-101.74067611134777,29.999999999999996,30.010153602112517
39.24000000000076,13315.581750181796,-101.72813043447043,29.999999999999996,30.01018561145559
39.25000000000076,13322.371054227091,-101.71556544875894,29.999999999999996,30.01021667791238
39.26000000000076,13329.162090144326,-101.70298115330269,29.999999999999996,30.01024680276911
39.270000000000756,13335.95485793299,-101.69037754721954,29.999999999999996,30.010275987382187
39.280000000000754,13342.749357592591,-101.67775462965571,29.999999999999996,30.01030423317782
39.29000000000075,13349.545589122652,-101.66511239978574,29.999999999999996,30.01033154165162
39.30000000000075,13356.343552522712,-101.65245085681248,29.999999999999996,30.01035791436819
39.31000000000075,13363.143247792328,-101.63976999996699,29.999999999999996,30.010383352960748
39.320000000000746,13369.944674931072,-101.62706982850852,29.999999999999996,30.010407859130694
39.330000000000744,13376.74783393853,-101.61435034172447,29.999999999999996,30.010431434647234
39.34000000000074,13383.55272481431,-101.6016115389303,29.999999999999996,30.010454081346932
39.35000000000074,13390.359347558031,-101.58885341946949,29.999999999999996,30.010475801133328
39.36000000000074,13397.16770216933,-101.57607598271348,29.999999999999996,30.010496595976484
39.370000000000736,13403.97778864786,-101.56327922806159,29.999999999999996,30.01051646791259
39.380000000000734,13410.789606993292,-101.55046315494101,29.999999999999996,30.010535419043517
39.39000000000073,13417.603157205309,-101.53762776280666,29.999999999999996,30.010553451536403
39.40000000000073,13424.418439283612,-101.5247730511412,29.999999999999996,30.010570567623194
39.41000000000073,13431.23545322792,-101.51189901945486,29.999999999999996,30.010586769600227
39.42000000000073,13438.054199037966,-101.49900566728549,29.999999999999996,30.010602059827782
39.430000000000724,13444.874676713498,-101.4860929941984,29.999999999999996,30.010616440729642
39.44000000000072,13451.69688625428,-101.47316099978632,29.999999999999996,30.010629914792634
39.45000000000072,13458.520827660093,-101.46020968366929,29.999999999999996,30.010642484566194
39.46000000000072,13465.346500930735,-101.44723904549463,29.999999999999996,30.010654152661893
39.47000000000072,13472.173906066015,-101.43424908493682,29.999999999999996,30.01066492175299
39.480000000000715,13479.003043065763,-101.42123980169745,29.999999999999996,30.01067479457399
39.49000000000071,13485.83391192982,-101.40821119550509,29.999999999999996,30.010683773920142
39.50000000000071,13492.666512658046,-101.39516326611525,29.999999999999996,30.010691862646993
39.51000000000071,13499.500845250317,-101.38209601331026,29.999999999999996,30.01069906366992
39.52000000000071,13506.33690970652,-101.3690094368992,29.999999999999996,30.010705379963667
39.530000000000705,13513.174706026562,-101.35590353671782,29.999999999999996,30.01071081456184
39.5400000000007,13520.014234210363,-101.34277831262838,29.999999999999996,30.010715370556458
39.5500000000007,13526.855494257858,-101.32963376451964,29.999999999999996,30.010719051097453
39.5600000000007,13533.698486168998,-101.31646989230671,29.999999999999996,30.010721859392195
39.5700000000007,13540.543209943751,-101.30328669593099,29.999999999999996,30.01072379870501
39.580000000000695,13547.389665582097,-101.29008417536001,29.999999999999996,30.010724872356672
39.59000000000069,13554.237853084032,-101.27686233058738,29.999999999999996,30.010725083723937
39.60000000000069,13561.087772449568,-101.26362116163267,29.999999999999996,30.010724436239038
39.61000000000069,13567.93942367873,-101.25036066854132,29.999999999999996,30.01072293338918
39.62000000000069,13574.79280677156,-101.23708085138449,29.999999999999996,30.010720578716047
39.630000000000685,13581.647921728114,-101.223781710259,29.999999999999996,30.01071737581531
39.64000000000068,13588.504768548462,-101.2104632452872,29.999999999999996,30.010713328336113
39.65000000000068,13595.363347232691,-101.19712545661683,29.999999999999996,30.010708439980565
39.66000000000068,13602.223657780898,-101.18376834442097,29.999999999999996,30.010702714503243
39.67000000000068,13609.0857001932,-101.17039190889786,29.999999999999996,30.010696155710672
39.680000000000675,13615.949474469726,-101.15699615027083,29.999999999999996,30.01068876746081
39.69000000000067,13622.814980610618,-101.14358106878815,29.999999999999996,30.01068055366255
39.70000000000067,13629.682218616033,-101.13014666472293,29.999999999999996,30.010671518275192
39.71000000000067,13636.551188486146,-101.11669293837299,29.999999999999996,30.01066166530792
39.72000000000067,13643.421890221141,-101.10321989006076,29.999999999999996,30.010650998819298
39.730000000000665,13650.29432382122,-101.0897275201331,29.999999999999996,30.01063952291672
39.74000000000066,13657.168489286594,-101.07621582896124,29.999999999999996,30.010627241755916
39.75000000000066,13664.044386617496,-101.06268481694062,29.999999999999996,30.010614159540417
39.76000000000066,13670.922015814165,-101.04913448449074,29.999999999999996,30.010600280521015
39.77000000000066,13677.80137687686,-101.03556483205507,29.999999999999996,30.010585608995253
39.780000000000655,13684.682469805848,-101.02197586010094,29.999999999999996,30.01057014930687
39.79000000000065,13691.565294601414,-101.0083675691193,29.999999999999996,30.010553905845303
39.80000000000065,13698.449851263855,-100.99473995962471,29.999999999999996,30.01053688304511
39.81000000000065,13705.33613979348,-100.98109303215514,29.999999999999996,30.01051908538548
39.82000000000065,13712.224160190617,-100.96742678727183,29.999999999999996,30.010500517389648
39.830000000000645,13719.113912455601,-100.95374122555918,29.999999999999996,30.01048118362441
39.84000000000064,13726.005396588784,-100.94003634762461,29.999999999999996,30.010461088699547
39.85000000000064,13732.898612590529,-100.92631215409838,29.999999999999996,30.010440237267286
39.86000000000064,13739.793560461212,-100.91256864563348,29.999999999999996,30.01041863402177
39.87000000000064,13746.690240201226,-100.89880582290552,29.999999999999996,30.010396283698515
39.880000000000635,13753.588651810973,-100.88502368661247,29.999999999999996,30.01037319107386
39.89000000000063,13760.488795290868,-100.87122223747467,29.999999999999996,30.010349360964415
39.90000000000063,13767.390670641342,-100.85740147623457,29.999999999999996,30.010324798226538
39.91000000000063,13774.294277862835,-100.84356140365662,29.999999999999996,30.01029950775575
39.92000000000063,13781.1996169558,-100.82970202052712,29.999999999999996,30.01027349448622
39.930000000000625,13788.106687920706,-100.81582332765406,29.999999999999996,30.01024676339021
39.94000000000062,13795.01549075803,-100.80192532586699,29.999999999999996,30.010219319477518
39.95000000000062,13801.926025468267,-100.78800801601685,29.999999999999996,30.010191167794915
39.96000000000062,13808.838292051916,-100.7740713989758,29.999999999999996,30.010162313425617
39.97000000000062,13815.752290509497,-100.76011547563714,29.999999999999996,30.010132761488723
39.980000000000615,13822.668020841536,-100.74614024691502,29.999999999999996,30.010102517138662
39.99000000000061,13829.585483048573,-100.73214571374443,29.999999999999996,30.01007158556463
40.00000000000061,13836.50467713116,-100.71813187708095,29.999999999999996,30.010039971990047
40.01000000000061,13843.425603089863,-100.70409873790061,29.999999999999996,30.010007681672
40.02000000000061,13850.348260925255,-100.69004629719976,29.999999999999996,30.009974719900693
40.030000000000605,13857.272650637924,-100.67597455599484,29.999999999999996,30.00994109199888
40.0400000000006,13864.198772228468,-100.66188351532232,29.999999999999996,30.009906803321314
40.0500000000006,13871.126625697498,-100.64777317623845,29.999999999999996,30.009871859254197
40.0600000000006,13878.056211045634,-100.63364353981912,29.999999999999996,30.009836265214602
40.0700000000006,13884.98752827351,-100.61949460715971,29.999999999999996,30.009800026649952
40.080000000000595,13891.920577381768,-100.60532637937493,29.999999999999996,30.00976314903743
40.09000000000059,13898.855358371065,-100.59113885759864,29.999999999999996,30.00972563788343
40.10000000000059,13905.791871242067,-100.57693204298364,29.999999999999996,30.00968749872302
40.11000000000059,13912.73011599545,-100.56270593670162,29.999999999999996,30.009648737119353
40.12000000000059,13919.670092631899,-100.54846053994285,29.999999999999996,30.009609358663127
40.130000000000585,13926.611801152116,-100.5341958539161,29.999999999999996,30.009569368972038
40.14000000000058,13933.555241556807,-100.51991187984846,29.999999999999996,30.009528773690192
40.15000000000058,13940.500413846694,-100.50560861898514,29.999999999999996,30.00948757848758
40.16000000000058,13947.447318022503,-100.49128607258929,29.999999999999996,30.009445789059495
40.17000000000058,13954.395954084977,-100.4769442419419,29.999999999999996,30.009403411126
40.180000000000575,13961.346322034866,-100.46258312834154,29.999999999999996,30.00936045043135
40.19000000000057,13968.298421872927,-100.44820273310422,29.999999999999996,30.00931691274344
40.20000000000057,13975.252253599932,-100.43380305756325,29.999999999999996,30.00927280385327
40.21000000000057,13982.207817216662,-100.41938410306899,29.999999999999996,30.009228129574346
40.22000000000057,13989.165112723906,-100.40494587098873,29.999999999999996,30.00918289574217
40.230000000000565,13996.124140122462,-100.39048836270649,29.999999999999996,30.00913710821367
40.24000000000056,14003.08489941314,-100.37601157962288,29.999999999999996,30.009090772866625
40.25000000000056,14010.047390596757,-100.36151552315486,29.999999999999996,30.00904389559914
40.26000000000056,14017.011613674144,-100.34700019473561,29.999999999999996,30.008996482329078
40.27000000000056,14023.977568646134,-100.33246559581431,29.999999999999996,30.00894853899351
40.280000000000555,14030.945255513576,-100.31791172785601,29.999999999999996,30.00890007154816
40.29000000000055,14037.914674277325,-100.30333859234142,29.999999999999996,30.00885108596687
40.30000000000055,14044.885824938243,-100.2887461907667,29.999999999999996,30.008801588241028
40.31000000000055,14051.858707497206,-100.27413452464334,29.999999999999996,30.00875158437903
40.32000000000055,14058.833321955093,-100.25950359549795,29.999999999999996,30.008701080405732
40.330000000000545,14065.809668312795,-100.24485340487205,29.999999999999996,30.008650082361893
40.34000000000054,14072.787746571212,-100.23018395432194,29.999999999999996,30.008598596303635
40.35000000000054,14079.76755673125,-100.21549524541848,29.999999999999996,30.00854662830191
40.36000000000054,14086.749098793825,-100.2007872797469,29.999999999999996,30.008494184441926
40.37000000000054,14093.732372759861,-100.18606005890665,29.999999999999996,30.00844127082263
40.380000000000535,14100.71737863029,-100.17131358451118,29.999999999999996,30.008387893556144
40.39000000000053,14107.704116406052,-100.15654785818778,29.999999999999996,30.008334058767243
40.40000000000053,14114.692586088093,-100.14176288157738,29.999999999999996,30.008279772592793
40.41000000000053,14121.68278767737,-100.12695865633438,29.999999999999996,30.00822504118123
40.42000000000053,14128.674721174846,-100.11213518412644,29.999999999999996,30.008169870692026
40.430000000000526,14135.668386581492,-100.09729246663433,29.999999999999996,30.008114267295113
40.44000000000052,14142.663783898286,-100.08243050555167,29.999999999999996,30.00805823717041
40.45000000000052,14149.660913126212,-100.06754930258485,29.999999999999996,30.00800178650723
40.46000000000052,14156.659774266263,-100.05264885945275,29.999999999999996,30.007944921503785
40.47000000000052,14163.660367319442,-100.03772917788659,29.999999999999996,30.007887648366633
40.480000000000516,14170.662692286753,-100.02279025962977,29.999999999999996,30.00782997331016
40.490000000000514,14177.66674916921,-100.00783210643762,29.999999999999996,30.007771902556048
40.50000000000051,14184.672537967834,-99.99285472007725,29.999999999999996,30.007713442332747
40.51000000000051,14191.68005868365,-99.97785810232736,29.999999999999996,30.007654598874957
40.52000000000051,14198.689311317698,-99.96284225497806,29.999999999999996,30.007595378423087
40.530000000000506,14205.70029587101,-99.94780717983063,29.999999999999996,30.00753578722275
40.540000000000504,14212.71301234464,-99.93275287869741,29.999999999999996,30.007475831524236
40.5500000000005,14219.727460739638,-99.91767935340155,29.999999999999996,30.007415517581993
40.5600000000005,14226.74364105706,-99.90258660577685,29.999999999999996,30.00735485165411
40.5700000000005,14233.761553297976,-99.88747463766754,29.999999999999996,30.00729384000181
40.580000000000496,14240.781197463455,-99.87234345092813,29.999999999999996,30.007232488888917
40.590000000000494,14247.802573554574,-99.85719304742321,29.999999999999996,30.007170804581364
40.60000000000049,14254.825681572416,-99.84202342902724,29.999999999999996,30.007108793346674
40.61000000000049,14261.850521518068,-99.82683459762437,29.999999999999996,30.007046461453456
40.62000000000049,14268.877093392624,-99.81162655510828,29.999999999999996,30.006983815170898
40.630000000000486,14275.905397197183,-99.79639930338193,29.999999999999996,30.006920860768254
40.640000000000484,14282.935432932849,-99.78115284435744,29.999999999999996,30.00685760451436
40.65000000000048,14289.967200600731,-99.76588717995583,29.999999999999996,30.006794052677115
40.66000000000048,14297.000700201947,-99.75060231210689,29.999999999999996,30.00673021152301
40.67000000000048,14304.035931737611,-99.73529824274898,29.999999999999996,30.006666087316603
40.680000000000476,14311.072895208852,-99.7199749738288,29.999999999999996,30.006601686320028
40.690000000000474,14318.111590616796,-99.70463250730124,29.999999999999996,30.00653701479254
40.70000000000047,14325.152017962577,-99.68927084512919,29.999999999999996,30.006472078989976
40.71000000000047,14332.194177247333,-99.67388998928331,29.999999999999996,30.006406885164306
40.72000000000047,14339.238068472208,-99.6584899417419,29.999999999999996,30.006341439563123
40.730000000000466,14346.283691638348,-99.6430707044907,29.999999999999996,30.00627574842918
40.740000000000464,14353.331046746902,-99.62763227952263,29.999999999999996,30.0062098179999
40.75000000000046,14360.380133799028,-99.6121746688377,29.999999999999996,30.006143654506896
40.76000000000046,14367.430952795883,-99.59669787444275,29.999999999999996,30.006077264175506
40.77000000000046,14374.483503738631,-99.58120189835134,29.999999999999996,30.0060106532243
40.780000000000456,14381.537786628438,-99.56568674258345,29.999999999999996,30.005943827864648
40.790000000000454,14388.593801466473,-99.55015240916539,29.999999999999996,30.005876794300207
40.80000000000045,14395.651548253913,-99.53459890012958,29.999999999999996,30.005809558726472
40.81000000000045,14402.71102699193,-99.51902621751434,29.999999999999996,30.005742127330336
40.82000000000045,14409.77223768171,-99.50343436336374,29.999999999999996,30.005674506289605
40.830000000000446,14416.835180324431,-99.48782333972738,29.999999999999996,30.00560670177253
40.840000000000444,14423.899854921285,-99.47219314866027,29.999999999999996,30.00553871993738
40.85000000000044,14430.966261473457,-99.45654379222252,29.999999999999996,30.005470566931976
40.86000000000044,14438.034399982143,-99.44087527247929,29.999999999999996,30.005402248893233
40.87000000000044,14445.104270448537,-99.42518759150053,29.999999999999996,30.005333771946745
40.880000000000436,14452.175872873837,-99.4094807513608,29.999999999999996,30.00526514220628
40.890000000000434,14459.249207259243,-99.3937547541391,29.999999999999996,30.005196365773404
40.90000000000043,14466.32427360596,-99.37800960191868,29.999999999999996,30.005127448736996
40.91000000000043,14473.401071915192,-99.36224529678687,29.999999999999996,30.00505839717283
40.92000000000043,14480.479602188147,-99.34646184083486,29.999999999999996,30.00498921714315
40.930000000000426,14487.559864426034,-99.33065923615757,29.999999999999996,30.00491991469622
40.940000000000424,14494.641858630064,-99.31483748485343,29.999999999999996,30.0048504958659
40.95000000000042,14501.725584801454,-99.2989965890242,29.999999999999996,30.00478096667123
40.96000000000042,14508.811042941417,-99.2831365507748,29.999999999999996,30.00471133311601
40.97000000000042,14515.89823305117,-99.26725737221312,29.999999999999996,30.00464160118836
40.980000000000416,14522.987155131932,-99.25135905544987,29.999999999999996,30.00457177686032
40.990000000000414,14530.077809184924,-99.23544160259834,29.999999999999996,30.004501866087445
41.00000000000041,14537.170195211369,-99.21950501577427,29.999999999999996,30.00443187480838
41.01000000000041,14544.264313212489,-99.20354929709566,29.999999999999996,30.00436180894444
41.02000000000041,14551.360163189507,-99.18757444868258,29.999999999999996,30.004291674399248
41.030000000000406,14558.457745143649,-99.17158047265701,29.999999999999996,30.00422147705828
41.040000000000404,14565.557059076142,-99.15556737114265,29.999999999999996,30.004151222788515
41.0500000000004,14572.658104988212,-99.13953514626473,29.999999999999996,30.004080917438007
41.0600000000004,14579.760882881088,-99.12348380014987,29.999999999999996,30.0040105668355
41.0700000000004,14586.865392755999,-99.10741333492587,29.999999999999996,30.003940176790056
41.080000000000396,14593.971634614172,-99.09132375272155,29.999999999999996,30.003869753090655
41.090000000000394,14601.07960845684,-99.07521505566659,29.999999999999996,30.0037993015058
41.10000000000039,14608.18931428523,-99.05908724589132,29.999999999999996,30.00372882778317
41.11000000000039,14615.300752100575,-99.04294032552659,29.999999999999996,30.003658337649203
41.12000000000039,14622.413921904104,-99.02677429670355,29.999999999999996,30.00358783680876
41.130000000000386,14629.52882369705,-99.01058916155351,29.999999999999996,30.003517330944735
41.140000000000384,14636.645457480641,-98.99438492220779,29.999999999999996,30.003446825717692
41.15000000000038,14643.76382325611,-98.97816158079746,29.999999999999996,30.003376326765494
41.16000000000038,14650.883921024684,-98.96191913945331,29.999999999999996,30.003305839702968
41.17000000000038,14658.005750787595,-98.94565760030555,29.999999999999996,30.003235370121516
41.180000000000376,14665.129312546074,-98.92937696548371,29.999999999999996,30.003164923588777
41.190000000000374,14672.254606301349,-98.91307723711645,29.999999999999996,30.003094505648285
41.20000000000037,14679.381632054647,-98.89675841733141,29.999999999999996,30.003024121819102
41.21000000000037,14686.510389807197,-98.88042050825504,29.999999999999996,30.00295377759549
41.22000000000037,14693.640879560227,-98.86406351201241,29.999999999999996,30.002883478446563
41.230000000000366,14700.773101314962,-98.84768743072708,29.999999999999996,30.00281322981596
41.240000000000364,14707.907055072628,-98.8312922665209,29.999999999999996,30.00274303712149
41.25000000000036,14715.042740834448,-98.81487802151392,29.999999999999996,30.002672905754835
41.26000000000036,14722.180158601645,-98.7984446978241,29.999999999999996,30.002602841081185
41.27000000000036,14729.319308375441,-98.78199229756727,29.999999999999996,30.002532848438936
41.280000000000356,14736.460190157059,-98.76552082285693,29.999999999999996,30.002462933139388
41.290000000000354,14743.602803947713,-98.74903027580406,29.999999999999996,30.00239310046638
41.30000000000035,14750.747149748624,-98.73252065851699,29.999999999999996,30.002323355676033
41.31000000000035,14757.893227561006,-98.71599197310125,29.999999999999996,30.00225370399639
41.32000000000035,14765.041037386074,-98.69944422165939,29.999999999999996,30.002184150627148
41.33000000000035,14772.19057922504,-98.68287740629083,29.999999999999996,30.002114700739327
41.340000000000344,14779.341853079115,-98.66629152909171,29.999999999999996,30.002045359475005
41.35000000000034,14786.494858949505,-98.64968659215474,29.999999999999996,30.00197613194698
41.36000000000034,14793.649596837418,-98.63306259756902,29.999999999999996,30.001907023238505
41.37000000000034,14800.806066744059,-98.61641954741994,29.999999999999996,30.00183803840301
41.38000000000034,14807.964268670628,-98.59975744378897,29.999999999999996,30.001769182463786
41.390000000000335,14815.124202618326,-98.58307628875355,29.999999999999996,30.00170046041372
41.40000000000033,14822.28586858835,-98.56637608438689,29.999999999999996,30.001631877215026
41.41000000000033,14829.449266581893,-98.5496568327579,29.999999999999996,30.001563437798946
41.42000000000033,14836.614396600147,-98.53291853593097,29.999999999999996,30.00149514706551
41.43000000000033,14843.781258644303,-98.51616119596586,29.999999999999996,30.00142700988324
41.440000000000325,14850.949852715547,-98.49938481491753,29.999999999999996,30.001359031088906
41.45000000000032,14858.120178815061,-98.48258939483603,29.999999999999996,30.001291215487264
41.46000000000032,14865.292236944028,-98.46577493776631,29.999999999999996,30.001223567850786
41.47000000000032,14872.466027103623,-98.44894144574812,29.999999999999996,30.00115609291943
41.48000000000032,14879.641549295022,-98.43208892081583,29.999999999999996,30.001088795400367
41.490000000000315,14886.818803519398,-98.41521736499833,29.999999999999996,30.001021679967746
41.50000000000031,14893.997789777917,-98.39832678031884,29.999999999999996,30.00095475126246
41.51000000000031,14901.178508071745,-98.38141716879483,29.999999999999996,30.000888013891892
41.52000000000031,14908.360958402043,-98.36448853243782,29.999999999999996,30.000821472429696
41.53000000000031,14915.54514076997,-98.34754087325328,29.999999999999996,30.000755131415552
41.540000000000305,14922.731055176677,-98.3305741932405,29.999999999999996,30.000688995354952
41.5500000000003,14929.918701623317,-98.3135884943924,29.999999999999996,30.00062306871897
41.5600000000003,14937.108080111038,-98.29658377869549,29.999999999999996,30.00055735594403
41.5700000000003,14944.299190640982,-98.27956004812965,29.999999999999996,30.000491861431716
41.5800000000003,14951.492033214288,-98.26251730466804,29.999999999999996,30.000426589548535
41.590000000000295,14958.68660783209,-98.24545555027696,29.999999999999996,30.000361544625722
41.60000000000029,14965.882914495522,-98.22837478691572,29.999999999999996,30.000296730959032
41.61000000000029,14973.080953205708,-98.21127501653652,29.999999999999996,30.000232152808533
41.62000000000029,14980.280723963773,-98.19415624108429,29.999999999999996,30.000167814398413
41.63000000000029,14987.482226770837,-98.1770184624966,29.999999999999996,30.000103719916783
41.640000000000285,14994.685461628012,-98.15986168270355,29.999999999999996,30.000039873515483
41.65000000000028,15001.89042853641,-98.14268590362757,29.999999999999996,29.999976279309905
41.66000000000028,15009.097127497133,-98.12549112718337,29.999999999999996,29.999912941378806
41.67000000000028,15016.305558511283,-98.10827735527779,29.999999999999996,29.999849863764123
41.68000000000028,15023.515721579959,-98.09104458980968,29.999999999999996,29.9997870504708
41.690000000000275,15030.727616704251,-98.07379283266978,29.999999999999996,29.999724505466606
41.70000000000027,15037.941243885245,-98.0565220857406,29.999999999999996,29.99966223268199
41.71000000000027,15045.156603124024,-98.0392323508963,29.999999999999996,29.999600236009904
41.72000000000027,15052.373694421663,-98.02192363000259,29.999999999999996,29.999538519305624
41.73000000000027,15059.592517779238,-98.0045959249166,29.999999999999996,29.999477086386616
41.740000000000265,15066.813073197814,-97.98724923748675,29.999999999999996,29.999415941032375
41.75000000000026,15074.035360678454,-97.96988356955268,29.999999999999996,29.999355086984263
41.76000000000026,15081.259380222213,-97.9524989229451,29.999999999999996,29.99929452794539
41.77000000000026,15088.485131830144,-97.9350952994857,29.999999999999996,29.999234267580437
41.78000000000026,15095.712615503295,-97.91767270098701,29.999999999999996,29.999174309515535
41.790000000000255,15102.941831242704,-97.90023112925235,29.999999999999996,29.99911465733813
41.80000000000025,15110.17277904941,-97.88277058607564,29.999999999999996,29.999055314596852
41.81000000000025,15117.405458924439,-97.86529107324138,29.999999999999996,29.99899628480137
41.82000000000025,15124.63987086882,-97.8477925925245,29.999999999999996,29.99893757142228
41.83000000000025,15131.876014883568,-97.83027514569025,29.999999999999996,29.998879177891
41.840000000000245,15139.1138909697,-97.81273873449412,29.999999999999996,29.998821107599607
41.85000000000024,15146.353499128223,-97.79518336068172,29.999999999999996,29.99876336390078
41.86000000000024,15153.59483936014,-97.7776090259887,29.999999999999996,29.998705950107627
41.87000000000024,15160.837911666444,-97.7600157321406,29.999999999999996,29.998648869493643
41.88000000000024,15168.082716048128,-97.74240348085286,29.999999999999996,29.998592125292554
41.890000000000235,15175.329252506175,-97.72477227383058,29.999999999999996,29.998535720698246
41.90000000000023,15182.577521041563,-97.70712211276856,29.999999999999996,29.998479658864664
41.91000000000023,15189.827521655267,-97.6894529993511,29.999999999999996,29.998423942905703
41.92000000000023,15197.07925434825,-97.67176493525199,29.999999999999996,29.99836857589515
41.93000000000023,15204.332719121474,-97.65405792213434,29.999999999999996,29.998313560866563
41.940000000000225,15211.587915975893,-97.63633196165057,29.999999999999996,29.998258900813223
41.95000000000022,15218.844844912455,-97.61858705544225,29.999999999999996,29.99820459868803
41.96000000000022,15226.1035059321,-97.60082320514005,29.999999999999996,29.998150657403443
41.97000000000022,15233.363899035765,-97.58304041236366,29.999999999999996,29.998097079831407
41.98000000000022,15240.626024224377,-97.56523867872168,29.999999999999996,29.99804386880327
41.990000000000215,15247.889881498859,-97.54741800581155,29.999999999999996,29.997991027109737
42.00000000000021,15255.155470860125,-97.52957839521945,29.999999999999996,29.99793855750081
42.01000000000021,15262.422792309086,-97.51171984852023,29.999999999999996,29.99788646268572
42.02000000000021,15269.691845846644,-97.49384236727735,29.999999999999996,29.997834745332877
42.03000000000021,15276.962631473696,-97.47594595304278,29.999999999999996,29.997783408069818
42.040000000000205,15284.23514919113,-97.4580306073569,29.999999999999996,29.997732453483167
42.0500000000002,15291.50939899983,-97.44009633174845,29.999999999999996,29.99768188411858
42.0600000000002,15298.785380900668,-97.42214312773447,29.999999999999996,29.997631702480724
42.0700000000002,15306.063094894516,-97.40417099682018,29.999999999999996,29.997581911033215
42.0800000000002,15313.342540982238,-97.38617994049895,29.999999999999996,29.99753251219862
42.090000000000195,15320.623719164685,-97.3681699602522,29.999999999999996,29.997483508358386
42.10000000000019,15327.906629442708,-97.35014105754934,29.999999999999996,29.99743490185284
42.11000000000019,15335.191271817148,-97.3320932338477,29.999999999999996,29.997386694981177
42.12000000000019,15342.477646288839,-97.31402649059247,29.999999999999996,29.997338890001398
42.13000000000019,15349.765752858606,-97.2959408292166,29.999999999999996,29.99729148913034
42.140000000000185,15357.055591527273,-97.2778362511408,29.999999999999996,29.997244494543637
42.15000000000018,15364.34716229565,-97.25971275777339,29.999999999999996,29.997197908375714
42.16000000000018,15371.640465164544,-97.2415703505103,29.999999999999996,29.997151732719793
42.17000000000018,15378.935500134756,-97.223409030735,29.999999999999996,29.997105969627878
42.18000000000018,15386.232267207073,-97.20522879981841,29.999999999999996,29.997060621110762
42.190000000000175,15393.530766382282,-97.18702965911886,29.999999999999996,29.997015689138024
42.20000000000017,15400.83099766116,-97.16881160998204,29.999999999999996,29.996971175638045
42.21000000000017,15408.132961044475,-97.15057465374092,29.999999999999996,29.99692708249802
42.22000000000017,15415.43665653299,-97.13231879171572,29.999999999999996,29.99688341156395
42.23000000000017,15422.742084127458,-97.11404402521383,29.999999999999996,29.99684016464069
42.240000000000165,15430.04924382863,-97.09575035552977,29.999999999999996,29.996797343491952
42.25000000000016,15437.358135637242,-97.07743778394514,29.999999999999996,29.996754949840334
42.26000000000016,15444.668759554028,-97.05910631172858,29.999999999999996,29.996712985367335
42.27000000000016,15451.981115579712,-97.0407559401357,29.999999999999996,29.996671451713397
42.28000000000016,15459.295203715013,-97.022386670409,29.999999999999996,29.996630350477933
42.290000000000155,15466.61102396064,-97.00399850377792,29.999999999999996,29.996589683219376
42.30000000000015,15473.928576317296,-96.9855914414587,29.999999999999996,29.99654945145519
42.31000000000015,15481.247860785672,-96.96716548465437,29.999999999999996,29.996509656661956
42.32000000000015,15488.568877366459,-96.94872063455473,29.999999999999996,29.996470300275355
42.33000000000015,15495.891626060333,-96.93025689233626,29.999999999999996,29.99643138369028
42.340000000000146,15503.216106867967,-96.91177425916212,29.999999999999996,29.996392908260848
42.35000000000014,15510.542319790025,-96.89327273618207,29.999999999999996,29.996354875300476
42.36000000000014,15517.870264827163,-96.8747523245325,29.999999999999996,29.99631728608192
42.37000000000014,15525.199941980027,-96.8562130253363,29.999999999999996,29.996280141837353
42.38000000000014,15532.53135124926,-96.83765483970292,29.999999999999996,29.996243443758416
42.390000000000136,15539.864492635494,-96.81907776872823,29.999999999999996,29.996207192996295
42.400000000000134,15547.199366139354,-96.8004818134946,29.999999999999996,29.99617139066178
42.41000000000013,15554.535971761456,-96.78186697507078,29.999999999999996,29.996136037825348
42.42000000000013,15561.87430950241,-96.76323325451192,29.999999999999996,29.99610113551724
42.43000000000013,15569.214379362815,-96.74458065285948,29.999999999999996,29.996066684727523
42.440000000000126,15576.556181343267,-96.7259091711413,29.999999999999996,29.99603268640619
42.450000000000124,15583.899715444351,-96.70721881037146,29.999999999999996,29.995999141463226
42.46000000000012,15591.244981666645,-96.68850957155034,29.999999999999996,29.995966050768722
42.47000000000012,15598.591980010717,-96.66978145566455,29.999999999999996,29.995933415152926
42.48000000000012,15605.940710477127,-96.65103446368693,29.999999999999996,29.995901235406386
42.490000000000116,15613.291173066433,-96.63226859657651,29.999999999999996,29.995869512280002
42.500000000000114,15620.643367779177,-96.61348385527849,29.999999999999996,29.995838246485135
42.51000000000011,15627.997294615898,-96.59468024072423,29.999999999999996,29.99580743869373
42.52000000000011,15635.352953577125,-96.57585775383123,29.999999999999996,29.995777089538393
42.53000000000011,15642.710344663381,-96.5570163955031,29.999999999999996,29.99574719961252
42.540000000000106,15650.069467875179,-96.53815616662953,29.999999999999996,29.99571776947038
42.550000000000104,15657.430323213024,-96.51927706808635,29.999999999999996,29.99568879962725
42.5600000000001,15664.792910677414,-96.5003791007354,29.999999999999996,29.99566029055952
42.5700000000001,15672.157230268838,-96.48146226542461,29.999999999999996,29.995632242704822
42.5800000000001,15679.523281987778,-96.46252656298796,29.999999999999996,29.995604656462124
42.590000000000096,15686.891065834707,-96.44357199424545,29.999999999999996,29.99557753219188
42.600000000000094,15694.26058181009,-96.42459856000309,29.999999999999996,29.99555087021614
42.61000000000009,15701.631829914384,-96.40560626105294,29.999999999999996,29.995524670818686
42.62000000000009,15709.004810148039,-96.38659509817303,29.999999999999996,29.995498934245155
42.63000000000009,15716.379522511495,-96.36756507212745,29.999999999999996,29.99547366070318
42.640000000000086,15723.755967005187,-96.34851618366622,29.999999999999996,29.995448850362514
42.650000000000084,15731.134143629539,-96.32944843352539,29.999999999999996,29.995424503355185
42.66000000000008,15738.514052384966,-96.310361822427,29.999999999999996,29.995400619775616
42.67000000000008,15745.895693271877,-96.29125635107907,29.999999999999996,29.99537719968078
42.68000000000008,15753.279066290675,-96.2721320201756,29.999999999999996,29.995354243090354
42.690000000000076,15760.664171441751,-96.2529888303966,29.999999999999996,29.99533174998684
42.700000000000074,15768.05100872549,-96.23382678240806,29.999999999999996,29.99530972031574
42.71000000000007,15775.439578142268,-96.21464587686195,29.999999999999996,29.9952881539857
42.72000000000007,15782.829879692454,-96.19544611439626,29.999999999999996,29.995267050868662
42.73000000000007,15790.221913376407,-96.17622749563496,29.999999999999996,29.995246410800025
42.740000000000066,15797.615679194478,-96.15699002118805,29.999999999999996,29.995226233578798
42.750000000000064,15805.011177147013,-96.13773369165152,29.999999999999996,29.995206518967766
42.76000000000006,15812.408407234348,-96.11845850760739,29.999999999999996,29.995187266693662
42.77000000000006,15819.80736945681,-96.09916446962372,29.999999999999996,29.995168476447322
42.78000000000006,15827.20806381472,-96.0798515782546,29.999999999999996,29.995150147883844
42.790000000000056,15834.610490308389,-96.0605198340402,29.999999999999996,29.9951322806228
42.800000000000054,15842.01464893812,-96.04116923750675,29.999999999999996,29.995114874248344
42.81000000000005,15849.42053970421,-96.02179978916652,29.999999999999996,29.99509792830945
42.82000000000005,15856.828162606946,-96.00241148951793,29.999999999999996,29.995081442320046
42.83000000000005,15864.237517646608,-95.98300433904546,29.999999999999996,29.995065415759207
42.840000000000046,15871.648604823467,-95.96357833821978,29.999999999999996,29.995049848071357
42.850000000000044,15879.061424137788,-95.94413348749764,29.999999999999996,29.995034738666412
42.86000000000004,15886.475975589825,-95.924669787322,29.999999999999996,29.995020086919993
42.87000000000004,15893.892259179827,-95.905187238122,29.999999999999996,29.99500589217361
42.88000000000004,15901.310274908034,-95.88568584031295,29.999999999999996,29.99499215373483
42.890000000000036,15908.730022774676,-95.86616559429642,29.999999999999996,29.99497887087751
42.900000000000034,15916.15150277998,-95.84662650046022,29.999999999999996,29.994966042841956
42.91000000000003,15923.574714924158,-95.82706855917843,29.999999999999996,29.994953668835105
42.92000000000003,15930.99965920742,-95.80749177081144,29.999999999999996,29.994941748030783
42.93000000000003,15938.426335629967,-95.78789613570596,29.999999999999996,29.99493027956983
42.940000000000026,15945.85474419199,-95.76828165419506,29.999999999999996,29.99491926256036
42.950000000000024,15953.284884893676,-95.74864832659817,29.999999999999996,29.994908696077918
42.96000000000002,15960.716757735197,-95.72899615322113,29.999999999999996,29.99489857916572
42.97000000000002,15968.150362716724,-95.70932513435625,29.999999999999996,29.994888910834838
42.98000000000002,15975.585699838419,-95.68963527028227,29.999999999999996,29.99487969006442
42.990000000000016,15983.022769100433,-95.66992656126446,29.999999999999996,29.994870915801872
43.000000000000014,15990.461570502912,-95.65019900755462,29.999999999999996,29.99486258696311
43.01000000000001,15997.902104045994,-95.6304526093911,29.999999999999996,29.994854702432747
43.02000000000001,16005.34436972981,-95.61068736699886,29.999999999999996,29.994847261064308
43.03000000000001,16012.78836755448,-95.59090328058952,29.999999999999996,29.994840261680462
43.040000000000006,16020.23409752012,-95.57110035036133,29.999999999999996,29.994833703073216
43.050000000000004,16027.681559626837,-95.55127857649931,29.999999999999996,29.994827584004152
43.06,16035.130753874728,-95.53143795917518,29.999999999999996,29.994821903204645
43.07,16042.581680263886,-95.51157849854748,29.999999999999996,29.994816659376077
43.08,16050.034338794394,-95.49170019476156,29.999999999999996,29.994811851190075
43.089999999999996,16057.48872946633,-95.47180304794965,29.999999999999996,29.99480747728872
43.099999999999994,16064.944852279761,-95.4518870582309,29.999999999999996,29.99480353628479
43.10999999999999,16072.40270723475,-95.4319522257114,29.999999999999996,29.994800026761972
43.11999999999999,16079.862294331351,-95.41199855048426,29.999999999999996,29.994796947275102
43.12999999999999,16087.323613569608,-95.3920260326296,29.999999999999996,29.9947942963504
43.139999999999986,16094.78666494956,-95.37203467221467,29.999999999999996,29.99479207248569
43.149999999999984,16102.251448471241,-95.35202446929382,29.999999999999996,29.994790274150642
43.15999999999998,16109.717964134672,-95.33199542390862,29.999999999999996,29.994788899786997
43.16999999999998,16117.18621193987,-95.31194753608784,29.999999999999996,29.994787947808828
43.17999999999998,16124.656191886846,-95.29188080584754,29.999999999999996,29.994787416602744
43.189999999999976,16132.127903975603,-95.27179523319111,29.999999999999996,29.994787304528156
43.199999999999974,16139.601348206132,-95.25169081810931,29.999999999999996,29.994787609917505
43.20999999999997,16147.076524578422,-95.23156756058034,29.999999999999996,29.994788331076506
43.21999999999997,16154.553433092455,-95.2114254605699,29.999999999999996,29.994789466284384
43.22999999999997,16162.032073748202,-95.19126451803118,29.999999999999996,29.994791013794128
43.23999999999997,16169.512446545628,-95.17108473290499,29.999999999999996,29.994792971832727
43.249999999999964,16176.994551484693,-95.15088610511978,29.999999999999996,29.994795338601428
43.25999999999996,16184.478388565349,-95.13066863459171,29.999999999999996,29.99479811227596
43.26999999999996,16191.963957787539,-95.11043232122468,29.999999999999996,29.994801291006816
43.27999999999996,16199.451259151201,-95.09017716491039,29.999999999999996,29.994804872919467
43.28999999999996,16206.940292656267,-95.06990316552843,29.999999999999996,29.99480885611463
43.299999999999955,16214.43105830266,-95.04961032294631,29.999999999999996,29.994813238668527
43.30999999999995,16221.923556090296,-95.02929863701952,29.999999999999996,29.99481801863312
43.31999999999995,16229.417786019085,-95.0089681075916,29.999999999999996,29.994823194036357
43.32999999999995,16236.91374808893,-94.9886187344942,29.999999999999996,29.994828762882463
43.33999999999995,16244.411442299725,-94.96825051754712,29.999999999999996,29.99483472315215
43.349999999999945,16251.910868651361,-94.94786345655841,29.999999999999996,29.99484107280291
43.35999999999994,16259.41202714372,-94.9274575513244,29.999999999999996,29.99484780976924
43.36999999999994,16266.91491777668,-94.90703280162977,29.999999999999996,29.99485493196292
43.37999999999994,16274.419540550107,-94.88658920724762,29.999999999999996,29.994862437273273
43.38999999999994,16281.925895463864,-94.86612676793956,29.999999999999996,29.9948703235674
43.399999999999935,16289.433982517809,-94.8456454834557,29.999999999999996,29.99487858869047
43.40999999999993,16296.943801711788,-94.82514535353478,29.999999999999996,29.994887230465945
43.41999999999993,16304.455353045645,-94.80462637790424,29.999999999999996,29.994896246695887
43.42999999999993,16311.968636519216,-94.78408855628025,29.999999999999996,29.994905635161174
43.43999999999993,16319.48365213233,-94.7635318883678,29.999999999999996,29.99491539362179
43.449999999999925,16327.000399884813,-94.74295637386075,29.999999999999996,29.994925519817066
43.45999999999992,16334.518879776479,-94.72236201244192,29.999999999999996,29.994936011465974
43.46999999999992,16342.039091807139,-94.70174880378316,29.999999999999996,29.994946866267373
43.47999999999992,16349.561035976598,-94.6811167475454,29.999999999999996,29.994958081900265
43.48999999999992,16357.084712284655,-94.66046584337874,29.999999999999996,29.994969656024075
43.499999999999915,16364.6101207311,-94.63979609092252,29.999999999999996,29.9949815862789
43.50999999999991,16372.13726131572,-94.61910748980536,29.999999999999996,29.99499387028581
43.51999999999991,16379.666134038294,-94.59840003964527,29.999999999999996,29.995006505647066
43.52999999999991,16387.196738898594,-94.57767374004973,29.999999999999996,29.99501948994643
43.53999999999991,16394.72907589639,-94.55692859061573,29.999999999999996,29.995032820749397
43.549999999999905,16402.26314503144,-94.53616459092984,29.999999999999996,29.995046495603493
43.5599999999999,16409.798946303505,-94.51538174056834,29.999999999999996,29.99506051203852
43.5699999999999,16417.33647971233,-94.49458003909724,29.999999999999996,29.995074867566853
43.5799999999999,16424.875745257657,-94.47375948607237,29.999999999999996,29.995089559683663
43.5899999999999,16432.41674293923,-94.45292008103947,29.999999999999996,29.99510458586723
43.599999999999895,16439.959472756775,-94.43206182353424,29.999999999999996,29.9951199435792
43.60999999999989,16447.50393471002,-94.41118471308246,29.999999999999996,29.995135630264834
43.61999999999989,16455.050128798688,-94.39028874920004,29.999999999999996,29.9951516433533
43.62999999999989,16462.598055022492,-94.36937393139307,29.999999999999996,29.995167980257943
43.63999999999989,16470.147713381142,-94.34844025915797,29.999999999999996,29.995184638376546
43.649999999999885,16477.69910387434,-94.3274877319815,29.999999999999996,29.99520161509161
43.65999999999988,16485.252226501783,-94.30651634934088,29.999999999999996,29.995218907770607
43.66999999999988,16492.807081263167,-94.28552611070386,29.999999999999996,29.995236513766258
43.67999999999988,16500.36366815818,-94.26451701552878,29.999999999999996,29.99525443041683
43.68999999999988,16507.921987186503,-94.24348906326469,29.999999999999996,29.995272655046367
43.699999999999875,16515.48203834781,-94.22244225335142,29.999999999999996,29.995291184964984
43.70999999999987,16523.043821641775,-94.2013765852196,29.999999999999996,29.99531001746913
43.71999999999987,16530.607337068064,-94.18029205829087,29.999999999999996,29.99532914984186
43.72999999999987,16538.172584626336,-94.15918867197783,29.999999999999996,29.99534857935311
43.73999999999987,16545.73956431625,-94.1380664256842,29.999999999999996,29.99536830325997
43.749999999999865,16553.308276137454,-94.11692531880489,29.999999999999996,29.99538831880694
43.75999999999986,16560.878720089593,-94.09576535072605,29.999999999999996,29.99540862322621
43.76999999999986,16568.45089617231,-94.07458652082522,29.999999999999996,29.995429213737953
43.77999999999986,16576.024804385244,-94.05338882847134,29.999999999999996,29.995450087550545
43.78999999999986,16583.60044472802,-94.0321722730249,29.999999999999996,29.995471241860887
43.799999999999855,16591.177817200267,-94.01093685383798,29.999999999999996,29.99549267385464
43.80999999999985,16598.756921801603,-93.98968257025433,29.999999999999996,29.995514380706506
43.81999999999985,16606.33775853165,-93.96840942160954,29.999999999999996,29.99553635958051
43.82999999999985,16613.920327390013,-93.94711740723098,29.999999999999996,29.99555860763025
43.83999999999985,16621.504628376304,-93.92580652643804,29.999999999999996,29.99558112199918
43.849999999999845,16629.09066149012,-93.9044767785421,29.999999999999996,29.995603899820875
43.85999999999984,16636.67842673107,-93.88312816284669,29.999999999999996,29.9956269382193
43.86999999999984,16644.267924098735,-93.86176067864753,29.999999999999996,29.99565023430907
43.87999999999984,16651.859153592708,-93.84037432523264,29.999999999999996,29.99567378519574
43.88999999999984,16659.452115212578,-93.81896910188244,29.999999999999996,29.995697587976046
43.899999999999835,16667.046808957923,-93.79754500786983,29.999999999999996,29.995721639738193
43.90999999999983,16674.643234828316,-93.77610204246022,29.999999999999996,29.995745937562113
43.91999999999983,16682.241392823333,-93.75464020491174,29.999999999999996,29.995770478519734
43.92999999999983,16689.841282942536,-93.7331594944752,29.999999999999996,29.99579525967524
43.93999999999983,16697.442905185493,-93.71165991039427,29.999999999999996,29.99582027808535
43.949999999999825,16705.046259551764,-93.69014145190553,29.999999999999996,29.995845530799578
43.95999999999982,16712.6513460409,-93.66860411823856,29.999999999999996,29.99587101486048
43.96999999999982,16720.258164652456,-93.64704790861605,29.999999999999996,29.99589672730395
43.97999999999982,16727.86671538598,-93.62547282225385,29.999999999999996,29.995922665159462
43.98999999999982,16735.47699824101,-93.60387885836113,29.999999999999996,29.99594882545034
43.999999999999815,16743.089013217093,-93.58226601614037,29.999999999999996,29.995975205194018
44.00999999999981,16750.70276031376,-93.56063429478755,29.999999999999996,29.996001801402308
44.01999999999981,16758.318239530545,-93.53898369349217,29.999999999999996,29.99602861108165
44.02999999999981,16765.935450866975,-93.5173142114374,29.999999999999996,29.996055631233386
44.03999999999981,16773.554394322575,-93.49562584780008,29.999999999999996,29.996082858854017
44.049999999999805,16781.175069896864,-93.47391860175094,29.999999999999996,29.996110290935462
44.0599999999998,16788.797477589367,-93.45219247245457,29.999999999999996,29.996137924465298
44.0699999999998,16796.421617399592,-93.43044745906958,29.999999999999996,29.996165756427065
44.0799999999998,16804.04748932705,-93.40868356074868,29.999999999999996,29.996193783800464
44.0899999999998,16811.675093371254,-93.38690077663875,29.999999999999996,29.99622200356167
44.099999999999795,16819.3044295317,-93.36509910588094,29.999999999999996,29.996250412683544
44.10999999999979,16826.935497807895,-93.3432785476108,29.999999999999996,29.99627900813592
44.11999999999979,16834.568298199338,-93.32143910095827,29.999999999999996,29.996307786885833
44.12999999999979,16842.20283070552,-93.29958076504793,29.999999999999996,29.996336745897793
44.13999999999979,16849.83909532593,-93.27770353899895,29.999999999999996,29.996365882134036
44.149999999999785,16857.47709206006,-93.25580742192524,29.999999999999996,29.99639519255476
44.15999999999978,16865.1168209074,-93.23389241293553,29.999999999999996,29.996424674118398
44.16999999999978,16872.758281867424,-93.2119585111335,29.999999999999996,29.996454323781858
44.17999999999978,16880.401474939616,-93.1900057156178,29.999999999999996,29.996484138500755
44.18999999999978,16888.046400123454,-93.16803402548221,29.999999999999996,29.996514115229694
44.199999999999775,16895.69305741841,-93.1460434398157,29.999999999999996,29.996544250922504
44.20999999999977,16903.341446823957,-93.12403395770252,29.999999999999996,29.996574542532468
44.21999999999977,16910.991568339563,-93.1020055782223,29.999999999999996,29.99660498701259
44.22999999999977,16918.643421964694,-93.07995830045016,29.999999999999996,29.996635581315832
44.23999999999977,16926.297007698813,-93.05789212345674,29.999999999999996,29.996666322395356
44.249999999999766,16933.95232554138,-93.03580704630838,29.999999999999996,29.996697207204768
44.25999999999976,16941.609375491855,-93.01370306806713,29.999999999999996,29.996728232698366
44.26999999999976,16949.268157549694,-92.99158018779092,29.999999999999996,29.99675939583138
44.27999999999976,16956.92867171435,-92.96943840453356,29.999999999999996,29.99679069356019
44.28999999999976,16964.59091798528,-92.94727771734495,29.999999999999996,29.9968221228426
44.299999999999756,16972.254896361923,-92.92509812527103,29.999999999999996,29.996853680638058
44.309999999999754,16979.920606843734,-92.90289962735402,29.999999999999996,29.996885363907875
44.31999999999975,16987.588049430156,-92.88068222263237,29.999999999999996,29.996917169615504
44.32999999999975,16995.257224120633,-92.85844591014099,29.999999999999996,29.996949094726734
44.33999999999975,17002.928130914603,-92.8361906889112,29.999999999999996,29.99698113620994
44.349999999999746,17010.600769811506,-92.81391655797096,29.999999999999996,29.997013291036314
44.359999999999744,17018.27514081078,-92.79162351634486,29.999999999999996,29.997045556180097
44.36999999999974,17025.951243911855,-92.76931156305425,29.999999999999996,29.997077928618815
44.37999999999974,17033.62907911417,-92.74698069711731,29.999999999999996,29.997110405333483
44.38999999999974,17041.308646417154,-92.7246309175492,29.999999999999996,29.997142983308873
44.399999999999736,17048.989945820238,-92.7022622233621,29.999999999999996,29.997175659533696
44.409999999999734,17056.67297732285,-92.67987461356527,29.999999999999996,29.99720843100086
44.41999999999973,17064.357740924417,-92.65746808716526,29.999999999999996,29.99724129470767
44.42999999999973,17072.044236624362,-92.63504264316583,29.999999999999996,29.997274247656073
44.43999999999973,17079.73246442211,-92.61259828056819,29.999999999999996,29.997307286852877
44.449999999999726,17087.422424317083,-92.59013499837103,29.999999999999996,29.997340409309942
44.459999999999724,17095.1141163087,-92.5676527955706,29.999999999999996,29.997373612044434
44.46999999999972,17102.80754039638,-92.54515167116081,29.999999999999996,29.997406892079027
44.47999999999972,17110.502696579544,-92.52263162413335,29.999999999999996,29.997440246442114
44.48999999999972,17118.199584857604,-92.50009265347774,29.999999999999996,29.99747367216803
44.499999999999716,17125.89820522998,-92.47753475818139,29.999999999999996,29.997507166297275
44.509999999999714,17133.598557696085,-92.4549579372298,29.999999999999996,29.997540725876696
44.51999999999971,17141.30064225533,-92.43236218960655,29.999999999999996,29.997574347959727
44.52999999999971,17149.00445890713,-92.4097475142934,29.999999999999996,29.997608029606592
44.53999999999971,17156.710007650894,-92.38711391027043,29.999999999999996,29.9976417678845
44.549999999999706,17164.417288486035,-92.36446137651609,29.999999999999996,29.997675559867865
44.559999999999704,17172.126301411958,-92.34178991200729,29.999999999999996,29.997709402638506
44.5699999999997,17179.837046428074,-92.31909951571947,29.999999999999996,29.997743293285854
44.5799999999997,17187.54952353379,-92.29639018662675,29.999999999999996,29.997777228907154
44.5899999999997,17195.26373272852,-92.27366192370197,29.999999999999996,29.99781120660765
44.599999999999696,17202.97967401166,-92.25091472591676,29.999999999999996,29.997845223500818
44.609999999999694,17210.697347382622,-92.22814859224168,29.999999999999996,29.99787927670853
44.61999999999969,17218.416752840807,-92.20536352164626,29.999999999999996,29.99791336336128
44.62999999999969,17226.137890385624,-92.18255951309914,29.999999999999996,29.99794748059835
44.63999999999969,17233.860760016472,-92.15973656556807,29.999999999999996,29.99798162556802
44.649999999999686,17241.58536173276,-92.13689467802007,29.999999999999996,29.99801579542777
44.659999999999684,17249.31169553389,-92.11403384942152,29.999999999999996,29.998049987344444
44.66999999999968,17257.03976141926,-92.09115407873819,29.999999999999996,29.998084198494464
44.67999999999968,17264.769559388278,-92.06825536493535,29.999999999999996,29.998118426064007
44.68999999999968,17272.501089440346,-92.04533770697789,29.999999999999996,29.998152667249183
44.699999999999676,17280.23435157486,-92.02240110383033,29.999999999999996,29.99818691925624
44.709999999999674,17287.969345791233,-91.999445554457,29.999999999999996,29.998221179301733
44.71999999999967,17295.70607208886,-91.97647105782201,29.999999999999996,29.998255444612695
44.72999999999967,17303.44453046714,-91.95347761288944,29.999999999999996,29.998289712426846
44.73999999999967,17311.18472092548,-91.93046521862338,29.999999999999996,29.998323979992744
44.749999999999666,17318.926643463285,-91.90743387398797,29.999999999999996,29.998358244569978
44.759999999999664,17326.67029807995,-91.88438357794756,29.999999999999996,29.99839250342934
44.76999999999966,17334.415684774878,-91.86131432946674,29.999999999999996,29.998426753852993
44.77999999999966,17342.162803547475,-91.83822612751044,29.999999999999996,29.99846099313464
44.78999999999966,17349.911654397143,-91.81511897104401,29.999999999999996,29.99849521857971
44.799999999999656,17357.662237323286,-91.79199285903331,29.999999999999996,29.998529427505513
44.809999999999654,17365.414552325303,-91.76884779044475,29.999999999999996,29.998563617241413
44.81999999999965,17373.1685994026,-91.74568376424544,29.999999999999996,29.99859778512899
44.82999999999965,17380.924378554584,-91.72250077940319,29.999999999999996,29.998631928522208
44.83999999999965,17388.681889780655,-91.69929883488668,29.999999999999996,29.99866604478757
44.849999999999646,17396.44113308022,-91.67607792966542,29.999999999999996,29.998700131304286
44.859999999999644,17404.202108452686,-91.65283806270999,29.999999999999996,29.998734185464432
44.86999999999964,17411.96481589746,-91.62957923299194,29.999999999999996,29.9987682046731
44.87999999999964,17419.729255413946,-91.606301439484,29.999999999999996,29.99880218634856
44.88999999999964,17427.49542700155,-91.5830046811601,29.999999999999996,29.998836127922406
44.899999999999636,17435.263330659687,-91.55968895699549,29.999999999999996,29.99887002683972
44.909999999999634,17443.03296638776,-91.53635426596672,29.999999999999996,29.998903880559226
44.91999999999963,17450.80433418518,-91.51300060705186,29.999999999999996,29.998937686553408
44.92999999999963,17458.57743405136,-91.48962797923045,29.999999999999996,29.998971442308683
44.93999999999963,17466.35226598571,-91.46623638148363,29.999999999999996,29.999005145325555
44.949999999999626,17474.128829987647,-91.44282581279423,29.999999999999996,29.999038793118736
44.959999999999624,17481.90712605658,-91.4193962721468,29.999999999999996,29.999072383217293
44.96999999999962,17489.687154191924,-91.39594775852773,29.999999999999996,29.999105913164794
44.97999999999962,17497.468914393095,-91.3724802709253,29.999999999999996,29.99913938051946
44.98999999999962,17505.25240665951,-91.34899380832972,29.999999999999996,29.999172782854263
44.999999999999616,17513.03763099059,-91.3254883697333,29.999999999999996,29.999206117757097
45.009999999999614,17520.824587385752,-91.30196395413043,29.999999999999996,29.999239382830904
45.01999999999961,17528.61327584442,-91.27842056051766,29.999999999999996,29.999272575693784
45.02999999999961,17536.40369636601,-91.25485818789382,29.999999999999996,29.999305693979153
45.03999999999961,17544.195848949952,-91.23127683526008,29.999999999999996,29.999338735335872
45.049999999999606,17551.989733595667,-91.20767650161997,29.999999999999996,29.999371697428334
45.059999999999604,17559.78535030258,-91.18405718597953,29.999999999999996,29.999404577936627
45.0699999999996,17567.58269907012,-91.16041888734729,29.999999999999996,29.999437374556653
45.0799999999996,17575.381779897718,-91.13676160473442,29.999999999999996,29.999470085000237
45.0899999999996,17583.1825927848,-91.11308533715474,29.999999999999996,29.999502706995248
45.099999999999596,17590.985137730804,-91.08939008362485,29.999999999999996,29.999535238285716
45.109999999999594,17598.789414735158,-91.06567584316412,29.999999999999996,29.999567676631962
45.11999999999959,17606.595423797302,-91.04194261479479,29.999999999999996,29.999600019810696
45.12999999999959,17614.40316491667,-91.0181903975421,29.999999999999996,29.999632265615123
45.13999999999959,17622.212638092707,-90.99441919043426,29.999999999999996,29.999664411855086
45.14999999999959,17630.02384332485,-90.97062899250254,29.999999999999996,29.999696456357142
45.159999999999584,17637.836780612535,-90.94681980278139,29.999999999999996,29.999728396964677
45.16999999999958,17645.651449955214,-90.92299162030845,29.999999999999996,29.99976023153803
45.17999999999958,17653.467851352332,-90.89914444412463,29.999999999999996,29.999791957954564
45.18999999999958,17661.285984803337,-90.87527827327416,29.999999999999996,29.999823574108795
45.19999999999958,17669.10585030768,-90.8513931068047,29.999999999999996,29.99985507791248
45.209999999999575,17676.92744786481,-90.82748894376732,29.999999999999996,29.99988646729472
45.21999999999957,17684.750777474186,-90.80356578321665,29.999999999999996,29.999917740202044
45.22999999999957,17692.57583913526,-90.77962362421091,29.999999999999996,29.99994889459852
45.23999999999957,17700.402632847494,-90.75566246581194,29.999999999999996,29.999979928465848
45.24999999999957,17708.231158610342,-90.73168230708526,29.999999999999996,30.000010839803426
45.259999999999565,17716.061416423272,-90.70768314710023,29.999999999999996,30.000041626628477
45.26999999999956,17723.893406285748,-90.68366498492995,29.999999999999996,30.00007228697609
45.27999999999956,17731.72712819724,-90.65962781965146,29.999999999999996,30.000102818899354
45.28999999999956,17739.56258215721,-90.63557165034572,29.999999999999996,30.00013322046942
45.29999999999956,17747.399768165138,-90.6114964760977,29.999999999999996,30.000163489775563
45.309999999999555,17755.238686220495,-90.5874022959964,29.999999999999996,30.0001936249253
45.31999999999955,17763.079336322753,-90.56328910913496,29.999999999999996,30.00022362404444
45.32999999999955,17770.921718471396,-90.53915691461066,29.999999999999996,30.000253485277188
45.33999999999955,17778.765832665904,-90.51500571152503,29.999999999999996,30.000283206786175
45.34999999999955,17786.61167890576,-90.49083549898388,29.999999999999996,30.000312786752588
45.359999999999545,17794.45925719045,-90.46664627609735,29.999999999999996,30.000342223376197
45.36999999999954,17802.308567519463,-90.44243804197994,29.999999999999996,30.00037151487544
45.37999999999954,17810.159609892293,-90.41821079575062,29.999999999999996,30.000400659487493
45.38999999999954,17818.01238430843,-90.39396453653286,29.999999999999996,30.00042965546834
45.39999999999954,17825.86689076737,-90.36969926345465,29.999999999999996,30.00045850109283
45.409999999999535,17833.72312926862,-90.34541497564858,29.999999999999996,30.00048719465473
45.41999999999953,17841.581099811672,-90.3211116722519,29.999999999999996,30.000515734466816
45.42999999999953,17849.440802396035,-90.29678935240656,29.999999999999996,30.00054411886089
45.43999999999953,17857.302237021217,-90.27244801525926,29.999999999999996,30.000572346187884
45.44999999999953,17865.165403686726,-90.24808765996147,29.999999999999996,30.000600414817868
45.459999999999525,17873.03030239208,-90.22370828566955,29.999999999999996,30.000628323140152
45.46999999999952,17880.896933136788,-90.1993098915447,29.999999999999996,30.000656069563295
45.47999999999952,17888.765295920373,-90.17489247675313,29.999999999999996,30.000683652515175
45.48999999999952,17896.635390742355,-90.15045604046598,29.999999999999996,30.00071107044305
45.49999999999952,17904.507217602255,-90.12600058185946,29.999999999999996,30.000738321813575
45.509999999999515,17912.380776499605,-90.10152610011482,29.999999999999996,30.000765405112872
45.51999999999951,17920.256067433937,-90.0770325944185,29.999999999999996,30.000792318846567
45.52999999999951,17928.13309040478,-90.05252006396205,29.999999999999996,30.00081906153982
45.53999999999951,17936.011845411667,-90.02798850794228,29.999999999999996,30.000845631737374
45.54999999999951,17943.892332454147,-90.00343792556123,29.999999999999996,30.0008720280036
45.559999999999505,17951.774551531755,-89.97886831602625,29.999999999999996,30.000898248922525
45.5699999999995,17959.658502644037,-89.95427967855002,29.999999999999996,30.000924293097853
45.5799999999995,17967.544185790543,-89.92967201235064,29.999999999999996,30.000950159153035
45.5899999999995,17975.431600970824,-89.90504531665158,29.999999999999996,30.00097584573127
45.5999999999995,17983.320748184437,-89.88039959068183,29.999999999999996,30.00100135149553
45.609999999999495,17991.211627430937,-89.85573483367587,29.999999999999996,30.00102667512861
45.61999999999949,17999.10423870989,-89.8310510448737,29.999999999999996,30.00105181533315
45.62999999999949,18006.998582020853,-89.80634822352096,29.999999999999996,30.00107677083165
45.63999999999949,18014.8946573634,-89.78162636886883,29.999999999999996,30.001101540366484
45.64999999999949,18022.792464737096,-89.75688548017422,29.999999999999996,30.00112612269995
45.659999999999485,18030.69200414152,-89.73212555669971,29.999999999999996,30.001150516614267
45.66999999999948,18038.59327557625,-89.70734659771361,29.999999999999996,30.0011747209116
45.67999999999948,18046.496279040868,-89.68254860249,29.999999999999996,30.001198734414064
45.68999999999948,18054.401014534953,-89.65773157030877,29.999999999999996,30.00122255596377
45.69999999999948,18062.307482058095,-89.63289550045563,29.999999999999996,30.001246184422797
45.709999999999475,18070.215681609887,-89.60804039222218,29.999999999999996,30.001269618673238
45.71999999999947,18078.12561318992,-89.58316624490591,29.999999999999996,30.00129285761718
45.72999999999947,18086.037276797793,-89.55827305781025,29.999999999999996,30.00131590017674
45.73999999999947,18093.950672433108,-89.53336083024462,29.999999999999996,30.001338745294042
45.74999999999947,18101.865800095467,-89.5084295615244,29.999999999999996,30.00136139193126
45.759999999999465,18109.782659784483,-89.48347925097103,29.999999999999996,30.001383839070566
45.76999999999946,18117.701251499766,-89.45850989791201,29.999999999999996,30.00140608571419
45.77999999999946,18125.62157524093,-89.43352150168091,29.999999999999996,30.00142813088439
45.78999999999946,18133.543631007593,-89.40851406161745,29.999999999999996,30.00144997362343
45.79999999999946,18141.46741879938,-89.38348757706747,29.999999999999996,30.00147161299363
45.809999999999455,18149.392938615914,-89.35844204738301,29.999999999999996,30.001493048077307
45.81999999999945,18157.320190456827,-89.33337747192229,29.999999999999996,30.0015142779768
45.82999999999945,18165.24917432175,-89.30829385004976,29.999999999999996,30.00153530181446
45.83999999999945,18173.179890210322,-89.28319118113616,29.999999999999996,30.001556118732623
45.84999999999945,18181.11233812218,-89.25806946455846,29.999999999999996,30.001576727893617
45.859999999999445,18189.04651805697,-89.23292869969998,29.999999999999996,30.001597128479737
45.86999999999944,18196.98243001434,-89.20776888595034,29.999999999999996,30.001617319693228
45.87999999999944,18204.92007399394,-89.18259002270553,29.999999999999996,30.001637300756293
45.88999999999944,18212.859449995427,-89.15739210936789,29.999999999999996,30.001657070911044
45.89999999999944,18220.800558018458,-89.1321751453462,29.999999999999996,30.001676629419503
45.909999999999435,18228.743398062696,-89.10693913005561,29.999999999999996,30.001695975563575
45.91999999999943,18236.687970127805,-89.08168406291776,29.999999999999996,30.001715108645023
45.92999999999943,18244.634274213455,-89.05640994336072,29.999999999999996,30.001734027985457
45.93999999999943,18252.58231031932,-89.03111677081905,29.999999999999996,30.00175273292629
45.94999999999943,18260.53207844508,-89.00580454473382,29.999999999999996,30.001771222828722
45.959999999999425,18268.483578590414,-88.98047326455259,29.999999999999996,30.001789497073723
45.96999999999942,18276.436810755007,-88.95512292972948,29.999999999999996,30.00180755506198
45.97999999999942,18284.391774938547,-88.92975353972518,29.999999999999996,30.001825396213878
45.98999999999942,18292.34847114073,-88.90436509400692,29.999999999999996,30.00184301996947
45.99999999999942,18300.306899361247,-88.87895759204854,29.999999999999996,30.001860425788443
46.009999999999415,18308.2670595998,-88.85353103333047,29.999999999999996,30.001877613150075
46.01999999999941,18316.22895185609,-88.82808541733976,29.999999999999996,30.00189458155321
46.02999999999941,18324.19257612983,-88.80262074357012,29.999999999999996,30.001911330516204
46.03999999999941,18332.15793242073,-88.77713701152186,29.999999999999996,30.00192785957691
46.04999999999941,18340.125020728505,-88.75163422070199,29.999999999999996,30.0019441682926
46.059999999999405,18348.093841052872,-88.72611237062418,29.999999999999996,30.00196025623997
46.0699999999994,18356.064393393557,-88.70057146080879,29.999999999999996,30.00197612301505
46.0799999999994,18364.036677750286,-88.67501149078286,29.999999999999996,30.00199176823319
46.0899999999994,18372.01069412279,-88.64943246008018,29.999999999999996,30.002007191528996
46.0999999999994,18379.986442510803,-88.6238343682412,29.999999999999996,30.002022392556302
46.109999999999395,18387.963922914063,-88.59821721481316,29.999999999999996,30.00203737098809
46.11999999999939,18395.943135332313,-88.57258099935,29.999999999999996,30.002052126516475
46.12999999999939,18403.924079765296,-88.5469257214124,29.999999999999996,30.00206665885262
46.13999999999939,18411.906756212768,-88.52125138056785,29.999999999999996,30.002080967726716
46.14999999999939,18419.891164674482,-88.49555797639053,29.999999999999996,30.002095052887896
46.159999999999386,18427.877305150192,-88.46984550846143,29.999999999999996,30.002108914104202
46.16999999999938,18435.865177639665,-88.44411397636833,29.999999999999996,30.00212255116251
46.17999999999938,18443.854782142665,-88.41836337970575,29.999999999999996,30.002135963868493
46.18999999999938,18451.846118658963,-88.39259371807503,29.999999999999996,30.002149152046545
46.19999999999938,18459.83918718833,-88.3668049910843,29.999999999999996,30.002162115539722
46.209999999999376,18467.833987730544,-88.34099719834846,29.999999999999996,30.00217485420968
46.219999999999374,18475.830520285388,-88.31517033948924,29.999999999999996,30.002187367936624
46.22999999999937,18483.828784852645,-88.28932441413517,29.999999999999996,30.00219965661922
46.23999999999937,18491.82878143211,-88.26345942192157,29.999999999999996,30.00221172017456
46.24999999999937,18499.83051002357,-88.23757536249056,29.999999999999996,30.002223558538063
46.259999999999366,18507.833970626827,-88.21167223549111,29.999999999999996,30.00223517166343
46.269999999999364,18515.83916324168,-88.18575004057895,29.999999999999996,30.00224655952256
46.27999999999936,18523.846087867933,-88.15980877741666,29.999999999999996,30.002257722105494
46.28999999999936,18531.8547445054,-88.13384844567359,29.999999999999996,30.002268659420327
46.29999999999936,18539.86513315389,-88.10786904502594,29.999999999999996,30.002279371493145
46.309999999999356,18547.877253813218,-88.08187057515669,29.999999999999996,30.002289858367956
46.319999999999354,18555.89110648321,-88.05585303575563,29.999999999999996,30.002300120106597
46.32999999999935,18563.906691163687,-88.02981642651939,29.999999999999996,30.00231015678867
46.33999999999935,18571.92400785448,-88.00376074715133,29.999999999999996,30.002319968511475
46.34999999999935,18579.943056555418,-87.97768599736168,29.999999999999996,30.00232955538991
46.359999999999346,18587.963837266343,-87.9515921768674,29.999999999999996,30.0023389175564
46.369999999999344,18595.98634998709,-87.92547928539227,29.999999999999996,30.00234805516082
46.37999999999934,18604.01059471751,-87.89934732266687,29.999999999999996,30.002356968370407
46.38999999999934,18612.036571457447,-87.87319628842852,29.999999999999996,30.002365657369687
46.39999999999934,18620.064280206752,-87.84702618242133,29.999999999999996,30.00237412236038
46.409999999999336,18628.093720965284,-87.82083700439618,29.999999999999996,30.002382363561328
46.419999999999334,18636.1248937329,-87.7946287541107,29.999999999999996,30.00239038120838
46.42999999999933,18644.157798509466,-87.76840143132928,29.999999999999996,30.00239817555435
46.43999999999933,18652.19243529485,-87.74215503582303,29.999999999999996,30.00240574686889
46.44999999999933,18660.228804088925,-87.71588956736983,29.999999999999996,30.002413095438424
46.459999999999326,18668.266904891567,-87.68960502575425,29.999999999999996,30.002420221566044
46.469999999999324,18676.306737702653,-87.66330141076757,29.999999999999996,30.00242712557143
46.47999999999932,18684.348302522067,-87.63697872220783,29.999999999999996,30.002433807790744
46.48999999999932,18692.391599349696,-87.6106369598797,29.999999999999996,30.00244026857656
46.49999999999932,18700.43662818543,-87.58427612359455,29.999999999999996,30.002446508297744
46.509999999999316,18708.483389029167,-87.55789621317045,29.999999999999996,30.00245252733938
46.519999999999314,18716.5318818808,-87.5314972284321,29.999999999999996,30.002458326102662
46.52999999999931,18724.58210674024,-87.50507916921084,29.999999999999996,30.002463905004802
46.53999999999931,18732.634063607387,-87.47864203534468,29.999999999999996,30.002469264478936
46.54999999999931,18740.687752482154,-87.45218582667822,29.999999999999996,30.00247440497402
46.559999999999306,18748.743173364455,-87.42571054306266,29.999999999999996,30.00247932695472
46.569999999999304,18756.800326254208,-87.39921618435582,29.999999999999996,30.002484030901346
46.5799999999993,18764.85921115133,-87.37270275042206,29.999999999999996,30.002488517309708
46.5899999999993,18772.919828055754,-87.34617024113234,29.999999999999996,30.00249278669105
46.5999999999993,18780.982176967405,-87.31961865636413,29.999999999999996,30.002496839571936
46.609999999999296,18789.046257886217,-87.29304799600145,29.999999999999996,30.002500676494133
46.619999999999294,18797.112070812127,-87.26645825993482,29.999999999999996,30.00250429801452
46.62999999999929,18805.179615745077,-87.23984944806126,29.999999999999996,30.002507704704986
46.63999999999929,18813.24889268501,-87.21322156028428,29.999999999999996,30.002510897152316
46.64999999999929,18821.319901631872,-87.18657459651381,29.999999999999996,30.002513875958076
46.659999999999286,18829.392642585615,-87.15990855666625,29.999999999999996,30.002516641738545
46.669999999999284,18837.4671155462,-87.13322344066442,29.999999999999996,30.002519195124545
46.67999999999928,18845.543320513578,-87.10651924843754,29.999999999999996,30.0025215367614
46.68999999999928,18853.621257487717,-87.07979597992117,29.999999999999996,30.00252366730876
46.69999999999928,18861.70092646858,-87.0530536350573,29.999999999999996,30.00252558744055
46.709999999999276,18869.78232745614,-87.0262922137942,29.999999999999996,30.002527297844814
46.719999999999274,18877.86546045037,-86.99951171608652,29.999999999999996,30.002528799223636
46.72999999999927,18885.95032545125,-86.97271214189514,29.999999999999996,30.002530092293
46.73999999999927,18894.036922458756,-86.94589349118726,29.999999999999996,30.002531177782707
46.74999999999927,18902.125251472877,-86.91905576393633,29.999999999999996,30.00253205643623
46.759999999999266,18910.215312493598,-86.892198960122,29.999999999999996,30.00253272901063
46.769999999999264,18918.30710552091,-86.86532307973015,29.999999999999996,30.002533196276406
46.77999999999926,18926.400630554814,-86.83842812275283,29.999999999999996,30.002533459017418
46.78999999999926,18934.495887595305,-86.81151408918828,29.999999999999996,30.002533518030745
46.79999999999926,18942.592876642386,-86.78458097904083,29.999999999999996,30.002533374126575
46.809999999999256,18950.691597696063,-86.75762879232094,29.999999999999996,30.002533028128095
46.819999999999254,18958.792050756347,-86.73065752904516,29.999999999999996,30.002532480871356
46.82999999999925,18966.89423582325,-86.70366718923609,29.999999999999996,30.00253173320517
46.83999999999925,18974.998152896784,-86.67665777292235,29.999999999999996,30.002530785991002
46.84999999999925,18983.103801976977,-86.6496292801386,29.999999999999996,30.002529640102804
46.859999999999246,18991.211183063846,-86.62258171092545,29.999999999999996,30.002528296426952
46.869999999999244,18999.32029615742,-86.59551506532947,29.999999999999996,30.00252675586209
46.87999999999924,19007.431141257734,-86.56842934340315,29.999999999999996,30.002525019319016
46.88999999999924,19015.543718364814,-86.54132454520489,29.999999999999996,30.00252308772057
46.89999999999924,19023.6580274787,-86.51420067079894,29.999999999999996,30.002520962001498
46.909999999999236,19031.774068599436,-86.48705772025541,29.999999999999996,30.002518643108345
46.919999999999234,19039.89184172706,-86.4598956936502,29.999999999999996,30.00251613199932
46.92999999999923,19048.011346861625,-86.432714591065,29.999999999999996,30.00251342964417
46.93999999999923,19056.13258400318,-86.40551441258724,29.999999999999996,30.00251053702407
46.94999999999923,19064.255553151776,-86.3782951583101,29.999999999999996,30.002507455131486
46.959999999999226,19072.38025430747,-86.35105682833243,29.999999999999996,30.002504184970064
46.969999999999224,19080.506687470326,-86.32379942275875,29.999999999999996,30.002500727554487
46.97999999999922,19088.634852640407,-86.2965229416992,29.999999999999996,30.00249708391037
46.98999999999922,19096.764749817776,-86.26922738526952,29.999999999999996,30.00249325507412
46.99999999999922,19104.89637900251,-86.24191275359101,29.999999999999996,30.002489242092803
47.009999999999216,19113.029740194674,-86.21457904679053,29.999999999999996,30.002485046024045
47.019999999999214,19121.16483339435,-86.18722626500043,29.999999999999996,30.00248066793588
47.02999999999921,19129.301658601613,-86.15985440835851,29.999999999999996,30.00247610890663
47.03999999999921,19137.44021581655,-86.13246347700805,29.999999999999996,30.00247137002479
47.04999999999921,19145.580505039245,-86.10505347109766,29.999999999999996,30.00246645238887
47.05999999999921,19153.722526269787,-86.07762439078141,29.999999999999996,30.002461357107308
47.069999999999204,19161.866279508267,-86.05017623621865,29.999999999999996,30.0024560852983
47.0799999999992,19170.01176475478,-86.02270900757404,29.999999999999996,30.0024506380897
47.0899999999992,19178.15898200943,-85.99522270501751,29.999999999999996,30.002445016618896
47.0999999999992,19186.307931272313,-85.96771732872423,29.999999999999996,30.002439222032645
47.1099999999992,19194.45861254353,-85.94019287887457,29.999999999999996,30.002433255486974
47.119999999999195,19202.611025823197,-85.91264935565404,29.999999999999996,30.002427118147043
47.12999999999919,19210.765171111416,-85.88508675925331,29.999999999999996,30.002420811187022
47.13999999999919,19218.9210484083,-85.85750508986813,29.999999999999996,30.00241433578995
47.14999999999919,19227.078657713973,-85.82990434769928,29.999999999999996,30.0024076931476
47.15999999999919,19235.237999028548,-85.80228453295261,29.999999999999996,30.002400884460364
47.169999999999185,19243.399072352146,-85.7746456458389,29.999999999999996,30.002393910937126
47.17999999999918,19251.561877684893,-85.74698768657392,29.999999999999996,30.002386773795106
47.18999999999918,19259.72641502692,-85.71931065537831,29.999999999999996,30.00237947425975
47.19999999999918,19267.89268437835,-85.69161455247762,29.999999999999996,30.002372013564596
47.20999999999918,19276.060685739318,-85.6638993781022,29.999999999999996,30.002364392951133
47.219999999999175,19284.23041910996,-85.63616513248722,29.999999999999996,30.002356613668688
47.22999999999917,19292.40188449042,-85.6084118158726,29.999999999999996,30.002348676974282
47.23999999999917,19300.575081880834,-85.58063942850299,29.999999999999996,30.002340584132494
47.24999999999917,19308.750011281347,-85.5528479706277,29.999999999999996,30.002332336415343
47.25999999999917,19316.926672692105,-85.52503744250069,29.999999999999996,30.002323935102144
47.269999999999165,19325.105066113258,-85.49720784438054,29.999999999999996,30.00231538147939
47.27999999999916,19333.285191544957,-85.46935917653039,29.999999999999996,30.00230667684061
47.28999999999916,19341.46704898736,-85.4414914392179,29.999999999999996,30.00229782248624
47.29999999999916,19349.650638440624,-85.4136046327152,29.999999999999996,30.002288819723486
47.30999999999916,19357.835959904904,-85.38569875729891,29.999999999999996,30.00227966986621
47.319999999999155,19366.023013380363,-85.35777381325,29.999999999999996,30.00227037423477
47.32999999999915,19374.21179886717,-85.32982980085387,29.999999999999996,30.002260934155917
47.33999999999915,19382.40231636549,-85.30186672040018,29.999999999999996,30.002251350962645
47.34999999999915,19390.59456587549,-85.27388457218294,29.999999999999996,30.002241625994074
47.35999999999915,19398.788547397347,-85.24588335650034,29.999999999999996,30.002231760595294
47.369999999999145,19406.984260931233,-85.21786307365484,29.999999999999996,30.00222175611726
47.37999999999914,19415.181706477324,-85.18982372395303,29.999999999999996,30.00221161391665
47.38999999999914,19423.380884035803,-85.16176530770561,29.999999999999996,30.002201335355732
47.39999999999914,19431.58179360685,-85.13368782522737,29.999999999999996,30.002190921802224
47.40999999999914,19439.784435190646,-85.10559127683716,29.999999999999996,30.002180374629187
47.419999999999135,19447.98880878738,-85.0774756628578,29.999999999999996,30.002169695214878
47.42999999999913,19456.19491439724,-85.04934098361608,29.999999999999996,30.002158884942606
47.43999999999913,19464.40275202042,-85.0211872394427,29.999999999999996,30.002147945200626
47.44999999999913,19472.61232165711,-84.99301443067223,29.999999999999996,30.002136877381997
47.45999999999913,19480.823623307508,-84.96482255764309,29.999999999999996,30.002125682884458
47.469999999999125,19489.036656971806,-84.93661162069745,29.999999999999996,30.002114363110277
47.47999999999912,19497.25142265021,-84.90838162018125,29.999999999999996,30.00210291946614
47.48999999999912,19505.46792034292,-84.88013255644412,29.999999999999996,30.002091353363024
47.49999999999912,19513.686150050136,-84.85186442983937,29.999999999999996,30.00207966621605
47.50999999999912,19521.90611177207,-84.82357724072389,29.999999999999996,30.002067859444367
47.519999999999115,19530.127805508928,-84.79527098945819,29.999999999999996,30.002055934471016
47.52999999999911,19538.35123126092,-84.76694567640627,29.999999999999996,30.0020438927228
47.53999999999911,19546.576389028258,-84.73860130193563,29.999999999999996,30.002031735630155
47.54999999999911,19554.803278811156,-84.71023786641722,29.999999999999996,30.002019464627036
47.55999999999911,19563.03190060983,-84.68185537022538,29.999999999999996,30.002007081150758
47.569999999999105,19571.2622544245,-84.65345381373781,29.999999999999996,30.001994586641892
47.5799999999991,19579.49434025538,-84.62503319733553,29.999999999999996,30.001981982544134
47.5899999999991,19587.7281581027,-84.59659352140281,29.999999999999996,30.001969270304162
47.5999999999991,19595.963707966675,-84.56813478632718,29.999999999999996,30.001956451371523
47.6099999999991,19604.20098984754,-84.53965699249932,29.999999999999996,30.001943527198506
47.619999999999095,19612.44000374552,-84.51116014031305,29.999999999999996,30.001930499240004
47.62999999999909,19620.680749660838,-84.4826442301653,29.999999999999996,30.001917368953396
47.63999999999909,19628.923227593732,-84.45410926245604,29.999999999999996,30.001904137798423
47.64999999999909,19637.16743754443,-84.42555523758824,29.999999999999996,30.001890807237046
47.65999999999909,19645.41337951317,-84.39698215596783,29.999999999999996,30.00187737873333
47.669999999999085,19653.661053500186,-84.36839001800368,29.999999999999996,30.001863853753335
47.67999999999908,19661.910459505714,-84.3397788241075,29.999999999999996,30.00185023376496
47.68999999999908,19670.161597529997,-84.31114857469385,29.999999999999996,30.001836520237834
47.69999999999908,19678.414467573275,-84.28249927018005,29.999999999999996,30.001822714643197
47.70999999999908,19686.669069635787,-84.2538309109862,29.999999999999996,30.001808818453767
47.719999999999075,19694.92540371778,-84.22514349753504,29.999999999999996,30.00179483314362
47.72999999999907,19703.1834698195,-84.19643703025201,29.999999999999996,30.001780760188065
47.73999999999907,19711.4432679412,-84.16771150956512,29.999999999999996,30.001766601063515
47.74999999999907,19719.704798083116,-84.13896693590496,29.999999999999996,30.00175235724738
47.75999999999907,19727.968060245505,-84.11020330970463,29.999999999999996,30.00173803021793
47.769999999999065,19736.23305442862,-84.0814206313997,29.999999999999996,30.001723621454175
47.77999999999906,19744.499780632712,-84.05261890142815,29.999999999999996,30.00170913243576
47.78999999999906,19752.768238858032,-84.02379812023037,29.999999999999996,30.001694564642825
47.79999999999906,19761.03842910484,-83.99495828824907,29.999999999999996,30.00167991955589
47.80999999999906,19769.31035137339,-83.96609940592924,29.999999999999996,30.001665198655736
47.819999999999055,19777.584005663946,-83.93722147371815,29.999999999999996,30.001650403423294
47.82999999999905,19785.859391976763,-83.90832449206526,29.999999999999996,30.001635535339506
47.83999999999905,19794.1365103121,-83.87940846142217,29.999999999999996,30.001620595885232
47.84999999999905,19802.41536067022,-83.85047338224261,29.999999999999996,30.001605586541096
47.85999999999905,19810.69594305139,-83.82151925498238,29.999999999999996,30.001590508787416
47.869999999999045,19818.97825745587,-83.79254608009927,29.999999999999996,30.001575364104045
47.87999999999904,19827.262303883927,-83.7635538580531,29.999999999999996,30.001560153970285
47.88999999999904,19835.548082335827,-83.73454258930559,29.999999999999996,30.00154487986474
47.89999999999904,19843.83559281184,-83.70551227432036,29.999999999999996,30.001529543265228
47.90999999999904,19852.124835312232,-83.67646291356287,29.999999999999996,30.001514145648652
47.919999999999035,19860.415809837275,-83.6473945075004,29.999999999999996,30.00149868849089
47.92999999999903,19868.70851638724,-83.61830705660194,29.999999999999996,30.001483173266685
47.93999999999903,19877.002954962394,-83.58920056133823,29.999999999999996,30.00146760144951
47.94999999999903,19885.299125563015,-83.56007502218168,29.999999999999996,30.001451974511486
47.95999999999903,19893.597028189375,-83.53093043960628,29.999999999999996,30.00143629392326
47.969999999999025,19901.896662841747,-83.50176681408765,29.999999999999996,30.00142056115387
47.97999999999902,19910.19802952041,-83.47258414610289,29.999999999999996,30.001404777670665
47.98999999999902,19918.50112822564,-83.44338243613065,29.999999999999996,30.00138894493918
47.99999999999902,19926.80595895771,-83.41416168465096,29.999999999999996,30.001373064423028
48.00999999999902,19935.1125217169,-83.3849218921453,29.999999999999996,30.00135713758378
48.019999999999015,19943.42081650349,-83.35566305909649,29.999999999999996,30.001341165880884
48.02999999999901,19951.73084331776,-83.32638518598864,29.999999999999996,30.00132515077153
48.03999999999901,19960.04260215999,-83.29708827330717,29.999999999999996,30.001309093710553
48.04999999999901,19968.356093030456,-83.2677723215387,29.999999999999996,30.001292996150323
48.05999999999901,19976.671315929445,-83.23843733117103,29.999999999999996,30.00127685954064
48.069999999999006,19984.98827085724,-83.20908330269309,29.999999999999996,30.00126068532863
48.079999999999,19993.306957814122,-83.17971023659493,29.999999999999996,30.00124447495865
48.089999999999,20001.627376800374,-83.15031813336762,29.999999999999996,30.001228229872147
48.099999999999,20009.94952781628,-83.12090699350325,29.999999999999996,30.001211951507603
48.109999999999,20018.273410862126,-83.09147681749488,29.999999999999996,30.001195641300395
48.119999999998996,20026.599025938198,-83.06202760583646,29.999999999999996,30.001179300682715
48.129999999998994,20034.92637304478,-83.03255935902287,29.999999999999996,30.001162931083453
48.13999999999899,20043.255452182155,-83.00307207754976,29.999999999999996,30.001146533928097
48.14999999999899,20051.586263350615,-82.97356576191362,29.999999999999996,30.00113011063865
48.15999999999899,20059.918806550446,-82.94404041261166,29.999999999999996,30.001113662633507
48.169999999998986,20068.253081781935,-82.91449603014179,29.999999999999996,30.00109719132738
48.179999999998984,20076.58908904537,-82.88493261500261,29.999999999999996,30.00108069813116
48.18999999999898,20084.92682834104,-82.85535016769332,29.999999999999996,30.00106418445188
48.19999999999898,20093.266299669227,-82.82574868871369,29.999999999999996,30.00104765169256
48.20999999999898,20101.607503030227,-82.79612817856405,29.999999999999996,30.001031101252142
48.219999999998976,20109.95043842433,-82.7664886377452,29.999999999999996,30.001014534525385
48.229999999998974,20118.29510585182,-82.73683006675839,29.999999999999996,30.00099795290278
48.23999999999897,20126.64150531299,-82.70715246610528,29.999999999999996,30.000981357770428
48.24999999999897,20134.989636808128,-82.67745583628793,29.999999999999996,30.000964750509986
48.25999999999897,20143.339500337526,-82.64774017780869,29.999999999999996,30.000948132498543
48.269999999998966,20151.691095901475,-82.61800549117018,29.999999999999996,30.000931505108547
48.279999999998964,20160.04442350026,-82.5882517768753,29.999999999999996,30.000914869707703
48.28999999999896,20168.39948313418,-82.55847903542713,29.999999999999996,30.00089822765888
48.29999999999896,20176.75627480352,-82.5286872673289,29.999999999999996,30.000881580320044
48.30999999999896,20185.11479850857,-82.49887647308401,29.999999999999996,30.000864929044138
48.319999999998956,20193.475054249622,-82.46904665319587,29.999999999999996,30.000848275179006
48.329999999998954,20201.837042026968,-82.43919780816798,29.999999999999996,30.00083162006733
48.33999999999895,20210.200761840897,-82.40932993850379,29.999999999999996,30.000814965046487
48.34999999999895,20218.5662136917,-82.37944304470676,29.999999999999996,30.000798311448527
48.35999999999895,20226.93339757967,-82.34953712728023,29.999999999999996,30.000781660600044
48.369999999998946,20235.302313505093,-82.31961218672743,29.999999999999996,30.000765013822107
48.379999999998944,20243.672961468263,-82.28966822355142,29.999999999999996,30.000748372430177
48.38999999999894,20252.045341469468,-82.25970523825507,29.999999999999996,30.000731737734014
48.39999999999894,20260.419453509,-82.229723231341,29.999999999999996,30.000715111037625
48.40999999999894,20268.79529758715,-82.19972220331155,29.999999999999996,30.00069849363913
48.419999999998936,20277.172873704203,-82.16970215466874,29.999999999999996,30.00068188683074
48.429999999998934,20285.552181860454,-82.13966308591422,29.999999999999996,30.000665291898645
48.43999999999893,20293.933222056192,-82.10960499754927,29.999999999999996,30.000648710122917
48.44999999999893,20302.315994291705,-82.07952789007471,29.999999999999996,30.000632142777487
48.45999999999893,20310.70049856728,-82.0494317639909,29.999999999999996,30.000615591130018
48.469999999998926,20319.086734883207,-82.01931661979766,29.999999999999996,30.000599056441843
48.479999999998924,20327.47470323977,-81.9891824579943,29.999999999999996,30.000582539967912
48.48999999999892,20335.864403637268,-81.95902927907953,29.999999999999996,30.000566042956677
48.49999999999892,20344.25583607598,-81.9288570835514,29.999999999999996,30.00054956665005
48.50999999999892,20352.649000556194,-81.89866587190734,29.999999999999996,30.000533112283318
48.519999999998916,20361.043897078198,-81.86845564464406,29.999999999999996,30.00051668108507
48.529999999998914,20369.440525642276,-81.83822640225753,29.999999999999996,30.000500274277126
48.53999999999891,20377.838886248715,-81.80797814524296,29.999999999999996,30.000483893074474
48.54999999999891,20386.238978897803,-81.77771087409472,29.999999999999996,30.000467538685182
48.55999999999891,20394.640803589824,-81.74742458930638,29.999999999999996,30.00045121231036
48.569999999998906,20403.04436032506,-81.71711929137058,29.999999999999996,30.000434915144048
48.579999999998904,20411.4496491038,-81.68679498077907,29.999999999999996,30.00041864837319
48.5899999999989,20419.856669926325,-81.65645165802263,29.999999999999996,30.000402413177547
48.5999999999989,20428.265422792912,-81.62608932359107,29.999999999999996,30.000386210729634
48.6099999999989,20436.67590770385,-81.59570797797318,29.999999999999996,30.00037004219465
48.619999999998896,20445.08812465942,-81.56530762165663,29.999999999999996,30.000353908730432
48.629999999998894,20453.502073659904,-81.53488825512807,29.999999999999996,30.00033781148737
48.63999999999889,20461.917754705577,-81.50444987887298,29.999999999999996,30.000321751608364
48.64999999999889,20470.335167796722,-81.47399249337568,29.999999999999996,30.00030573022875
48.65999999999889,20478.754312933615,-81.4435160991193,29.999999999999996,30.000289748476227
48.669999999998886,20487.175190116537,-81.41302069658572,29.999999999999996,30.00027380747084
48.679999999998884,20495.597799345767,-81.38250628625559,29.999999999999996,30.000257908324876
48.68999999999888,20504.02214062158,-81.35197286860824,29.999999999999996,30.000242052142827
48.69999999999888,20512.44821394425,-81.32142044412167,29.999999999999996,30.00022624002134
48.70999999999888,20520.87601931406,-81.2908490132725,29.999999999999996,30.00021047304914
48.719999999998876,20529.305556731273,-81.26025857653599,29.999999999999996,30.00019475230698
48.729999999998874,20537.73682619617,-81.22964913438592,29.999999999999996,30.000179078867603
48.73999999999887,20546.16982770902,-81.19902068729465,29.999999999999996,30.000163453795675
48.74999999999887,20554.6045612701,-81.16837323573303,29.999999999999996,30.000147878147732
48.75999999999887,20563.041026879673,-81.13770678017038,29.999999999999996,30.00013235297213
48.769999999998866,20571.479224538016,-81.10702132107447,29.999999999999996,30.00011687930899
48.779999999998864,20579.919154245395,-81.07631685891148,29.999999999999996,30.000101458190155
48.78999999999886,20588.36081600208,-81.04559339414598,29.999999999999996,30.000086090639147
48.79999999999886,20596.80420980834,-81.01485092724087,29.999999999999996,30.00007077767109
48.80999999999886,20605.249335664434,-80.98408945865738,29.999999999999996,30.00005552029269
48.819999999998856,20613.69619357063,-80.95330898885503,29.999999999999996,30.00004031950218
48.829999999998854,20622.144783527197,-80.9225095182916,29.999999999999996,30.000025176289274
48.83999999999885,20630.595105534398,-80.89169104742311,29.999999999999996,30.00001009163511
48.84999999999885,20639.04715959249,-80.86085357670376,29.999999999999996,29.99999506651224
48.85999999999885,20647.500945701737,-80.82999710658592,29.999999999999996,29.999980101884535
48.869999999998846,20655.9564638624,-80.79912163752013,29.999999999999996,29.999965198707194
48.879999999998844,20664.413714074737,-80.76822716995503,29.999999999999996,29.999950357926664
48.88999999999884,20672.872696339004,-80.73731370433731,29.999999999999996,29.99993558048062
48.89999999999884,20681.33341065546,-80.70638124111179,29.999999999999996,29.999920867297924
48.90999999999884,20689.79585702436,-80.67542978072125,29.999999999999996,29.999906219298573
48.919999999998836,20698.26003544596,-80.64445932360651,29.999999999999996,29.999891637393677
48.929999999998834,20706.725945920512,-80.61346987020636,29.999999999999996,29.999877122485415
48.93999999999883,20715.19358844827,-80.58246142095753,29.999999999999996,29.99986267546698
48.94999999999883,20723.66296302948,-80.55143397629467,29.999999999999996,29.99984829722258
48.95999999999883,20732.134069664397,-80.52038753665035,29.999999999999996,29.999833988627383
48.96999999999883,20740.606908353267,-80.48932210245496,29.999999999999996,29.99981975054748
48.979999999998824,20749.081479096338,-80.4582376741368,29.999999999999996,29.999805583839844
48.98999999999882,20757.557781893855,-80.4271342521219,29.999999999999996,29.999791489352337
48.99999999999882,20766.035816746065,-80.39601183683416,29.999999999999996,29.999777467923632
49.00999999999882,20774.51558365321,-80.3648704286952,29.999999999999996,29.999763520383205
49.01999999999882,20782.997082615533,-80.3337100281244,29.999999999999996,29.99974964755131
49.029999999998815,20791.480313633274,-80.30253063553886,29.999999999999996,29.99973585023894
49.03999999999881,20799.96527670667,-80.27133225135336,29.999999999999996,29.999722129247804
49.04999999999881,20808.451971835962,-80.24011487598035,29.999999999999996,29.99970848537029
49.05999999999881,20816.940399021387,-80.20887850982994,29.999999999999996,29.99969491938946
49.06999999999881,20825.43055826318,-80.17762315330987,29.999999999999996,29.999681432078997
49.079999999998805,20833.92244956157,-80.14634880682543,29.999999999999996,29.99966802420321
49.0899999999988,20842.4160729168,-80.11505547077952,29.999999999999996,29.999654696516988
49.0999999999988,20850.91142832909,-80.08374314557261,29.999999999999996,29.99964144976579
49.1099999999988,20859.408515798677,-80.05241183160267,29.999999999999996,29.99962828468562
49.1199999999988,20867.907335325788,-80.02106152926518,29.999999999999996,29.99961520200299
49.129999999998795,20876.40788691065,-79.98969223895314,29.999999999999996,29.999602202434936
49.13999999999879,20884.910170553485,-79.95830396105698,29.999999999999996,29.999589286688952
49.14999999999879,20893.414186254522,-79.9268966959646,29.999999999999996,29.999576455463025
49.15999999999879,20901.919934013982,-79.8954704440613,29.999999999999996,29.999563709445564
49.16999999999879,20910.427413832083,-79.86402520572982,29.999999999999996,29.999551049315414
49.179999999998785,20918.936625709048,-79.83256098135023,29.999999999999996,29.999538475741836
49.18999999999878,20927.447569645094,-79.80107777130002,29.999999999999996,29.999525989384498
49.19999999999878,20935.960245640435,-79.76957557595398,29.999999999999996,29.999513590893436
49.20999999999878,20944.47465369529,-79.73805439568426,29.999999999999996,29.999501280909065
49.21999999999878,20952.990793809873,-79.70651423086028,29.999999999999996,29.99948906006216
49.229999999998775,20961.50866598439,-79.67495508184878,29.999999999999996,29.99947692897384
49.23999999999877,20970.028270219056,-79.64337694901374,29.999999999999996,29.999464888255556
49.24999999999877,20978.549606514076,-79.61177983271641,29.999999999999996,29.999452938509087
49.25999999999877,20987.072674869658,-79.58016373331526,29.999999999999996,29.99944108032652
49.26999999999877,20995.59747528601,-79.548528651166,29.999999999999996,29.999429314290257
49.279999999998765,21004.12400776333,-79.51687458662148,29.999999999999996,29.999417640972993
49.28999999999876,21012.652272301824,-79.4852015400318,29.999999999999996,29.999406060937726
49.29999999999876,21021.18226890169,-79.45350951174416,29.999999999999996,29.999394574737718
49.30999999999876,21029.713997563133,-79.42179850210296,29.999999999999996,29.99938318291654
49.31999999999876,21038.247458286343,-79.3900685114497,29.999999999999996,29.999371886008007
49.329999999998755,21046.78265107152,-79.358319540123,29.999999999999996,29.999360684536228
49.33999999999875,21055.319575918857,-79.32655158845859,29.999999999999996,29.99934957901558
49.34999999999875,21063.858232828545,-79.29476465678925,29.999999999999996,29.999338569950687
49.35999999999875,21072.398621800774,-79.26295874544489,29.999999999999996,29.999327657836456
49.36999999999875,21080.940742835737,-79.23113385475243,29.999999999999996,29.99931684315806
49.379999999998745,21089.484595933616,-79.19928998503583,29.999999999999996,29.99930612639092
49.38999999999874,21098.0301810946,-79.1674271366161,29.999999999999996,29.999295508000742
49.39999999999874,21106.57749831887,-79.13554530981123,29.999999999999996,29.99928498844348
49.40999999999874,21115.126547606607,-79.10364450493624,29.999999999999996,29.999274568165372
49.41999999999874,21123.677328957994,-79.07172472230312,29.999999999999996,29.999264247602927
49.429999999998735,21132.229842373206,-79.03978596222083,29.999999999999996,29.99925402718292
49.43999999999873,21140.784087852422,-79.00782822499531,29.999999999999996,29.99924390732242
49.44999999999873,21149.34006539582,-78.97585151092942,29.999999999999996,29.99923388842878
49.45999999999873,21157.897775003566,-78.94385582032297,29.999999999999996,29.99922397089964
49.46999999999873,21166.457216675837,-78.9118411534727,29.999999999999996,29.999214155122935
49.479999999998725,21175.0183904128,-78.87980751067224,29.999999999999996,29.999204441476937
49.48999999999872,21183.581296214623,-78.84775489221215,29.999999999999996,29.9991948303302
49.49999999999872,21192.145934081473,-78.81568329837988,29.999999999999996,29.999185322041626
49.50999999999872,21200.712304013512,-78.78359272945973,29.999999999999996,29.99917591696044
49.51999999999872,21209.280406010905,-78.7514831857329,29.999999999999996,29.999166615426226
49.529999999998715,21217.85024007381,-78.71935466747742,29.999999999999996,29.99915741776891
49.53999999999871,21226.42180620239,-78.6872071749682,29.999999999999996,29.999148324308802
49.54999999999871,21234.995104396796,-78.65504070847697,29.999999999999996,29.99913933535659
49.55999999999871,21243.570134657188,-78.62285526827232,29.999999999999996,29.999130451213357
49.56999999999871,21252.146896983715,-78.59065085461962,29.999999999999996,29.999121672170602
49.579999999998705,21260.72539137653,-78.55842746778109,29.999999999999996,29.99911299851025
49.5899999999987,21269.305617835784,-78.52618510801574,29.999999999999996,29.99910443050465
49.5999999999987,21277.887576361623,-78.49392377557938,29.999999999999996,29.99909596841664
49.6099999999987,21286.471266954195,-78.4616434707246,29.999999999999996,29.999087612499505
49.6199999999987,21295.05668961364,-78.4293441937008,29.999999999999996,29.999079362997037
49.629999999998695,21303.643844340106,-78.39702594475413,29.999999999999996,29.999071220143538
49.63999999999869,21312.23273113373,-78.36468872412753,29.999999999999996,29.999063184163845
49.64999999999869,21320.823349994647,-78.33233253206069,29.999999999999996,29.999055255273337
49.65999999999869,21329.415700922997,-78.29995736879006,29.999999999999996,29.99904743367797
49.66999999999869,21338.009783918915,-78.26756323454885,29.999999999999996,29.99903971957429
49.679999999998685,21346.605598982533,-78.23515012956697,29.999999999999996,29.99903211314946
49.68999999999868,21355.20314611398,-78.20271805407114,29.999999999999996,29.999024614581273
49.69999999999868,21363.80242531339,-78.17026700828477,29.999999999999996,29.999017224038194
49.70999999999868,21372.403436580888,-78.137796992428,29.999999999999996,29.99900994167936
49.71999999999868,21381.006179916596,-78.10530800671769,29.999999999999996,29.999002767654634
49.729999999998675,21389.61065532064,-78.07280005136745,29.999999999999996,29.99899570210459
49.73999999999867,21398.216862793142,-78.04027312658759,29.999999999999996,29.998988745160577
49.74999999999867,21406.82480233422,-78.00772723258514,29.999999999999996,29.998981896944727
49.75999999999867,21415.43447394399,-77.97516236956382,29.999999999999996,29.998975157569987
49.76999999999867,21424.045877622575,-77.94257853772407,29.999999999999996,29.99896852714014
49.779999999998665,21432.65901337008,-77.90997573726305,29.999999999999996,29.998962005749842
49.78999999999866,21441.273881186622,-77.87735396837459,29.999999999999996,29.99895559348465
49.79999999999866,21449.89048107231,-77.84471323124924,29.999999999999996,29.99894929042103
49.80999999999866,21458.508813027252,-77.81205352607424,29.999999999999996,29.998943096626437
49.81999999999866,21467.128877051553,-77.77937485303352,29.999999999999996,29.998937012159292
49.829999999998655,21475.750673145318,-77.74667721230772,29.999999999999996,29.998931037069042
49.83999999999865,21484.37420130865,-77.71396060407415,29.999999999999996,29.998925171396188
49.84999999999865,21492.999461541647,-77.68122502850682,29.999999999999996,29.998919415172317
49.85999999999865,21501.626453844412,-77.64847048577644,29.999999999999996,29.99891376842012
49.86999999999865,21510.255178217038,-77.6156969760504,29.999999999999996,29.998908231153464
49.879999999998645,21518.885634659622,-77.58290449949278,29.999999999999996,29.998902803377383
49.88999999999864,21527.517823172257,-77.55009305626437,29.999999999999996,29.99889748508813
49.89999999999864,21536.151743755032,-77.51726264652262,29.999999999999996,29.99889227627323
49.90999999999864,21544.787396408035,-77.4844132704217,29.999999999999996,29.998887176911488
49.91999999999864,21553.424781131354,-77.45154492811244,29.999999999999996,29.99888218697304
49.929999999998635,21562.063897925076,-77.41865761974239,29.999999999999996,29.998877306419388
49.93999999999863,21570.704746789284,-77.38575134545577,29.999999999999996,29.998872535203432
49.94999999999863,21579.34732772406,-77.35282610539353,29.999999999999996,29.998867873269532
49.95999999999863,21587.99164072948,-77.3198818996933,29.999999999999996,29.998863320553507
49.96999999999863,21596.637685805625,-77.2869187284894,29.999999999999996,29.9988588769827
49.979999999998626,21605.28546295257,-77.25393659191286,29.999999999999996,29.998854542476014
49.98999999999862,21613.934972170384,-77.22093549009143,29.999999999999996,29.998850316943958
49.99999999999862,21622.586213459144,-77.18791542314956,29.999999999999996,29.99884620028868
50.00999999999862,21631.23918681892,-77.1548763912084,29.999999999999996,29.99884219240399
50.01999999999862,21639.893892249776,-77.12181839438584,29.999999999999996,29.998838293175453
50.029999999998616,21648.550329751783,-77.08874143279647,29.999999999999996,29.998834502480374
50.039999999998614,21657.208499325003,-77.0556455065516,29.999999999999996,29.99883082018788
50.04999999999861,21665.8684009695,-77.02253061575927,29.999999999999996,29.99882724615894
50.05999999999861,21674.53003468533,-76.98939676052426,29.999999999999996,29.99882378024642
50.06999999999861,21683.193400472555,-76.95624394094808,29.999999999999996,29.99882042229513
50.079999999998606,21691.858498331232,-76.923072157129,29.999999999999996,29.998817172141862
50.089999999998604,21700.525328261418,-76.889881409162,29.999999999999996,29.99881402961544
50.0999999999986,21709.193890263163,-76.85667169713884,29.999999999999996,29.99881099453675
50.1099999999986,21717.86418433652,-76.82344302114802,29.999999999999996,29.99880806671882
50.1199999999986,21726.536210481532,-76.79019538127483,29.999999999999996,29.998805245966814
50.129999999998596,21735.20996869825,-76.75692877760129,29.999999999999996,29.99880253207814
50.139999999998594,21743.885458986722,-76.72364321020623,29.999999999999996,29.998799924842462
50.14999999999859,21752.56268134699,-76.69033867916525,29.999999999999996,29.998797424041733
50.15999999999859,21761.241635779097,-76.65701518455074,29.999999999999996,29.998795029450285
50.16999999999859,21769.92232228308,-76.62367272643189,29.999999999999996,29.998792740834844
50.179999999998586,21778.60474085898,-76.59031130487467,29.999999999999996,29.998790557954603
50.189999999998584,21787.288891506832,-76.5569309199419,29.999999999999996,29.99878848056124
50.19999999999858,21795.974774226674,-76.5235315716932,29.999999999999996,29.998786508399014
50.20999999999858,21804.662389018533,-76.490113260185,29.999999999999996,29.998784641204757
50.21999999999858,21813.351735882443,-76.45667598547058,29.999999999999996,29.998782878707985
50.229999999998576,21822.04281481843,-76.42321974760009,29.999999999999996,29.9987812206309
50.239999999998574,21830.735625826524,-76.38974454662048,29.999999999999996,29.998779666688474
50.24999999999857,21839.43016890675,-76.3562503825756,29.999999999999996,29.998778216588484
50.25999999999857,21848.12644405913,-76.32273725550615,29.999999999999996,29.998776870031566
50.26999999999857,21856.824451283686,-76.28920516544973,29.999999999999996,29.99877562671127
50.279999999998566,21865.52419058044,-76.2556541124408,29.999999999999996,29.998774486314122
50.289999999998564,21874.225661949407,-76.22208409651073,29.999999999999996,29.998773448519657
50.29999999999856,21882.928865390604,-76.18849511768781,29.999999999999996,29.99877251300049
50.30999999999856,21891.63380090405,-76.15488717599725,29.999999999999996,29.99877167942236
50.31999999999856,21900.34046848975,-76.12126027146115,29.999999999999996,29.99877094744419
50.329999999998556,21909.04886814772,-76.0876144040986,29.999999999999996,29.998770316718133
50.339999999998554,21917.75899987797,-76.0539495739256,29.999999999999996,29.998769786889643
50.34999999999855,21926.470863680504,-76.02026578095516,29.999999999999996,29.99876935759752
50.35999999999855,21935.18445955533,-75.98656302519719,29.999999999999996,29.99876902847396
50.36999999999855,21943.899787502454,-75.95284130665864,29.999999999999996,29.99876879914461
50.379999999998546,21952.616847521876,-75.91910062534345,29.999999999999996,29.998768669228646
50.389999999998544,21961.335639613597,-75.88534098125253,29.999999999999996,29.998768638338806
50.39999999999854,21970.05616377761,-75.85156237438385,29.999999999999996,29.99876870608146
50.40999999999854,21978.77842001392,-75.81776480473238,29.999999999999996,29.998768872056658
50.41999999999854,21987.50240832252,-75.78394827229015,29.999999999999996,29.99876913585819
50.429999999998536,21996.228128703406,-75.75011277704624,29.999999999999996,29.998769497073646
50.439999999998534,22004.955581156566,-75.7162583189868,29.999999999999996,29.998769955284473
50.44999999999853,22013.684765681992,-75.68238489809507,29.999999999999996,29.998770510066038
50.45999999999853,22022.415682279672,-75.64849251435135,29.999999999999996,29.998771160987673
50.46999999999853,22031.148330949592,-75.61458116773308,29.999999999999996,29.99877190761274
50.479999999998526,22039.882711691742,-75.58065085821481,29.999999999999996,29.99877274949869
50.489999999998524,22048.6188245061,-75.54670158576822,29.999999999999996,29.998773686197147
50.49999999999852,22057.356669392648,-75.51273335036214,29.999999999999996,29.998774717253912
50.50999999999852,22066.09624635137,-75.47874615196257,29.999999999999996,29.998775842209067
50.51999999999852,22074.837555382248,-75.44473999053267,29.999999999999996,29.998777060597025
50.529999999998516,22083.58059648525,-75.4107148660328,29.999999999999996,29.998778371946585
50.539999999998514,22092.32536966036,-75.37667077842053,29.999999999999996,29.998779775780992
50.54999999999851,22101.071874907546,-75.34260772765063,29.999999999999996,29.998781271617997
50.55999999999851,22109.820112226782,-75.30852571367511,29.999999999999996,29.998782858969925
50.56999999999851,22118.57008161804,-75.27442473644324,29.999999999999996,29.998784537343727
50.579999999998506,22127.321783081286,-75.24030479590154,29.999999999999996,29.998786306241044
50.589999999998504,22136.075216616493,-75.20616589199382,29.999999999999996,29.998788165158274
50.5999999999985,22144.830382223623,-75.17200802466118,29.999999999999996,29.998790113586626
50.6099999999985,22153.58727990264,-75.13783119384202,29.999999999999996,29.998792151012175
50.6199999999985,22162.345909653508,-75.10363539947208,29.999999999999996,29.99879427691594
50.629999999998496,22171.106271476187,-75.06942064148444,29.999999999999996,29.99879649077394
50.639999999998494,22179.86836537064,-75.03518691980952,29.999999999999996,29.998798792057244
50.64999999999849,22188.632191336823,-75.00093423437512,29.999999999999996,29.99880118023205
50.65999999999849,22197.397749374693,-74.96666258510645,29.999999999999996,29.99880365475974
50.66999999999849,22206.165039484207,-74.9323719719261,29.999999999999996,29.99880621509694
50.679999999998486,22214.934061665317,-74.89806239475409,29.999999999999996,29.998808860695583
50.689999999998484,22223.704815917976,-74.8637338535079,29.999999999999996,29.998811591002973
50.69999999999848,22232.477302242132,-74.82938634810242,29.999999999999996,29.998814405461854
50.70999999999848,22241.25152063774,-74.79501987845006,29.999999999999996,29.998817303510464
50.71999999999848,22250.027471104742,-74.76063444446069,29.999999999999996,29.998820284582592
50.729999999998476,22258.80515364309,-74.7262300460417,29.999999999999996,29.99882334810767
50.739999999998474,22267.584568252725,-74.69180668309802,29.999999999999996,29.998826493510798
50.74999999999847,22276.365714933596,-74.6573643555321,29.999999999999996,29.998829720212836
50.75999999999847,22285.14859368564,-74.62290306324394,29.999999999999996,29.998833027630447
50.76999999999847,22293.9332045088,-74.58842280613115,29.999999999999996,29.998836415176175
50.779999999998466,22302.719547403016,-74.5539235840889,29.999999999999996,29.99883988225851
50.789999999998464,22311.507622368223,-74.51940539701002,29.999999999999996,29.998843428281933
50.79999999999846,22320.29742940436,-74.48486824478492,29.999999999999996,29.998847052646997
50.80999999999846,22329.08896851136,-74.4503121273017,29.999999999999996,29.99885075475039
50.81999999999846,22337.882239689163,-74.4157370444461,29.999999999999996,29.99885453398499
50.829999999998456,22346.677242937698,-74.38114299610157,29.999999999999996,29.99885838973993
50.839999999998454,22355.473978256894,-74.34652998214925,29.999999999999996,29.99886232140067
50.84999999999845,22364.272445646686,-74.311898002468,29.999999999999996,29.99886632834906
50.85999999999845,22373.072645107,-74.27724705693444,29.999999999999996,29.998870409963384
50.86999999999845,22381.874576637765,-74.24257714542294,29.999999999999996,29.998874565618458
50.87999999999845,22390.678240238904,-74.20788826780566,29.999999999999996,29.99887879468566
50.889999999998444,22399.483635910343,-74.17318042395254,29.999999999999996,29.998883096533017
50.89999999999844,22408.290763652007,-74.13845361373137,29.999999999999996,29.998887470525265
50.90999999999844,22417.09962346382,-74.10370783700776,29.999999999999996,29.998891916023904
50.91999999999844,22425.9102153457,-74.06894309364517,29.999999999999996,29.998896432387266
50.92999999999844,22434.722539297567,-74.03415938350496,29.999999999999996,29.99890101897058
50.939999999998435,22443.536595319343,-73.99935670644635,29.999999999999996,29.998905675126043
50.94999999999843,22452.352383410944,-73.9645350623265,29.999999999999996,29.99891040020288
50.95999999999843,22461.169903572285,-73.92969445100053,29.999999999999996,29.99891519354739
50.96999999999843,22469.98915580328,-73.89483487232147,29.999999999999996,29.998920054503035
50.97999999999843,22478.810140103844,-73.85995632614036,29.999999999999996,29.9989249824105
50.989999999998425,22487.63285647389,-73.82505881230622,29.999999999999996,29.99892997660774
50.99999999999842,22496.457304913332,-73.7901423306661,29.999999999999996,29.998935036430066
51.00999999999842,22505.28348542208,-73.75520688106506,29.999999999999996,29.998940161210186
51.01999999999842,22514.11139800004,-73.72025246334624,29.999999999999996,29.99894535027829
51.02999999999842,22522.941042647126,-73.68527907735084,29.999999999999996,29.9989506029621
51.039999999998415,22531.772419363242,-73.65028672291818,29.999999999999996,29.99895591858694
51.04999999999841,22540.60552814829,-73.61527539988569,29.999999999999996,29.99896129647579
51.05999999999841,22549.440369002183,-73.58024510808892,29.999999999999996,29.998966735949367
51.06999999999841,22558.27694192482,-73.54519584736158,29.999999999999996,29.99897223632618
51.07999999999841,22567.115246916106,-73.5101276175356,29.999999999999996,29.99897779692257
51.089999999998405,22575.95528397594,-73.47504041844107,29.999999999999996,29.998983417052823
51.0999999999984,22584.797053104227,-73.43993424990632,29.999999999999996,29.99898909602919
51.1099999999984,22593.640554300862,-73.4048091117579,29.999999999999996,29.998994833161973
51.1199999999984,22602.485787565747,-73.36966500382064,29.999999999999996,29.99900062775957
51.1299999999984,22611.332752898783,-73.33450192591766,29.999999999999996,29.999006479128557
51.139999999998395,22620.18145029986,-73.29931987787037,29.999999999999996,29.999012386573735
51.14999999999839,22629.031879768878,-73.26411885949852,29.999999999999996,29.999018349398206
51.15999999999839,22637.884041305733,-73.22889887062018,29.999999999999996,29.99902436690343
51.16999999999839,22646.737934910318,-73.19365991105184,29.999999999999996,29.999030438389283
51.17999999999839,22655.593560582525,-73.15840198060832,29.999999999999996,29.99903656315412
51.189999999998385,22664.450918322247,-73.12312507910288,29.999999999999996,29.999042740494847
51.19999999999838,22673.310008129374,-73.08782920634721,29.999999999999996,29.99904896970697
51.20999999999838,22682.170830003797,-73.05251436215146,29.999999999999996,29.999055250084663
51.21999999999838,22691.033383945407,-73.01718054632424,29.999999999999996,29.999061580920838
51.22999999999838,22699.89766995409,-72.98182775867267,29.999999999999996,29.999067961507198
51.239999999998375,22708.763688029736,-72.94645599900237,29.999999999999996,29.99907439113429
51.24999999999837,22717.63143817223,-72.91106526711752,29.999999999999996,29.999080869091586
51.25999999999837,22726.50092038146,-72.87565556282085,29.999999999999996,29.999087394667526
51.26999999999837,22735.37213465731,-72.84022688591367,29.999999999999996,29.999093967149587
51.27999999999837,22744.245080999666,-72.80477923619588,29.999999999999996,29.999100585824344
51.289999999998365,22753.11975940841,-72.76931261346604,29.999999999999996,29.999107249977545
51.29999999999836,22761.996169883427,-72.73382701752134,29.999999999999996,29.999113958894128
51.30999999999836,22770.874312424596,-72.69832244815763,29.999999999999996,29.99912071185834
51.31999999999836,22779.754187031802,-72.66279890516945,29.999999999999996,29.99912750815374
51.32999999999836,22788.63579370492,-72.62725638835006,29.999999999999996,29.99913434706331
51.339999999998355,22797.51913244384,-72.59169489749146,29.999999999999996,29.999141227869476
51.34999999999835,22806.40420324843,-72.55611443238439,29.999999999999996,29.99914814985419
51.35999999999835,22815.291006118572,-72.52051499281838,29.999999999999996,29.99915511229897
51.36999999999835,22824.17954105415,-72.48489657858174,29.999999999999996,29.999162114484992
51.37999999999835,22833.069808055036,-72.44925918946163,29.999999999999996,29.999169155693107
51.389999999998345,22841.961807121104,-72.41360282524401,29.999999999999996,29.999176235203937
51.39999999999834,22850.855538252235,-72.37792748571376,29.999999999999996,29.999183352297905
51.40999999999834,22859.7510014483,-72.34223317065458,29.999999999999996,29.999190506255314
51.41999999999834,22868.64819670918,-72.30651987984913,29.999999999999996,29.999197696356397
51.42999999999834,22877.54712403474,-72.270787613079,29.999999999999996,29.99920492188136
51.439999999998335,22886.447783424857,-72.23503637012467,29.999999999999996,29.999212182110483
51.44999999999833,22895.350174879404,-72.19926615076567,29.999999999999996,29.999219476324114
51.45999999999833,22904.254298398253,-72.16347695478046,29.999999999999996,29.999226803802785
51.46999999999833,22913.160153981276,-72.12766878194657,29.999999999999996,29.99923416382724
51.47999999999833,22922.067741628343,-72.09184163204053,29.999999999999996,29.999241555678488
51.489999999998325,22930.977061339327,-72.05599550483794,29.999999999999996,29.999248978637873
51.49999999999832,22939.888113114095,-72.02013040011349,29.999999999999996,29.999256431987135
51.50999999999832,22948.800896952518,-71.98424631764095,29.999999999999996,29.99926391500844
51.51999999999832,22957.715412854464,-71.94834325719326,29.999999999999996,29.999271426984464
51.52999999999832,22966.631660819803,-71.91242121854246,29.999999999999996,29.99927896719842
51.539999999998315,22975.549640848403,-71.87648020145978,29.999999999999996,29.999286534934146
51.54999999999831,22984.46935294013,-71.84052020571563,29.999999999999996,29.99929412947613
51.55999999999831,22993.39079709485,-71.80454123107965,29.999999999999996,29.999301750109595
51.56999999999831,23002.31397331243,-71.76854327732069,29.999999999999996,29.99930939612051
51.57999999999831,23011.238881592737,-71.73252634420686,29.999999999999996,29.999317066795694
51.589999999998305,23020.165521935636,-71.69649043150555,29.999999999999996,29.999324761422834
51.5999999999983,23029.093894340993,-71.66043553898346,29.999999999999996,29.999332479290555
51.6099999999983,23038.023998808672,-71.62436166640659,29.999999999999996,29.99934021968846
51.6199999999983,23046.95583533854,-71.58826881354027,29.999999999999996,29.999347981907196
51.6299999999983,23055.88940393046,-71.55215698014923,29.999999999999996,29.9993557652385
51.639999999998295,23064.824704584298,-71.51602616599756,29.999999999999996,29.99936356897527
51.64999999999829,23073.761737299912,-71.47987637084874,29.999999999999996,29.999371392411568
51.65999999999829,23082.70050207717,-71.4437075944657,29.999999999999996,29.999379234842728
51.66999999999829,23091.64099891593,-71.40751983661083,29.999999999999996,29.99938709556538
51.67999999999829,23100.583227816056,-71.37131309704594,29.999999999999996,29.99939497387749
51.689999999998285,23109.527188777414,-71.33508737553237,29.999999999999996,29.999402869078445
51.69999999999828,23118.472881799862,-71.29884267183094,29.999999999999996,29.999410780469066
51.70999999999828,23127.420306883265,-71.26257898570204,29.999999999999996,29.99941870735169
51.71999999999828,23136.36946402748,-71.22629631690558,29.999999999999996,29.999426649030195
51.72999999999828,23145.32035323237,-71.18999466520106,29.999999999999996,29.999434604810066
51.739999999998275,23154.2729744978,-71.15367403034757,29.999999999999996,29.99944257399843
51.74999999999827,23163.227327823624,-71.11733441210383,29.999999999999996,29.99945055590412
51.75999999999827,23172.183413209706,-71.08097581022815,29.999999999999996,29.999458549837716
51.76999999999827,23181.141230655907,-71.04459822447856,29.999999999999996,29.99946655511159
51.77999999999827,23190.100780162084,-71.00820165461272,29.999999999999996,29.99947457103996
51.789999999998265,23199.0620617281,-70.971786100388,29.999999999999996,29.999482596938936
51.79999999999826,23208.025075353813,-70.93535156156152,29.999999999999996,29.99949063212656
51.80999999999826,23216.989821039082,-70.89889803789009,29.999999999999996,29.999498675922858
51.81999999999826,23225.95629878377,-70.86242552913032,29.999999999999996,29.999506727649905
51.82999999999826,23234.924508587734,-70.82593403503857,29.999999999999996,29.999514786631828
51.839999999998255,23243.894450450833,-70.78942355537103,29.999999999999996,29.999522852194893
51.84999999999825,23252.866124372926,-70.7528940898837,29.999999999999996,29.99953092366753
51.85999999999825,23261.83953035387,-70.71634563833241,29.999999999999996,29.99953900038038
51.86999999999825,23270.81466839353,-70.67977820047288,29.999999999999996,29.999547081666353
51.87999999999825,23279.79153849176,-70.64319177606068,29.999999999999996,29.999555166860645
51.889999999998246,23288.770140648423,-70.60658636485128,29.999999999999996,29.999563255300814
51.89999999999824,23297.750474863373,-70.56996196660012,29.999999999999996,29.999571346326803
51.90999999999824,23306.73254113647,-70.53331858106253,29.999999999999996,29.999579439280975
51.91999999999824,23315.716339467574,-70.49665620799382,29.999999999999996,29.999587533508187
51.92999999999824,23324.70186985654,-70.4599748471493,29.999999999999996,29.999595628355813
51.939999999998236,23333.689132303232,-70.42327449828423,29.999999999999996,29.999603723173777
51.949999999998234,23342.678126807506,-70.38655516115395,29.999999999999996,29.999611817314623
51.95999999999823,23351.66885336922,-70.3498168355138,29.999999999999996,29.999619910133514
51.96999999999823,23360.66131198824,-70.3130595211192,29.999999999999996,29.999628000988317
51.97999999999823,23369.655502664413,-70.27628321772563,29.999999999999996,29.999636089239623
51.989999999998226,23378.651425397606,-70.2394879250887,29.999999999999996,29.999644174250786
51.999999999998224,23387.649080187675,-70.2026736429641,29.999999999999996,29.999652255387964
52.00999999999822,23396.64846703448,-70.16584037110768,29.999999999999996,29.99966033202016
52.01999999999822,23405.64958593788,-70.12898810927543,29.999999999999996,29.99966840351927
52.02999999999822,23414.652436897737,-70.09211685722353,29.999999999999996,29.999676469260102
52.039999999998216,23423.657019913906,-70.05522661470835,29.999999999999996,29.999684528620428
52.049999999998214,23432.66333498625,-70.01831738148644,29.999999999999996,29.999692580981023
52.05999999999821,23441.671382114626,-69.98138915731464,29.999999999999996,29.999700625725694
52.06999999999821,23450.681161298893,-69.94444194194999,29.999999999999996,29.999708662241332
52.07999999999821,23459.692672538913,-69.9074757351498,29.999999999999996,29.999716689917925
52.089999999998206,23468.705915834544,-69.8704905366717,29.999999999999996,29.999724708148623
52.099999999998204,23477.720891185647,-69.83348634627359,29.999999999999996,29.999732716329742
52.1099999999982,23486.737598592084,-69.79646316371371,29.999999999999996,29.99974071386083
52.1199999999982,23495.756038053714,-69.75942098875063,29.999999999999996,29.99974870014469
52.1299999999982,23504.7762095704,-69.72235982114329,29.999999999999996,29.9997566745874
52.139999999998196,23513.798113142,-69.68527966065098,29.999999999999996,29.999764636598368
52.149999999998194,23522.821748768376,-69.64818050703342,29.999999999999996,29.999772585590367
52.15999999999819,23531.84711644939,-69.61106236005071,29.999999999999996,29.999780520979556
52.16999999999819,23540.874216184904,-69.5739252194634,29.999999999999996,29.99978844218551
52.17999999999819,23549.90304797478,-69.53676908503249,29.999999999999996,29.999796348631257
52.189999999998186,23558.933611818884,-69.4995939565194,29.999999999999996,29.999804239743334
52.199999999998184,23567.965907717073,-69.46239983368609,29.999999999999996,29.999812114951784
52.20999999999818,23576.99993566921,-69.42518671629497,29.999999999999996,29.9998199736902
52.21999999999818,23586.03569567516,-69.387954604109,29.999999999999996,29.99982781539577
52.22999999999818,23595.073187734786,-69.35070349689164,29.999999999999996,29.99983563950929
52.239999999998176,23604.112411847953,-69.31343339440693,29.999999999999996,29.999843445475193
52.249999999998174,23613.153368014522,-69.27614429641946,29.999999999999996,29.99985123274159
52.25999999999817,23622.196056234363,-69.2388362026944,29.999999999999996,29.99985900076031
52.26999999999817,23631.240476507337,-69.20150911299751,29.999999999999996,29.99986674898689
52.27999999999817,23640.286628833306,-69.16416302709519,29.999999999999996,29.99987447688065
52.289999999998166,23649.33451321214,-69.12679794475444,29.999999999999996,29.99988218390468
52.299999999998164,23658.384129643702,-69.08941386574296,29.999999999999996,29.9998898695259
52.30999999999816,23667.435478127863,-69.05201078982903,29.999999999999996,29.999897533215073
52.31999999999816,23676.488558664485,-69.01458871678167,29.999999999999996,29.99990517444683
52.32999999999816,23685.543371253436,-68.97714764637061,29.999999999999996,29.999912792699707
52.339999999998156,23694.599915894585,-68.93968757836623,29.999999999999996,29.999920387456157
52.349999999998154,23703.658192587798,-68.90220851253967,29.999999999999996,29.999927958202587
52.35999999999815,23712.718201332948,-68.86471044866282,29.999999999999996,29.99993550442937
52.36999999999815,23721.7799421299,-68.8271933865083,29.999999999999996,29.999943025630895
52.37999999999815,23730.84341497852,-68.78965732584952,29.999999999999996,29.99995052130556
52.389999999998146,23739.908619878683,-68.75210226646067,29.999999999999996,29.999957990955828
52.399999999998144,23748.975556830253,-68.71452820811675,29.999999999999996,29.999965434088214
52.40999999999814,23758.044225833106,-68.67693515059356,29.999999999999996,29.999972850213346
52.41999999999814,23767.114626887113,-68.63932309366776,29.999999999999996,29.999980238845964
52.42999999999814,23776.186759992142,-68.60169203711682,29.999999999999996,29.999987599504937
52.439999999998136,23785.26062514807,-68.5640419807191,29.999999999999996,29.999994931713317
52.449999999998134,23794.336222354763,-68.5263729242538,29.999999999999996,30.000002234998323
52.45999999999813,23803.4135516121,-68.48868486750106,29.999999999999996,30.00000950889139
52.46999999999813,23812.49261291995,-68.45097781024188,29.999999999999996,30.000016752928172
52.47999999999813,23821.57340627819,-68.41325175225819,29.999999999999996,30.000023966648573
52.489999999998126,23830.65593168669,-68.37550669333285,29.999999999999996,30.000031149596765
52.499999999998124,23839.740189145334,-68.33774263324966,29.999999999999996,30.00003830132119
52.50999999999812,23848.82617865399,-68.29995957179338,29.999999999999996,30.000045421374615
52.51999999999812,23857.91390021254,-68.26215750874974,29.999999999999996,30.000052509314116
52.52999999999812,23867.00335382086,-68.22433644390546,29.999999999999996,30.00005956470111
52.539999999998116,23876.09453947882,-68.18649637704826,29.999999999999996,30.000066587101387
52.549999999998114,23885.187457186308,-68.14863730796685,29.999999999999996,30.000073576085093
52.55999999999811,23894.282106943196,-68.11075923645099,29.999999999999996,30.00008053122677
52.56999999999811,23903.378488749364,-68.07286216229144,29.999999999999996,30.000087452105394
52.57999999999811,23912.476602604696,-68.03494608528005,29.999999999999996,30.00009433830433
52.589999999998106,23921.57644850907,-67.99701100520971,29.999999999999996,30.000101189411403
52.599999999998104,23930.678026462363,-67.95905692187439,29.999999999999996,30.0001080050189
52.6099999999981,23939.78133646446,-67.92108383506913,29.999999999999996,30.000114784723564
52.6199999999981,23948.886378515246,-67.88309174459008,29.999999999999996,30.00012152812663
52.6299999999981,23957.993152614603,-67.84508065023448,29.999999999999996,30.000128234833838
52.639999999998096,23967.10165876241,-67.80705055180073,29.999999999999996,30.00013490445543
52.649999999998094,23976.211896958557,-67.76900144908834,29.999999999999996,30.000141536606172
52.65999999999809,23985.323867202926,-67.73093334189795,29.999999999999996,30.000148130905387
52.66999999999809,23994.4375694954,-67.69284623003138,29.999999999999996,30.000154686976934
52.67999999999809,24003.55300383587,-67.65474011329161,29.999999999999996,30.000161204449235
52.689999999998086,24012.67017022422,-67.61661499148279,29.999999999999996,30.000167682955286
52.699999999998084,24021.78906866034,-67.57847086441026,29.999999999999996,30.00017412213268
52.70999999999808,24030.909699144115,-67.54030773188057,29.999999999999996,30.000180521623598
52.71999999999808,24040.032061675436,-67.50212559370148,29.999999999999996,30.000186881074818
52.72999999999808,24049.156156254194,-67.46392444968194,29.999999999999996,30.00019320013775
52.739999999998076,24058.28198288028,-67.42570429963219,29.999999999999996,30.000199478468417
52.749999999998074,24067.409541553578,-67.38746514336366,29.999999999999996,30.000205715727486
52.75999999999807,24076.538832273985,-67.34920698068905,29.999999999999996,30.00021191158026
52.76999999999807,24085.669855041397,-67.31092981142231,29.999999999999996,30.000218065696693
52.77999999999807,24094.802609855702,-67.2726336353787,29.999999999999996,30.000224177751406
52.78999999999807,24103.937096716796,-67.23431845237471,29.999999999999996,30.00023024742368
52.799999999998064,24113.073315624573,-67.19598426222817,29.999999999999996,30.000236274397473
52.80999999999806,24122.211266578932,-67.15763106475816,29.999999999999996,30.000242258361418
52.81999999999806,24131.350949579766,-67.11925885978512,29.999999999999996,30.000248199008837
52.82999999999806,24140.49236462697,-67.08086764713076,29.999999999999996,30.00025409603775
52.83999999999806,24149.635511720448,-67.04245742661816,29.999999999999996,30.00025994915086
52.849999999998055,24158.780390860094,-67.0040281980717,29.999999999999996,30.000265758055587
52.85999999999805,24167.92700204581,-66.96557996131712,29.999999999999996,30.00027152246405
52.86999999999805,24177.07534527749,-66.92711271618153,29.999999999999996,30.000277242093084
52.87999999999805,24186.225420555045,-66.88862646249338,29.999999999999996,30.000282916664236
52.88999999999805,24195.37722787837,-66.85012120008251,29.999999999999996,30.000288545903768
52.899999999998045,24204.53076724737,-66.81159692878012,29.999999999999996,30.00029412954267
52.90999999999804,24213.686038661945,-66.77305364841881,29.999999999999996,30.000299667316654
52.91999999999804,24222.843042122004,-66.73449135883256,29.999999999999996,30.000305158966153
52.92999999999804,24232.001777627447,-66.69591005985676,29.999999999999996,30.000310604236343
52.93999999999804,24241.162245178184,-66.65730975132821,29.999999999999996,30.000316002877106
52.949999999998035,24250.32444477412,-66.61869043308513,29.999999999999996,30.000321354643077
52.95999999999803,24259.48837641516,-66.58005210496717,29.999999999999996,30.000326659293613
52.96999999999803,24268.654040101217,-66.54139476681537,29.999999999999996,30.000331916592803
52.97999999999803,24277.821435832197,-66.50271841847227,29.999999999999996,30.00033712630947
52.98999999999803,24286.99056360801,-66.46402305978182,29.999999999999996,30.000342288217166
52.999999999998025,24296.16142342857,-66.42530869058943,29.999999999999996,30.00034740209417
53.00999999999802,24305.33401529378,-66.38657531074196,29.999999999999996,30.000352467723506
53.01999999999802,24314.508339203563,-66.34782292008775,29.999999999999996,30.000357484892906
53.02999999999802,24323.684395157827,-66.3090515184766,29.999999999999996,30.000362453394835
53.03999999999802,24332.862183156485,-66.27026110575977,29.999999999999996,30.00036737302648
53.049999999998015,24342.041703199455,-66.23145168179006,29.999999999999996,30.000372243589766
53.05999999999801,24351.222955286652,-66.1926232464217,29.999999999999996,30.000377064891303
53.06999999999801,24360.40593941799,-66.15377579951044,29.999999999999996,30.00038183674245
53.07999999999801,24369.59065559339,-66.11490934091353,29.999999999999996,30.000386558959246
53.08999999999801,24378.77710381277,-66.07602387048972,29.999999999999996,30.000391231362457
53.099999999998005,24387.965284076046,-66.03711938809928,29.999999999999996,30.000395853777547
53.109999999998,24397.155196383144,-65.99819589360399,29.999999999999996,30.000400426034677
53.119999999998,24406.34684073398,-65.95925338686715,29.999999999999996,30.000404947968697
53.129999999998,24415.540217128477,-65.92029186775359,29.999999999999996,30.000409419419142
53.139999999998,24424.73532556656,-65.88131133612967,29.999999999999996,30.00041384023023
53.149999999997995,24433.93216604815,-65.8423117918633,29.999999999999996,30.000418210250857
53.15999999999799,24443.130738573174,-65.80329323482388,29.999999999999996,30.000422529334582
53.16999999999799,24452.331043141556,-65.76425566488243,29.999999999999996,30.000426797339625
53.17999999999799,24461.533079753222,-65.72519908191144,29.999999999999996,30.00043101412886
53.18999999999799,24470.7368484081,-65.686123485785,29.999999999999996,30.000435179569813
53.199999999997985,24479.94234910612,-65.64702887637876,29.999999999999996,30.00043929353463
53.20999999999798,24489.14958184721,-65.6079152535699,29.999999999999996,30.000443355900106
53.21999999999798,24498.358546631298,-65.56878261723719,29.999999999999996,30.000447366547647
53.22999999999798,24507.569243458318,-65.52963096726094,29.999999999999996,30.000451325363276
53.23999999999798,24516.7816723282,-65.49046030352307,29.999999999999996,30.000455232237613
53.249999999997975,24525.99583324088,-65.45127062590703,29.999999999999996,30.00045908706587
53.25999999999797,24535.211726196285,-65.41206193429787,29.999999999999996,30.000462889747855
53.26999999999797,24544.429351194354,-65.3728342285822,29.999999999999996,30.00046664018793
53.27999999999797,24553.64870823502,-65.33358750864826,29.999999999999996,30.000470338295035
53.28999999999797,24562.869797318224,-65.29432177438582,29.999999999999996,30.00047398398264
53.299999999997965,24572.092618443898,-65.25503702568626,29.999999999999996,30.000477577168777
53.30999999999796,24581.317171611983,-65.21573326244255,29.999999999999996,30.000481117775994
53.31999999999796,24590.543456822415,-65.17641048454925,29.999999999999996,30.000484605731362
53.32999999999796,24599.77147407514,-65.13706869190251,29.999999999999996,30.000488040966452
53.33999999999796,24609.001223370095,-65.0977078844001,29.999999999999996,30.000491423417326
53.349999999997955,24618.23270470722,-65.05832806194132,29.999999999999996,30.000494753024523
53.35999999999795,24627.465918086462,-65.01892922442717,29.999999999999996,30.00049802973305
53.36999999999795,24636.700863507762,-64.97951137176015,29.999999999999996,30.00050125349236
53.37999999999795,24645.937540971066,-64.94007450384444,29.999999999999996,30.000504424256352
53.38999999999795,24655.17595047632,-64.90061862058579,29.999999999999996,30.00050754198335
53.399999999997945,24664.41609202347,-64.86114372189154,29.999999999999996,30.00051060663608
53.40999999999794,24673.657965612463,-64.82164980767065,29.999999999999996,30.00051361818167
53.41999999999794,24682.90157124325,-64.78213687783371,29.999999999999996,30.00051657659162
53.42999999999794,24692.146908915773,-64.74260493229286,29.999999999999996,30.00051948184181
53.43999999999794,24701.39397862999,-64.70305397096192,29.999999999999996,30.00052233391245
53.449999999997935,24710.642780385846,-64.66348399375626,29.999999999999996,30.000525132788088
53.45999999999793,24719.893314183297,-64.62389500059288,29.999999999999996,30.000527878457603
53.46999999999793,24729.145580022298,-64.58428699139039,29.999999999999996,30.000530570914165
53.47999999999793,24738.399577902797,-64.544659966069,29.999999999999996,30.000533210155226
53.48999999999793,24747.655307824753,-64.50501392455055,29.999999999999996,30.00053579618251
53.499999999997925,24756.91276978812,-64.46534886675846,29.999999999999996,30.00053832900199
53.50999999999792,24766.171963792858,-64.42566479261778,29.999999999999996,30.000540808623875
53.51999999999792,24775.43288983892,-64.38596170205516,29.999999999999996,30.00054323506258
53.52999999999792,24784.69554792627,-64.34623959499883,29.999999999999996,30.000545608336726
53.53999999999792,24793.95993805486,-64.30649847137869,29.999999999999996,30.00054792846911
53.549999999997915,24803.226060224657,-64.26673833112619,29.999999999999996,30.000550195486685
53.55999999999791,24812.49391443562,-64.22695917417441,29.999999999999996,30.00055240942055
53.56999999999791,24821.763500687714,-64.18716100045802,29.999999999999996,30.000554570305926
53.57999999999791,24831.034818980897,-64.1473438099133,29.999999999999996,30.00055667818214
53.58999999999791,24840.307869315136,-64.10750760247812,29.999999999999996,30.00055873309259
53.599999999997905,24849.582651690398,-64.06765237809198,29.999999999999996,30.00056073508475
53.6099999999979,24858.859166106646,-64.02777813669594,29.999999999999996,30.00056268421014
53.6199999999979,24868.137412563847,-63.9878848782327,29.999999999999996,30.000564580524287
53.6299999999979,24877.41739106197,-63.94797260264651,29.999999999999996,30.000566424086735
53.6399999999979,24886.69910160098,-63.90804130988324,29.999999999999996,30.00056821496101
53.649999999997895,24895.982544180853,-63.868090999890335,29.999999999999996,30.000569953214594
53.65999999999789,24905.267718801555,-63.828121672616845,29.999999999999996,30.0005716389189
53.66999999999789,24914.55462546306,-63.788133328013394,29.999999999999996,30.000573272149275
53.67999999999789,24923.84326416534,-63.74812596603219,29.999999999999996,30.00057485298496
53.68999999999789,24933.13363490837,-63.708099586627036,29.999999999999996,30.000576381509067
53.699999999997885,24942.425737692116,-63.66805418975329,29.999999999999996,30.00057785780855
53.70999999999788,24951.719572516562,-63.627989775367915,29.999999999999996,30.000579281974215
53.71999999999788,24961.01513938168,-63.587906343429424,29.999999999999996,30.000580654100656
53.72999999999788,24970.312438287452,-63.54780389389791,29.999999999999996,30.000581974286266
53.73999999999788,24979.61146923385,-63.50768242673502,29.999999999999996,30.000583242633187
53.749999999997875,24988.912232220853,-63.467541941903995,29.999999999999996,30.00058445924731
53.75999999999787,24998.214727248444,-63.4273824393696,29.999999999999996,30.00058562423824
53.76999999999787,25007.5189543166,-63.387203919098184,29.999999999999996,30.000586737719264
53.77999999999787,25016.82491342531,-63.34700638105764,29.999999999999996,30.000587799807345
53.78999999999787,25026.132604574545,-63.30678982521741,29.999999999999996,30.000588810623093
53.799999999997866,25035.442027764297,-63.26655425154848,29.999999999999996,30.000589770290727
53.80999999999786,25044.753182994544,-63.226299660023386,29.999999999999996,30.000590678938067
53.81999999999786,25054.066070265275,-63.1860260506162,29.999999999999996,30.000591536696504
53.82999999999786,25063.380689576476,-63.145733423302524,29.999999999999996,30.000592343700973
53.83999999999786,25072.69704092813,-63.10542177805949,29.999999999999996,30.000593100089926
53.849999999997856,25082.01512432023,-63.06509111486576,29.999999999999996,30.000593806005316
53.859999999997854,25091.334939752764,-63.024741433701514,29.999999999999996,30.000594461592563
53.86999999999785,25100.65648722572,-62.98437273454846,29.999999999999996,30.00059506700054
53.87999999999785,25109.979766739085,-62.9439850173898,29.999999999999996,30.000595622381514
53.88999999999785,25119.304778292855,-62.903578282210255,29.999999999999996,30.00059612789118
53.899999999997846,25128.63152188702,-62.86315252899604,29.999999999999996,30.000596583688576
53.909999999997844,25137.95999752157,-62.82270775773488,29.999999999999996,30.00059698993609
53.91999999999784,25147.290205196507,-62.78224396841599,29.999999999999996,30.00059734679941
53.92999999999784,25156.622144911817,-62.74176116103007,29.999999999999996,30.00059765444754
53.93999999999784,25165.955816667498,-62.7012593355693,29.999999999999996,30.000597913052722
53.949999999997836,25175.29122046355,-62.660738492027335,29.999999999999996,30.000598122790436
53.959999999997834,25184.628356299967,-62.62019863039931,29.999999999999996,30.000598283839373
53.96999999999783,25193.967224176748,-62.57963975068182,29.999999999999996,30.000598396381413
53.97999999999783,25203.30782409389,-62.53906185287293,29.999999999999996,30.00059846060157
53.98999999999783,25212.650156051393,-62.498464936972155,29.999999999999996,30.000598476688
53.999999999997826,25221.99422004926,-62.45784900298045,29.999999999999996,30.000598444831954
54.009999999997824,25231.34001608749,-62.41721405090023,29.999999999999996,30.00059836522774
54.01999999999782,25240.68754416609,-62.376560080735324,29.999999999999996,30.000598238072726
54.02999999999782,25250.036804285057,-62.33588709249102,29.999999999999996,30.00059806356729
54.03999999999782,25259.387796444396,-62.29519508617402,29.999999999999996,30.000597841914782
54.049999999997816,25268.740520644114,-62.25448406179243,29.999999999999996,30.00059757332154
54.059999999997814,25278.094976884215,-62.2137540193558,29.999999999999996,30.000597257996798
54.06999999999781,25287.451165164704,-62.173004958875055,29.999999999999996,30.000596896152718
54.07999999999781,25296.80908548559,-62.13223688036254,29.999999999999996,30.000596488004323
54.08999999999781,25306.16873784688,-62.09144978383198,29.999999999999996,30.000596033769483
54.099999999997806,25315.530122248587,-62.05064366929851,29.999999999999996,30.00059553366888
54.109999999997804,25324.893238690714,-62.00981853677861,29.999999999999996,30.000594987925982
54.1199999999978,25334.258087173275,-61.96897438629016,29.999999999999996,30.00059439676702
54.1299999999978,25343.62466769628,-61.92811121785238,29.999999999999996,30.00059376042096
54.1399999999978,25352.992980259743,-61.88722903148589,29.999999999999996,30.000593079119447
54.149999999997796,25362.363024863676,-61.84632782721262,29.999999999999996,30.000592353096813
54.159999999997794,25371.73480150809,-61.80540760505587,29.999999999999996,30.00059158259002
54.16999999999779,25381.108310193,-61.764468365040265,29.999999999999996,30.00059076783864
54.17999999999779,25390.483550918423,-61.72351010719177,29.999999999999996,30.000589909084844
54.18999999999779,25399.860523684372,-61.682532831537664,29.999999999999996,30.00058900657334
54.199999999997786,25409.239228490867,-61.64153653810654,29.999999999999996,30.00058806055135
54.209999999997784,25418.619665337923,-61.60052122692832,29.999999999999996,30.00058707126861
54.21999999999778,25428.001834225557,-61.5594868980342,29.999999999999996,30.00058603897729
54.22999999999778,25437.385735153788,-61.518433551456674,29.999999999999996,30.00058496393202
54.23999999999778,25446.771368122638,-61.47736118722953,29.999999999999996,30.000583846389823
54.249999999997776,25456.158733132124,-61.43626980538783,29.999999999999996,30.00058268661008
54.259999999997774,25465.54783018227,-61.3951594059679,29.999999999999996,30.00058148485453
54.26999999999777,25474.938659273095,-61.35402998900733,29.999999999999996,30.000580241387212
54.27999999999777,25484.331220404623,-61.312881554544965,29.999999999999996,30.00057895647445
54.28999999999777,25493.72551357688,-61.27171410262089,29.999999999999996,30.00057763038482
54.299999999997766,25503.121538789885,-61.23052763327643,29.999999999999996,30.000576263389124
54.309999999997764,25512.519296043665,-61.18932214655413,29.999999999999996,30.000574855760338
54.31999999999776,25521.918785338243,-61.148097642497774,29.999999999999996,30.000573407773604
54.32999999999776,25531.320006673646,-61.10685412115234,29.999999999999996,30.000571919706193
54.33999999999776,25540.7229600499,-61.06559158256402,29.999999999999996,30.000570391837478
54.349999999997756,25550.127645467037,-61.024310026780185,29.999999999999996,30.00056882444889
54.359999999997754,25559.534062925082,-60.98300945384941,29.999999999999996,30.0005672178239
54.36999999999775,25568.942212424063,-60.941689863821445,29.999999999999996,30.000565572247986
54.37999999999775,25578.352093964008,-60.9003512567472,29.999999999999996,30.000563888008593
54.38999999999775,25587.76370754495,-60.85899363267875,29.999999999999996,30.00056216539512
54.399999999997746,25597.177053166917,-60.81761699166932,29.999999999999996,30.00056040469887
54.409999999997744,25606.592130829944,-60.77622133377327,29.999999999999996,30.000558606213026
54.41999999999774,25616.00894053406,-60.734806659046114,29.999999999999996,30.000556770232627
54.42999999999774,25625.427482279298,-60.69337296754448,29.999999999999996,30.00055489705453
54.43999999999774,25634.847756065694,-60.65192025932609,29.999999999999996,30.000552986977386
54.449999999997736,25644.26976189328,-60.61044853444981,29.999999999999996,30.00055104030159
54.459999999997734,25653.69349976209,-60.568957792975574,29.999999999999996,30.000549057329273
54.46999999999773,25663.11896967216,-60.52744803496442,29.999999999999996,30.00054703836426
54.47999999999773,25672.546171623526,-60.48591926047847,29.999999999999996,30.00054498371204
54.48999999999773,25681.975105616224,-60.44437146958089,29.999999999999996,30.000542893679725
54.499999999997726,25691.40577165029,-60.402804662335924,29.999999999999996,30.000540768576048
54.509999999997724,25700.838169725765,-60.36121883880887,29.999999999999996,30.0005386087113
54.51999999999772,25710.272299842683,-60.31961399906605,29.999999999999996,30.000536414397313
54.52999999999772,25719.708162001087,-60.27799014317484,29.999999999999996,30.00053418594743
54.53999999999772,25729.145756201015,-60.23634727120363,29.999999999999996,30.000531923676473
54.549999999997716,25738.585082442507,-60.19468538322181,29.999999999999996,30.000529627900708
54.559999999997714,25748.0261407256,-60.153004479299796,29.999999999999996,30.00052729893781
54.56999999999771,25757.46893105034,-60.11130455950898,29.999999999999996,30.000524937106853
54.57999999999771,25766.91345341677,-60.069585623921746,29.999999999999996,30.00052254272825
54.58999999999771,25776.35970782493,-60.02784767261145,29.999999999999996,30.00052011612374
54.599999999997706,25785.80769427486,-59.98609070565241,29.999999999999996,30.000517657616363
54.609999999997704,25795.257412766605,-59.9443147231199,29.999999999999996,30.000515167530406
54.6199999999977,25804.708863300213,-59.902519725090144,29.999999999999996,30.000512646191385
54.6299999999977,25814.162045875724,-59.86070571164029,29.999999999999996,30.000510093926028
54.6399999999977,25823.616960493186,-59.81887268284842,29.999999999999996,30.000507511062217
54.649999999997696,25833.07360715264,-59.77702063879354,29.999999999999996,30.000504897928973
54.659999999997694,25842.531985854137,-59.73514957955553,29.999999999999996,30.000502254856432
54.66999999999769,25851.99209659772,-59.693259505215195,29.999999999999996,30.000499582175795
54.67999999999769,25861.453939383442,-59.65135041585422,29.999999999999996,30.000496880219302
54.68999999999769,25870.917514211345,-59.60942231155514,29.999999999999996,30.00049414932022
54.69999999999769,25880.382821081483,-59.567475192401396,29.999999999999996,30.000491389812787
54.709999999997684,25889.849859993898,-59.525509058477255,29.999999999999996,30.000488602032203
54.71999999999768,25899.31863094864,-59.483523909867834,29.999999999999996,30.000485786314574
54.72999999999768,25908.789133945764,-59.44151974665909,29.999999999999996,30.000482942996907
54.73999999999768,25918.261368985317,-59.39949656893779,29.999999999999996,30.000480072417076
54.74999999999768,25927.735336067348,-59.35745437679154,29.999999999999996,30.000477174913772
54.759999999997675,25937.211035191907,-59.31539317030872,29.999999999999996,30.00047425082649
54.76999999999767,25946.68846635905,-59.273312949578525,29.999999999999996,30.000471300495487
54.77999999999767,25956.167629568827,-59.23121371469093,29.999999999999996,30.00046832426177
54.78999999999767,25965.64852482129,-59.18909546573668,29.999999999999996,30.000465322467047
54.79999999999767,25975.13115211649,-59.14695820280727,29.999999999999996,30.00046229545371
54.809999999997665,25984.61551145448,-59.10480192599496,29.999999999999996,30.000459243564784
54.81999999999766,25994.101602835322,-59.06262663539276,29.999999999999996,30.00045616714393
54.82999999999766,26003.589426259063,-59.02043233109439,29.999999999999996,30.000453066535385
54.83999999999766,26013.078981725757,-58.978219013194305,29.999999999999996,30.000449942083954
54.84999999999766,26022.57026923546,-58.935986681787675,29.999999999999996,30.000446794134962
54.859999999997655,26032.063288788228,-58.89373533697035,29.999999999999996,30.00044362303424
54.86999999999765,26041.558040384116,-58.85146497883889,29.999999999999996,30.000440429128073
54.87999999999765,26051.05452402318,-58.80917560749052,29.999999999999996,30.000437212763202
54.88999999999765,26060.55273970548,-58.76686722302315,29.999999999999996,30.000433974286764
54.89999999999765,26070.052687431067,-58.72453982553532,29.999999999999996,30.000430714046292
54.909999999997645,26079.554367200002,-58.682193415126235,29.999999999999996,30.00042743238966
54.91999999999764,26089.057779012343,-58.63982799189575,29.999999999999996,30.000424129665063
54.92999999999764,26098.562922868146,-58.597443555944324,29.999999999999996,30.000420806220994
54.93999999999764,26108.069798767472,-58.55504010737304,29.999999999999996,30.0004174624062
54.94999999999764,26117.578406710378,-58.51261764628358,29.999999999999996,30.00041409856967
54.959999999997635,26127.08874669692,-58.47017617277824,29.999999999999996,30.000410715060603
54.96999999999763,26136.600818727165,-58.42771568695988,29.999999999999996,30.000407312228365
54.97999999999763,26146.114622801168,-58.38523618893194,29.999999999999996,30.00040389042248
54.98999999999763,26155.63015891899,-58.34273767879843,29.999999999999996,30.000400449992583
54.99999999999763,26165.14742708069,-58.3002201566639,29.999999999999996,30.000396991288405
55.009999999997625,26174.66642728633,-58.257683622633444,29.999999999999996,30.000393514659745
55.01999999999762,26184.18715953597,-58.2151280768127,29.999999999999996,30.000390020456425
55.02999999999762,26193.70962382967,-58.17255351930781,29.999999999999996,30.000386509028285
55.03999999999762,26203.233820167494,-58.12995995022545,29.999999999999996,30.00038298072513
55.04999999999762,26212.759748549503,-58.08734736967276,29.999999999999996,30.000379435896733
55.059999999997615,26222.28740897576,-58.0447157777574,29.999999999999996,30.000375874892775
55.06999999999761,26231.816801446326,-58.0020651745875,29.999999999999996,30.000372298062842
55.07999999999761,26241.347925961265,-57.959395560271645,29.999999999999996,30.000368705756383
55.08999999999761,26250.88078252064,-57.91670693491889,29.999999999999996,30.000365098322693
55.09999999999761,26260.415371124513,-57.873999298638736,29.999999999999996,30.000361476110868
55.109999999997605,26269.95169177295,-57.83127265154112,29.999999999999996,30.000357839469803
55.1199999999976,26279.48974446601,-57.7885269937364,29.999999999999996,30.000354188748144
55.1299999999976,26289.02952920376,-57.74576232533535,29.999999999999996,30.000350524294277
55.1399999999976,26298.571045986264,-57.702978646449154,29.999999999999996,30.000346846456274
55.1499999999976,26308.114294813586,-57.66017595718939,29.999999999999996,30.000343155581913
55.159999999997595,26317.65927568579,-57.61735425766801,29.999999999999996,30.0003394520186
55.16999999999759,26327.205988602942,-57.574513547997356,29.999999999999996,30.00033573611338
55.17999999999759,26336.754433565107,-57.53165382829011,29.999999999999996,30.000332008212894
55.18999999999759,26346.30461057235,-57.48877509865932,29.999999999999996,30.000328268663345
55.19999999999759,26355.85651962474,-57.44587735921837,29.999999999999996,30.000324517810512
55.209999999997585,26365.41016072234,-57.402960610080996,29.999999999999996,30.00032075599966
55.21999999999758,26374.965533865212,-57.360024851361224,29.999999999999996,30.00031698357557
55.22999999999758,26384.522639053426,-57.317070083173405,29.999999999999996,30.00031320088249
55.23999999999758,26394.081476287047,-57.27409630563219,29.999999999999996,30.000309408264116
55.24999999999758,26403.642045566143,-57.23110351885253,29.999999999999996,30.000305606063552
55.259999999997575,26413.204346890776,-57.18809172294963,29.999999999999996,30.000301794623304
55.26999999999757,26422.76838026102,-57.145060918038986,29.999999999999996,30.000297974285246
55.27999999999757,26432.334145676934,-57.10201110423634,29.999999999999996,30.0002941453906
55.28999999999757,26441.90164313859,-57.05894228165769,29.999999999999996,30.0002903082799
55.29999999999757,26451.470872646052,-57.015854450419276,29.999999999999996,30.00028646329298
55.309999999997565,26461.04183419939,-56.97274761063755,29.999999999999996,30.000282610768945
55.31999999999756,26470.614527798672,-56.92962176242919,29.999999999999996,30.000278751046142
55.32999999999756,26480.188953443965,-56.886476905911096,29.999999999999996,30.00027488446215
55.33999999999756,26489.765111135333,-56.84331304120034,29.999999999999996,30.000271011353735
55.34999999999756,26499.343000872846,-56.80013016841419,29.999999999999996,30.000267132056845
55.359999999997555,26508.922622656573,-56.75692828767011,29.999999999999996,30.00026324690658
55.36999999999755,26518.503976486583,-56.71370739908569,29.999999999999996,30.000259356237166
55.37999999999755,26528.08706236294,-56.67046750277873,29.999999999999996,30.000255460381926
55.38999999999755,26537.671880285714,-56.62720859886712,29.999999999999996,30.00025155967328
55.39999999999755,26547.258430254973,-56.583930687468936,29.999999999999996,30.000247654442695
55.409999999997545,26556.846712270784,-56.54063376870235,29.999999999999996,30.000243745020672
55.41999999999754,26566.436726333217,-56.49731784268566,29.999999999999996,30.000239831736735
55.42999999999754,26576.02847244234,-56.453982909537274,29.999999999999996,30.0002359149194
55.43999999999754,26585.621950598223,-56.41062896937569,29.999999999999996,30.000231994896136
55.44999999999754,26595.217160800934,-56.36725602231951,29.999999999999996,30.000228071993376
55.459999999997535,26604.81410305054,-56.32386406848738,29.999999999999996,30.000224146536468
55.46999999999753,26614.41277734711,-56.28045310799805,29.999999999999996,30.000220218849663
55.47999999999753,26624.01318369071,-56.2370231409703,29.999999999999996,30.000216289256098
55.48999999999753,26633.615322081412,-56.193574167522975,29.999999999999996,30.00021235807777
55.49999999999753,26643.219192519286,-56.15010618777495,29.999999999999996,30.00020842563551
55.509999999997525,26652.8247950044,-56.10661920184514,29.999999999999996,30.00020449224897
55.51999999999752,26662.432129536817,-56.06311320985246,29.999999999999996,30.00020055823659
55.52999999999752,26672.04119611661,-56.019588211915845,29.999999999999996,30.0001966239156
55.53999999999752,26681.65199474385,-55.976044208154235,29.999999999999996,30.00019268960198
55.54999999999752,26691.264525418603,-55.932481198686546,29.999999999999996,30.000188755610452
55.559999999997515,26700.878788140937,-55.888899183631686,29.999999999999996,30.00018482225444
55.56999999999751,26710.494782910922,-55.84529816310854,29.999999999999996,30.00018088984607
55.57999999999751,26720.112509728624,-55.80167813723593,29.999999999999996,30.000176958696144
55.58999999999751,26729.731968594115,-55.758039106132664,29.999999999999996,30.000173029114123
55.59999999999751,26739.353159507464,-55.714381069917465,29.999999999999996,30.000169101408105
55.609999999997505,26748.976082468736,-55.670704028709004,29.999999999999996,30.000165175884796
55.6199999999975,26758.600737478002,-55.62700798262588,29.999999999999996,30.00016125284951
55.6299999999975,26768.22712453533,-55.58329293178659,29.999999999999996,30.000157332606133
55.6399999999975,26777.855243640784,-55.539558876309556,29.999999999999996,30.000153415457124
55.6499999999975,26787.48509479444,-55.495805816313094,29.999999999999996,30.000149501703472
55.659999999997495,26797.11667799636,-55.4520337519154,29.999999999999996,30.0001455916447
55.66999999999749,26806.749993246616,-55.40824268323456,29.999999999999996,30.00014168557883
55.67999999999749,26816.385040545276,-55.36443261038852,29.999999999999996,30.000137783802376
55.68999999999749,26826.021819892405,-55.32060353349509,29.999999999999996,30.00013388661033
55.69999999999749,26835.660331288072,-55.276755452671935,29.999999999999996,30.000129994296124
55.709999999997486,26845.300574732348,-55.23288836803656,29.999999999999996,30.000126107151626
55.71999999999748,26854.942550225296,-55.18900227970632,29.999999999999996,30.000122225467138
55.72999999999748,26864.586257766987,-55.14509718779838,29.999999999999996,30.000118349531352
55.73999999999748,26874.23169735749,-55.10117309242972,29.999999999999996,30.00011447963134
55.74999999999748,26883.878868996868,-55.05722999371714,29.999999999999996,30.00011061605256
55.759999999997476,26893.52777268519,-55.01326789177723,29.999999999999996,30.00010675907881
55.769999999997474,26903.178408422522,-54.96928678672639,29.999999999999996,30.00010290899223
55.77999999999747,26912.830776208935,-54.925286678680784,29.999999999999996,30.000099066073275
55.78999999999747,26922.48487604449,-54.88126756775636,29.999999999999996,30.000095230600714
55.79999999999747,26932.140707929262,-54.83722945406883,29.999999999999996,30.000091402851595
55.809999999997466,26941.79827186331,-54.793172337733665,29.999999999999996,30.00008758310124
55.819999999997464,26951.457567846704,-54.749096218866086,29.999999999999996,30.000083771623242
55.82999999999746,26961.11859587951,-54.705001097581054,29.999999999999996,30.000079968689427
55.83999999999746,26970.781355961793,-54.660886973993264,29.999999999999996,30.000076174569852
55.84999999999746,26980.445848093623,-54.616753848217144,29.999999999999996,30.00007238953279
55.859999999997456,26990.11207227506,-54.572601720366826,29.999999999999996,30.00006861384471
55.869999999997454,26999.780028506175,-54.52843059055616,29.999999999999996,30.000064847770275
55.87999999999745,27009.44971678703,-54.484240458898704,29.999999999999996,30.00006109157232
55.88999999999745,27019.12113711769,-54.44003132550769,29.999999999999996,30.00005734551183
55.89999999999745,27028.794289498226,-54.39580319049605,29.999999999999996,30.000053609847935
55.909999999997446,27038.469173928697,-54.351556053976395,29.999999999999996,30.000049884837914
55.919999999997444,27048.14579040917,-54.307289916060995,29.999999999999996,30.000046170737146
55.92999999999744,27057.824138939708,-54.2630047768618,29.999999999999996,30.000042467799116
55.93999999999744,27067.50421952038,-54.2187006364904,29.999999999999996,30.00003877627542
55.94999999999744,27077.186032151243,-54.17437749505803,29.999999999999996,30.00003509641571
55.959999999997436,27086.869576832367,-54.130035352675584,29.999999999999996,30.00003142846773
55.969999999997434,27096.55485356381,-54.085674209453565,29.999999999999996,30.000027772677264
55.97999999999743,27106.241862345643,-54.04129406550212,29.999999999999996,30.000024129288146
55.98999999999743,27115.930603177927,-53.996894920931005,29.999999999999996,30.00002049854224
55.99999999999743,27125.621076060725,-53.95247677584959,29.999999999999996,30.00001688067944
56.009999999997426,27135.313280994098,-53.90803963036684,29.999999999999996,30.000013275937633
56.019999999997424,27145.00721797811,-53.863583484591324,29.999999999999996,30.00000968455272
56.02999999999742,27154.70288701282,-53.8191083386312,29.999999999999996,30.000006106758576
56.03999999999742,27164.400288098295,-53.774614192594214,29.999999999999996,30.000002542787076
56.04999999999742,27174.099421234594,-53.73010104658767,29.999999999999996,29.999998992868033
56.059999999997416,27183.80028642178,-53.68556890071845,29.999999999999996,29.999995457229236
56.069999999997414,27193.502883659916,-53.641017755093,29.999999999999996,29.99999193609642
56.07999999999741,27203.20721294906,-53.596447609817325,29.999999999999996,29.999988429693243
56.08999999999741,27212.913274289273,-53.55185846499697,29.999999999999996,29.999984938241308
56.09999999999741,27222.62106768062,-53.507250320737015,29.999999999999996,29.99998146196012
56.109999999997406,27232.330593123155,-53.46262317714209,29.999999999999996,29.999978001067102
56.119999999997404,27242.041850616944,-53.417977034316344,29.999999999999996,29.99997455577757
56.1299999999974,27251.754840162044,-53.373311892363446,29.999999999999996,29.999971126304736
56.1399999999974,27261.469561758517,-53.32862775138659,29.999999999999996,29.999967712859686
56.1499999999974,27271.18601540642,-53.28392461148847,29.999999999999996,29.99996431565139
56.159999999997396,27280.90420110581,-53.2392024727713,29.999999999999996,29.999960934886676
56.169999999997394,27290.62411885675,-53.194461335336754,29.999999999999996,29.999957570770224
56.17999999999739,27300.345768659296,-53.149701199286035,29.999999999999996,29.99995422350458
56.18999999999739,27310.069150513507,-53.10492206471981,29.999999999999996,29.99995089329012
56.19999999999739,27319.79426441944,-53.06012393173823,29.999999999999996,29.999947580325056
56.209999999997386,27329.521110377154,-53.015306800440925,29.999999999999996,29.99994428480542
56.219999999997384,27339.249688386706,-52.97047067092698,29.999999999999996,29.999941006925077
56.22999999999738,27348.97999844815,-52.925615543294946,29.999999999999996,29.999937746875702
56.23999999999738,27358.712040561546,-52.88074141764283,29.999999999999996,29.999934504846777
56.24999999999738,27368.445814726947,-52.835848294068086,29.999999999999996,29.999931281025578
56.259999999997376,27378.18132094441,-52.79093617266762,29.999999999999996,29.999928075597186
56.269999999997374,27387.918559213995,-52.746005053537765,29.999999999999996,29.99992488874446
56.27999999999737,27397.65752953575,-52.7010549367743,29.999999999999996,29.99992172064804
56.28999999999737,27407.398231909738,-52.65608582247241,29.999999999999996,29.999918571486358
56.29999999999737,27417.140666336007,-52.61109771072673,29.999999999999996,29.9999154414356
56.309999999997366,27426.884832814612,-52.566090601631295,29.999999999999996,29.999912330669734
56.319999999997364,27436.630731345613,-52.52106449527955,29.999999999999996,29.999909239360473
56.32999999999736,27446.378361929055,-52.47601939176436,29.999999999999996,29.999906167677306
56.33999999999736,27456.127724564998,-52.43095529117798,29.999999999999996,29.999903115787454
56.34999999999736,27465.878819253492,-52.385872193612066,29.999999999999996,29.9999000838559
56.359999999997356,27475.63164599459,-52.340770099157666,29.999999999999996,29.999897072045364
56.369999999997354,27485.38620478834,-52.29564900790521,29.999999999999996,29.999894080516306
56.37999999999735,27495.142495634802,-52.25050891994452,29.999999999999996,29.99989110942692
56.38999999999735,27504.900518534025,-52.205349835364785,29.999999999999996,29.99988815893314
56.39999999999735,27514.660273486057,-52.16017175425457,29.999999999999996,29.99988522918862
56.409999999997346,27524.42176049095,-52.11497467670181,29.999999999999996,29.999882320344746
56.419999999997344,27534.184979548754,-52.06975860279381,29.999999999999996,29.999879432550618
56.42999999999734,27543.94993065952,-52.02452353261722,29.999999999999996,29.999876565953063
56.43999999999734,27553.7166138233,-51.97926946625806,29.999999999999996,29.999873720696623
56.44999999999734,27563.48502904014,-51.93399640380168,29.999999999999996,29.99987089692355
56.459999999997336,27573.25517631009,-51.8887043453328,29.999999999999996,29.999868094773817
56.469999999997334,27583.027055633196,-51.84339329093547,29.999999999999996,29.9998653143851
56.47999999999733,27592.80066700951,-51.79806324069307,29.999999999999996,29.999862555892786
56.48999999999733,27602.57601043908,-51.75271419468833,29.999999999999996,29.99985981942997
56.49999999999733,27612.35308592195,-51.70734615300331,29.999999999999996,29.99985710512745
56.509999999997326,27622.13189345817,-51.66195911571938,29.999999999999996,29.999854413113734
56.519999999997324,27631.912433047783,-51.61655308291724,29.999999999999996,29.999851743515023
56.52999999999732,27641.69470469084,-51.571128054676926,29.999999999999996,29.999849096455225
56.53999999999732,27651.47870838738,-51.52568403107776,29.999999999999996,29.999846472055946
56.54999999999732,27661.264444137458,-51.48022101219839,29.999999999999996,29.999843870436504
56.559999999997316,27671.05191194111,-51.43473899811678,29.999999999999996,29.999841291713903
56.569999999997314,27680.841111798385,-51.389237988910175,29.999999999999996,29.999838736002857
56.57999999999731,27690.632043709327,-51.34371798465514,29.999999999999996,29.999836203415775
56.58999999999731,27700.424707673978,-51.29817898542755,29.999999999999996,29.999833694062765
56.59999999999731,27710.219103692383,-51.252620991302535,29.999999999999996,29.999831208051642
56.60999999999731,27720.015231764584,-51.20704400235455,29.999999999999996,29.99982874548792
56.619999999997304,27729.813091890624,-51.16144801865732,29.999999999999996,29.999826306474816
56.6299999999973,27739.612684070547,-51.11583304028386,29.999999999999996,29.999823891113248
56.6399999999973,27749.414008304393,-51.070199067306476,29.999999999999996,29.999821499501834
56.6499999999973,27759.2170645922,-51.024546099796744,29.999999999999996,29.99981913173691
56.6599999999973,27769.021852934016,-50.978874137825514,29.999999999999996,29.999816787912504
56.669999999997295,27778.828373329878,-50.933183181462915,29.999999999999996,29.999814468120363
56.67999999999729,27788.63662577982,-50.88747323077835,29.999999999999996,29.99981217244994
56.68999999999729,27798.446610283892,-50.84174428584048,29.999999999999996,29.9998099009884
56.69999999999729,27808.25832684213,-50.79599634671724,29.999999999999996,29.999807653820632
56.70999999999729,27818.07177545457,-50.75022941347582,29.999999999999996,29.999805431029223
56.719999999997285,27827.88695612125,-50.70444348618268,29.999999999999996,29.999803232694504
56.72999999999728,27837.70386884221,-50.65863856490354,29.999999999999996,29.9998010588945
56.73999999999728,27847.52251361749,-50.61281464970336,29.999999999999996,29.999798909704992
56.74999999999728,27857.342890447122,-50.566971740646366,29.999999999999996,29.99979678519946
56.75999999999728,27867.164999331144,-50.52110983779604,29.999999999999996,29.999794685449142
56.769999999997275,27876.988840269594,-50.4752289412151,29.999999999999996,29.99979261052298
56.77999999999727,27886.814413262506,-50.42932905096552,29.999999999999996,29.99979056048769
56.78999999999727,27896.64171830992,-50.38341016710852,29.999999999999996,29.9997885354077
56.79999999999727,27906.47075541186,-50.337472289704564,29.999999999999996,29.99978653534519
56.80999999999727,27916.301524568375,-50.29151541881335,29.999999999999996,29.99978456036011
56.819999999997265,27926.134025779487,-50.245539554493824,29.999999999999996,29.999782610510138
56.82999999999726,27935.968259045236,-50.19954469680417,29.999999999999996,29.999780685850727
56.83999999999726,27945.804224365653,-50.153530845801804,29.999999999999996,29.999778786435087
56.84999999999726,27955.64192174077,-50.107498001543384,29.999999999999996,29.999776912314193
56.85999999999726,27965.481351170623,-50.0614461640848,29.999999999999996,29.999775063536802
56.869999999997255,27975.322512655242,-50.015375333481174,29.999999999999996,29.999773240149434
56.87999999999725,27985.165406194657,-49.96928550978686,29.999999999999996,29.9997714421964
56.88999999999725,27995.0100317889,-49.92317669305543,29.999999999999996,29.999769669719807
56.89999999999725,28004.856389438002,-49.877048883339704,29.999999999999996,29.99976792275954
56.90999999999725,28014.70447914199,-49.830902080691715,29.999999999999996,29.999766201353292
56.919999999997245,28024.554300900894,-49.78473628516273,29.999999999999996,29.999764505536557
56.92999999999724,28034.405854714747,-49.73855149680324,29.999999999999996,29.999762835342654
56.93999999999724,28044.259140583574,-49.692347715662954,29.999999999999996,29.999761190802698
56.94999999999724,28054.114158507407,-49.646124941790816,29.999999999999996,29.999759571945635
56.95999999999724,28063.97090848627,-49.599883175234986,29.999999999999996,29.999757978798247
56.969999999997235,28073.829390520194,-49.55362241604285,29.999999999999996,29.999756411385142
56.97999999999723,28083.6896046092,-49.507342664261,29.999999999999996,29.999754869728783
56.98999999999723,28093.55155075332,-49.46104391993528,29.999999999999996,29.99975335384947
56.99999999999723,28103.41522895258,-49.414726183110716,29.999999999999996,29.999751863765365
57.00999999999723,28113.280639207005,-49.36838945383159,29.999999999999996,29.99975039949249
57.019999999997225,28123.147781516618,-49.32203373214138,29.999999999999996,29.999748961044755
57.02999999999722,28133.016655881445,-49.275659018082784,29.999999999999996,29.999747548433923
57.03999999999722,28142.88726230151,-49.22926531169772,29.999999999999996,29.99974616166966
57.04999999999722,28152.759600776833,-49.18285261302734,29.999999999999996,29.999744800759522
57.05999999999722,28162.633671307445,-49.136420922112,29.999999999999996,29.999743465708967
57.069999999997215,28172.509473893362,-49.08997023899128,29.999999999999996,29.99974215652135
57.07999999999721,28182.38700853461,-49.043500563703965,29.999999999999996,29.99974087319797
57.08999999999721,28192.26627523121,-48.99701189628808,29.999999999999996,29.999739615738022
57.09999999999721,28202.147273983184,-48.950504236780844,29.999999999999996,29.99973838413866
57.10999999999721,28212.03000479055,-48.90397758521872,29.999999999999996,29.99973717839496
57.119999999997205,28221.914467653336,-48.857431941637365,29.999999999999996,29.999735998499965
57.1299999999972,28231.800662571553,-48.81086730607167,29.999999999999996,29.999734844444667
57.1399999999972,28241.68858954523,-48.76428367855574,29.999999999999996,29.99973371621804
57.1499999999972,28251.578248574377,-48.71768105912291,29.999999999999996,29.999732613807016
57.1599999999972,28261.46963965902,-48.67105944780571,29.999999999999996,29.999731537196535
57.169999999997195,28271.362762799174,-48.62441884463592,29.999999999999996,29.99973048636952
57.17999999999719,28281.257617994856,-48.57775924964452,29.999999999999996,29.999729461306902
57.18999999999719,28291.154205246086,-48.531080662861726,29.999999999999996,29.999728461987633
57.19999999999719,28301.05252455288,-48.48438308431697,29.999999999999996,29.999727488388682
57.20999999999719,28310.952575915253,-48.437666514038895,29.999999999999996,29.99972654048505
57.219999999997185,28320.85435933322,-48.39093095205539,29.999999999999996,29.999725618249798
57.22999999999718,28330.757874806804,-48.344176398393564,29.999999999999996,29.99972472165403
57.23999999999718,28340.663122336013,-48.29740285307974,29.999999999999996,29.99972385066691
57.24999999999718,28350.570101920865,-48.25061031613947,29.999999999999996,29.999723005255685
57.25999999999718,28360.47881356137,-48.20379878759755,29.999999999999996,29.999722185385682
57.269999999997175,28370.38925725755,-48.156968267477986,29.999999999999996,29.999721391020334
57.27999999999717,28380.301433009412,-48.110118755804024,29.999999999999996,29.999720622121163
57.28999999999717,28390.21534081697,-48.06325025259814,29.999999999999996,29.999719878647817
57.29999999999717,28400.130980680235,-48.01636275788204,29.999999999999996,29.99971916055807
57.30999999999717,28410.048352599224,-47.96945627167667,29.999999999999996,29.999718467807842
57.319999999997165,28419.967456573944,-47.9225307940022,29.999999999999996,29.999717800351192
57.32999999999716,28429.88829260441,-47.87558632487805,29.999999999999996,29.99971715814033
57.33999999999716,28439.810860690628,-47.828622864322874,29.999999999999996,29.999716541125668
57.34999999999716,28449.735160832613,-47.78164041235456,29.999999999999996,29.999715949255773
57.35999999999716,28459.661193030373,-47.73463896899025,29.999999999999996,29.999715382477415
57.369999999997155,28469.58895728392,-47.687618534246305,29.999999999999996,29.99971484073557
57.37999999999715,28479.518453593257,-47.640579108138354,29.999999999999996,29.999714323973443
57.38999999999715,28489.4496819584,-47.593520690681274,29.999999999999996,29.999713832132443
57.39999999999715,28499.382642379347,-47.54644328188917,29.999999999999996,29.999713365152232
57.40999999999715,28509.317334856114,-47.499346881775416,29.999999999999996,29.999712922970733
57.419999999997145,28519.253759388706,-47.45223149035263,29.999999999999996,29.99971250552412
57.42999999999714,28529.19191597713,-47.405097107632685,29.999999999999996,29.999712112746856
57.43999999999714,28539.131804621396,-47.35794373362671,29.999999999999996,29.99971174457168
57.44999999999714,28549.073425321505,-47.310771368345094,29.999999999999996,29.999711400929638
57.45999999999714,28559.016778077465,-47.26358001179749,29.999999999999996,29.99971108175009
57.469999999997135,28568.96186288928,-47.2163696639928,29.999999999999996,29.999710786960723
57.47999999999713,28578.908679756954,-47.16914032493921,29.999999999999996,29.999710516487553
57.48999999999713,28588.857228680492,-47.12189199464416,29.999999999999996,29.99971027025496
57.49999999999713,28598.8075096599,-47.074624673114364,29.999999999999996,29.999710048185673
57.50999999999713,28608.759522695178,-47.027338360355806,29.999999999999996,29.999709850200805
57.519999999997125,28618.71326778633,-46.98003305637374,29.999999999999996,29.999709676219865
57.52999999999712,28628.668744933362,-46.93270876117271,29.999999999999996,29.99970952616075
57.53999999999712,28638.62595413627,-46.88536547475653,29.999999999999996,29.999709399939782
57.54999999999712,28648.584895395063,-46.8380031971283,29.999999999999996,29.9997092974717
57.55999999999712,28658.545568709735,-46.7906219282904,29.999999999999996,29.99970921866969
57.569999999997115,28668.50797408029,-46.743221668244495,29.999999999999996,29.999709163445395
57.57999999999711,28678.472111506733,-46.69580241699155,29.999999999999996,29.999709131708926
57.58999999999711,28688.43798098906,-46.648364174531814,29.999999999999996,29.99970912336886
57.59999999999711,28698.40558252727,-46.60090694086484,29.999999999999996,29.99970913833229
57.60999999999711,28708.374916121364,-46.553430715989464,29.999999999999996,29.999709176504798
57.619999999997106,28718.345981771337,-46.50593549990384,29.999999999999996,29.999709237790498
57.6299999999971,28728.318779477195,-46.45842129260542,29.999999999999996,29.99970932209203
57.6399999999971,28738.29330923893,-46.410888094090964,29.999999999999996,29.999709429310588
57.6499999999971,28748.269571056542,-46.36333590435654,29.999999999999996,29.999709559345927
57.6599999999971,28758.24756493003,-46.31576472339753,29.999999999999996,29.999709712096376
57.669999999997096,28768.227290859384,-46.26817455120863,29.999999999999996,29.99970988745886
57.679999999997094,28778.20874884461,-46.220565387783864,29.999999999999996,29.999710085328896
57.68999999999709,28788.191938885695,-46.17293723311656,29.999999999999996,29.999710305600622
57.69999999999709,28798.176860982643,-46.1252900871994,29.999999999999996,29.999710548166814
57.70999999999709,28808.163515135446,-46.077623950024375,29.999999999999996,29.999710812918888
57.719999999997086,28818.1519013441,-46.02993882158282,29.999999999999996,29.99971109974692
57.729999999997084,28828.142019608596,-45.98223470186539,29.999999999999996,29.99971140853966
57.73999999999708,28838.13386992893,-45.93451159086209,29.999999999999996,29.999711739184544
57.74999999999708,28848.127452305096,-45.88676948856227,29.999999999999996,29.999712091567723
57.75999999999708,28858.12276673709,-45.83900839495463,29.999999999999996,29.99971246557404
57.769999999997076,28868.119813224905,-45.79122831002721,29.999999999999996,29.99971286108708
57.779999999997074,28878.11859176853,-45.7434292337674,29.999999999999996,29.999713277989184
57.78999999999707,28888.119102367957,-45.69561116616197,29.999999999999996,29.99971371616144
57.79999999999707,28898.12134502318,-45.647774107197016,29.999999999999996,29.999714175483714
57.80999999999707,28908.125319734194,-45.59991805685803,29.999999999999996,29.999714655834662
57.819999999997066,28918.131026500985,-45.552043015129854,29.999999999999996,29.99971515709174
57.829999999997064,28928.138465323547,-45.50414898199671,29.999999999999996,29.999715679131224
57.83999999999706,28938.14763620187,-45.45623595744218,29.999999999999996,29.999716221828212
57.84999999999706,28948.15853913594,-45.408303941449255,29.999999999999996,29.99971678505667
57.85999999999706,28958.171174125753,-45.36035293400028,29.999999999999996,29.999717368689407
57.869999999997056,28968.185541171297,-45.312382935077004,29.999999999999996,29.999717972598116
57.879999999997054,28978.201640272557,-45.26439394466056,29.999999999999996,29.99971859665339
57.88999999999705,28988.219471429526,-45.21638596273148,29.999999999999996,29.99971924072471
57.89999999999705,28998.239034642193,-45.168358989269684,29.999999999999996,29.999719904680486
57.90999999999705,29008.260329910543,-45.120313024254514,29.999999999999996,29.999720588388058
57.919999999997046,29018.283357234566,-45.0722480676647,29.999999999999996,29.999721291713733
57.929999999997044,29028.308116614247,-45.0241641194784,29.999999999999996,29.999722014522767
57.93999999999704,29038.334608049576,-44.976061179673174,29.999999999999996,29.999722756679407
57.94999999999704,29048.362831540537,-44.927939248226004,29.999999999999996,29.999723518046885
57.95999999999704,29058.392787087116,-44.8797983251133,29.999999999999996,29.99972429848745
57.969999999997036,29068.424474689302,-44.831638410310894,29.999999999999996,29.99972509786237
57.979999999997034,29078.457894347077,-44.78345950379406,29.999999999999996,29.999725916031966
57.98999999999703,29088.49304606043,-44.735261605537495,29.999999999999996,29.999726752855597
57.99999999999703,29098.529929829347,-44.68704471551534,29.999999999999996,29.9997276081917
58.00999999999703,29108.56854565381,-44.63880883370119,29.999999999999996,29.999728481897815
58.019999999997026,29118.6088935338,-44.59055396006808,29.999999999999996,29.999729373830547
58.029999999997024,29128.65097346931,-44.54228009458849,29.999999999999996,29.999730283845643
58.03999999999702,29138.694785460317,-44.49398723723438,29.999999999999996,29.99973121179797
58.04999999999702,29148.740329506803,-44.445675387977154,29.999999999999996,29.99973215754155
58.05999999999702,29158.787605608755,-44.39734454678769,29.999999999999996,29.999733120929548
58.069999999997016,29168.836613766158,-44.34899471363634,29.999999999999996,29.999734101814315
58.079999999997014,29178.88735397899,-44.30062588849292,29.999999999999996,29.9997351000474
58.08999999999701,29188.939826247235,-44.25223807132674,29.999999999999996,29.99973611547955
58.09999999999701,29198.994030570877,-44.203831262106576,29.999999999999996,29.999737147960733
58.10999999999701,29209.049966949897,-44.15540546080072,29.999999999999996,29.999738197340154
58.119999999997006,29219.107635384273,-44.10696066737694,29.999999999999996,29.999739263466267
58.129999999997004,29229.16703587399,-44.0584968818025,29.999999999999996,29.999740346186808
58.139999999997,29239.228168419027,-44.010014104044174,29.999999999999996,29.999741445348764
58.149999999997,29249.291033019363,-43.961512334068246,29.999999999999996,29.999742560798445
58.159999999997,29259.35562967498,-43.9129915718405,29.999999999999996,29.99974369238146
58.169999999996996,29269.42195838586,-43.86445181732625,29.999999999999996,29.99974483994276
58.179999999996994,29279.49001915198,-43.815893070490326,29.999999999999996,29.999746003326617
58.18999999999699,29289.55981197332,-43.767315331297084,29.999999999999996,29.999747182376673
58.19999999999699,29299.631336849856,-43.71871859971042,29.999999999999996,29.999748376935937
58.20999999999699,29309.70459378157,-43.67010287569375,29.999999999999996,29.999749586846814
58.219999999996986,29319.779582768446,-43.62146815921004,29.999999999999996,29.999750811951095
58.229999999996984,29329.856303810455,-43.572814450221806,29.999999999999996,29.99975205209001
58.23999999999698,29339.934756907576,-43.5241417486911,29.999999999999996,29.999753307104196
58.24999999999698,29350.014942059788,-43.47545005457955,29.999999999999996,29.999754576833755
58.25999999999698,29360.09685926707,-43.42673936784832,29.999999999999996,29.99975586111825
58.269999999996976,29370.180508529396,-43.37800968845816,29.999999999999996,29.99975715979672
58.279999999996974,29380.265889846745,-43.32926101636937,29.999999999999996,29.99975847270769
58.28999999999697,29390.353003219094,-43.28049335154185,29.999999999999996,29.999759799689198
58.29999999999697,29400.44184864642,-43.23170669393505,29.999999999999996,29.999761140578805
58.30999999999697,29410.5324261287,-43.18290104350803,29.999999999999996,29.99976249521361
58.319999999996966,29420.624735665908,-43.13407640021942,29.999999999999996,29.999763863430257
58.329999999996964,29430.718777258022,-43.08523276402746,29.999999999999996,29.999765245064967
58.33999999999696,29440.814550905015,-43.03637013488998,29.999999999999996,29.99976663995353
58.34999999999696,29450.912056606863,-42.987488512764415,29.999999999999996,29.999768047931344
58.35999999999696,29461.011294363543,-42.93858789760781,29.999999999999996,29.99976946883341
58.369999999996956,29471.11226417503,-42.88966828937683,29.999999999999996,29.99977090249436
58.379999999996954,29481.214966041298,-42.84072968802775,29.999999999999996,29.99977234874847
58.38999999999695,29491.31939996232,-42.79177209351648,29.999999999999996,29.99977380742966
58.39999999999695,29501.425565938072,-42.74279550579855,29.999999999999996,29.999775278371533
58.40999999999695,29511.533463968528,-42.69379992482913,29.999999999999996,29.99977676140737
58.419999999996946,29521.643094053663,-42.644785350563026,29.999999999999996,29.999778256370146
58.429999999996944,29531.75445619345,-42.595751782954686,29.999999999999996,29.99977976309257
58.43999999999694,29541.86755038786,-42.546699221958214,29.999999999999996,29.999781281407046
58.44999999999694,29551.982376636868,-42.49762766752737,29.999999999999996,29.99978281114576
58.45999999999694,29562.098934940448,-42.44853711961556,29.999999999999996,29.999784352140622
58.469999999996936,29572.217225298573,-42.39942757817587,29.999999999999996,29.999785904223337
58.479999999996934,29582.337247711213,-42.35029904316105,29.999999999999996,29.99978746722538
58.48999999999693,29592.459002178344,-42.30115151452353,29.999999999999996,29.99978904097804
58.49999999999693,29602.582488699936,-42.25198499221541,29.999999999999996,29.999790625312414
58.50999999999693,29612.707707275964,-42.20279947618848,29.999999999999996,29.99979222005942
58.51999999999693,29622.834657906395,-42.15359496639422,29.999999999999996,29.999793825049835
58.529999999996924,29632.963340591203,-42.10437146278382,29.999999999999996,29.99979544011428
58.53999999999692,29643.093755330363,-42.055128965308135,29.999999999999996,29.99979706508326
58.54999999999692,29653.225902123842,-42.00586747391777,29.999999999999996,29.999798699787164
58.55999999999692,29663.359780971616,-41.956586988563004,29.999999999999996,29.99980034405626
58.56999999999692,29673.49539187365,-41.90728750919385,29.999999999999996,29.999801997720763
58.579999999996915,29683.63273482992,-41.85796903576004,29.999999999999996,29.999803660610787
58.58999999999691,29693.771809840397,-41.808631568211034,29.999999999999996,29.999805332556402
58.59999999999691,29703.912616905047,-41.75927510649601,29.999999999999996,29.999807013387635
58.60999999999691,29714.055156023845,-41.709899650563905,29.999999999999996,29.99980870293447
58.61999999999691,29724.19942719676,-41.66050520036338,29.999999999999996,29.99981040102688
58.629999999996905,29734.34543042376,-41.61109175584285,29.999999999999996,29.99981210749484
58.6399999999969,29744.49316570482,-41.561659316950475,29.999999999999996,29.999813822168324
58.6499999999969,29754.642633039904,-41.51220788363418,29.999999999999996,29.999815544877347
58.6599999999969,29764.793832428986,-41.462737455841655,29.999999999999996,29.99981727545194
58.6699999999969,29774.946763872034,-41.41324803352035,29.999999999999996,29.9998190137222
58.679999999996895,29785.10142736902,-41.36373961661748,29.999999999999996,29.999820759518283
58.68999999999689,29795.25782291991,-41.31421220508006,29.999999999999996,29.999822512670416
58.69999999999689,29805.415950524675,-41.26466579885487,29.999999999999996,29.99982427300893
58.70999999999689,29815.575810183283,-41.215100397888484,29.999999999999996,29.99982604036425
58.71999999999689,29825.737401895705,-41.16551600212726,29.999999999999996,29.999827814566917
58.729999999996885,29835.900725661908,-41.11591261151737,29.999999999999996,29.99982959544761
58.73999999999688,29846.06578148186,-41.06629022600479,29.999999999999996,29.999831382837144
58.74999999999688,29856.23256935553,-41.01664884553528,29.999999999999996,29.99983317656649
58.75999999999688,29866.40108928289,-40.96698847005443,29.999999999999996,29.99983497646679
58.76999999999688,29876.571341263905,-40.917309099507655,29.999999999999996,29.99983678236938
58.779999999996875,29886.743325298547,-40.86761073384018,29.999999999999996,29.999838594105764
58.78999999999687,29896.91704138678,-40.81789337299707,29.999999999999996,29.999840411507677
58.79999999999687,29907.092489528575,-40.76815701692321,29.999999999999996,29.999842234407062
58.80999999999687,29917.269669723897,-40.71840166556334,29.999999999999996,29.999844062636093
58.81999999999687,29927.448581972716,-40.668627318862036,29.999999999999996,29.999845896027203
58.829999999996865,29937.629226275003,-40.618833976763725,29.999999999999996,29.999847734413063
58.83999999999686,29947.81160263072,-40.56902163921268,29.999999999999996,29.999849577626627
58.84999999999686,29957.99571103984,-40.51919030615304,29.999999999999996,29.999851425501127
58.85999999999686,29968.181551502326,-40.46933997752882,29.999999999999996,29.999853277870084
58.86999999999686,29978.36912401815,-40.41947065328388,29.999999999999996,29.999855134567337
58.879999999996855,29988.55842858728,-40.369582333361976,29.999999999999996,29.99985699542704
58.88999999999685,29998.749465209676,-40.31967501770672,29.999999999999996,29.999858860283673
58.89999999999685,30008.94223388531,-40.26974870626163,29.999999999999996,29.99986072897205
58.90999999999685,30019.136734614152,-40.21980339897011,29.999999999999996,29.999862601327358
58.91999999999685,30029.332967396167,-40.16983909577544,29.999999999999996,29.999864477185138
58.929999999996845,30039.530932231322,-40.11985579662082,29.999999999999996,29.999866356381315
58.93999999999684,30049.730629119586,-40.069853501449344,29.999999999999996,29.999868238752196
58.94999999999684,30059.93205806092,-40.019832210204015,29.999999999999996,29.999870124134492
58.95999999999684,30070.135219055297,-39.96979192282775,29.999999999999996,29.99987201236533
58.96999999999684,30080.340112102684,-39.919732639263394,29.999999999999996,29.999873903282253
58.979999999996835,30090.546737203043,-39.869654359453705,29.999999999999996,29.99987579672325
58.98999999999683,30100.755094356347,-39.81955708334137,29.999999999999996,29.999877692526738
58.99999999999683,30110.96518356256,-39.769440810869014,29.999999999999996,29.999879590531613
59.00999999999683,30121.17700482165,-39.719305541979196,29.999999999999996,29.999881490577224
59.01999999999683,30131.390558133582,-39.66915127661443,29.999999999999996,29.99988339250341
59.029999999996825,30141.605843498324,-39.61897801471716,29.999999999999996,29.99988529615049
59.03999999999682,30151.822860915843,-39.568785756229786,29.999999999999996,29.99988720135929
59.04999999999682,30162.041610386103,-39.51857450109468,29.999999999999996,29.999889107971146
59.05999999999682,30172.262091909073,-39.46834424925417,29.999999999999996,29.999891015827917
59.06999999999682,30182.48430548472,-39.418095000650546,29.999999999999996,29.999892924771995
59.079999999996815,30192.708251113007,-39.36782675522607,29.999999999999996,29.99989483464631
59.08999999999681,30202.933928793907,-39.317539512922984,29.999999999999996,29.99989674529436
59.09999999999681,30213.16133852738,-39.26723327368351,29.999999999999996,29.999898656560195
59.10999999999681,30223.3904803134,-39.216908037449855,29.999999999999996,29.999900568288442
59.11999999999681,30233.62135415193,-39.16656380416423,29.999999999999996,29.999902480324312
59.129999999996805,30243.853960042932,-39.11620057376881,29.999999999999996,29.999904392513614
59.1399999999968,30254.088297986378,-39.0658183462058,29.999999999999996,29.99990630470276
59.1499999999968,30264.324367982234,-39.01541712141741,29.999999999999996,29.999908216738767
59.1599999999968,30274.562170030465,-38.96499689934583,29.999999999999996,29.999910128469292
59.1699999999968,30284.80170413104,-38.91455767993328,29.999999999999996,29.99991203974262
59.179999999996795,30295.042970283925,-38.86409946312202,29.999999999999996,29.999913950407674
59.18999999999679,30305.285968489086,-38.813622248854294,29.999999999999996,29.999915860314037
59.19999999999679,30315.53069874649,-38.76312603707241,29.999999999999996,29.999917769311942
59.20999999999679,30325.777161056103,-38.71261082771868,29.999999999999996,29.999919677252315
59.21999999999679,30336.025355417893,-38.66207662073546,29.999999999999996,29.99992158398675
59.229999999996785,30346.275281831826,-38.61152341606517,29.999999999999996,29.99992348936753
59.23999999999678,30356.526940297867,-38.560951213650235,29.999999999999996,29.99992539324763
59.24999999999678,30366.780330815986,-38.51036001343316,29.999999999999996,29.999927295480752
59.25999999999678,30377.035453386146,-38.45974981535649,29.999999999999996,29.9999291959213
59.26999999999678,30387.29230800832,-38.40912061936283,29.999999999999996,29.999931094424415
59.279999999996775,30397.55089468247,-38.358472425394865,29.999999999999996,29.999932990845963
59.28999999999677,30407.811213408564,-38.30780523339532,29.999999999999996,29.99993488504256
59.29999999999677,30418.07326418657,-38.257119043307014,29.999999999999996,29.999936776871568
59.30999999999677,30428.337047016452,-38.206413855072825,29.999999999999996,29.99993866619111
59.31999999999677,30438.60256189818,-38.15568966863572,29.999999999999996,29.999940552860078
59.329999999996765,30448.86980883172,-38.10494648393876,29.999999999999996,29.999942436738145
59.33999999999676,30459.13878781704,-38.05418430092507,29.999999999999996,29.999944317685753
59.34999999999676,30469.409498854104,-38.00340311953789,29.999999999999996,29.99994619556416
59.35999999999676,30479.681941942883,-37.95260293972055,29.999999999999996,29.99994807023541
59.36999999999676,30489.956117083344,-37.901783761416475,29.999999999999996,29.99994994156235
59.379999999996755,30500.232024275454,-37.8509455845692,29.999999999999996,29.999951809408657
59.38999999999675,30510.50966351918,-37.800088409122374,29.999999999999996,29.999953673638824
59.39999999999675,30520.78903481449,-37.74921223501975,29.999999999999996,29.999955534118186
59.40999999999675,30531.07013816135,-37.6983170622052,29.999999999999996,29.999957390712897
59.41999999999675,30541.35297355973,-37.64740289062273,29.999999999999996,29.99995924328997
59.429999999996745,30551.637541009597,-37.596469720216454,29.999999999999996,29.999961091717275
59.43999999999674,30561.923840510917,-37.54551755093063,29.999999999999996,29.999962935863532
59.44999999999674,30572.21187206366,-37.49454638270964,29.999999999999996,29.999964775598336
59.45999999999674,30582.501635667795,-37.443556215498006,29.999999999999996,29.999966610792153
59.46999999999674,30592.793131323288,-37.39254704924039,29.999999999999996,29.99996844131633
59.479999999996735,30603.086359030105,-37.341518883881605,29.999999999999996,29.999970267043103
59.48999999999673,30613.38131878822,-37.2904717193666,29.999999999999996,29.999972087845613
59.49999999999673,30623.678010597596,-37.23940555564049,29.999999999999996,29.99997390359788
59.50999999999673,30633.976434458204,-37.188320392648535,29.999999999999996,29.99997571417485
59.51999999999673,30644.27659037001,-37.13721623033617,29.999999999999996,29.999977519452386
59.529999999996726,30654.578478332984,-37.086093068648985,29.999999999999996,29.99997931930725
59.53999999999672,30664.882098347098,-37.03495090753273,29.999999999999996,29.999981113617146
59.54999999999672,30675.187450412315,-36.98378974693335,29.999999999999996,29.999982902260715
59.55999999999672,30685.49453452861,-36.93260958679693,29.999999999999996,29.999984685117532
59.56999999999672,30695.803350695947,-36.88141042706976,29.999999999999996,29.999986462068108
59.579999999996716,30706.113898914296,-36.83019226769831,29.999999999999996,29.99998823299392
59.589999999996714,30716.42617918363,-36.778955108629226,29.999999999999996,29.999989997777387
59.59999999999671,30726.74019150391,-36.72769894980935,29.999999999999996,29.999991756301895
59.60999999999671,30737.055935875116,-36.67642379118571,29.999999999999996,29.999993508451805
59.61999999999671,30747.373412297213,-36.625129632705544,29.999999999999996,29.99999525411244
59.629999999996706,30757.69262077017,-36.573816474316274,29.999999999999996,29.999996993170107
59.639999999996704,30768.013561293956,-36.52248431596553,29.999999999999996,29.99999872551209
59.6499999999967,30778.33623386854,-36.47113315760115,29.999999999999996,30.000000451026658
59.6599999999967,30788.660638493893,-36.41976299917118,29.999999999999996,30.00000216960309
59.6699999999967,30798.98677516999,-36.36837384062389,29.999999999999996,30.000003881131647
59.679999999996696,30809.314643896792,-36.316965681907746,29.999999999999996,30.0000055855036
59.689999999996694,30819.644244674277,-36.26553852297145,29.999999999999996,30.000007282611225
59.69999999999669,30829.975577502413,-36.21409236376392,29.999999999999996,30.000008972347807
59.70999999999669,30840.30864238117,-36.1626272042343,29.999999999999996,30.000010654607653
59.71999999999669,30850.64343931052,-36.11114304433197,29.999999999999996,30.000012329286097
59.729999999996686,30860.979968290434,-36.05963988400653,29.999999999999996,30.000013996279478
59.739999999996684,30871.31822932088,-36.008117723207825,29.999999999999996,30.00001565548519
59.74999999999668,30881.658222401835,-35.95657656188593,29.999999999999996,30.000017306801638
59.75999999999668,30891.999947533266,-35.90501639999118,29.999999999999996,30.000018950128275
59.76999999999668,30902.343404715146,-35.85343723747413,29.999999999999996,30.000020585365593
59.779999999996676,30912.688593947445,-35.8018390742856,29.999999999999996,30.000022212415136
59.789999999996674,30923.035515230134,-35.75022191037666,29.999999999999996,30.000023831179483
59.79999999999667,30933.38416856319,-35.698585745698615,29.999999999999996,30.00002544156228
59.80999999999667,30943.73455394658,-35.64693058020305,29.999999999999996,30.000027043468222
59.81999999999667,30954.086671380275,-35.59525641384179,29.999999999999996,30.000028636803062
59.829999999996666,30964.440520864253,-35.54356324656694,29.999999999999996,30.000030221473622
59.839999999996664,30974.796102398483,-35.49185107833085,29.999999999999996,30.00003179738778
59.84999999999666,30985.15341598294,-35.440119909086164,29.999999999999996,30.000033364454488
59.85999999999666,30995.512461617593,-35.38836973878576,29.999999999999996,30.000034922583776
59.86999999999666,31005.873239302415,-35.336600567382824,29.999999999999996,30.000036471686737
59.879999999996656,31016.235749037383,-35.284812394830794,29.999999999999996,30.00003801167555
59.889999999996654,31026.59999082247,-35.233005221083395,29.999999999999996,30.00003954246348
59.89999999999665,31036.965964657644,-35.181179046094634,29.999999999999996,30.000041063964854
59.90999999999665,31047.333670542885,-35.129333869818794,29.999999999999996,30.000042576095108
59.91999999999665,31057.703108478163,-35.07746969221046,29.999999999999996,30.000044078770756
59.929999999996646,31068.074278463453,-35.02558651322448,29.999999999999996,30.000045571909396
59.939999999996644,31078.44718049873,-34.97368433281602,29.999999999999996,30.000047055429732
59.94999999999664,31088.821814583967,-34.92176315094052,29.999999999999996,30.000048529251554
59.95999999999664,31099.19818071914,-34.86982296755372,29.999999999999996,30.000049993295747
59.96999999999664,31109.576278904224,-34.817863782611674,29.999999999999996,30.000051447484296
59.979999999996636,31119.95610913919,-34.7658855960707,29.999999999999996,30.000052891740296
59.989999999996634,31130.33767142402,-34.71388840788746,29.999999999999996,30.000054325987932
59.99999999999663,31140.72096575868,-34.66187221801889,29.999999999999996,30.000055750152498
