t,x,y,y_lat,roll,pitch,yaw,alpha,beta,airspeed,stall_speed
0.01,0.8480448995855983,0.05892888589224571,0.0,0.0,4.0,0.0,0.0,0.0,85.0,70.14257172847928
0.02,1.6962058891286027,0.11749524141718143,-1.1765112429608416e-21,0.0,4.001374310857397,0.0,0.0263987110204188,0.0,85.00898571949017,70.14277013914446
0.03,2.544483587945656,0.17570073030340044,-2.371296507890398e-21,-5.548186094891349e-21,4.004115000807401,-7.94820555797175e-20,0.05405478662209915,0.0,85.0180617387883,70.1429673300051
0.04,3.3928786016667254,0.23354709290015718,-3.585833350738616e-21,-1.1411880771361892e-20,4.008214108996782,-1.58346758257329e-19,0.08295496569688891,7.744792375899046e-20,85.02722700681463,70.1431633066478
0.05,4.24139152232078,0.29103614549249546,-4.8215894799824554e-21,-1.7578804563977488e-20,4.013663646260218,-2.3658719787634114e-19,0.11308600938272027,1.5417154982942087e-19,85.03648046411895,70.14335807491737
0.060000000000000005,5.090022928417829,0.3481697796165065,-6.08002253645163e-21,-2.403691761834049e-20,4.020455595891878,-3.141966412137797e-19,0.14443470182775048,2.301638860105922e-19,85.04582104282592,70.14355164091447
0.07,5.938773385027364,0.4049499613747368,-7.362579878926966e-21,-3.077441447463243e-20,4.02858191441219,-3.9116853082556158e-19,0.1769878509467213,3.0541812380951427e-19,85.05524766658858,70.14374401099327
0.08,6.787643443853219,0.4613787307517661,-9.847978762357214e-21,-3.7779718968082524e-20,4.038034532329837,-4.674964838933496e-19,0.21073228916955164,3.7992763953502106e-19,85.06475925054937,70.14393519175927
0.09,7.636633643304902,0.5174582009299752,-1.3556063940775522e-20,-5.0646259711769356e-20,4.048805354898975,-6.226607100351184e-19,0.24565487418218196,4.536859952874536e-19,85.07435470130918,70.14412519006692
0.09999999999999999,8.48574450856542,0.5731905576055242,-1.6153073604568908e-20,-6.969496088165709e-20,4.060886262871697,-8.5603993986063695e-19,0.2817424896596859,6.041325001269583e-19,85.08403291690375,70.14431401301731
0.10999999999999999,9.334976551655647,0.6285780583045609,-1.880262628663266e-20,-8.395991746787676e-20,4.07426911324575,-1.0080285906518696e-18,0.3189820459916675,8.305336518800178e-19,85.09379278678774,70.1445016679559
0.11999999999999998,10.184330271495256,0.6836230316996786,-2.1507569865018643e-20,-9.872852002968657e-20,4.088945740007503,-1.1587123705370003e-18,0.35736048099996165,9.772596156295612e-19,85.10363319182606,70.14468816247019
0.12999999999999998,11.033806153960263,0.7383278769266439,-2.3092791757299684e-20,-1.1397878233160407e-19,4.1049079548702005,-1.3080793685873548e-18,0.39686476064865706,1.122463156048677e-18,85.11355300429246,70.14487350438746
0.13999999999999999,11.88340467193723,0.7926950629014137,-2.472073654123617e-20,-1.2398681834889498e-19,4.122147548007496,-1.3766243291545058e-18,0.4374818797464595,1.266132311378166e-18,85.12355108787523,70.1450577017725
0.15,12.733126285374142,0.8467271276374613,-2.639269105864162e-20,-1.3411748545787896e-19,4.140656288782291,-1.444445391591605e-18,0.4791988626414159,1.330812994925433e-18,85.13362629768999,70.14524076292514
0.16,13.582971441328036,0.9004266775634312,-2.810992890592545e-20,-1.443620617365206e-19,4.160425926470863,-1.5115385690068382e-18,0.5220027639080185,1.3946658985569334e-18,85.1437774802992,70.14542269637822
0.17,14.432940574009386,0.9537963868411413,-2.987371029879741e-20,-1.5471199697343224e-19,4.181448190982351,-1.5779000324573082e-18,0.565880669026709,1.457687280525535e-18,85.1540034737387,70.14560351089507
0.18000000000000002,15.283034104823317,1.0068389966839533,-3.168528194073482e-20,-1.6515890895744694e-19,4.203714793573538,-1.6435261097367615e-18,0.6108196950558034,1.5198735869563166e-18,85.16430310755054,70.14578321546732
0.19000000000000003,16.133252442407674,1.0595573146755288,-3.354587689511042e-20,-1.7569457986332714e-19,4.227217427559008,-1.7084132841575102e-18,0.6568069912958596,1.5812214515992708e-18,85.17467520282261,70.1459618193126
0.20000000000000004,16.983595982668,1.1119542140889929,-3.545671446088171e-20,-1.8631095273204555e-19,4.251947769016653,-1.772558193326278e-18,0.7038297399465069,1.6417276955099882e-18,85.18511857223467,70.14613933187223
0.21000000000000005,17.834065108809458,1.164032633206521,-3.7419000051746007e-20,-1.9700012804407798e-19,4.277897477488549,-1.8359576279137677e-18,0.7518751567557608,1.7013893266602256e-18,85.19563202011045,70.14631576280895
0.22000000000000006,18.68466019136577,1.2157955746393718,-3.943392507866851e-20,-2.077543603841523e-19,4.305058196677226,-1.898608530417751e-18,0.8009304916618432,1.760203539480181e-18,85.20621434247613,70.14649112200458
0.23000000000000007,19.535381588225167,1.2672461046483823,-4.150266683569362e-20,-2.185660551958989e-19,4.333421555137334,-1.960507993919515e-18,0.8509830294275327,1.818167714334293e-18,85.21686432712471,70.14666541955779
0.24000000000000007,20.386229644653472,1.3183873524649456,-4.362638838895288e-20,-2.294277656248532e-19,4.362979166962716,-2.0216532608335384e-18,0.9020200902670652,1.8752794169323022e-18,85.22758075368645,70.14683866578183
0.25000000000000006,21.237204693314283,1.3692225096124906,-4.580623846878569e-20,-2.40332189448265e-19,4.393722632468919,-2.0820417216502918e-18,0.9540290304656087,1.9315363976773034e-18,85.23836239370499,70.14701087120213
0.26000000000000006,22.08830705428638,1.4197548292284805,-4.80433513648921e-20,-2.5127216609017127e-19,4.42564353887112,-2.1416709136720594e-18,1.0069972429913343,1.9869365909524546e-18,85.24920801071913,70.14718204655416
0.2700000000000001,22.93953703507834,1.4699876253869524,-5.033884682443942e-20,-2.622406737201981e-19,4.458733460957528,-2.2005385197417565e-18,1.0609121581001089,2.0414781143479884e-18,85.2601163603503,70.14735220278106
0.2800000000000001,23.790894930640484,1.5199242724216124,-5.269382995304755e-20,-2.7323082643455887e-19,4.492983961758241,-2.258642366964688e-18,1.1157612439328286,2.0951592678301112e-18,85.27108619039541,70.14752135103139
0.2900000000000001,24.642381023374103,1.5695682042495096,-5.510939111858043e-20,-2.8423587151772117e-19,4.52838659320957,-2.3159804254232356e-18,1.171532007105423,2.1479785328533733e-18,85.28211624092495,70.14768950265682
0.3000000000000001,25.493995583138144,1.618922913695304,-5.758660585767388e-20,-2.952491867832233e-19,4.564932896813864,-2.372550806884498e-18,1.2282119932915487,2.199934571418021e-18,85.29320524438636,70.1478566692099
0.3100000000000001,26.34573886725328,1.6679919518161492,-6.012653478493243e-20,-3.0626427799212677e-19,4.602614404294847,-2.428351763500912e-18,1.2857887877979972,2.251026225073835e-18,85.30435192571244,70.14802286244176
0.3200000000000001,27.197611120503527,1.716778927227208,-6.273022350473077e-20,-3.172747763475919e-19,4.641422638248456,-2.48338168650389e-18,1.3442500161328454,2.301252513871919e-18,85.31555500243479,70.14818809429988
0.3300000000000001,28.04961257513536,1.7652875054278194,-6.539870252555767e-20,-3.282744360640808e-19,4.681349112789207,-2.5376391048905653e-18,1.4035833445663661,2.350612635265861e-18,85.32681318480205,70.1483523769257
0.34000000000000014,28.901743450854475,1.813521408128336,-6.695229585035662e-20,-3.392571320096887e-19,4.722385334192121,-2.5911226841037277e-18,1.4637764806847307,2.3991059629636815e-18,85.33812517590272,70.14851572265252
0.35000000000000014,29.75400395482018,1.8614844125776502,-6.737355449016848e-20,-3.43637449319031e-19,4.7645228015301955,-2.564268261168067e-18,1.5248171739365235,2.4467320457319303e-18,85.34948967179287,70.14867814400309
0.36000000000000015,30.60639428163751,1.9091803508914285,-6.782441791184893e-20,-3.4103689265474463e-19,4.807753007307442,-2.4576821683044887e-18,1.586693216172095,2.4160806955055337e-18,85.36090536162807,70.14883965368742
0.37000000000000016,31.458914613347094,1.9566131093810712,-6.830279355119299e-20,-3.3778756143515844e-19,4.852067438087502,-2.351550572486186e-18,1.6493924421757769,2.3078964590665327e-18,85.37237092779984,70.14900026460052
0.38000000000000017,32.311565119412855,2.0037866278834193,-6.88065929825286e-20,-3.3390721524870896e-19,4.897457575117871,-2.245886225840523e-18,1.7129027301909887,2.2003363456185912e-18,85.38388504607624,70.14915998982009
0.3900000000000002,33.164345956707585,2.050704899091222,-6.933373228291021e-20,-3.294133550131694e-19,4.9439148949497165,-2.1407016653642733e-18,1.7772120024382536,2.093414470905892e-18,85.39544638574674,70.14931884260436
0.4000000000000002,34.017257269496426,2.0973719678843907,-6.988213239078768e-20,-3.2432322784051424e-19,4.991430870053307,-2.036009213694114e-18,1.8423082256261583,1.987144688860905e-18,85.40705360977087,70.14947683638968
0.4100000000000002,34.87029918941836,2.143791930662051,-7.044971945930553e-20,-3.18653831786403e-19,5.039996969429095,-1.9318209798898403e-18,1.9081794114552737,1.8815405903117102e-18,85.41870537493102,70.14963398478847
0.4200000000000002,35.72347183546576,2.1899689346754188,-7.103442520438285e-20,-3.124219204857743e-19,5.089604659214422,-1.8281488602307387e-18,1.9748136171150668,1.7766155017986976e-18,85.43040033198878,70.14979030158676
0.4300000000000002,36.57677531396198,2.2359071773615105,-7.163418724771947e-20,-3.056440076760482e-19,5.14024540328589,-1.725004539025493e-18,2.0421989457738294,1.6723824844986803e-18,85.44213712584519,70.14994580074212
0.4400000000000002,37.43020971853716,2.2816109056777183,-7.224694945486894e-20,-2.983363716094476e-19,5.191910663857384,-1.6223994894359894e-18,2.110323547061646,1.5688543332545181e-18,85.45391439570433,70.15010049638133
0.45000000000000023,38.28377513010219,2.3270844154372563,-7.28706622685145e-20,-2.9051505935595425e-19,5.244591902073793,-1.520344974315339e-18,2.179175617546429,1.4660435757083698e-18,85.46573077524043,70.1502544027981
0.46000000000000024,39.137471616821024,2.372332050645508,-7.232119400299557e-20,-2.821958909984222e-19,5.2982805786004095,-1.4188520470603972e-18,2.24874340120305,1.363962471536749e-18,85.47758489276832,70.15040753445099
0.47000000000000025,39.9912992340812,2.417358202837286,-7.294245717222282e-20,-2.660030389376033e-19,5.352968154208019,-1.2382962283235898e-18,2.3190151898755844,1.2626230117855668e-18,85.48947537141706,70.15055990596095
0.48000000000000026,40.84525802446283,2.462167310415031,-7.356700260025715e-20,-2.565029163502431e-19,5.408646090353731,-1.1385761621795321e-18,2.3899793237327067,1.084668120442293e-18,85.50140082930659,70.1507115321093
0.49000000000000027,41.69934801770605,2.506763857987959,-7.419282249940811e-20,-2.46562445639436e-19,5.465305849757488,-1.0394566493874838e-18,2.4616241917162482,9.85592819370529e-19,85.51335987972759,70.1508624278354
0.5000000000000002,42.55356923067686,2.5511523757121886,-7.481791748823828e-20,-2.361964024970081e-19,5.522938896974365,-9.409477460778345e-19,2.5339382319829618,8.872997396374001e-19,85.52535113132389,70.15101260823438
0.5100000000000002,43.407921667331614,2.5953374386318577,-7.425769885416526e-20,-2.254193570420722e-19,5.581536698962548,-8.430593042421408e-19,2.6069099323394966,7.897995813854979e-19,85.53737318827788,70.15116208855504
0.5200000000000002,44.262405318680095,2.639323666021256,-7.249174904371434e-20,-2.0645521182435466e-19,5.641090725647128,-6.661271034285932e-19,2.6805278306706337,6.931027752304593e-19,85.54942465049854,70.15131088419751
0.5300000000000002,45.11702016274724,2.6831157207279888,-7.068087149231781e-20,-1.7892761593486207e-19,5.701592450479607,-4.107611686309983e-19,2.7547805153607845,5.198743252549749e-19,85.56150411381184,70.15145901071115
0.5400000000000003,45.971766164533605,2.7267183085171935,-6.881995754010451e-20,-1.5043057118203082e-19,5.763033350993214,-1.5726848492717928e-19,2.8296566257087976,2.7088339041315044e-19,85.57361017015384,70.15160648379222
0.5500000000000003,46.82664327597463,2.770136177416832,-6.808689415502978e-20,-1.2100132802408488e-19,5.82540490935398,9.43284305791146e-20,2.9051448523360888,2.4241164573794588e-20,85.58574140776581,70.15175331928175
0.5600000000000003,47.681651435898715,2.813374117064072,-6.731201004057616e-20,-9.881063335386728e-20,5.888698612907638,2.642989626575919e-19,2.981233937588122,-2.200294690052476e-19,85.59789641139183,70.15189953316336
0.5700000000000003,48.5367905699842,2.8564369580527855,-6.767501035481753e-20,-7.606533562508787e-20,5.952905954722273,4.3293825219687014e-19,3.057912675929272,-3.8458321469478624e-19,85.61007376247834,70.15204514156095
0.5800000000000003,49.392060590715325,2.8993295712821814,-6.800769616304298e-20,-6.110296359956338e-20,6.018018434126833,5.205048007605683e-19,3.1351699143310876,-5.47478766580302e-19,85.62227203937574,70.15219016073658
0.5900000000000003,50.24746139733719,2.9420568673065888,-6.830827406010168e-20,-4.593699618790199e-20,6.084027557245428,6.073196986525611e-19,3.2129945526539836,-6.313912004087374e-19,85.63448981754193,70.15233460708829
0.6000000000000003,51.10299287580977,2.9846237956864208,-6.857496393557375e-20,-3.057877855903097e-20,6.1509248375274765,6.933763699623071e-19,3.2913755440224,-7.143766401984306e-19,85.64672566974754,70.15247849714788
0.6100000000000003,51.95865489876106,3.027035344340332,-6.880599920615818e-20,-1.5039497628485127e-20,6.218701796273671,7.786684251353997e-19,3.370301895193426,-7.96428964145032e-19,85.65897816628289,70.1526218475787
0.6200000000000003,52.81444733299031,3.069296385992579,-6.899962694877446e-20,6.698156209043078e-22,6.287349963157799,8.631896597522768e-19,3.449762666918945,-8.775423058952648e-19,85.6712458751667,70.15276467517356
0.6300000000000003,53.67037005530686,3.1114113516231683,-6.915410807860079e-20,1.6538276194342814e-20,6.35685063960155,9.469340509177265e-19,3.529746974301309,-9.577110534590402e-19,85.68352736235596,70.15290699633744
0.6400000000000003,54.52642292789614,3.153384723286683,-6.926771795893533e-20,3.255512380196323e-20,6.427153091523007,1.0298957320644368e-18,3.6102337520354357,-1.0369298481134478e-18,85.69582118795779,70.15304882598797
0.6500000000000004,55.38260579871111,3.1952210307392988,-6.933874661685364e-20,4.870974014186528e-20,6.498207645947226,1.1120689775298874e-18,3.691169993798732,-1.1151935849648207e-18,85.70812590397469,70.15319017921496
0.6600000000000004,56.2389185018613,3.2369248481362587,-6.9365498958264e-20,6.499164605433982e-20,6.569965682378398,1.193448201998836e-18,3.772503974972514,-1.1924974168039235e-18,85.72044008859483,70.15333107126905
0.6700000000000004,57.09536085799933,3.278500790799257,-6.934629498233849e-20,8.139049887387619e-20,6.64237962398427,1.2740279600138734e-18,3.854185238892116,-1.2688367529785332e-18,85.73276234683347,70.15347151755059
0.6800000000000004,57.95193267470504,3.319953512053185,-6.927946999528832e-20,9.789608997235384e-20,6.715402928600877,1.353802945550368e-18,3.936164582957639,-1.3442072581119174e-18,85.74509131114058,70.15361153359875
0.6900000000000004,58.80863374686709,3.3612877001316686,-6.916337482344264e-20,1.1449834248687674e-19,6.788990079565563,1.4327679916521925e-18,4.018394044614155,-1.4186048506754083e-18,85.75742564197432,70.15375113508092
0.7000000000000004,59.66546385706211,3.4025080751508274,-6.899637602558217e-20,1.3118730922576457e-19,6.863096576386145,1.5109180701246709e-18,4.100826887210033,-1.4920257014229128e-18,85.76976402833978,70.15389033778222
0.7100000000000004,60.52242277593134,3.4436193861506688,-6.87768561044702e-20,1.479531707462704e-19,6.937678925253879,1.5882482912812168e-18,4.183417585741857,-1.5644662316948647e-18,85.78210518829265,70.15402915759535
0.7200000000000004,61.37951026255472,3.4846264082035256,-6.850321371751634e-20,1.647862335976515e-19,7.012694629407817,1.6647539037402065e-18,4.266121812494299,-1.6359231115988068e-18,85.79444786940759,70.15416761051056
0.7300000000000004,62.23672606482239,3.5255339395889345,-6.81738638865009e-20,1.81676928723278e-19,7.088102179358053,1.740430294268672e-18,4.348896422583093,-1.7063932580734864e-18,85.80679084921111,70.15430571260606
0.7400000000000004,63.09406991980361,3.566346799034343,-6.7787238206281e-20,1.986158100155187e-19,7.163861042975066,1.81527298766942e-18,4.431699439409128,-1.775873832843063e-18,85.8191329355789,70.15444348003834
0.7500000000000004,63.95154155411296,3.60706982302103,-6.734178505239287e-20,2.155935530172071e-19,7.239931655452461,1.8892776467082796e-18,4.514490040031519,-1.8443622402677605e-18,85.83147296709762,70.15458092903296
0.7600000000000005,64.8091406842739,3.6477078631546074,-6.683596978745921e-20,2.326009537635471e-19,7.316275409150099,1.9624400720781864e-18,4.5972285404673405,-1.911856125097036e-18,85.84380981339116,70.15471807587548
0.7700000000000005,65.6668670170795,3.688265783599471,-6.626827496630428e-20,2.4962892775838324e-19,7.392854643324601,2.0347562023968827e-18,4.679876380925568,-1.9783533701310978e-18,85.85614237541176,70.15485493690258
0.7800000000000005,66.52472024995039,3.7287484585765625,-6.563720053967459e-20,2.666685090788203e-19,7.469632633753996,2.106222114235048e-18,4.762396110982603,-2.043852093796371e-18,85.86846958569592,70.15499152849345
0.7900000000000005,67.3827000712898,3.7691607699237846,-6.494126405645818e-20,2.837108496022483e-19,7.546573582263255,2.1768340221717537e-18,4.844751374706631,-2.108350647640301e-18,85.88079040858564,70.15512786706131
0.8000000000000005,68.24080616083569,3.8095076047184224,-6.417900086429091e-20,3.0074721834989044e-19,7.623642606157255,2.246588278874146e-18,4.926906895737849,-2.1718476137506662e-18,85.89310384041532,70.15526396904521
0.8100000000000005,69.0990381900098,3.849793852960904,-6.216462189670375e-20,3.177690009410656e-19,7.7008057275675785,2.3154813751983463e-18,5.0088284623315324,-2.2343418021043874e-18,85.90540890966459,70.1553998509021
0.8200000000000005,69.9573958222637,3.890024405319235,-6.006266946030547e-20,3.455444003239215e-19,7.778029862719556,2.463534185655004e-18,5.090482912370686,-2.2958322478506215e-18,85.91770467707774,70.15553552909891
0.8300000000000005,70.81587871342175,3.930204150933429,-5.787006565379176e-20,3.735757221468867e-19,7.855282811125708,2.6101161756927473e-18,5.171838118354903,-2.4334263045585816e-18,85.92999023575015,70.15567102010502
0.8400000000000005,71.67448651202062,3.9703379752792607,-5.558376100389763e-20,4.018421892044051e-19,7.932533244711632,2.755217014545138e-18,5.252862972371917,-2.5692390756776815e-18,85.94226471118255,70.15580634038488
0.8500000000000005,72.53321885964577,4.010430758090651,-5.320073494492103e-20,4.3032328282193625e-19,8.009750696880378,2.898826647062076e-18,5.333527371058171,-2.7032640086160004e-18,85.95452726130316,70.15594150639075
0.8600000000000005,73.39207539126447,4.050487371339999,-5.0717996294404985e-20,4.589987415929006e-19,8.086905551521092,3.040935293726825e-18,5.413802200554579,-2.835495010493714e-18,85.96677707645907,70.15607653455578
0.8700000000000006,74.2510557355554,4.090512677275766,-4.813258372478824e-20,4.878485603105476e-19,8.163969031967676,3.1815334507361705e-18,5.493659321463512,-2.9659264435614638e-18,85.97901337937715,70.15621144128711
0.8800000000000006,75.11015951523476,4.1305115265166075,-4.5441566230824985e-20,5.168529890845593e-19,8.240913189913094,3.3206118901366743e-18,5.573071553812913,-3.0945531204730355e-18,85.99123542509517,70.15634624295939
0.8900000000000006,75.9693863473788,4.1704887562013635,-4.3826490605609145e-20,5.459925326323227e-19,8.317710894284762,3.458161660010188e-18,5.652012662033274,-3.2213702994216827e-18,86.00344250086421,70.15648095590822
0.9000000000000006,76.82873584374276,4.210449188194186,-4.211842355025109e-20,5.636007427408653e-19,8.394335820086443,3.514027447846622e-18,5.730457339953076,-3.3463736791491587e-18,86.01563392602283,70.15661559642405
0.9100000000000006,77.68820761107605,4.250397627344103,-4.0316222552827835e-20,5.810247565423657e-19,8.47076243721188,3.568950572001044e-18,5.8083811958181775,-3.3925376736233175e-18,86.02780905184397,70.15675018074597
0.9200000000000006,78.54780125143364,4.290338859798309,-3.841876723837529e-20,5.982586905865158e-19,8.546965999235361,3.6229303191105135e-18,5.885760737340445,-3.4376622436109332e-18,86.03996726135544,70.15688472505609
0.9300000000000006,79.40751636248366,4.330277651368454,-3.642495950161188e-20,6.152967677442975e-19,8.62292253218411,3.675966114221841e-18,5.962573356780836,-3.481750381124594e-18,86.05210796913472,70.15701924547358
0.9400000000000006,80.26735253781106,4.370218745949224,-3.4333723635939524e-20,6.32133317880735e-19,8.698608823297628,3.728057520914359e-18,6.038797316071963,-3.524805251044902e-18,86.06423062107899,70.1571537580494
0.9500000000000006,81.12730936721728,4.410166863988491,-3.214400645858225e-20,6.48762778552144e-19,8.774002409778596,3.7792042413948184e-18,6.114411731985061,-3.5668301877012935e-18,86.07633469415144,70.15728827876082
0.9600000000000006,81.98738643701586,4.450126701008304,-2.9854777431725795e-20,6.65179695723532e-19,8.849081567540125,3.829406116562974e-18,6.189396561346115,-3.6078286914549826e-18,86.08841969610447,70.15742282350634
0.9700000000000006,82.84758333032399,4.490102926176,-2.746502877952451e-20,6.813787245019237e-19,8.92382529995394,3.878663126046399e-18,6.263732586305824,-3.6478044252862596e-18,86.1004851651808,70.15755740810067
0.9800000000000006,83.70789962734985,4.530100180924711,-2.6158233228951724e-20,6.973546298815024e-19,8.998213326603901,3.926975388203142e-18,6.33740139966786,-3.686761211388281e-18,86.11253066979356,70.15769204826996
0.9900000000000007,84.56833490567575,4.570123077622531,-2.4767368504556384e-20,7.004930343211239e-19,9.072226072049286,3.894050720508565e-18,6.410385390279832,-3.72470302776944e-18,86.12455580818593,70.15782675964714
1.0000000000000007,85.42888874053698,4.610176198289633,-2.4477671576513147e-20,7.031243398087709e-19,9.145844654602069,3.860786060289549e-18,6.482667728491196,-3.6847149207000715e-18,86.1365602080716,70.15796155776738
1.0100000000000007,86.28956070509625,4.65026409336258,-2.4123891949403505e-20,6.924386625714832e-19,9.21905087512229,3.746863962956875e-18,6.554232351682217,-3.644507498806147e-18,86.14854352625669,70.15809645806385
1.0200000000000007,87.15035037071387,4.690391280505126,-2.4893015185561756e-20,6.809903683310035e-19,9.291827205835611,3.633222593495726e-18,6.62506394986796,-3.527194971673574e-18,86.16050544824421,70.15823147586349
1.0300000000000007,88.01125730721337,4.730562243464763,-2.6805986784459043e-20,6.557760782898424e-19,9.36415677917695,3.4395188396553482e-18,6.69514795138121,-3.410471710147254e-18,86.17244568782193,70.15836662638307
1.0400000000000007,88.87228108314272,4.770781430974285,-2.7516630810577136e-20,6.164441436995693e-19,9.436023376664044,3.166356500449898e-18,6.7644705086380075,-3.217480539058664e-18,86.18436398663451,70.15850192472529
1.0500000000000007,89.73342126603093,4.811053255697646,-2.819698911032974e-20,5.891164454020775e-19,9.507411417804589,2.9751316206823707e-18,6.8330184839894486,-2.949037806091312e-18,86.19626011374083,70.15863738587504
1.0600000000000007,90.59467742264013,4.851382093219378,-2.8851314064658394e-20,5.608804889665566e-19,9.578305949040674,2.7848770949250473e-18,6.900779435663205,-2.7596648668190414e-18,86.2081338651575,70.15877302469599
1.0700000000000007,91.45604911921302,4.891772281076837,-2.9483846404430533e-20,5.317700844781927e-19,9.648692632733889,2.5956152813691923e-18,6.967741603798166,-2.57174689957167e-18,86.21998506338927,70.15890885592702
1.0800000000000007,92.31753592171565,4.932228117834562,-3.0098814296964104e-20,5.018186859033561e-19,9.71855773619467,2.407368236528084e-18,7.033893896575414,-2.3853029936654315e-18,86.23181355694729,70.15904489417906
1.0900000000000007,93.1791373960755,4.972753862200008,-3.070043243680115e-20,4.710593915648078e-19,9.787888120759018,2.2201577130183627e-18,7.0992258764486795,-2.200351662839511e-18,86.24361921985617,70.15918115393194
1.1000000000000008,94.04085310841494,5.013353732179939,-3.1292901141077253e-20,4.395249444568381e-19,9.85667123091591,2.034005157301394e-18,7.163727746477293,-2.0169108504061696e-18,86.25540195115053,70.15931764953142
1.1100000000000008,94.90268262527977,5.054031904276748,-3.3064802363412095e-20,4.07247732410184e-19,9.924895083488495,1.8489317073936396e-18,7.227390336764499,-1.8349979345349095e-18,86.26716167436204,70.15945439518634
1.1200000000000008,95.76462551386311,5.094792512723991,-3.4854330305257715e-20,3.603366146247114e-19,9.992548256872006,1.5844488754335966e-18,7.2902050910039415,-1.6546297336611705e-18,86.27889833699768,70.1595914049659
1.1300000000000008,96.62668134222449,5.135639648760418,-3.6667404831372186e-20,3.124829869617337e-19,10.059619880331411,1.321693841477735e-18,7.352164053136969,-1.3990529759055274e-18,86.29061191000999,70.15972869279715
1.1400000000000008,97.48884967950404,5.176577359941776,-3.732552977064037e-20,2.6373210077611674e-19,10.126099623361482,1.0606946273107435e-18,7.413259854123329,-1.1458471884639336e-18,86.30230238726018,70.1598662724624
1.1500000000000008,98.35113009613193,5.217609649489677,-3.800052495975193e-20,2.283377989978281e-19,10.191977685112148,8.820379953971e-19,7.473485698827664,-8.950328341449796e-19,86.31396978497506,70.16000415759706
1.1600000000000008,99.21352216403288,5.25874047567682,-3.8696442757578734e-20,1.9239626021868327e-19,10.257244783881609,7.04583448134668e-19,7.532835353024203,-7.233655850028254e-19,86.32561414119795,70.16014236168738
1.1700000000000008,100.07602545682592,5.299973751247858,-3.941731402799865e-20,1.5593705838363329e-19,10.32189214667983,5.283497238499074e-19,7.591303130521806,-5.533326477645274e-19,86.33723551523515,70.16028089806834
1.1800000000000008,100.93863955001913,5.341313342875205,-4.13515317798219e-20,1.1898941513086547e-19,10.385911498864843,3.533552361037742e-19,7.648883880411548,-3.849469911391047e-19,86.348833987098,70.16041977992175
1.1900000000000008,101.80136402119969,5.3827630706490845,-4.333713436416605e-20,6.700345540866205e-20,10.449295053854156,9.899294930141357e-20,7.70557297443882,-2.182210716734444e-19,86.36040965694158,70.1605590202744
1.2000000000000008,102.66419845021885,5.424326707601122,-4.5379873206645734e-20,1.4328398037536627e-20,10.512035502913577,-1.534843907851179e-19,7.761366294501891,2.3525460315362474e-20,86.37196264450071,70.16069863199638
1.2100000000000009,103.52714241937218,5.466007979260785,-4.748546381639842e-20,-3.899331375055261e-20,10.574126005025576,-4.0405143494381367e-19,7.816260220278713,2.627912830564264e-19,86.38349308852372,70.16083862779934
1.2200000000000009,104.39019551357488,5.507810563243983,-4.8475187349496243e-20,-9.291978086568543e-20,10.635560176839288,-6.526833233498731e-19,7.870251616983736,4.995603725946952e-19,86.395001146205,70.16097902023517
1.2300000000000009,105.2533573205322,5.549738088873148,-4.9520634547865926e-20,-1.3247532853486584e-19,10.696332082704158,-8.186656526001734e-19,7.923337823256302,7.338174263481268e-19,86.40648699261658,70.16111982169453
1.2400000000000009,106.11662743090506,5.591794136828103,-5.062560400592854e-20,-1.7229844100466844e-19,10.756436224789095,-9.832760926819787e-19,7.975516639182177,8.888977707936552e-19,86.41795082013961,70.16126104440548
1.2500000000000009,106.98000543847073,5.6339822388270555,-5.1793865086536795e-20,-2.1236334081682473e-19,10.815867533288994,-1.1464992399907164e-18,8.026786314449614,1.0422369089977992e-18,86.4293928378962,70.16140270043255
1.260000000000001,107.8434909402788,5.676305877337036,-5.3029157183741714e-20,-2.526446028560095e-19,10.874621356720358,-1.3083200318160072e-18,8.07714553664133,1.1938265895826102e-18,86.44081327118234,70.16154480167536
1.270000000000001,108.70708353680219,5.7187684853131175,-5.433518899644138e-20,-2.93117155487587e-19,10.932693452307648,-1.4687237479395098e-18,8.126593419663601,1.3436590142516021e-18,86.45221236090204,70.16168735986787
1.280000000000001,109.57078283208344,5.761373445965757,-5.571563781321578e-20,-3.337562816910287e-19,10.990079976461994,-1.6276960121515884e-18,8.17512949231364,1.4917268315105279e-18,86.46359036300393,70.1618303865774
1.290000000000001,110.43458843387623,5.804124092555599,-5.717414880864363e-20,-3.7453762018260637e-19,11.04677747535369,-1.7852227936832635e-18,8.222753686986348,1.6380231303888627e-18,86.47494754792008,70.16197389320389
1.300000000000001,111.29849995378207,5.847023708215096,-5.871433435138834e-20,-4.154371665211892e-19,11.102782875579956,-1.941290408550137e-18,8.269466328521375,1.7825414341666005e-18,86.48628420000807,70.16211789097918
1.310000000000001,112.16251700738229,5.8900755257962985,-5.915526939036281e-20,-4.564312741912089e-19,11.158093474929307,-2.095885520805256e-18,8.315268123191434,1.9252756941107687e-18,86.4976006169964,70.16226239096632
1.320000000000001,113.0266392143654,5.9332827277441655,-6.085105768090909e-20,-4.818167174849419e-19,11.21270693324372,-2.1681642225498795e-18,8.360160147832657,2.066220283225852e-18,86.50889710943403,70.16240740405931
1.330000000000001,113.89086619864963,5.976648445994785,-6.382187397881995e-20,-5.227599520255477e-19,11.266621263379903,-2.320406479815262e-18,8.404143839117713,2.1288082373820516e-18,86.52017400014417,70.1625529409824
1.340000000000001,114.75519758850096,6.020175761897853,-6.808970440828429e-20,-5.79578225932979e-19,11.319834822270687,-2.5520069266170405e-18,8.447220982972384,2.266951943334025e-18,86.53143162368293,70.16269901228986
1.350000000000001,115.61963301664647,6.063867706162805,-7.130914940809018e-20,-6.52572299033953e-19,11.372346302087672,-2.8623516964142518e-18,8.489393704136122,2.479839432584133e-18,86.54267032580312,70.16284562836573
1.360000000000001,116.48417212038316,6.107727258827972,-7.346877728986702e-20,-7.100541941734655e-19,11.42415472150601,-3.08903726993593e-18,8.53066445586712,2.766654044759502e-18,86.5538904629236,70.16299279942366
1.370000000000001,117.3488145416822,6.151757349252171,-7.455525189513587e-20,-7.516524338446666e-19,11.475259417072355,-3.2326392879554136e-18,8.571036009792318,2.973522837418596e-18,86.56509240160457,70.16314053550668
1.380000000000001,118.2135599272887,6.195960856128107,-7.455334055533372e-20,-7.77013109358299e-19,11.525660034676703,-3.2937428133045515e-18,8.610511445902674,3.101246277029524e-18,86.57627651802898,70.16328884648736
1.390000000000001,119.07840792881707,6.240340607517004,-7.344592256908436e-20,-7.857996988771358e-19,11.57535652112895,-3.272942176855706e-18,8.64909414269401,3.150630409152381e-18,86.58744319749056,70.16343774206766
1.400000000000001,119.94335820284195,6.284899380903863,-7.35834959965221e-20,-7.776928825855526e-19,11.624349115840936,-3.1708408210234548e-18,8.686787767453623,3.1224865921886213e-18,86.59859283388869,70.16358723177916
1.410000000000001,120.80841041098472,6.329639903272791,-7.261267833059235e-20,-7.850840853744403e-19,11.672638342614455,-3.1499758765293107e-18,8.723596266692805,3.0176312358395656e-18,86.60972582923026,70.16373732498323
1.420000000000001,121.67356421999585,6.374564851201785,-7.169926869960358e-20,-7.754790646864248e-19,11.720225001536043,-3.0478033131267173e-18,8.759523856725353,2.9898544027024938e-18,86.62084259313905,70.16388803087129
1.430000000000001,122.53881930183282,6.419676850976438,-7.084090651187568e-20,-7.650625149469408e-19,11.767110160978826,-2.9459267862014543e-18,8.7945750143921,2.8854011060213325e-18,86.63194354237257,70.16403935846503
1.440000000000001,123.40417533373392,6.464978478721984,-7.003522895104954e-20,-7.538602256817438e-19,11.813295149712113,-2.8443610152122664e-18,8.828754467931363,2.781561425540643e-18,86.64302910034674,70.16419131661698
1.450000000000001,124.26963199828792,6.510472260553143,-6.927987168030671e-20,-7.418976602839827e-19,11.858781549118943,-2.743120553025866e-18,8.862067187995263,2.678346925578945e-18,86.6540996966687,70.16434391401076
1.460000000000001,125.13518898349957,6.556160672741193,-6.857246954049752e-20,-7.291999572427134e-19,11.903571185522091,-2.6422197836873097e-18,8.894518378811695,2.5757688778306596e-18,86.66515576667763,70.16449715916167
1.470000000000001,126.00084598285105,6.602046141897763,-6.79106572419504e-20,-7.157919313312257e-19,11.947666122618712,-2.5416729202410066e-18,8.926113469491733,2.473838265146465e-18,86.67619775099425,70.16465106041731
1.480000000000001,126.86660269535948,6.648131045174783,-6.729207004974053e-20,-7.016980747595541e-19,11.991068654023929,-2.441494002604964e-18,8.956858105482196,2.372565785291739e-18,86.68722609507844,70.16480562595808
1.490000000000001,127.73245882563043,6.694417710480081,-6.789950339555091e-20,-6.869425582953981e-19,12.03378129592351,-2.341696895500688e-18,8.986758140163019,2.271961854680892e-18,86.69824124879604,70.16496086379792
1.500000000000001,128.59841408390764,6.7409084167081,-6.856395431976034e-20,-6.884830204169981e-19,12.075806779835801,-2.3233775341440398e-18,9.015819626589026,2.1720366120855944e-18,86.70924366599405,70.16511678178503
1.5100000000000011,129.46446818611878,6.78760539398524,-7.04702105873464e-20,-6.896461546901079e-19,12.117148045482923,-2.304842067690993e-18,9.0440488093757,2.149219466763801e-18,86.72023380408498,70.16527338760264
1.5200000000000011,130.33062085391765,6.8345108239292935,-7.245102539137528e-20,-7.074929128332962e-19,12.15780823377137,-2.367202849453145e-18,9.0714521167284,2.1262918493031656e-18,86.73121212364008,70.1654306887698
1.5300000000000011,131.19687181472244,6.881626839922502,-7.569316881615054e-20,-7.2521309693335575e-19,12.197790679881905,-2.4287316846265748e-18,9.098036152614513,2.1796657676571316e-18,86.74217908799186,70.16558869264234
1.5400000000000011,132.0632208017506,6.9289555273977355,-8.021658529754886e-20,-7.599675372669929e-19,12.237098906468727,-2.5705570430946144e-18,9.123807689077942,2.2321302240448266e-18,86.75313516284557,70.1657474064137
1.5500000000000012,132.92966755404987,6.976498924137312,-8.367201975182841e-20,-8.120391513456311e-19,12.2757366169678,-2.7920607053513547e-18,9.148773658695292,2.3600809430925453e-18,86.76408081590009,70.1659068371159
1.5600000000000012,133.79621181652615,7.024259020583983,-8.723152512374593e-20,-8.471313131505326e-19,12.313707689014162,-2.930305683854248e-18,9.17294114717307,2.5627034552137445e-18,86.77501651647806,70.16606699162061
1.5700000000000012,134.66285333996754,7.072237760163627,-8.971254898747922e-20,-8.822523267636517e-19,12.351016167968094,-3.067056898278136e-18,9.196317386085173,2.686412154395502e-18,86.78594273516529,70.16622787664016
1.5800000000000012,135.52959188106527,7.120437039619174,-9.228530940232198e-20,-8.999901672650465e-19,12.38766626054978,-3.1211265032141287e-18,9.218909745749905,2.808394038862957e-18,86.79685994345951,70.16638949872858
1.5900000000000012,136.39642720243123,7.1688587093553355,-9.495096462057389e-20,-9.174794654233436e-19,12.423662328582328,-3.1743125021623985e-18,9.240725728245721,2.8522741596846104e-18,86.80776861342856,70.16655186428281
1.6000000000000012,137.2633590726122,7.217504573793669,-9.65247427354385e-20,-9.347144436268507e-19,12.459008882842722,-3.2266138827505463e-18,9.261772960564832,2.895234258591023e-18,86.81866921737789,70.16671497954381
1.6100000000000012,138.13038726610094,7.266376391737562,-9.81751070739787e-20,-9.341449059055707e-19,12.49371057702037,-3.19681866693598e-18,9.282059187903812,2.9372769072132053e-18,86.82956222752743,70.16687885059771
1.6200000000000012,138.99751156334426,7.315475876746689,-1.0108731702801216e-19,-9.330790693104292e-19,12.527772201782952,-3.166768501136239e-18,9.301592267090303,2.9020468301457322e-18,86.84044811569774,70.16704348337713
1.6300000000000012,139.8647317507478,7.364804697520545,-1.0527919261754236e-19,-9.491712652676703e-19,12.561198678948967,-3.217703409374714e-18,9.320380160144822,2.8667162437236594e-18,86.85132735300556,70.16720888366237
1.6400000000000012,140.7320476206781,7.41436447829061,-1.1077044676716639e-19,-9.827102716979893e-19,12.593995055766667,-3.3490090913052732e-18,9.338430927976734,2.9076409248846082e-18,86.86220040956856,70.1673750570828
1.6500000000000012,141.59945897146147,7.464156799220768,-1.1758267396206513e-19,-1.0339671983329403e-18,12.626166499298812,-3.560062371280383e-18,9.35575272421336,3.024011496536831e-18,86.87306775421942,70.16754200911797
1.6600000000000013,142.4669656073803,7.514183196815562,-1.2455290942284796e-19,-1.1031957454855466e-18,12.657718290912685,-3.850231387511476e-18,9.372353789161165,3.215014493184204e-18,86.88392985422894,70.16770974509923
1.6700000000000013,143.33456733866635,7.564445164335906,-1.3168780978544965e-19,-1.1728020345285732e-18,12.688655820874915,-4.13760290345872e-18,9.388242443897967,3.4798325762188556e-18,86.89478717503842,70.1678782702109
1.6800000000000013,144.20226398149146,7.614944152221861,-1.3899396496376403e-19,-1.2427331679786058e-18,12.718984583050409,-4.422153026179526e-18,9.403427084495076,3.741312202700287e-18,86.90564018000097,70.16804758949174
1.6900000000000013,145.07005535795557,7.665681568522113,-1.4766461813545292e-19,-1.312937262541504e-18,12.748710169704799,-4.7038585879859634e-18,9.417916176368196,3.999445389996195e-18,86.91648933013191,70.16821770783638
1.7000000000000013,145.93794129607213,7.716658779329762,-1.5653808020759805e-19,-1.4013248416011328e-18,12.77783826640981,-5.063998616433995e-18,9.431718248755988,4.2542248322899505e-18,86.92733508386797,70.16838862999671
1.7100000000000013,146.80592162975103,7.767877109224087,-1.6680957130486705e-19,-1.4901113169484244e-18,12.806374647050795,-5.420613837720102e-18,9.444841889325085,4.5819658086246166e-18,86.93817789683541,70.16856036058346
1.7200000000000013,147.67399619877907,7.8193378417179105,-1.7613192414477964e-19,-1.5972758337940135e-18,12.834325168935798,-5.854994828997302e-18,9.457295738900381,4.9055270063021186e-18,86.94901822162667,70.16873290406758
1.7300000000000013,148.54216484879805,7.871042219710233,-1.8687075885181861e-19,-1.6868511246951925e-18,12.861695768005397,-6.20382799145474e-18,9.469088486319347,5.301214858413678e-18,86.95985650758594,70.16890626478177
1.7400000000000013,149.41042743128057,7.9229914459437865,-1.9905279508792437e-19,-1.7947413769139612e-18,12.888492454142568,-6.6303813997720646e-18,9.480228863409181,5.615578981882933e-18,86.97069320060288,70.16908044692202
1.7500000000000013,150.2787838035035,7.975186683467177,-2.1033185361904763e-19,-1.9211490352654287e-18,12.914721306581786,-7.133999182467123e-18,9.49072564008547,6.002044579075253e-18,86.98152874291507,70.16925545454916
1.7600000000000013,151.14723382851938,8.0276290561013,-2.218883551002518e-19,-2.0298591426951373e-18,12.94038846941663,-7.551309296677716e-18,9.50058761957115,6.459788234481701e-18,86.99236357291865,70.1694312915904
1.7700000000000014,152.0157773751256,8.080319648909702,-2.3373191275779753e-19,-2.138756610549147e-18,12.965500147205033,-7.964264734795199e-18,9.509823633734422,6.835374139065141e-18,87.00319812498694,70.16960796184087
1.7800000000000014,152.88441432236928,8.133259434217877,-2.470597441147718e-19,-2.2477684707520618e-18,12.990062600671273,-8.372834481582093e-18,9.518442538544342,7.205909267314243e-18,87.0140328292975,70.16978546896524
1.7900000000000014,153.7531445458663,8.186449497552395,-2.6071213683961816e-19,-2.3751322085934605e-18,13.014077231430598,-8.858366665078354e-18,9.526453209642751,7.57138616620998e-18,87.0248681116668,70.16996381624851
1.8000000000000014,154.62196793521278,8.239890750055633,-2.73512330424099e-19,-2.5026919666090978e-18,13.037555450628265,-9.338813592108734e-18,9.533859627904485,8.008096307337671e-18,87.03570440082123,70.17014300735711
1.8100000000000014,155.4908843781774,8.293584188060267,-2.854526579140346e-19,-2.6119851926877194e-18,13.060499693140248,-9.732745713082531e-18,9.540675766020211,8.438920931910309e-18,87.04654211079597,70.17032304537008
1.8200000000000014,156.35989377512215,8.347530657043674,-2.977115986516189e-19,-2.702673346415937e-18,13.082920481656762,-1.004076305394055e-17,9.546906563797869,8.787557414603349e-18,87.05738165940018,70.17050393365356
1.8300000000000014,157.22899602540022,8.401731072852908,-3.1148446661433894e-19,-2.7928801865944693e-18,13.104820840051163,-1.0344883458134099e-17,9.55256502737978,9.05481562102812e-18,87.0682234511545,70.17068567506554
1.8400000000000014,158.09819104034506,8.456186211037044,-3.244199338020545e-19,-2.901033538322225e-18,13.126210828747872,-1.0726506261699626e-17,9.557656611250021,9.317801157000017e-18,87.07906789305295,70.17086827270124
1.8500000000000014,158.96747873032305,8.51089691540823,-3.3650792499685055e-19,-2.990329621009279e-18,13.147093632643664,-1.1022135371366297e-17,9.562193782922138,9.652805473204795e-18,87.08991537942765,70.17105172918325
1.8600000000000014,159.83685901783386,8.565863887535842,-3.4892504427859145e-19,-3.06045646047392e-18,13.167479260496991,-1.123238557933359e-17,9.566182083658354,9.906437263160681e-18,87.1007663066205,70.1712360473642
1.8700000000000014,160.70633182368292,8.621087907394326,-3.628647661769713e-19,-3.129685927346627e-18,13.187370646169834,-1.1439316609417207e-17,9.569633854680287,1.0079513483146737e-17,87.11162105811508,70.17142122961772
1.8800000000000014,161.57589708172065,8.676569598727246,-3.7597232880143014e-19,-3.2165865273538747e-18,13.20677814212638,-1.1724366310336652e-17,9.572554312112512,1.0249141613665679e-17,87.12248001981948,70.17160727858152
1.8900000000000015,162.44555472261519,8.732309685619192,-3.8823528558770436e-19,-3.2841394284150303e-18,13.225704034678296,-1.1923995085774768e-17,9.574956067998265,1.0491615038648296e-17,87.1333435637247,70.17179419636716
1.9000000000000015,163.31530469174226,8.788308710340564,-3.996391314071707e-19,-3.3320576834646937e-18,13.24415940049984,-1.2038831601388927e-17,9.57684361701461,1.0653556334912392e-17,87.14421206557333,70.1719819854243
1.9100000000000015,164.18514692905472,8.844567348788795,-4.1254622350497643e-19,-3.3600731878595436e-18,13.262145497007152,-1.2069513434677882e-17,9.578230224275535,1.0735788617692876e-17,87.15508588523736,70.17217064759011
1.9200000000000015,165.05508139161878,8.901086058306074,-4.2578600465676545e-19,-3.4053388086467676e-18,13.27967449108118,-1.2179620927390487e-17,9.579119281931227,1.0739139222300916e-17,87.16596538860736,70.1723601851521
1.9300000000000015,165.92510802809286,8.957865474064517,-4.381708483496424e-19,-3.4493849750296095e-18,13.296746244696681,-1.2287054998979094e-17,9.579525075909048,1.081700472551501e-17,87.17685092282889,70.17255059966149
1.9400000000000015,166.79522680738967,9.014905965209028,-4.520637460183669e-19,-3.473456914224738e-18,13.313374366788475,-1.2310345397078524e-17,9.579449529609333,1.0892302746139583e-17,87.18774284429436,70.17274189326871
1.9500000000000015,167.6654376862936,9.07220813341171,-4.674835312968252e-19,-3.514858707124329e-18,13.32955697177371,-1.2413108029299227e-17,9.578908303365578,1.0888765340698198e-17,87.19864148683588,70.172934067228
1.9600000000000015,168.53574064571103,9.129772256530812,-4.832607104362593e-19,-3.5738455792035126e-18,13.34530944869552,-1.2594716187489364e-17,9.577901500089107,1.0959788373204006e-17,87.20954719773742,70.17312712357709
1.9700000000000015,169.40613564997264,9.187598909731587,-4.982086884266549e-19,-3.631833711599653e-18,13.36062782635927,-1.2773039877938902e-17,9.576446494317482,1.1104572135547946e-17,87.22046029695214,70.17332106326282
1.9800000000000015,170.27662269211746,9.245688276669808,-5.135027805546852e-19,-3.6699606534720176e-18,13.375529598532662,-1.286658159368012e-17,9.574541230847109,1.1246031450341341e-17,87.23138112307697,70.17351588823374
1.9900000000000015,171.14720174344316,9.304040912769333,-5.291446108818876e-19,-3.706833215880245e-18,13.39000838405157,-1.2957490088730431e-17,9.572205124775769,1.1307895519040171e-17,87.24230998164316,70.17371159911946
2.0000000000000013,172.0178728092523,9.362656904735108,-5.451357022681184e-19,-3.742450543031929e-18,13.404084092938689,-1.304577591884663e-17,9.569433638903968,1.1367276443719601e-17,87.25324720300956,70.17390819780216
2.010000000000001,172.88863587017116,9.421536751316976,-5.626685074680599e-19,-3.776811706661951e-18,13.417747623036224,-1.3131448089387449e-17,9.566248542154977,1.1424189853445838e-17,87.26419307776585,70.17410568458496
2.020000000000001,173.75949092170947,9.480680767403515,-5.805721141722954e-19,-3.8288418984695835e-18,13.431018738793137,-1.3296035442881714e-17,9.56264250483156,1.1478651579600973e-17,87.27514792850569,70.17430406115922
2.0300000000000007,174.63043797294668,9.540089106269464,-5.976584502982534e-19,-3.8798321234803495e-18,13.44390688157677,-1.345737996162748e-17,9.558637090158248,1.1606961566639565e-17,87.28611203557267,70.17450332859696
2.0400000000000005,175.5014770248381,9.599762080056863,-6.162947660576911e-19,-3.910802653188781e-18,13.4564125488298,-1.3533958272868923e-17,9.554243448906192,1.1732033402306739e-17,87.29708567790786,70.17470348742576
2.0500000000000003,176.37260809869466,9.659699739852977,-6.353093919472528e-19,-3.959465835559752e-18,13.46854833371169,-1.3689483342440243e-17,9.549463742773447,1.1777594745229701e-17,87.30806914143398,70.17490453870846
2.06,177.24383120035472,9.719902400988857,-6.5589713638706e-19,-4.007057948205862e-18,13.480311291520833,-1.3841783748043438e-17,9.544312218206416,1.1897049484120255e-17,87.31906268967423,70.17510648262852
2.07,178.1151463634754,9.780370010103661,-6.78079766295502e-19,-4.072579587885397e-18,13.491717435065429,-1.4072403030424734e-17,9.538787526694483,1.2013309423778657e-17,87.33006660217322,70.17530932025964
2.0799999999999996,178.98655359930208,9.841102875894142,-6.994966175459026e-19,-4.1562477361328665e-18,13.502760110716487,-1.438069568234845e-17,9.53290727985645,1.2202676588018239e-17,87.34108112658552,70.17551305143344
2.0899999999999994,179.8580529348722,9.902101111356524,-7.201353907278646e-19,-4.220167228016704e-18,13.513457984604184,-1.4602918879362845e-17,9.526666352787485,1.2464346872130525e-17,87.35210653660637,70.17571767720145
2.099999999999999,180.72964440761157,9.963364714288312,-7.42366710303638e-19,-4.2640609391418395e-18,13.52381838245253,-1.4739714050573837e-17,9.5200849577922,1.2644932219053088e-17,87.36314306552177,70.17592319795584
2.109999999999999,181.60132804796837,10.024893815858745,-7.650192631390688e-19,-4.325826888517465e-18,13.533842503108314,-1.495483670496851e-17,9.513171883188708,1.2745259264727951e-17,87.37419094882472,70.1761296137008
2.1199999999999988,182.4731039056542,10.086688305282351,-7.880973589531697e-19,-4.3865913687656565e-18,13.543541724164252,-1.516608764522771e-17,9.50592975467056,1.291874477570679e-17,87.38525042624507,70.17633692488984
2.1299999999999986,183.34497201398628,10.148748337082083,-8.116052151952605e-19,-4.446327356365923e-18,13.552912918708762,-1.537346678931285e-17,9.49837136396529,1.3088291989227755e-17,87.39632171704976,70.17654513116138
2.1399999999999983,184.21693243506445,10.211073690044499,-8.355469197434735e-19,-4.505009174222224e-18,13.561971745289025,-1.557697623465782e-17,9.490494947086026,1.3253913976066927e-17,87.40740505663825,70.17675423304772
2.149999999999998,185.08898520727743,10.273664508858172,-8.59926474163222e-19,-4.562611624182871e-18,13.570710523667456,-1.5776616898392265e-17,9.482317529793377,1.341562428145862e-17,87.41850064767183,70.17696422981533
2.159999999999998,185.96113038224453,10.336520779804763,-8.847477627741575e-19,-4.61911097248431e-18,13.579146903472688,-1.5972392426845564e-17,9.473832731498447,1.35734369007664e-17,87.42960872176658,70.17717512196347
2.1699999999999977,186.83336802581883,10.399642319424283,-9.08820790477931e-19,-4.674484235287692e-18,13.587289433875753,-1.6164306424068696e-17,9.465059524168932,1.3727366293012254e-17,87.44072946949376,70.1773869094578
2.1799999999999975,187.7056981910732,10.463029150517569,-9.3213028172034e-19,-4.70953989463969e-18,13.595136744425055,-1.627078867173761e-17,9.456007700412947,1.3877427357231055e-17,87.45186308089696,70.17759959169209
2.1899999999999973,188.57812095616856,10.52668097599788,-9.546588683875353e-19,-4.724032390672501e-18,13.602702206076804,-1.6292499471771714e-17,9.446677093827883,1.3947331124213504e-17,87.46300975662609,70.1778131687551
2.199999999999997,189.4506363768185,10.59059783641221,-9.775814614646077e-19,-4.717734618347235e-18,13.609979370346748,-1.6230106418153997e-17,9.437082277597098,1.3937912290949957e-17,87.47416966988776,70.1780276396578
2.209999999999997,190.32324452234297,10.654779608961555,-1.0008955652852816e-18,-4.709640270180667e-18,13.616985096723718,-1.6165869015320532e-17,9.427217947604154,1.385000943273336e-17,87.485343019112,70.17824300454888
2.2199999999999966,191.1959454744897,10.719226026290496,-1.024598615632347e-18,-4.6997820279655764e-18,13.623726668884851,-1.6099817027160633e-17,9.417102126105357,1.3760774950267266e-17,87.49652996337974,70.17845926302665
2.2299999999999964,192.06873922364935,10.783936994869867,-1.0486879794568931e-18,-4.6881922127095356e-18,13.63020295781989,-1.6031979526687684e-17,9.406743184698401,1.3670235599014479e-17,87.50773066331405,70.1786764142024
2.239999999999996,192.94162536821725,10.848912010609594,-1.0743559029820582e-18,-4.674903211267949e-18,13.636426550770725,-1.5962386757220053e-17,9.396141917688935,1.3578419317101574e-17,87.51893726655057,70.17889445777314
2.249999999999996,193.8146037875045,10.914150974152376,-1.100423330730818e-18,-4.6791866149131456e-18,13.642390776378349,-1.5972657309885686e-17,9.385316547436407,1.348535923887707e-17,87.53010762297758,70.17911339205256
2.259999999999996,194.68767418763466,10.979653592729383,-1.1268893335492732e-18,-4.682047074226234e-18,13.648111757501193,-1.5980571901048586e-17,9.374258115063078,1.3467395755997762e-17,87.54127271780986,70.1793332167181
2.2699999999999956,195.56083636145604,11.045419429098605,-1.1537529236096897e-18,-4.683498772227027e-18,13.653596921083484,-1.598615250039686e-17,9.362985812919623,1.3447418075338591e-17,87.55241382302765,70.17955393079558
2.2799999999999954,196.43409005247406,11.111448257050526,-1.181013048236534e-18,-4.683555856641827e-18,13.658844046185264,-1.59894204606595e-17,9.351507249348304,1.3425448081176569e-17,87.56353847497316,70.17977553282398
2.289999999999995,197.30743488365138,11.177739475860974,-1.2074725008452757e-18,-4.6822329318667235e-18,13.663866262593483,-1.5990398613929938e-17,9.339821520243603,1.340150941493703e-17,87.57464330485759,70.17999802205347
2.299999999999995,198.18087075263824,11.244292902749509,-1.2343073546399957e-18,-4.6602652454714386e-18,13.668655442163061,-1.5907509139686448e-17,9.327944310383494,1.3375627550456209e-17,87.58571343749736,70.18022139647218
2.3099999999999947,199.05439738576501,11.311108194977532,-1.2627107916525828e-18,-4.636734925371966e-18,13.673227029577758,-1.5823035853868877e-17,9.315865134454903,1.3271490608320404e-17,87.59677938505797,70.18044565547669
2.3199999999999945,199.92801459595748,11.378184812376194,-1.29150194785427e-18,-4.630966935911368e-18,13.677589778389944,-1.5818611703803882e-17,9.303602312615672,1.3166277082029556e-17,87.6078228274925,70.18067079792449
2.3299999999999943,200.80172214370376,11.44552248729742,-1.3206794750637264e-18,-4.623912538955003e-18,13.681739260564937,-1.581200225974866e-17,9.291164699077003,1.3136348172237517e-17,87.61885085677177,70.18089682200795
2.339999999999994,201.67551967774165,11.513120516558791,-1.3502418997886019e-18,-4.615586301123653e-18,13.685690258883774,-1.5803230931433428e-17,9.278549022702991,1.3104573479580405e-17,87.62986029046239,70.18112372683767
2.349999999999994,202.54940711096077,11.580978644025565,-1.3801877895955011e-18,-4.60600242082738e-18,13.689432127552895,-1.5792319171606185e-17,9.265772443089356,1.3070978402786385e-17,87.64083660319085,70.18135151005669
2.3599999999999937,203.42338418834214,11.649096502753963,-1.4117129755372244e-18,-4.595175719427857e-18,13.692979672425396,-1.5779290691768215e-17,9.252821929939143,1.3035581796314236e-17,87.65180953075551,70.18158017081448
2.3699999999999934,204.29745074130932,11.717473443708297,-1.4436373092649168e-18,-4.602441717139344e-18,13.696344006684429,-1.5845777682086196e-17,9.239714953237929,1.2998409633118652e-17,87.66276144782516,70.18180970788718
2.3799999999999932,205.1716065482977,11.786109134450822,-1.4759610977617118e-18,-4.608705749824876e-18,13.699517507330468,-1.5909530302935605e-17,9.226462686210727,1.303583307984756e-17,87.67369873971329,70.1820401191003
2.389999999999993,206.04585125818016,11.855003099292581,-1.5086845281582556e-18,-4.6139653482041184e-18,13.702514464949722,-1.5970564837151564e-17,9.21305849780296,1.3070704920095792e-17,87.68461854482766,70.18227140334629
2.399999999999993,206.92018481924202,11.924154725289512,-1.5418077805142459e-18,-4.618218388077451e-18,13.705342726449405,-1.6028897367583922e-17,9.199518879927906,1.3103047408053673e-17,87.69550679191569,70.18250355903483
2.4099999999999926,207.7946069936684,11.993563636335775,-1.576529279250985e-18,-4.621462951984326e-18,13.707997315635401,-1.6084543235951406e-17,9.185849305684073,1.3132876594367073e-17,87.70639220587934,70.18273658411317
2.4199999999999924,208.6691176098786,12.063229324740329,-1.611669536203234e-18,-4.643039953060668e-18,13.710492028990776,-1.621913321793507e-17,9.172047169034395,1.316021551384961e-17,87.71725805456921,70.18297047732663
2.429999999999992,209.54371648224523,12.13315115123,-1.6472304332186645e-18,-4.66381769954599e-18,13.712831823912788,-1.6350405965093246e-17,9.158126315284994,1.3261446712375232e-17,87.72810986253288,70.18320523697714
2.439999999999992,210.41840327564552,12.203328652706057,-1.6844126698295288e-18,-4.683777984485682e-18,13.715014016625432,-1.6478370167795786e-17,9.144092530317904,1.3359406089587935e-17,87.73894513638825,70.1834408609232
2.4499999999999917,211.293177953929,12.273761103026194,-1.722037910787818e-18,-4.722255631627878e-18,13.71705016660458,-1.6684652052863533e-17,9.129945099553202,1.3454113443786385e-17,87.74975032797977,70.18367734761705
2.4599999999999915,212.16804029905418,12.344448076640093,-1.7589104136222594e-18,-4.7600929427319494e-18,13.718930844263264,-1.688697959412591e-17,9.115693247784785,1.362195388510229e-17,87.76055308759481,70.18391469462448
2.4699999999999913,213.04299014436646,12.415389089257708,-1.796214119810388e-18,-4.7778992772931565e-18,13.720669300988652,-1.7003739446190183e-17,9.101329690229418,1.3785753985385853e-17,87.77133764257208,70.1841529005243
2.479999999999991,213.91802732489057,12.486583385717177,-1.8339504305708055e-18,-4.794789002318534e-18,13.722274774760526,-1.7117218576071186e-17,9.086867734805464,1.3869151153930013e-17,87.78210860324576,70.1843919636973
2.489999999999991,214.79315152316792,12.558030485172111,-1.8721206378526176e-18,-4.81074844217988e-18,13.723739587633263,-1.7227428068676012e-17,9.072317310524847,1.39493616808198e-17,87.79286389837996,70.18463188161155
2.4999999999999907,215.66836269110456,12.629729878101656,-1.9107260191837724e-18,-4.825765085723736e-18,13.725076538192686,-1.7334381234007462e-17,9.057672536337467,1.40264072159565e-17,87.80359049783294,70.18487265265948
2.5099999999999905,216.54366065234404,12.701680807226769,-1.949767707728043e-18,-4.83982702142034e-18,13.726292870243572,-1.7438091367324637e-17,9.042943926496125,1.4100303371769464e-17,87.81431497355582,70.18511427513695
2.5199999999999902,217.41904524503528,12.773882802033954,-1.9892467768902007e-18,-4.8529227508894375e-18,13.727382357862192,-1.7538571040485125e-17,9.028140662726798,1.4171072671103726e-17,87.82502246808426,70.1853567465049
2.52999999999999,218.29451630059415,12.846335277667535,-2.0291642017255595e-18,-4.865041865325392e-18,13.72835736444255,-1.7635834881882405e-17,9.013256514068404,1.4238734936190827e-17,87.83571672021272,70.18560006519056
2.53999999999999,219.17007354114835,12.919037451234164,-2.069520822483992e-18,-4.876174489807413e-18,13.729223445570677,-1.7729897366646408e-17,8.998304411516138,1.4303311134241785e-17,87.8463960755822,70.18584422923595
2.5499999999999896,220.0457169198961,12.99198885563694,-2.110317486497933e-18,-4.886311186663528e-18,13.729975541801318,-1.7820772465343182e-17,8.983291552325328,1.4364824292964088e-17,87.85704795451498,70.18608923601566
2.5599999999999894,220.9214462632327,13.065188865950565,-2.1503536280133033e-18,-4.8954435394201896e-18,13.73062559954637,-1.790847605748091e-17,8.968210577495565,1.442329146385126e-17,87.86769794122857,70.18633508396854
2.569999999999989,221.79726143777626,13.138636732361643,-2.190812248278987e-18,-4.88418993245383e-18,13.731177777858505,-1.7911402998906138e-17,8.95307519737074,1.4478736432378093e-17,87.87833204440236,70.18658177100153
2.579999999999989,222.67316227898507,13.212331933151864,-2.2316919452544775e-18,-4.871705791704199e-18,13.731627917454688,-1.791185715792052e-17,8.937889559438231,1.4454773119125383e-17,87.88895317621464,70.1868292946007
2.5899999999999888,223.5491485326127,13.286273567321576,-2.2729911922006917e-18,-4.858002349953088e-18,13.731987269060198,-1.7909863283789742e-17,8.92264990163307,1.442865470002132e-17,87.89956008136988,70.18707765302081
2.5999999999999885,224.42522015894195,13.360461138397241,-2.3147084920058097e-18,-4.843090597968991e-18,13.73224448871765,-1.7905444335722817e-17,8.907368998403301,1.4400408801877056e-17,87.91014058731962,70.18732684323842
2.6099999999999883,225.30137699031874,13.434894095130336,-2.3568422402005466e-18,-4.8269822206664965e-18,13.732411086595816,-1.7898625447654694e-17,8.892033234473871,1.437005709882278e-17,87.92071941023349,70.18757686359336
2.619999999999988,226.17761890959542,13.50957156445105,-2.399390756326938e-18,-4.809689088141406e-18,13.732497354529094,-1.7889431813168223e-17,8.876655737385756,1.4337627569543316e-17,87.93128329646147,70.1878277122409
2.629999999999988,227.05394576262046,13.584493003991318,-2.4423523124323714e-18,-4.791222843076334e-18,13.732492434889972,-1.787788696128115e-17,8.861246797548366,1.4303145735716058e-17,87.94183449995863,70.18807938625167
2.6399999999999877,227.93035728158773,13.659657815660506,-2.4845222449723006e-18,-4.771595777308143e-18,13.732407453561478,-1.786401648200896e-17,8.845795841242255,1.4266637718493822e-17,87.95237207918463,70.18833188381085
2.6499999999999875,228.8068534618047,13.735065146800883,-2.5270826220051185e-18,-4.731444602230656e-18,13.732252000082061,-1.7766224849376294e-17,8.830315419768333,1.4228131470717127e-17,87.9628841893997,70.1885852029158
2.6599999999999873,229.68343414657784,13.810714438788478,-2.571232798902758e-18,-4.6899465232596004e-18,13.73201546996333,-1.7666826515065067e-17,8.814812886933765,1.4111217196951724e-17,87.9733948148335,70.18883934070597
2.669999999999987,230.56009919993915,13.886605109348034,-2.6157845863233446e-18,-4.66650724762412e-18,13.731708621907215,-1.7647476111189985e-17,8.799279050567637,1.3993179205458456e-17,87.98389126968263,70.18909429531175
2.679999999999987,231.43684850511147,13.962736270535864,-2.660735969434875e-18,-4.641992933549255e-18,13.731340584162458,-1.7625916530811298e-17,8.78372466716987,1.3950485068911492e-17,87.9943753692807,70.18935006478374
2.6899999999999866,232.31368180414717,14.039107325697564,-2.706084858358414e-18,-4.6164155603337635e-18,13.73090078263949,-1.7602171826057318e-17,8.76815907475147,1.3905902089732393e-17,88.00484633382105,70.18960664614245
2.6999999999999864,233.19059907310103,14.115717709007068,-2.7518291764567075e-18,-4.589787689849488e-18,13.730399623795192,-1.757626792713601e-17,8.752572962217416,1.3859458127559015e-17,88.01529255557396,70.18986403739007
2.709999999999986,234.0676001928497,14.192566522527748,-2.799170928551445e-18,-4.562122015619954e-18,13.729846007643935,-1.7548230749752643e-17,8.736974527864872,1.3811175551826511e-17,88.02573756693793,70.19012223663267
2.719999999999986,234.94468503336117,14.269653189724927,-2.8469226656962673e-18,-4.552802634425118e-18,13.729229181310728,-1.7599704787036342e-17,8.721373994079366,1.3761082441517652e-17,88.03616894095327,70.19038124085702
2.7299999999999858,235.82185345992775,14.346977112585575,-2.8950840635429614e-18,-4.542681809568355e-18,13.72855921355997,-1.76484257520282e-17,8.705760503027653,1.3785658355100604e-17,88.0465883333688,70.19064104813309
2.7399999999999856,236.69910525179108,14.424537357586805,-2.9448594444155935e-18,-4.531754826905224e-18,13.727844995840254,-1.7694412194628913e-17,8.69014429017844,1.3807651509648737e-17,88.05699504365612,70.19090165645845
2.7499999999999853,237.57644039044536,14.502333366116515,-2.9950625845195086e-18,-4.53938567522272e-18,13.727075393703736,-1.7819300663779513e-17,8.674535448986425,1.3827086495466978e-17,88.06737749768992,70.19116306269989
2.759999999999985,238.45385873689497,14.580364538798557,-3.045694899702877e-18,-4.546413050783966e-18,13.726260153709717,-1.794082014773652e-17,8.658920559497073,1.3920445465811293e-17,88.07775908029541,70.19142526498777
2.769999999999985,239.33136019797672,14.658629961188982,-3.0967577098613787e-18,-4.5528159138208e-18,13.725408370989525,-1.805898242311394e-17,8.643310648192916,1.4010466028023904e-17,88.08812738369102,70.19168826131502
2.7799999999999847,240.2089446450562,14.737129040723206,-3.148252264093439e-18,-4.558573681082213e-18,13.72450833853935,-1.8173798054408734e-17,8.627714660299707,1.409716772665834e-17,88.09848412671856,70.1919520486127
2.7899999999999845,241.0866118359827,14.815861151354621,-3.1989739653279825e-18,-4.563667063595389e-18,13.723569491126675,-1.8285279812850805e-17,8.612120948317099,1.4180570810646284e-17,88.10882857259416,70.1922166248967
2.7999999999999843,241.96436176893954,14.894825621372533,-3.2501106611472766e-18,-4.548715468283998e-18,13.722600951767506,-1.8311823153310382e-17,8.596540122539945,1.4260697599147447e-17,88.11914906950014,70.19248198807003
2.809999999999984,242.8421943291694,14.974021622818608,-3.3016613851457574e-18,-4.53285224059999e-18,13.721605208598831,-1.8335730615846737e-17,8.580979000097756,1.4261086911636014e-17,88.12946909694514,70.19274813588181
2.819999999999984,243.72010940352862,15.053448557148526,-3.353625122048189e-18,-4.516078194580791e-18,13.720576497024695,-1.8357022809244748e-17,8.565441254936307,1.4259064798626378e-17,88.1397759496089,70.19301506555455
2.8299999999999836,244.59810687736604,15.133105736886376,-3.4060007830718335e-18,-4.498394845548688e-18,13.719523653918309,-1.837572177661774e-17,8.549920855367096,1.425465573053558e-17,88.15007179147707,70.19328277508387
2.8399999999999834,245.4761865334206,15.212992294623062,-3.458787169180058e-18,-4.479804004674087e-18,13.718449849500413,-1.8391849338054286e-17,8.534426697931355,1.4247884822456736e-17,88.16035562250536,70.19355126216576
2.849999999999983,246.3543483690922,15.293107656022963,-3.511983103630707e-18,-4.460307689485415e-18,13.717348321876184,-1.8405426747490283e-17,8.518963037736077,1.4238779082541926e-17,88.17061554077323,70.19382052388963
2.859999999999983,247.23259225739133,15.373451146262335,-3.5655873002976875e-18,-4.4399086004755235e-18,13.716227635670023,-1.8416476719272486e-17,8.503520709889742,1.422735985072493e-17,88.18087552084982,70.19409055833276
2.869999999999983,248.11091811715497,15.454021915167852,-3.619598410421074e-18,-4.4186097285530406e-18,13.715091830597018,-1.8425021821451318e-17,8.488109504218436,1.4213654613512944e-17,88.19112221525553,70.19436136323367
2.8799999999999826,248.98932583140316,15.534819359421316,-3.674015030114329e-18,-4.396414207797581e-18,13.713932978913434,-1.843108388601848e-17,8.472733084568295,1.4197688350917605e-17,88.20135853440976,70.19463293573985
2.8899999999999824,249.86781516695447,15.6158427979003,-3.730043268510629e-18,-4.373325839433896e-18,13.712759381846913,-1.843468624167318e-17,8.457383546540301,1.4179486845642357e-17,88.21158310837923,70.1949052738308
2.899999999999982,250.74638615471883,15.69709138998564,-3.7864930355857406e-18,-4.368694846627638e-18,13.711576132366702,-1.8517466098540238e-17,8.442070300646252,1.4159077741803125e-17,88.22178360588336,70.19517837522376
2.909999999999982,251.6250386608893,15.778564528130389,-3.842156692395149e-18,-4.363390641945424e-18,13.710373970830801,-1.859715894397924e-17,8.426795951423202,1.4212990711085958e-17,88.23198480466698,70.19545223709841
2.9199999999999817,252.50377259412596,15.860261589105649,-3.898223482746901e-18,-4.338057497872281e-18,13.709160948482184,-1.8592167901513544e-17,8.411552473298492,1.4263920703702273e-17,88.24217239159366,70.19572685741991
2.9299999999999815,253.38258786843656,15.942181684790173,-3.954691655044975e-18,-4.311814136412596e-18,13.707943387588436,-1.8584795707550107e-17,8.396347435713828,1.4235375785281186e-17,88.25235040459879,70.19600223410063
2.9399999999999813,254.26148424489384,16.02432418292607,-4.0103508213109485e-18,-4.284666460285339e-18,13.706710533302058,-1.857506555869273e-17,8.381187217087586,1.420471805478423e-17,88.26251687090014,70.19627836416001
2.949999999999981,255.14046174040007,16.106688510445455,-4.066388672158894e-18,-4.237283791111008e-18,13.70547019826911,-1.8481390445137645e-17,8.36606214381682,1.4171976031693883e-17,88.27265887859903,70.19655524547991
2.959999999999981,256.01952022651176,16.18927396649896,-4.1228013392868486e-18,-4.188798603783388e-18,13.704229922146084,-1.838608064347156e-17,8.350977452838881,1.4060649753631465e-17,88.28280240534674,70.19683287614173
2.9699999999999807,256.89865964106576,16.272079743267106,-4.1795849275330256e-18,-4.139235852267639e-18,13.702991223478852,-1.8289168446021053e-17,8.33594202222563,1.3948116227889357e-17,88.29293174181561,70.19711125379607
2.9799999999999804,257.7778798756315,16.355105240505573,-4.23673550401646e-18,-4.088620238048537e-18,13.7017476318713,-1.8190685501110876e-17,8.320956671211075,1.3834404820787006e-17,88.30305243243731,70.197390375733
2.9899999999999802,258.6571806931234,16.438349763382952,-4.2954585274196944e-18,-4.036976573296598e-18,13.700506467107395,-1.809066442468899e-17,8.306015006230362,1.371954611645605e-17,88.31316176321187,70.19767023994221
2.99999999999998,259.536562144035,16.521812508879165,-4.3545596147336114e-18,-4.003657600241346e-18,13.699270891865176,-1.8070747115308465e-17,8.291125491715572,1.3603572291483828e-17,88.32324599056456,70.19795084409455
3.00999999999998,260.41602408549727,16.60549287222121,-4.415246496661622e-18,-3.969571251548512e-18,13.698032574825316,-1.8048681168005923e-17,8.276288516515356,1.3563045463830998e-17,88.33333267193717,70.19823218549621
3.0199999999999796,261.2955664509573,16.689390235694994,-4.476326264325435e-18,-3.954048475775382e-18,13.696798628098458,-1.8106100107263478e-17,8.261497186635092,1.3520635956618246e-17,88.34340437687985,70.19851426212153
3.0299999999999794,262.1751891603201,16.77350374035684,-4.537798650084694e-18,-3.937983284026715e-18,13.695574022705884,-1.8160745509784628e-17,8.246757756670233,1.3552910714584434e-17,88.35346853615303,70.19879707190131
3.039999999999979,263.05489196404363,16.85783275993779,-4.6008736724268614e-18,-3.9213643503162026e-18,13.694348412593843,-1.8212633438607482e-17,8.23207534875402,1.3582528652080954e-17,88.3635214606813,70.1990806119531
3.049999999999979,263.93467490306335,16.94237673695222,-4.6643596814940475e-18,-3.923500396340536e-18,13.693128712266798,-1.8343389032442704e-17,8.217440787084785,1.3609514666970479e-17,88.37354844197043,70.19936488017875
3.0599999999999787,264.8145378341609,17.027134986471395,-4.7282581445114125e-18,-3.925274505158679e-18,13.691921585067798,-1.847074803229453e-17,8.20285807090478,1.3710437133207194e-17,88.38357900874703,70.199649874712
3.0699999999999785,265.694480721875,17.11210672326118,-4.792570473222289e-18,-3.926659431685978e-18,13.690728246973972,-1.8594720607820678e-17,8.188335481798589,1.3807945899893358e-17,88.39359356769366,70.19993559325692
3.0799999999999783,266.574503463633,17.19729136129722,-4.8572979899350105e-18,-3.927628780174283e-18,13.689541671305552,-1.871531685430544e-17,8.173873111498343,1.390205900371454e-17,88.40360183225825,70.20022203317947
3.089999999999978,267.4546058052605,17.282688232220316,-4.921230588839951e-18,-3.928157371571866e-18,13.688368340343548,-1.8832548319279166e-17,8.159464151961293,1.3992797079495586e-17,88.4135989861644,70.20050919251713
3.099999999999978,268.3347878249036,17.368296549970406,-4.9855616656295224e-18,-3.9089105406726124e-18,13.68721167260075,-1.8864821352322788e-17,8.145116363770743,1.408018286410811e-17,88.42356910358491,70.20079706902976
3.1099999999999777,269.21504936056016,17.454115720562022,-5.05029033965978e-18,-3.8889629682487024e-18,13.686062275676665,-1.8894427995017356e-17,8.130830000956662,1.4087668373278447e-17,88.43354407525186,70.20108566008042
3.1199999999999775,270.095390372729,17.540145174087904,-5.1154157059670455e-18,-3.868310318108462e-18,13.68492646201171,-1.8921388906909587e-17,8.116597465198955,1.4092667710861724e-17,88.44350180750891,70.20137496367973
3.1299999999999772,270.97581078793684,17.626384057406256,-5.180936766718863e-18,-3.846948760071747e-18,13.683810011019016,-1.894572497163579e-17,8.102423733449857,1.4095203697667006e-17,88.45345468552767,70.20166497791935
3.139999999999977,271.85631033613384,17.71283175703271,-5.2468524144505765e-18,-3.824874675176532e-18,13.682701014383824,-1.8967456107288667e-17,8.088314923844328,1.4095302263620198e-17,88.46339652707701,70.20195569993615
3.149999999999977,272.73688908784356,17.799487741136744,-5.313161591779509e-18,-3.802085237819489e-18,13.68160562357568,-1.898660373462197e-17,8.074260472968652,1.409299125046116e-17,88.47331005144196,70.20224712767492
3.1599999999999766,273.61754687228887,17.88635137728631,-5.3786505531347794e-18,-3.778578100730895e-18,13.680529758896649,-1.9003189500209552e-17,8.060263172157732,1.4088290358162888e-17,88.4832299107409,70.20253925935563
3.1699999999999764,274.4982836894866,17.973421880164892,-5.444511497747902e-18,-3.73505235602958e-18,13.679476457365896,-1.893563229271252e-17,8.046330996422078,1.4081228930931408e-17,88.49313106615631,70.20283209285915
3.179999999999976,275.37909944081144,18.060698685094422,-5.510741192005323e-18,-3.690592878367154e-18,13.678436189512583,-1.8866231840172114e-17,8.032465330523827,1.3995248599991278e-17,88.50302896732202,70.20312562555091
3.189999999999976,276.2599938427226,18.148181181945642,-5.5785493721100385e-18,-3.6452167391616385e-18,13.677414729092728,-1.8795018143605542e-17,8.018657085935494,1.3907784267266482e-17,88.51291591969536,70.20341985554009
3.1999999999999758,277.14096699002977,18.235868779503484,-5.646738840631796e-18,-3.618235508527352e-18,13.676417625278097,-1.880362292737251e-17,8.004913538109005,1.381886830146301e-17,88.52277303461213,70.20371478078268
3.2099999999999755,278.02201871206074,18.32376069641093,-5.7153081376547426e-18,-3.590584373792274e-18,13.675445586439254,-1.8809797982367234e-17,7.991236575565429,1.380511303447955e-17,88.53263810830941,70.20401039929835
3.2199999999999753,278.90314900408225,18.41185639919467,-5.784255813213226e-18,-3.562262266611855e-18,13.674491085254827,-1.8813564791828568e-17,7.977629197889228,1.378913655255088e-17,88.5424827950641,70.20430670846581
3.229999999999975,279.78435777047963,18.500155308276977,-5.854794104106022e-18,-3.533268743735557e-18,13.673559544219168,-1.8814945881206147e-17,7.964081909790102,1.3770961480965875e-17,88.55232602065867,70.20460370649937
3.239999999999975,280.66564493941837,18.588656628727126,-5.925726787628023e-18,-3.5228926316824414e-18,13.672654638324891,-1.8895564290458097e-17,7.950600754310502,1.3750614975745461e-17,88.56215824609875,70.2049013914579
3.2499999999999747,281.54701041400665,18.677359813739518,-5.9970541512497685e-18,-3.512057912610157e-18,13.671765774520297,-1.897316495501439e-17,7.9371891347724635,1.3804721337584281e-17,88.57197964692047,70.20519976067423
3.2599999999999745,282.42845398651866,18.766264289416117,-6.068776373862385e-18,-3.500747294912029e-18,13.670898253493693,-1.9047763292982154e-17,7.923836198207885,1.3855880856703694e-17,88.58179016183462,70.20549881231767
3.2699999999999743,283.3099756764884,18.855369492518534,-6.140893636239042e-18,-3.48894426780304e-18,13.670057164253222,-1.911937509663707e-17,7.910548040009403,1.3904117520746622e-17,88.59157845518322,70.20579854446616
3.279999999999974,284.19157538889124,18.944674657959958,-6.214620641594632e-18,-3.476633043065506e-18,13.669244554737013,-1.9188016347989587e-17,7.897327477590417,1.3949450219589997e-17,88.60136720768129,70.20609895523363
3.289999999999974,285.07325304853157,19.034179253671994,-6.2887619275599354e-18,-3.483081057217714e-18,13.66845117761063,-1.9335301672553602e-17,7.884177488743016,1.3991903756263105e-17,88.61114294959182,70.20640004205336
3.2999999999999736,285.9550085596735,19.123882742789938,-6.363319361115084e-18,-3.489204341083954e-18,13.667682016641313,-1.9478971992339625e-17,7.871088175465555,1.4108110691146475e-17,88.62090995709822,70.20670180314428
3.3099999999999734,286.83684170110774,19.213784499295173,-6.439509832959052e-18,-3.494971287547106e-18,13.666941851737965,-1.9619036883918368e-17,7.858064475472151,1.4220656898839076e-17,88.63066610316899,70.20700423670911
3.319999999999973,287.71875252923,19.30388382472739,-6.516139098789168e-18,-3.519630669944988e-18,13.666231509793302,-1.9837104445870314e-17,7.8451121089483165,1.4329564143186106e-17,88.64039796585433,70.20730734064996
3.329999999999973,288.60074090583953,19.394180182071146,-6.593210682864308e-18,-3.544086576576082e-18,13.665542711984758,-2.005090905608951e-17,7.832229254065125,1.451146523134265e-17,88.65013238583528,70.20761111262476
3.3399999999999728,289.4828067786185,19.48467305407868,-6.670728035832595e-18,-3.568292577224704e-18,13.664880146885054,-2.0260454256836725e-17,7.819408924308181,1.468893877615414e-17,88.65985160284515,70.20791555083558
3.3499999999999726,290.36495007822555,19.57536166585979,-6.748694482799807e-18,-3.59220369083524e-18,13.664248217925174,-2.046574432444371e-17,7.806654800066169,1.4862000245518354e-17,88.66956432764813,70.20822065355121
3.3599999999999723,291.2471705556425,19.666245463293148,-6.825897186395761e-18,-3.615776087041943e-18,13.663635019114032,-2.0666783214372146e-17,7.793971407000536,1.5030667787655517e-17,88.67926619838555,70.20852641817179
3.369999999999972,292.1294682698901,19.75732396706076,-6.903536136910727e-18,-3.619693035395381e-18,13.663045154032543,-2.0781979557019032e-17,7.781347949894218,1.5194962018014054e-17,88.68894155472552,70.20883284284167
3.379999999999972,293.0118430604935,19.848596639955996,-6.98161239660329e-18,-3.622975123789617e-18,13.662483036414178,-2.0893614651090656e-17,7.7687860559126545,1.527826770354595e-17,88.69862177142211,70.20913992595749
3.3899999999999717,293.8942949243599,19.940062742276915,-7.060126982662718e-18,-3.6256010410779515e-18,13.661952547706749,-2.100170330427733e-17,7.756291857315939,1.5358063599309795e-17,88.70828438820547,70.20944766572065
3.3999999999999715,294.77682376677143,20.031721767805262,-7.139080806686376e-18,-3.627550159343028e-18,13.661442087825648,-2.1106259805080292e-17,7.743867790330877,1.543437057441543e-17,88.71794293800288,70.2097560596497
3.4099999999999713,295.65942931547613,20.12357316753345,-7.217257776482564e-18,-3.6288030265378536e-18,13.66095599645201,-2.1207299958176446e-17,7.731502568372457,1.5507213332672087e-17,88.72759067218514,70.21006510605058
3.419999999999971,296.54211165447896,20.215616476170496,-7.295856330683522e-18,-3.6100703338514245e-18,13.66049842851273,-2.12232438103412e-17,7.719201891709767,1.5576618902851917e-17,88.73720945783688,70.21037480308476
3.429999999999971,297.42487062279656,20.307850929009515,-7.376092334365595e-18,-3.590391764023631e-18,13.660073154939944,-2.1236382499774212e-17,7.706966517246315,1.556596607771086e-17,88.74683556343649,70.21068514919602
3.4399999999999706,298.3077062179133,20.40027605282935,-7.456766510805594e-18,-3.589037903720392e-18,13.65966849644768,-2.1328335823222427e-17,7.694802337725118,1.555275108903726e-17,88.75644148092631,70.21099614181863
3.4499999999999704,299.1906183391573,20.492891351180713,-7.537879370367782e-18,-3.586954488639252e-18,13.659288549992027,-2.1416854579885833e-17,7.682695777923804,1.561364240889432e-17,88.76604595892711,70.21130777936955
3.45999999999997,300.0736068991614,20.585696331620483,-7.619431343584754e-18,-3.58412559753351e-18,13.658937233431146,-2.1501956422920156e-17,7.670651574016059,1.5671199286312436e-17,88.77563896296992,70.21162006018746
3.46999999999997,300.95667180955235,20.678690449589794,-7.701422773013773e-18,-3.5805361366489216e-18,13.658618290556078,-2.15836594320627e-17,7.658673286466105,1.5725446488540175e-17,88.78522182731244,70.21193298262449
3.47999999999997,301.8398128773104,20.771873001999733,-7.782635856646879e-18,-3.5761717702944465e-18,13.658331942474101,-2.166198188937164e-17,7.646764458571407,1.5776409419495225e-17,88.79479387558148,70.21224654485707
3.4899999999999696,302.72303012707204,20.865243534496386,-7.86426958901896e-18,-3.551751762577097e-18,13.658069737813317,-2.1655346557053526e-17,7.634926085603466,1.5824115795976208e-17,88.80434300384488,70.21256074452705
3.4999999999999694,303.60632343016425,20.95880155648454,-7.946322121651406e-18,-3.5263168486812586e-18,13.65783538116145,-2.164604699249564e-17,7.623147366438881,1.579193378493455e-17,88.81389342975659,70.21287558011495
3.509999999999969,304.48969273142836,21.052546559511363,-8.028791566022658e-18,-3.499873247858588e-18,13.657632407779449,-2.1634110623555786e-17,7.611433109220811,1.575737392380361e-17,88.82342949728617,70.21319104997906
3.519999999999969,305.3731379578957,21.146477869357543,-8.111675952642277e-18,-3.472427493081667e-18,13.657461865712454,-2.1619564907965794e-17,7.599785991018376,1.5720465160077993e-17,88.83295829861365,70.21350715241744
3.5299999999999687,306.2566588683892,21.240594979049643,-8.194973196952273e-18,-3.4439863067213695e-18,13.65731434601538,-2.1602436836066486e-17,7.5882070975951645,1.5681238420512314e-17,88.84247627893653,70.21382388516919
3.5399999999999685,307.14025551628,21.3348974536695,-8.278681262261314e-18,-3.4145569336862836e-18,13.657193354116728,-2.1582754384080046e-17,7.576688042158034,1.5639726724033442e-17,88.85196844279787,70.2141412465373
3.5499999999999683,308.02392774463226,21.429384794294165,-8.361578813293944e-18,-3.384146939193311e-18,13.657102236270042,-2.1560545684135925e-17,7.565229545640352,1.5595955238328516e-17,88.86146481367587,70.21445923506774
3.559999999999968,308.9076755473014,21.524056335759777,-8.44486354764729e-18,-3.333498769391001e-18,13.657043280027109,-2.1454243935314288e-17,7.5538365484155365,1.5549958289719478e-17,88.8709437723817,70.21477784909061
3.569999999999968,309.7914988302856,21.618911618363043,-8.528531262555308e-18,-3.2816719906288172e-18,13.657005724863295,-2.134615122975437e-17,7.5425099631488335,1.5425097208282208e-17,88.88041851195374,70.21509708637544
3.5799999999999677,310.6753973224783,21.713950140053157,-8.612577647487188e-18,-3.228693266324186e-18,13.65699289547335,-2.1236303881353122e-17,7.531239326024316,1.5298899451053295e-17,88.88988244916965,70.21541694538453
3.5899999999999674,311.5593711075871,21.80917148562116,-8.696998481508779e-18,-3.1745891411367913e-18,13.657007961271722,-2.1124738121811414e-17,7.520029285335663,1.5171402707022387e-17,88.89931749488107,70.21573742443739
3.5999999999999672,312.4434199994606,21.904575141224324,-8.781789402947566e-18,-3.119386038304288e-18,13.657053942202195,-2.1011490095996787e-17,7.508879723932536,1.5042635291953153e-17,88.90875982777655,70.21605852214633
3.609999999999967,313.32754402100034,22.00016048802984,-8.866946079709602e-18,-3.0631102282837466e-18,13.657131521152882,-2.08965957354564e-17,7.497795770824973,1.4912636317146338e-17,88.91818153365837,70.21638023679104
3.619999999999967,314.2117430624787,22.095927075096508,-8.95368438675036e-18,-3.0057877381246278e-18,13.657231319964685,-2.0780090344395724e-17,7.486776201899191,1.478143674576629e-17,88.92760223842357,70.21670256629716
3.6299999999999666,315.09601704594667,22.191874459992366,-9.040798898014493e-18,-2.9667103678131054e-18,13.657356352315217,-2.0743604969634177e-17,7.475812343414503,1.464907261726727e-17,88.93701052709369,70.21702550915646
3.6399999999999664,315.9803658777438,22.288002197561536,-9.128287067149968e-18,-2.92685231875381e-18,13.657509485709888,-2.0704900182726e-17,7.464906724024805,1.4592257261799182e-17,88.9464096243698,70.21734906388933
3.649999999999966,316.8647893399351,22.384309770326645,-9.216146250366155e-18,-2.8862211628453985e-18,13.657693444134072,-2.066400396265787e-17,7.454062119381727,1.4533515864764024e-17,88.95579791284713,70.21767322900706
3.659999999999966,317.74928748680236,22.480796594628107,-9.304373845698625e-18,-2.844824702937681e-18,13.657908070727569,-2.0620944242558576e-17,7.4432821225320875,1.447288036281116e-17,88.96516222917742,70.21799800277694
3.6699999999999657,318.63386017452297,22.577462224049093,-9.392967139973448e-18,-2.8026709015320314e-18,13.658144643497664,-2.0575748624670276e-17,7.432564129154335,1.4410376291015525e-17,88.97452888750912,70.2183233832431
3.6799999999999655,319.51850735919436,22.674306237226972,-9.481923407725132e-18,-2.759768107079789e-18,13.658405897433234,-2.0528445398580502e-17,7.421900691738602,1.4346036440479676e-17,88.98387965090241,70.21864936891247
3.6899999999999653,320.4032289471055,22.77132820187918,-9.571239858465633e-18,-2.7161249073315356e-18,13.658694430217809,-2.0479062931512747e-17,7.411293488889844,1.4279889005581975e-17,88.99322469915231,70.21897595837642
3.699999999999965,321.28802468573804,22.86852760781314,-9.659692049464243e-18,-2.6717501208921946e-18,13.659012703755739,-2.042762966245532e-17,7.4007453201453375,1.4211964650154824e-17,89.0025589374265,70.2193031501895
3.709999999999965,322.17289466347717,22.96590389509284,-9.74847938755556e-18,-2.6073842313365148e-18,13.659360485616231,-2.029257814624144e-17,7.390259808230622,1.4142295865165636e-17,89.0118657043103,70.2196309426435
3.7199999999999647,323.0578387008789,23.063456621348564,-9.838818851941138e-18,-2.542090689256661e-18,13.659728980343985,-2.015621308595085e-17,7.3798337193008825,1.399421338154606e-17,89.02117831327848,70.21995933386243
3.7299999999999645,323.94285678956606,23.161185386469743,-9.929503056209343e-18,-2.4951668284808306e-18,13.660120674509379,-2.0100166968394595e-17,7.36946012045446,1.384527436146698e-17,89.0304713978746,70.22028832236674
3.7399999999999642,324.8279488273963,23.25908976876346,-1.001930684632621e-17,-2.4475848210039816e-18,13.66053792578202,-2.0042198935869043e-17,7.3591398580500185,1.3772207037412657e-17,89.0397624006026,70.2206179068194
3.749999999999964,325.71311473186745,23.357169326427847,-1.0109430047948704e-17,-2.3800828861936884e-18,13.660982963288994,-1.9900740936910536e-17,7.348875868317867,1.369751968906063e-17,89.04904174121417,70.22094808581058
3.759999999999964,326.59835442921013,23.45542346341661,-1.019986767598154e-17,-2.3117267907642585e-18,13.661456245821885,-1.975809884852167e-17,7.3386700215561875,1.3544541004189897e-17,89.05831112646904,70.22127885786259
3.7699999999999636,327.4836677032587,23.5538517407505,-1.0289392044925304e-17,-2.2425441431822e-18,13.661948165490967,-1.9614308347547994e-17,7.328522620301308,1.3390830742802417e-17,89.06756969777302,70.22161022097754
3.7799999999999634,328.3690545823429,23.65245377941123,-1.037920146558826e-17,-2.1532894801553408e-18,13.662460988853649,-1.938780854923304e-17,7.318424861414303,1.3236424109871979e-17,89.07680500475117,70.22194217368724
3.789999999999963,329.25451492637154,23.751229160609224,-1.0468066005205377e-17,-2.0630486640408557e-18,13.662996861523519,-1.9160913644699098e-17,7.308376780631655,1.3004645190369973e-17,89.08604198652982,70.22227471472566
3.799999999999963,330.1400486880398,23.850177489153452,-1.055718230423688e-17,-1.952592480114983e-18,13.663557807328422,-1.8852069732382467e-17,7.298381734827594,1.2773064718403643e-17,89.09526344189848,70.22260784269268
3.8099999999999627,331.02565577748084,23.949298326378635,-1.0646541464860815e-17,-1.8410257361940654e-18,13.664145733487175,-1.854359870668484e-17,7.288440771162442,1.246500951425327e-17,89.10447883109309,70.22294155626771
3.8199999999999625,331.9113359593147,24.048591065394767,-1.073491115332818e-17,-1.7284107602777259e-18,13.664760258232155,-1.823555080508645e-17,7.278555970405534,1.2158055166822097e-17,89.11368341845395,70.22327585398357
3.8299999999999623,332.79708929990926,24.14805534873363,-1.0823486609679847e-17,-1.5955316447321922e-18,13.665392431417233,-1.7846377496174103e-17,7.268728074435505,1.1852243814157818e-17,89.12286084471664,70.22361073380561
3.839999999999962,333.6829156197804,24.247690760211263,-1.0912257048047986e-17,-1.461511411100466e-18,13.666044215938411,-1.7458407754438267e-17,7.2589452554759255,1.1470897265655795e-17,89.13204384700892,70.22394619454046
3.849999999999962,334.56881491097937,24.347496926133264,-1.100121177452281e-17,-1.3264276546934453e-18,13.666717459168748,-1.707169784579053e-17,7.249211338708719,1.109160106621907e-17,89.14120731719287,70.2242822347966
3.8599999999999617,335.4547870681006,24.447473450360334,-1.1090340109374457e-17,-1.1903565652295629e-18,13.667413899163199,-1.668630320047872e-17,7.239526567162634,1.0714395340386154e-17,89.15036875430941,70.22461885332592
3.8699999999999615,336.34083201210245,24.54761992002046,-1.1179631425159106e-17,-1.0533729411697955e-18,13.668135164690987,-1.630227841426581e-17,7.229893291551618,1.0339322894542932e-17,89.15951820139645,70.22495604880453
3.8799999999999613,337.22694966855175,24.647935776258592,-1.1269075140825279e-17,-9.155502036703564e-19,13.668881245514154,-1.591967722297007e-17,7.220312747536721,9.966424301802031e-18,89.16865806866468,70.22529381985203
3.889999999999961,338.1131398175427,24.748420605024,-1.1358660688775651e-17,-7.7696041462823e-19,13.669642683795665,-1.5538552408283633e-17,7.210784818058289,9.59573982865957e-18,89.17778714926406,70.22563216459575
3.899999999999961,338.9994024915342,24.84907405410034,-1.1448377619497942e-17,-6.376743121285377e-19,13.670421177483133,-1.5158956149615918e-17,7.201300889277465,9.22731020311173e-18,89.18689258969407,70.22597108165131
3.9099999999999606,339.88573754359794,24.94989572870042,-1.1538215490022963e-17,-4.97761302808868e-19,13.671218322068059,-1.4780939791448652e-17,7.191860422646482,8.861171420010598e-18,89.19600014135249,70.2263105698429
3.9199999999999604,340.7721449337477,25.050885260926595,-1.1628163939496495e-17,-3.5728947552851705e-19,13.672035609316469,-1.4404553845477444e-17,7.182466317267889,8.497363260687306e-18,89.20509147946255,70.22665062785107
3.92999999999996,341.65862456865193,25.15204227110752,-1.1718212650771473e-17,-2.1632561587154513e-19,13.672874432323864,-1.4029847991237534e-17,7.17311901397189,8.135921888077113e-18,89.21417751295988,70.22699125444709
3.93999999999996,342.54517618964996,25.253366319355038,-1.1807126110879297e-17,-7.493521998777662e-20,13.673736086314065,-1.3656871077935771e-17,7.163820160925162,7.776884294647972e-18,89.22325278808485,70.22733244836247
3.9499999999999598,343.43179989016045,25.35485690493868,-1.1896099987197825e-17,8.610801218187019e-20,13.674620437374129,-1.3204070013225949e-17,7.154572248469554,7.42028764927845e-18,89.23230017473911,70.22767420812566
3.9599999999999596,344.3184954803526,25.456513634324207,-1.198512220266679e-17,2.476652014947894e-19,13.675517986176343,-1.2753776173370895e-17,7.145372210527141,6.989433032823798e-18,89.24135393801531,70.22801653205978
3.9699999999999593,345.2052629631871,25.55833616134311,-1.2074180802857095e-17,4.096562695039775e-19,13.676430115025079,-1.2306043765126143e-17,7.136212512709093,6.561918829793203e-18,89.25038713056455,70.22835941884959
3.979999999999959,346.09210221999297,25.6603241111571,-1.2163263890877536e-17,5.7200277886093885e-19,13.677358113791442,-1.1860925956131984e-17,7.127092820933469,6.1377811918861764e-18,89.2594194256929,70.22870286733948
3.989999999999959,346.9790131831788,25.762477122183462,-1.2252359665302843e-17,7.346279145374223e-19,13.678303179342624,-1.14184748791155e-17,7.118015260295647,5.7170577080412954e-18,89.2684383933752,70.22904687627721
3.9999999999999587,347.8659957597871,25.864794827693586,-1.2341456406887765e-17,8.974564648535337e-19,13.679266419582932,-1.0978741634447386e-17,7.1089804562788705,5.299783849236181e-18,89.2774492400464,70.22939144445526
4.009999999999959,348.75304971685205,25.96727682796138,-1.2430542460830348e-17,1.0604148028142073e-18,13.680248854905916,-1.0541776293784466e-17,7.099989560306708,4.885994691393205e-18,89.28644936761467,70.22973657064861
4.019999999999959,349.6401751030247,26.069922781407378,-1.2519606313269416e-17,1.2234308675374682e-18,13.681251420744115,-1.0107627903380693e-17,7.091044568694252,4.475724968353958e-18,89.29542446975921,70.23008225352103
4.0299999999999585,350.52737177435523,26.172732141765874,-1.2609863060841969e-17,1.3864341391535816e-18,13.682274259889919,-9.67634450412954e-18,7.08214397867726,4.0690063716773e-18,89.30440316976693,70.23042849193241
4.039999999999958,351.4146397082966,26.275704569607782,-1.2700094240881433e-17,1.530052368550383e-18,13.683307425796277,-9.329577524552891e-18,7.073289458685708,3.6658721489185506e-18,89.31336396067685,70.2307752840521
4.049999999999958,352.30197881056586,26.37883970870483,-1.2790290518480145e-17,1.6733064634824224e-18,13.684351961793817,-8.98508502359302e-18,7.06446975371623,3.3430966000691183e-18,89.32232125825172,70.2311226287472
4.059999999999958,353.189388989981,26.482137204218244,-1.288044264007971e-17,1.8161488087121542e-18,13.6854088278954,-8.642904273988257e-18,7.055686354345404,3.023135544346243e-18,89.33126772483341,70.23147052482807
4.069999999999958,354.0768701540748,26.585596701728868,-1.2970541434039629e-17,1.958532855493788e-18,13.686478903946691,-8.303071749193054e-18,7.0469400638241195,2.7060144512509606e-18,89.34020366604001,70.2318189711098
4.079999999999957,354.9644220941857,26.689217819333162,-1.3060577796553686e-17,2.1004131096562293e-18,13.687562991630282,-7.965623126321836e-18,7.038231636634096,2.391758096144127e-18,89.34912894071644,70.23216796640881
4.089999999999957,355.85204483454356,26.793000232537118,-1.3150542739320253e-17,2.241745119767118e-18,13.68866181650357,-7.630593289144326e-18,7.029562673830389,2.0803908187740254e-18,89.35803167081013,70.23251750944885
4.099999999999957,356.739738234598,26.896943577893055,-1.3240427338222478e-17,2.3824854655339987e-18,13.689776031693626,-7.298016330539345e-18,7.020931891669629,1.7719354243184395e-18,89.36693563566344,70.23286759914727
4.109999999999957,357.6275022509155,27.00104751656313,-1.333022276764154e-17,2.5225917458163118e-18,13.690906216406617,-6.967925556866512e-18,7.0123411143788585,1.4664149240673879e-18,89.3758239986631,70.23321823429006
4.119999999999957,358.5153367916376,27.10531169910358,-1.3419920283789833e-17,2.6620225672483225e-18,13.692052880302755,-6.640353490309757e-18,7.003789997349079,1.163851109537708e-18,89.38470667372084,70.23356941374614
4.129999999999956,359.40324160202954,27.20973573346885,-1.3509511214791674e-17,2.8007375325618122e-18,13.693216463955213,-6.31533187268132e-18,6.995279285242035,8.642653165462555e-19,89.39357871011048,70.23392113634864
4.139999999999956,360.2912167730113,27.31431914991268,-1.3598987022958442e-17,2.938697225357372e-18,13.694397085916444,-5.9928916818579305e-18,6.986810578218552,5.676782100852309e-19,89.402423416275,70.23427340078706
4.149999999999956,361.17926211591566,27.419061584134475,-1.3688339224537754e-17,3.075863042360251e-18,13.69558458859979,-5.6730636818075575e-18,6.9783812379887165,2.7410944492041155e-19,89.41127419263866,70.23462620548867
4.159999999999956,362.0673776357552,27.523962719320505,-1.3777559445531358e-17,3.212197493246178e-18,13.69677954655885,-5.3558773374468515e-18,6.969983022826256,-1.6421702829134444e-20,89.420104483322,70.23497954923641
4.1699999999999555,362.9555632104225,27.62902220837371,-1.3865410821096276e-17,3.3476640387869862e-18,13.69798246935452,-5.041361343082155e-18,6.961614862569218,-3.0389675750966055e-19,89.42893406180879,70.23533343097348
4.179999999999955,363.8438187792313,27.734239719695267,-1.3953094259478705e-17,3.501553400722832e-18,13.69919380049605,-4.64793399022503e-18,6.953278163673142,-5.882979563672804e-19,89.43774993185161,70.23568784954084
4.189999999999955,364.73214425108455,27.83961491496406,-1.4040599738293964e-17,3.654719455198284e-18,13.700413921127092,-4.257917310865737e-18,6.944972772753909,-9.463697202582105e-19,89.4465583579709,70.23604280383174
4.199999999999955,365.6205393893339,27.945147421053033,-1.4127917338312052e-17,3.8071100004129195e-18,13.701643150874206,-3.871345506739324e-18,6.9366991982615565,-1.3005018839354633e-18,89.45535622427474,70.23639829271676
4.209999999999955,366.5090042490788,28.05083693643431,-1.4215037271264976e-17,3.9586741528128174e-18,13.702881750035857,-3.4882518133983476e-18,6.928458804110289,-1.6506748402423596e-18,89.46412864978412,70.23675431494901
4.2199999999999545,367.3975386590212,28.15668310540468,-1.4301949850363813e-17,4.109362331078567e-18,13.7041299234367,-3.1086685041879083e-18,6.920249433756329,-1.9968690012167157e-18,89.4729054330494,70.23711086952314
4.229999999999954,368.28614260958386,28.262685612354495,-1.4388645511857583e-17,4.2591262390803784e-18,13.70538781776622,-2.732626897456325e-18,6.912072958479553,-2.339066663608365e-18,89.4816634365627,70.237467955251
4.239999999999954,369.1748159941739,28.3688441189904,-1.447388523864227e-17,4.407918850364437e-18,13.706655526606548,-2.360157360100388e-18,6.903928136417558,-2.677250035679047e-18,89.49041917630969,70.23782557107974
4.249999999999954,370.06355873913526,28.475158295879183,-1.455886977165221e-17,4.575033479998933e-18,13.707933089650247,-1.9096766417134766e-18,6.895815705118015,-3.0114028636472446e-18,89.49916273406524,70.23818371587988
4.259999999999954,370.9523707545762,28.58162781053444,-1.4643587976149192e-17,4.741301412441992e-18,13.709220495750623,-1.4635118064827237e-18,6.887735330022322,-3.4182793792663177e-18,89.50789746882616,70.23854238855193
4.269999999999953,371.8412518190251,28.688252299260146,-1.47280288521898e-17,4.9066608530760585e-18,13.71051768400378,-1.0216982019777598e-18,6.879687011137948,-3.820262121426989e-18,89.51662171591589,70.23890158798598
4.279999999999953,372.7302019746997,28.795031463369025,-1.481218153993857e-17,5.071051625709806e-18,13.711824545539194,-5.842700353113192e-19,6.871671609785977,-4.217333513799536e-18,89.52532202298057,70.23926131296685
4.289999999999953,373.619221063709,28.90196495650246,-1.489603531702646e-17,5.234415151873803e-18,13.713140926987766,-1.512603786063901e-19,6.863686840111372,-4.6094750632659334e-18,89.53402532901794,70.23962156249866
4.299999999999953,374.50830906526267,29.009052466561293,-1.4979579600111786e-17,5.396694428914755e-18,13.71446662804669,2.7729882194828347e-19,6.855733995741287,-4.99667155563141e-18,89.54271118168296,70.23998233542468
4.3099999999999525,375.3974658844389,29.116293664406413,-1.50628039469985e-17,5.557834009935897e-18,13.71580140594266,7.013767410681472e-19,6.847811694386371,-5.37890694374664e-18,89.5513935858797,70.2403436307038
4.319999999999952,376.28669143805234,29.223688224680046,-1.5145698057022548e-17,5.717779982680123e-18,13.717144974833243,1.1209436662616445e-18,6.839920157047045,-5.75616736201518e-18,89.5600649621722,70.24070544723733
4.329999999999952,377.1759856372795,29.33123582158176,-1.5228251772361995e-17,5.876479949419714e-18,13.718497008343046,1.5359709915297476e-18,6.832058897189984,-6.1284394027691375e-18,89.56872650515731,70.24106778393939
4.339999999999952,378.0653482721276,29.43893610064183,-1.5310455083835364e-17,6.033883006703944e-18,13.71985714078725,1.946431210221724e-18,6.8242275243378705,-6.495710730368628e-18,89.57737763399571,70.24143063972248
4.349999999999952,378.954779375483,29.546788767380676,-1.5392298116898637e-17,6.18993972536892e-18,13.721224968631521,2.3522979079726813e-18,6.816426513834018,-6.857970871712347e-18,89.58600595928044,70.2417940134025
4.3599999999999515,379.8442787992702,29.654793484243367,-1.5475002390810472e-17,6.344602131280494e-18,13.722600053641003,2.753545756636545e-18,6.808653474914877,-7.21520744883063e-18,89.59463629808883,70.24215790399761
4.369999999999951,380.73384651508877,29.762949943671348,-1.555734661181333e-17,6.478461136461207e-18,13.723981920578163,3.0685322528737736e-18,6.80090926628467,-7.567412390330922e-18,89.60325015212531,70.2425223103807
4.379999999999951,381.62348243494586,29.871257824519436,-1.5639323266795118e-17,6.610619211557647e-18,13.725370061221636,3.3795395441925325e-18,6.793192387734777,-7.837792228528987e-18,89.61185974761351,70.24288723152581
4.389999999999951,382.51318629575786,29.97971676370643,-1.57221566388955e-17,6.741051164965275e-18,13.726763933858912,3.6865533291682194e-18,6.7855026917796435,-8.103956916812256e-18,89.62045898977549,70.24325266636119
4.399999999999951,383.40295818526755,30.088326484354724,-1.5804627347644176e-17,6.850364100665312e-18,13.72816296544577,3.907940444231761e-18,6.777840902478337,-8.365905551223403e-18,89.62902997541603,70.24361861367345
4.40999999999995,384.2927979013004,30.19708663986012,-1.5885498270980918e-17,6.957688449482434e-18,13.729566555447454,4.125995350278437e-18,6.770203651575419,-8.546845805313087e-18,89.63760855695327,70.24398507254016
4.41999999999995,385.18270547144203,30.305996940313005,-1.596597669650896e-17,7.082393204137346e-18,13.730974071800489,4.4223347662600475e-18,6.7625924788402925,-8.724399987489683e-18,89.6461650967282,70.24435204180354
4.42999999999995,386.07268075386105,30.415057055340913,-1.604728793807826e-17,7.205317260240186e-18,13.732384856459705,4.71464708547698e-18,6.755004900343394,-8.975358937948348e-18,89.65472307358723,70.24471952049714
4.43999999999995,386.9627237166168,30.5242666820268,-1.6128212576889728e-17,7.307062355830384e-18,13.733798223127796,4.92130007159332e-18,6.747441473806772,-9.222105829509455e-18,89.66326516510271,70.24508750751791
4.4499999999999496,387.8528342731492,30.63362550486579,-1.620874589996792e-17,7.406770020258791e-18,13.735213460956334,5.1245934095165146e-18,6.739900591150538,-9.387848712935528e-18,89.67180259768722,70.24545600185549
4.459999999999949,388.74301216661183,30.743133167347413,-1.6288883324778334e-17,7.504439290933604e-18,13.736629834029266,5.324525980041916e-18,6.732381881630559,-9.550214722012431e-18,89.68032978213404,70.24582500245695
4.469999999999949,389.63325748155097,30.852789396704797,-1.6368620349711038e-17,7.600069674653013e-18,13.738046583300894,5.521097253373595e-18,6.724885848651033,-9.709212035648507e-18,89.68882930174291,70.24619450813105
4.479999999999949,390.5235700205036,30.962593852074622,-1.6449185495891095e-17,7.6936611418903e-18,13.739462930226361,5.714307284627028e-18,6.717409055659328,-9.864843682518972e-18,89.69733604784403,70.24656451796908
4.489999999999949,391.41394980964594,31.07254624758481,-1.6529361175647828e-17,7.765826815081488e-18,13.740878072703588,5.822532571860097e-18,6.70995280878396,-1.0017120144385059e-17,89.70582118432135,70.24693503083252
4.4999999999999485,392.30439671035066,31.182646257724087,-1.661037831794566e-17,7.83573991294035e-18,13.742291190371208,5.928086731457651e-18,6.702514539802287,-1.0089249897294158e-17,89.71430756527118,70.24730604576841
4.509999999999948,393.1949106910626,31.292893583490354,-1.6691021201619223e-17,7.88402890118019e-18,13.743701442277457,5.949354252744876e-18,6.695094622985816,-1.0158873923213008e-17,89.72277833456143,70.24767756169
4.519999999999948,394.08549166713226,31.40328791336233,-1.6771289704854975e-17,7.92989020291966e-18,13.745107970379488,5.968658693316363e-18,6.687691349607499,-1.0149205125823874e-17,89.73124442924397,70.2480495776
4.529999999999948,394.9761393849756,31.513828894810317,-1.6849950243755048e-17,7.973362375527123e-18,13.746509898925519,5.986018193621789e-18,6.680304212787742,-1.013789044013131e-17,89.73970041208325,70.24842209245885
4.539999999999948,395.8668539299412,31.62451625819827,-1.692821680832072e-17,8.033881201886747e-18,13.747906336235541,6.0830776053675454e-18,6.672933581523013,-1.0124949681647961e-17,89.7481289988307,70.2487951050886
4.549999999999947,396.75763510635403,31.7353496656577,-1.700608759826844e-17,8.092301776665953e-18,13.74929637818452,6.177539943651278e-18,6.665575954253949,-1.0187198926273955e-17,89.75656483104657,70.24916861459096
4.559999999999947,397.6484829430115,31.84632883422305,-1.7083560879100194e-17,8.148642856586834e-18,13.750679104031335,6.269415877594291e-18,6.658232513806301,-1.0247023268340518e-17,89.76497916562171,70.24954261983741
4.569999999999947,398.5393973016118,31.957453440356936,-1.7160635024252198e-17,8.20292323250604e-18,13.752053581583487,6.3587164056799594e-18,6.6509006093468965,-1.0304434064086646e-17,89.77339494152884,70.2499171198847
4.579999999999947,399.43037815504766,32.06872318770636,-1.723730848345493e-17,8.25516172688247e-18,13.753418864712184,6.4454528497436865e-18,6.643580538782355,-1.0359447534264307e-17,89.78179506161622,70.25029211365259
4.589999999999947,400.3214254211975,32.18013776656578,-1.7313579800608896e-17,8.305377193638091e-18,13.754773996765488,6.529636851162353e-18,6.636270492804881,-1.0412076905572585e-17,89.79019088210723,70.25066760015267
4.599999999999946,401.2125388468935,32.29169682530971,-1.7388213133541683e-17,8.353588516275818e-18,13.756118009755795,6.6112803654709915e-18,6.6289699061840555,-1.0462337640162955e-17,89.79857676463897,70.2510435783513
4.609999999999946,402.10371852241866,32.40340009599761,-1.7462422073415425e-17,8.419226273225332e-18,13.757449926046805,6.772025568571196e-18,6.621679090610494,-1.0510246864726565e-17,89.80693520232487,70.25142004707351
4.619999999999946,402.99496425106855,32.51524724057245,-1.753620352098689e-17,8.4831126704213e-18,13.758768761752622,6.929565577838384e-18,6.614394475845653,-1.063262496812596e-17,89.81530129947426,70.2517970054266
4.629999999999946,403.88627606842573,32.62723797744278,-1.7609554450376724e-17,8.545248016665398e-18,13.760073522358883,7.083905405598802e-18,6.607117222257283,-1.0751847197519436e-17,89.82364569455989,70.25217445228131
4.6399999999999455,404.7776538337185,32.739371981767434,-1.7682471959375912e-17,8.60563306463723e-18,13.761363207870566,7.235050572249487e-18,6.599844591127012,-1.086792230634932e-17,89.83199212448132,70.25255238669887
4.649999999999945,405.66909752848323,32.85164895822723,-1.7754953231239e-17,8.664269002375383e-18,13.762636810077959,7.383007098862014e-18,6.592576902037257,-1.0980864493867872e-17,89.84032253861149,70.25293080759455
4.659999999999945,406.56060706735093,32.96406859483965,-1.782699555859164e-17,8.7211574472054e-18,13.763893316000164,7.52778150254615e-18,6.585312238204805,-1.1090684671470901e-17,89.84864942662175,70.25330971398326
4.669999999999945,407.4521823784686,33.07663058247788,-1.7898596332552776e-17,8.776300437957892e-18,13.765131706781935,7.669380789760152e-18,6.57805009441623,-1.119739653115636e-17,89.85696592853081,70.25368910482361
4.679999999999945,408.3438233840293,33.18933461006498,-1.7969753044864055e-17,8.82970042835324e-18,13.766350959448458,7.807812450886073e-18,6.570789366133426,-1.1301013159640271e-17,89.86527340722843,70.25406897908385
4.689999999999944,409.2355298837873,33.30218033595818,-1.8040463303872527e-17,8.881360279956632e-18,13.767550047419016,7.94308445423766e-18,6.563529094077002,-1.1401548291633806e-17,89.87357123379834,70.25444933572564
4.699999999999944,410.12730192413215,33.41516747810919,-1.8110724782084332e-17,8.931283255296376e-18,13.768727941301348,8.075205240180384e-18,6.556269193350326,-1.1499017581726765e-17,89.88184686370454,70.25483017360746
4.709999999999944,411.01913935930855,33.52829570692032,-1.818053527766449e-17,8.979473011716677e-18,13.769883611424573,8.204183716013462e-18,6.549006829458612,-1.1593432240670813e-17,89.89012549953915,70.2552114917889
4.719999999999944,411.91104218355474,33.64156472623753,-1.8249892666277573e-17,9.025933593083077e-18,13.771016024766048,8.33002924835027e-18,6.541742429943891,-1.1684809619975708e-17,89.89838746807155,70.255593289169
4.729999999999944,412.80301030507286,33.75497421814164,-1.8318794933401662e-17,9.070669424155877e-18,13.772124148535358,8.452751658435371e-18,6.534473960973517,-1.17731630531256e-17,89.90664706435501,70.25597556475977
4.739999999999943,413.69504366661596,33.868523872289614,-1.838724015607659e-17,9.113685303021433e-18,13.77320694868935,8.572361215212536e-18,6.52720106644075,-1.1858509252482865e-17,89.91489546557362,70.25635831749963
4.749999999999943,414.5871421946364,33.9822133734498,-1.8455226509925744e-17,9.15498639492515e-18,13.774263391875625,8.688868629892885e-18,6.519922503067406,-1.1940863678251048e-17,89.9231361810181,70.25674154635259
4.759999999999943,415.47930568249615,34.0960423727755,-1.8521515681860646e-17,9.194578225424318e-18,13.775292445521355,8.802285049699221e-18,6.5126374079478975,-1.2020242833173807e-17,89.93136751824836,70.25712525026616
4.769999999999943,416.3715341918504,34.210010585919655,-1.8587322975838804e-17,9.251906210541764e-18,13.776293078683757,8.994258540433062e-18,6.505345792803044,-1.2096665180981842e-17,89.93957583609223,70.25750942807437
4.7799999999999425,417.26382756908646,34.32411767488783,-1.8653881816077522e-17,9.30775190878327e-18,13.77726426464854,9.182473266694828e-18,6.498044708317099,-1.224696920363776e-17,89.9477885504569,70.2578940788289
4.789999999999942,418.15618582564224,34.4383633408503,-1.871997162994533e-17,9.342660762764223e-18,13.778204977414324,9.28529660389608e-18,6.490734774205492,-1.2393514470890303e-17,89.95598361488264,70.25827920140034
4.799999999999942,419.04860886038824,34.552747256297096,-1.8786828231579487e-17,9.375848877522046e-18,13.779114195539517,9.385062450217266e-18,6.483413818859667,-1.24594848167468e-17,89.96417788400527,70.25866479479149
4.809999999999942,419.9410966352221,34.66726910783928,-1.8853232920780543e-17,9.387879283390982e-18,13.779990900170697,9.400146690499861e-18,6.476081717680689,-1.2522558533481855e-17,89.97235981445377,70.25905085790829
4.819999999999942,420.83364908167533,34.78192857335608,-1.8919186480304705e-17,9.397990562420987e-18,13.780834077298618,9.412892990076571e-18,6.468737066217824,-1.2505924179485608e-17,89.98053582350676,70.25943738970433
4.8299999999999415,421.7262659837366,34.89672529313629,-1.8983452273856856e-17,9.406210168028776e-18,13.781642717315458,9.423323697624579e-18,6.461379152438028,-1.2487266092023052e-17,89.98870277441551,70.25982438910373
4.839999999999941,422.61894742295266,35.01165897873882,-1.9047249059590107e-17,9.432014104671141e-18,13.78241581598865,9.513099961730053e-18,6.454008139136713,-1.2466609923838148e-17,89.99684554014772,70.26021185490366
4.849999999999941,423.51169323482776,35.12672928011671,-1.91105759418864e-17,9.456195741100388e-18,13.78315237719192,9.599913661126254e-18,6.446620936409687,-1.252080733594791e-17,90.0049945284741,70.26059978614185
4.859999999999941,424.404503452671,35.24193589400328,-1.9173432080413726e-17,9.478763374124754e-18,13.78385140883821,9.683779745039288e-18,6.439218435275301,-1.2572217515304641e-17,90.01312453635579,70.26098818164812
4.869999999999941,425.2973779629448,35.35727847965332,-1.923581674770669e-17,9.499725598118014e-18,13.784511927116844,9.764713533202099e-18,6.431798298861983,-1.2620857229369955e-17,90.02125576598463,70.26137704041005
4.87999999999994,426.19031675141014,35.47275671891322,-1.9297729286537122e-17,9.519091297642893e-18,13.785132953924023,9.842730708461237e-18,6.424360711783258,-1.2666748460359518e-17,90.02937316015347,70.26176636128884
4.88999999999994,427.0833197549249,35.58837027997932,-1.9359169134604925e-17,9.536869642162826e-18,13.785713519560609,9.91784731157855e-18,6.416904079187447,-1.2709909931224714e-17,90.03748684234445,70.2621561432218
4.89999999999994,427.976386912396,35.704118829755515,-1.9420135815086685e-17,9.553070079337346e-18,13.786252661644342,9.990079734462316e-18,6.409427893582994,-1.2750362769226892e-17,90.04559177376387,70.26254638510021
4.90999999999994,428.8695181630836,35.82000203338478,-1.948062893619859e-17,9.567702329239457e-18,13.786749426285496,1.0059444714334663e-17,6.401931290987237,-1.2788127630698418e-17,90.05368812707304,70.26293708581095
4.9199999999999395,429.76271332862933,35.93601952524486,-1.9540648211437927e-17,9.580776378311277e-18,13.787202868464757,1.0125959327571415e-17,6.39441343200249,-1.2823225453841766e-17,90.0617759006726,70.26332824423491
4.929999999999939,430.6559724688099,36.05217099598495,-1.9600193395632843e-17,9.592302473372256e-18,13.787612052425754,1.0189640983550287e-17,6.386874349499428,-1.2855679151094938e-17,90.06984302038917,70.26371985914912
4.939999999999939,431.54929545462744,36.168456088132544,-1.9658025417154712e-17,9.602291116350657e-18,13.78797605385165,1.0250507419220982e-17,6.379311511122082,-1.2885506682863858e-17,90.07791381194654,70.26411192952058
4.949999999999939,432.4426823003594,36.284874477190826,-1.971536344885512e-17,9.630210672555681e-18,13.788293956587058,1.0390217374446541e-17,6.371725480964544,-1.2912732490895169e-17,90.08596892112251,70.26450445415372
4.959999999999939,433.3361329257833,36.40142581348854,-1.977344480297674e-17,9.656829340581118e-18,13.78856485590559,1.0526455002720335e-17,6.36411444175034,-1.3014219729990769e-17,90.09402296700243,70.2648974319644
4.9699999999999385,434.2296473003868,36.51810975735129,-1.9831048181738237e-17,9.662681105407944e-18,13.788787856663651,1.0577590210437424e-17,6.356478302073051,-1.3112312127849066e-17,90.10206623952195,70.26529086178333
4.979999999999938,435.12322537033776,36.63492596121608,-1.9888173801296624e-17,9.667002599297816e-18,13.788962075100564,1.0625968919074604e-17,6.348815948098056,-1.3130181576973823e-17,90.110103783002,70.26568474247505
4.989999999999938,436.0168669398608,36.75187404042648,-1.9944821984048694e-17,9.66980636404238e-18,13.789086638407209,1.0671610837567476e-17,6.341126804463565,-1.314552881132494e-17,90.11813316878583,70.26607907287737
4.999999999999938,436.91057210030044,36.868953678234085,-2.000099307764687e-17,9.67110514869401e-18,13.789160685409515,1.071453596262676e-17,6.333411168885674,-1.3158379101072263e-17,90.12613982694224,70.26647385170295
5.009999999999938,437.80434070355403,36.9861644970272,-2.0056687552600602e-17,9.670911904877286e-18,13.789183369046192,1.0754764573395446e-17,6.3256662724777355,-1.3168751504993978e-17,90.13415309335409,70.26686907789355
5.019999999999937,438.6981727975781,37.10350616474215,-2.0111905919733155e-17,9.669239779662156e-18,13.789153852253877,1.0792317223564936e-17,6.317893130574976,-1.3176673149452331e-17,90.14214842148087,70.26726475018552
5.029999999999937,439.5920682813299,37.22097831047885,-2.0167888896085673e-17,9.666102111528485e-18,13.789071311949176,1.0827214736627155e-17,6.310089660652867,-1.3182164834433259e-17,90.15014582847598,70.26766086746893
5.039999999999937,440.4860271601052,37.33858058685612,-2.0223416773801157e-17,9.642053553527532e-18,13.788934936292726,1.077783729145378e-17,6.302256258488178,-1.3185252707529784e-17,90.15813002141421,70.2680574285027
5.049999999999937,441.3800493792997,37.45631262935694,-2.027849222366625e-17,9.6163518456288e-18,13.788743927261486,1.0726541816323702e-17,6.294391515785859,-1.310910658170381e-17,90.16611183534458,70.26845443212513
5.0599999999999365,442.27413490228145,37.57417407528965,-2.0333117969638407e-17,9.589029751891585e-18,13.78849749927357,1.067335783587017e-17,6.286495222591154,-1.3031441192431064e-17,90.17408509349083,70.26885187711662
5.069999999999936,443.16828368516417,37.69216455758566,-2.038729679227989e-17,9.560119777913562e-18,13.788194880370144,1.0618314904207299e-17,6.278566632556156,-1.2952285048202011e-17,90.18205158693976,70.26924976226377
5.079999999999936,444.0624955569854,37.81028367534165,-2.0439790805767584e-17,9.529654171493996e-18,13.78783531218265,1.0561442599695666e-17,6.2706051945019805,-1.2871667008262179e-17,90.19001052461739,70.26964808633831
5.089999999999936,444.95677060453534,37.92853108798741,-2.049182387969016e-17,9.517121762547284e-18,13.787418050280872,1.0584410896541736e-17,6.262611229230462,-1.2789617640979932e-17,90.19794885059926,70.27004684799773
5.099999999999936,445.85110870208206,38.04690640030204,-2.0544638054255583e-17,9.503312304306459e-18,13.786942366343768,1.060491370688042e-17,6.254582343443238,-1.2783019891902019e-17,90.20589289330346,70.2704460461032
5.1099999999999355,446.745509895959,38.165409256368655,-2.0597013148417388e-17,9.468782926010998e-18,13.78640754440005,1.0541332690208967e-17,6.24651948608359,-1.2774210391784169e-17,90.21382085296611,70.27084567933132
5.119999999999935,447.63997410500957,38.284039266338844,-2.065019349826228e-17,9.432786937256552e-18,13.785812884322013,1.0476025355917063e-17,6.238420907067582,-1.268635076029714e-17,90.221750288077,70.27124574649139
5.129999999999935,448.5345013358644,38.40279605899043,-2.070296070867858e-17,9.375902482640275e-18,13.785157699369325,1.0327382174000574e-17,6.230286985105162,-1.2597164577772384e-17,90.22966809968834,70.2716462462781
5.139999999999935,449.42909155127654,38.52167924954278,-2.075656137353929e-17,9.317399930165555e-18,13.784441318354522,1.01777686230613e-17,6.222116600549148,-1.2429817164225488e-17,90.23758322016671,70.272047177449
5.149999999999935,450.3237447189343,38.640688451520326,-2.080977884408743e-17,9.237877932026554e-18,13.78366308447026,9.9455836171681e-18,6.2139095756253795,-1.2262037570253248e-17,90.24549110659449,70.27244853871582
5.159999999999934,451.2184608059571,38.759823275377215,-2.0862620170397e-17,9.156622701645207e-18,13.78282235614746,9.713200069386842e-18,6.205665408196055,-1.201699436481148e-17,90.2533922107834,70.27285032878457
5.169999999999934,452.11323965759726,38.87908329871263,-2.0915092430610444e-17,9.07370202908127e-18,13.781918507145988,9.480663431003651e-18,6.197383651993844,-1.1772422297855175e-17,90.2612864207453,70.27325254635082
5.179999999999934,453.0080813667587,38.998468156656784,-2.096720266939558e-17,8.989182591496305e-18,13.780950926722758,9.248018695392753e-18,6.189064732917579,-1.1528359954661841e-17,90.26916120738333,70.27365518999925
5.189999999999934,453.9029858212726,39.11797743124006,-2.1020200120664415e-17,8.903129966315897e-18,13.779919021652361,9.01531039533462e-18,6.180706505229061,-1.1284840650082722e-17,90.2770418634349,70.27405825850863
5.199999999999934,454.79795307665,39.23761074241767,-2.1072869459345338e-17,8.796163944066992e-18,13.77882221254025,8.700945227849001e-18,6.1723100017424155,-1.1041903132929721e-17,90.28490734448329,70.27446175047852
5.209999999999933,455.6929830625968,39.35736767636686,-2.11264620845602e-17,8.687577677893008e-18,13.777659937136264,8.387300928927418e-18,6.163873673896617,-1.072271095796126e-17,90.2927747575125,70.27486566463648
5.219999999999933,456.5880757980155,39.47724783795742,-2.1179764322688306e-17,8.558011201526491e-18,13.776431647868455,7.9927920467079e-18,6.155398033428571,-1.0405008490278865e-17,90.30063117015615,70.27526999959592
5.229999999999933,457.4832312537706,39.597250817234666,-2.1231544368873698e-17,8.426770643779035e-18,13.775136813916221,7.599802539083368e-18,6.146882115547143,-1.0011961577279808e-17,90.30848565568564,70.27567475403342
5.239999999999933,458.37844941294753,39.717376204083735,-2.1283035924426174e-17,8.31339082382252e-18,13.773774919943433,7.290025675698239e-18,6.138325924677958,-9.621319221470281e-18,90.31633324064494,70.27607992657538
5.2499999999999325,459.2737302545527,39.83762358423144,-2.1334247852319883e-17,8.198744740507528e-18,13.772345466953801,6.981185313897918e-18,6.129729066248148,-9.309998072087529e-18,90.32417511861092,70.27648551584771
5.259999999999932,460.1690736304257,39.95799250905349,-2.138518900205288e-17,8.082907010814355e-18,13.7708479722014,6.6733293445667954e-18,6.121091276002151,-9.000327372629328e-18,90.3320108144163,70.27689152046217
5.269999999999932,461.0644796509142,40.07848258984119,-2.1435868164837822e-17,7.965950850267794e-18,13.76928196934745,6.3665049678701304e-18,6.112413163562582,-8.692344625206807e-18,90.33982725147095,70.27729793891457
5.279999999999932,461.959948207548,40.19909338126986,-2.148629412364442e-17,7.847948090173297e-18,13.767647010500697,6.060758692206329e-18,6.10369268965854,-8.386082899378657e-18,90.34765083251098,70.27770476990294
5.289999999999932,462.85547937649466,40.31982447984695,-2.153647560944787e-17,7.728969193241559e-18,13.765942662291181,5.756136333572553e-18,6.094931121380666,-8.081579271878983e-18,90.35545910064663,70.27811201193408
5.299999999999931,463.7510730882152,40.440675443289685,-2.1586421331913597e-17,7.609083270750271e-18,13.764168509339179,5.4526830146697214e-18,6.086126967839569,-7.77886640160574e-18,90.36327089689539,70.27851966365607
5.309999999999931,464.6467293855152,40.56164585346178,-2.1636139953439436e-17,7.488358098110241e-18,13.76232415145971,5.150443164459161e-18,6.077281024381531,-7.47797930243628e-18,90.37107124729827,70.27892772358592
5.319999999999931,465.5424482370154,40.68273527087029,-2.1685640103895194e-17,7.366860131327524e-18,13.760409205986184,4.849460517523755e-18,6.0683923344987365,-7.178950105630127e-18,90.37887159233323,70.27933619032221
5.329999999999931,466.4382296529853,40.803943262886854,-2.173493036910924e-17,7.244654522468285e-18,13.758423306082449,4.54977811379341e-18,6.059461235638171,-6.881811876886652e-18,90.38666427859825,70.27974506239123
5.339999999999931,467.334073624996,40.92526938903099,-2.178401929393854e-17,7.121805135494223e-18,13.75636610194552,4.251438298182101e-18,6.050487291539959,-6.58659610865706e-18,90.39445350936587,70.28015433834254
5.34999999999993,468.22998000070334,41.04671317028199,-2.1832915388281905e-17,6.998374561586467e-18,13.754237260201448,3.954482720461095e-18,6.04147049468977,-6.29333413195734e-18,90.40223731042661,70.28056401669909
5.35999999999993,469.12594891996025,41.16827419554817,-2.188162709761981e-17,6.874424134454511e-18,13.75203646423385,3.658952335169186e-18,6.03241171487735,-6.002057477213022e-18,90.41000088693764,70.28097409585368
5.36999999999993,470.0219802669641,41.289951988098984,-2.193140728747938e-17,6.7500139457122384e-18,13.74976341642837,3.3648874014330972e-18,6.023308865976477,-5.712794078948739e-18,90.41777408995145,70.28138457442836
5.37999999999993,470.9180741507643,41.41174612267705,-2.1981039677841248e-17,6.6058033627610415e-18,13.747417833663642,2.990701070888808e-18,6.01416360113867,-5.425574893406245e-18,90.42553068760878,70.28179545082362
5.3899999999999295,471.8142304912824,41.533656124610694,-2.203053449052931e-17,6.461034221529496e-18,13.744999451301476,2.6187577539516455e-18,6.0049743312807635,-5.0635363853478566e-18,90.43329363690289,70.28220672361363
5.399999999999929,472.71044936761893,41.6556815546682,-2.207990187179014e-17,6.315782024315477e-18,13.74250801971096,2.249103592222376e-18,5.995742287535108,-4.704436761023039e-18,90.44104351577214,70.28261839120569
5.409999999999929,473.6067307345884,41.777821940010966,-2.2130396864154347e-17,6.170120652925999e-18,13.739943307215828,1.88178381473275e-18,5.986466363326835,-4.348306996629993e-18,90.44879655820097,70.28303045212668
5.419999999999929,474.5030746422059,41.900076827635736,-2.218080433976034e-17,6.0047375213502965e-18,13.737305097626582,1.4352198506099244e-18,5.977147381725218,-3.9951787309283794e-18,90.45653997960845,70.28344290479006
5.429999999999929,475.39948107933407,42.02244574631656,-2.2232381358391903e-17,5.838872771584025e-18,13.73459319217127,9.917776495357384e-19,5.9677847040108425,-3.568186106227346e-18,90.46428346431422,70.28385574767614
5.4399999999999284,476.2959500677747,42.14492822949283,-2.2283914285492427e-17,5.653237704325498e-18,13.731807408010058,4.698867075927818e-19,5.958378759180653,-3.1450928132570292e-18,90.47202069059485,70.28426897920363
5.449999999999928,477.1924816150571,42.26752380378886,-2.2335416682635762e-17,5.467079966363913e-18,13.728947579175951,-4.808274162124543e-20,5.9489293616039465,-2.64903369328105e-18,90.47975496876798,70.28468259780706
5.459999999999928,478.0890755860239,42.39023195763292,-2.2386901993520366e-17,5.2805029098110255e-18,13.726013556045885,-5.620745017385912e-19,5.9394366581835465,-2.157777368385226e-18,90.48748477604518,70.28509660189778
5.469999999999928,478.98573213537907,42.51305224663723,-2.243838354975175e-17,5.093607521554534e-18,13.723005205541998,-1.0720337132396899e-18,5.929901677885451,-1.6713596020758399e-18,90.4951954411886,70.28551098975817
5.479999999999928,479.882451160201,42.6359841604237,-2.2489874556355847e-17,4.906492454757424e-18,13.719922413301347,-1.5779068500486252e-18,5.920322570311902,-1.1898141779527467e-18,90.50291657690259,70.28592575989741
5.489999999999927,480.77923278883895,42.759027241525885,-2.2541388104808423e-17,4.719254059777676e-18,13.716765079143988,-2.0796417133075526e-18,5.910701153340876,-7.131746347710887e-19,90.51062174710876,70.28634091060185
5.499999999999927,481.6760769497138,42.88218098055856,-2.259293715380552e-17,4.531986415007079e-18,13.713533121040495,-2.57718742832539e-18,5.901036005005112,-2.414728089438305e-19,90.5183345665191,70.2867564403364
5.509999999999927,482.5729837457232,43.00544490722934,-2.264453454529315e-17,4.3447813572565744e-18,13.710226471480661,-3.070494438327408e-18,5.891328585478344,2.252603526729601e-19,90.52603450571678,70.28717234739061
5.519999999999927,483.46995313572313,43.12881851295011,-2.2697439353002832e-17,4.157728511800798e-18,13.706845080536324,-3.559514500743447e-18,5.881577886133032,6.869950705429273e-19,90.53373936528729,70.28758863018604
5.5299999999999265,484.366985198072,43.25230131486622,-2.2750437655254095e-17,3.951579620942125e-18,13.703388913103213,-4.12581177461953e-18,5.871785023541341,1.1437028425184233e-18,90.54143433728773,70.2880052870148
5.539999999999926,485.2640799211391,43.37589280499585,-2.2803543805940837e-17,3.745539855539878e-18,13.699857951087491,-4.6870284645878365e-18,5.861949387231703,1.6722652749202452e-18,90.54913159445054,70.28842231625595
5.549999999999926,486.16123735966545,43.49959248819652,-2.285677201402503e-17,3.539711493158877e-18,13.69625219149292,-5.243112262103948e-18,5.852071764307252,2.194908206971075e-18,90.55682186270532,70.28883971620351
5.559999999999926,487.0584575305979,43.62339985690671,-2.291013633179279e-17,3.334194276184863e-18,13.692571647759868,-5.794012370682563e-18,5.842151927181007,2.7116017880556144e-18,90.5645118756268,70.28925748519498
5.569999999999926,487.9557404659907,43.74731440398124,-2.2963650658060702e-17,3.1290854466762156e-18,13.688816348669542,-6.3396794985967515e-18,5.8321903476475345,3.2223177301439492e-18,90.57219770298855,70.28967562152573
5.5799999999999255,488.8530861925538,43.87133561774899,-2.3017328733970836e-17,2.9244797807163913e-18,13.684986338864725,-6.880065852225364e-18,5.822187165651003,3.727028879026794e-18,90.57988083033672,70.29009412349252
5.589999999999925,489.750494598649,43.99546294965227,-2.3071184122483665e-17,2.7204696224654472e-18,13.68108167854226,-7.415125128794615e-18,5.812142669627974,4.225709436647117e-18,90.5875606496567,70.29051298937684
5.599999999999925,490.6479658538199,44.11969591611438,-2.3125230264714456e-17,2.517144917813558e-18,13.677102443460203,-7.944812509106182e-18,5.80205803813769,4.718335599849195e-18,90.59522293453352,70.29093221733542
5.609999999999925,491.5454998729547,44.24403396866534,-2.3180727921231308e-17,2.3145932473283745e-18,13.673048726986428,-8.469084651219666e-18,5.7919317198802345,5.2048825950785314e-18,90.60289641142845,70.29135180574453
5.619999999999925,492.44309680492813,44.36847661237492,-2.3236462575840858e-17,2.093614220794485e-18,13.668920635651386,-9.069498819191011e-18,5.7817656701712705,5.6853298924304186e-18,90.61055494898946,70.29177175276112
5.629999999999924,493.3407565901692,44.493023298692144,-2.3292449049443913e-17,1.8733601935927168e-18,13.664718293015676,-9.663713256400177e-18,5.7715586792751505,6.2365759265506955e-18,90.61822244237396,70.29219205672298
5.639999999999924,494.23847935784784,44.61767352165378,-2.334870201192619e-17,1.6539309892998473e-18,13.660441835949108,-1.02516810234152e-17,5.76131242407562,6.780842941120692e-18,90.62587749156665,70.29261271578672
5.649999999999924,495.1362650729339,44.74242673246347,-2.3405235915782532e-17,1.4354237530875702e-18,13.656091417773844,-1.0833356846588653e-17,5.751026020837886,7.318106720432902e-18,90.63353936005332,70.29303372825272
5.659999999999924,496.03411384586616,44.86728241445536,-2.3462065054069017e-17,1.2179329902803101e-18,13.651667205239681,-1.1408697106845574e-17,5.740700882240658,7.84834725112231e-18,90.64119117818086,70.29345509227664
5.6699999999999235,496.93202566514105,44.99224001842752,-2.3519203504516566e-17,1.0015506033438256e-18,13.647169380973722,-1.1977659831800673e-17,5.730336434930056,8.371543288293966e-18,90.64884777985985,70.29387680612263
5.679999999999923,497.83000062344945,45.11729901735148,-2.357666517595229e-17,7.86365929582066e-19,13.642598141121338,-1.2540204684579526e-17,5.719933841620861,8.887677410717871e-18,90.65649662236137,70.29429886794487
5.689999999999923,498.72803873178606,45.242458861463604,-2.3634463765516942e-17,5.724657774234351e-19,13.637953697133787,-1.309629295515881e-17,5.709492823669952,9.396731393449475e-18,90.66414831458306,70.29472127597238
5.699999999999923,499.6261400660869,45.36771901372227,-2.3692612791111988e-17,3.599344632423323e-19,13.633236274043893,-1.364588754922469e-17,5.699014308080097,9.898690286676844e-18,90.67179443481845,70.29514402835733
5.709999999999923,500.5243046588023,45.49307892364995,-2.3751125563979216e-17,1.4885384700326683e-19,13.628446111623404,-1.4188952978755483e-17,5.688498295204996,1.039353892207438e-17,90.6794415739795,70.2955671232948
5.7199999999999225,501.42253257011623,45.618538044550554,-2.3810015205083518e-17,-6.069663180260938e-20,13.623583463262008,-1.4725455350919177e-17,5.677945490594553,1.0881264710526074e-17,90.68708522301844,70.29599055893446
5.729999999999922,502.3208238484711,45.744095824017045,-2.3869294633748843e-17,-2.686399191023637e-19,13.618648596526647,-1.5255362357920358e-17,5.667356157848073,1.1361855564834138e-17,90.69472816435155,70.29641433343868
5.739999999999922,503.2191783911944,45.869751670202625,-2.392772734300374e-17,-4.749013111950185e-19,13.61364179261211,-1.577864326593708e-17,5.656730823556665,1.1835301214511476e-17,90.70236913956468,70.29683844495044
5.749999999999922,504.11759640214854,45.995505062378186,-2.398655515107682e-17,-6.602105657903741e-19,13.608563346402518,-1.6213690620196102e-17,5.646070918031053,1.2301594666273565e-17,90.70999262000977,70.29726289147949
5.759999999999922,505.01607779778857,46.12135540773382,-2.4044538990006032e-17,-8.434784580445552e-19,13.603413568666765,-1.664275887104502e-17,5.63537497482638,1.2683786167966605e-17,90.71762993213629,70.29768767127574
5.769999999999921,505.91462276843407,46.24730217670932,-2.41029186331075e-17,-1.0054735489183764e-18,13.598192781185144,-1.6984255209439854e-17,5.624645299624041,1.3059650368277168e-17,90.72525159719333,70.2981127823455
5.779999999999921,506.81323124857613,46.373344775393335,-2.4161702179399187e-17,-1.1651145877252224e-18,13.592901321071706,-1.7320441576161932e-17,5.613880662409434,1.3352242196480956e-17,90.73288559765506,70.29853822290876
5.789999999999921,507.71190341602824,46.499482665783226,-2.4220897633798597e-17,-1.3223755929992081e-18,13.587539536404043,-1.7651310458062777e-17,5.603083184512731,1.3639345650303518e-17,90.74050568881626,70.29896399096802
5.799999999999921,508.61063922221183,46.62571525273121,-2.4281762713323782e-17,-1.4772318529975203e-18,13.582107790050516,-1.7976855407658658e-17,5.592251856539485,1.3920963026666247e-17,90.748136727157,70.29939008471459
5.809999999999921,509.50943883348106,46.75204199018904,-2.434307507650792e-17,-1.6488112428427431e-18,13.576606455770154,-1.8378638314634536e-17,5.581388629695985,1.4197104805777594e-17,90.7557554827257,70.29981650214671
5.81999999999992,510.4083022170683,46.878462281640665,-2.4404844058678206e-17,-1.8181575664750324e-18,13.571035921578451,-1.8774383064570097e-17,5.570492699388707,1.4544721048649187e-17,90.76338390641938,70.30024324142835
5.82999999999992,511.3072295289248,47.00497557339695,-2.4467078871979647e-17,-1.9852306037923966e-18,13.565396586284097,-1.9164078363618128e-17,5.559565860914376,1.488603855260685e-17,90.77100156132647,70.30067030055297
5.83999999999992,512.2062207509609,47.13158126744479,-2.4529788482825568e-17,-2.149991773342333e-18,13.559688862427404,-1.9547714165700904e-17,5.548607498658776,1.522105913064665e-17,90.7786277155897,70.30109767765866
5.84999999999992,513.1052760297913,47.25827880286651,-2.4592981728180686e-17,-2.312404105401493e-18,13.553913173220167,-1.9925281659523577e-17,5.53761926620604,1.554979178240001e-17,90.78624450121544,70.30152537073373
5.8599999999999195,514.0043953608578,47.385067580026096,-2.465791792581958e-17,-2.472432217875923e-18,13.548069955091144,-2.029677325894473e-17,5.526600721103981,1.5872240658136974e-17,90.79386872882458,70.30195337789168
5.869999999999919,514.9035788825141,47.511947031197074,-2.472337478002315e-17,-2.649143470072502e-18,13.54215965499496,-2.0743738047133223e-17,5.515553389399367,1.618841651142058e-17,90.80148487282568,70.30238169711515
5.879999999999919,515.8028266025738,47.63891655499736,-2.4790613398099105e-17,-2.8236222135274286e-18,13.536182732599414,-2.1183910231685873e-17,5.504476985995842,1.657527952591439e-17,90.80910751393864,70.3028103264946
5.889999999999919,516.7021386522157,47.76597557731854,-2.485841274455702e-17,-3.0149021407954273e-18,13.530139657929045,-2.1698829188266277e-17,5.4933729235518305,1.6955048882948294e-17,90.81672324008107,70.30323926400663
5.899999999999919,517.6015150504514,47.89312349491199,-2.492553321243274e-17,-3.204069502416297e-18,13.524030913229364,-2.2206227631911755e-17,5.4822410585383885,1.7404685108062913e-17,90.82434463206373,70.30366850771996
5.909999999999918,518.5009559223807,48.020359727721036,-2.499321750612878e-17,-3.3719931600442093e-18,13.517856990910296,-2.2624541275369684e-17,5.471082704343929,1.7846401983641225e-17,90.83196016006087,70.30409805560481
5.919999999999918,519.4004612970269,48.14768367051251,-2.5061474907846265e-17,-3.537457739821745e-18,13.511618395122758,-2.3036007301475617e-17,5.4598978432429535,1.820324243450604e-17,90.83958063731833,70.30452790570963
5.929999999999918,520.3000312945156,48.27509473772171,-2.51303145308978e-17,-3.700421717511239e-18,13.50531563996694,-2.3440619716744662e-17,5.448687703436977,1.8553012679471456e-17,90.84719618267484,70.30495805599786
5.939999999999918,521.1996659526826,48.40259232201529,-2.5199745248227547e-17,-3.860845371086511e-18,13.498949250816946,-2.3838373874551177e-17,5.437452377271051,1.8895722197192317e-17,90.85481607648778,70.30538850449915
5.949999999999918,522.0993653877944,48.53017583276707,-2.5269775759685753e-17,-4.0186907506354185e-18,13.49251976275849,-2.4229266460801587e-17,5.426193021803176,1.9231385226029028e-17,90.86243185034904,70.3058192491697
5.959999999999917,522.9991296452868,48.65784466043008,-2.5340414528554282e-17,-4.173921649992095e-18,13.486027721697631,-2.4613295481408915e-17,5.4149098237536855,1.9560013647043022e-17,90.87005148871474,70.30625028802203
5.969999999999917,523.8989588386918,48.7855982097692,-2.5411669841668598e-17,-4.326503577298715e-18,13.479473682992252,-2.4990460247896517e-17,5.403603883036172,1.988162368011745e-17,90.8776676977222,70.30668161900459
5.979999999999917,524.7988530198205,48.91343586891248,-2.54822974923421e-17,-4.476403727127921e-18,13.472858212381107,-2.5360761364546417e-17,5.392275465095107,2.0196229527990813e-17,90.88528740520076,70.30711324011428
5.989999999999917,525.6988123006042,49.041357038474125,-2.5553537614870093e-17,-4.604600446455883e-18,13.466181884773148,-2.5642671224985297e-17,5.3809256266500025,2.0503849376474847e-17,90.8929042513529,70.30754514929156
5.9999999999999165,526.5988367379922,49.169361104147804,-2.5625395952354463e-17,-4.729835919231907e-18,13.4594452850335,-2.5918428925001766e-17,5.369554696268841,2.072752976482184e-17,90.90052434891848,70.30797734451912
6.009999999999916,527.4989264434586,49.29744746286076,-2.569787808497452e-17,-4.8521014632464125e-18,13.452649006894301,-2.6188046841306864e-17,5.358163701374121,2.0945100503942454e-17,90.90814202943753,70.30840982372911
6.019999999999916,528.3990814778408,49.42561549776465,-2.5770989382451927e-17,-4.971389520813058e-18,13.44579365363448,-2.6451538364432363e-17,5.34675301811351,2.115658479152315e-17,90.91576283433467,70.30884258489156
6.029999999999916,529.2993019533092,49.55386460256863,-2.5844735052064092e-17,-5.087693637764772e-18,13.438879837075584,-2.6708917885160602e-17,5.335323658451872,2.1362009134171476e-17,90.92338154153917,70.30927562592996
6.039999999999916,530.1995879333276,49.68219415777641,-2.5920373122725595e-17,-5.2010084436205225e-18,13.431908178192465,-2.6960200781923107e-17,5.323876030635739,2.1561398402201864e-17,90.93100336714441,70.30970894480332
6.0499999999999154,531.0999395319247,49.810603554352795,-2.59966754216693e-17,-5.330259957246602e-18,13.424879306157292,-2.7286918846489477e-17,5.312411144949628,2.1754780675705786e-17,90.93862328832756,70.31014253942598
6.059999999999915,532.0003568139174,49.93909217004912,-2.6073648479403336e-17,-5.4567339402852486e-18,13.41779385891848,-2.760686688039627e-17,5.300929426327177,2.20191603629017e-17,90.94624644401598,70.3105764077476
6.069999999999915,532.9008398963641,50.067659393564206,-2.6151298651400042e-17,-5.5804089098166365e-18,13.410652482255836,-2.792005516759744e-17,5.289431897083451,2.2276749287104263e-17,90.95386776132976,70.31101054767308
6.079999999999915,533.8013888441491,50.19630459979398,-2.6228378524202404e-17,-5.701264838812875e-18,13.403455830365315,-2.822649515056297e-17,5.277918983502429,2.2527570705348884e-17,90.9614925523468,70.31144495714425
6.089999999999915,534.7020037785418,50.32502717565391,-2.630612756789505e-17,-5.800394586406044e-18,13.396204564888077,-2.8444693702362624e-17,5.266391733569985,2.2771651440150012e-17,90.96911544269187,70.31187963405623
6.099999999999914,535.6026847631971,50.453826493082744,-2.6384549614215285e-17,-5.896449765968255e-18,13.388899355538772,-2.865687772073767e-17,5.254850559664458,2.293203313432953e-17,90.97674217003042,70.31231457634468
6.109999999999914,536.5034319247851,50.58270193769927,-2.646364834601008e-17,-5.9894338094672424e-18,13.381540879071022,-2.886307001269939e-17,5.243296549007999,2.3086567868196663e-17,90.98436680495185,70.31274978189458
6.119999999999914,537.4042453244233,50.71165287838444,-2.654342723336033e-17,-6.079351049783625e-18,13.374129819987306,-2.906329426202526e-17,5.231730084903746,2.3235286874532946e-17,90.99199576523439,70.31318524863708
6.129999999999914,538.3051250953814,50.84067869995075,-2.6623889604754587e-17,-6.166206701742294e-18,13.366666869403055,-2.925757501512908e-17,5.220152307296765,2.3378225429215798e-17,90.999622310823,70.3136209744467
6.1399999999999135,539.2060712949201,50.9697787681217,-2.6706292885266344e-17,-6.250006844587369e-18,13.359152725876415,-2.9445937668125494e-17,5.20856355533732,2.351541587566685e-17,91.00725379618902,70.31405695725168
6.149999999999913,540.1070840641169,51.09895246739735,-2.6789405791929595e-17,-6.3495819312712055e-18,13.351588094133003,-2.970989907708145e-17,5.19696503509726,2.364689513358124e-17,91.01488241298854,70.31449319491574
6.159999999999913,541.0081634550456,51.22819916024498,-2.6873232980724203e-17,-6.4463365276003896e-18,13.343973686053916,-2.9967287628514284e-17,5.185357026593481,2.384968786511989e-17,91.02251671098703,70.31492968536594
6.169999999999913,541.909309617808,51.357518231349246,-2.695777896813499e-17,-6.54025994290109e-18,13.336310219223051,-3.0218123209539653e-17,5.173740815341902,2.40460013075839e-17,91.03014755390691,70.3153664264548
6.179999999999913,542.8105225979508,51.48690903982314,-2.7043048024770342e-17,-6.631342733161239e-18,13.32859841811192,-3.0462426727020535e-17,5.162116607347865,2.4235864969356287e-17,91.03778494739404,70.3158034161099
6.1899999999999125,543.7118025558253,51.616370971035835,-2.7129044293308346e-17,-6.719576675997235e-18,13.320839012411248,-3.070022009185576e-17,5.150485780798361,2.441931466714609e-17,91.0454181656278,70.3162406521723
6.199999999999912,544.6131495290999,51.745903380648606,-2.721451657962148e-17,-6.804954747859144e-18,13.313032738451328,-3.093152620536067e-17,5.138848452916221,2.459638100845071e-17,91.05305893266976,70.31667813257171
6.209999999999912,545.5145636896096,51.87550565521766,-2.7300703669711648e-17,-6.868715197566681e-18,13.305180337279397,-3.1074893954756e-17,5.1272061076927,2.476710192719286e-17,91.06069466961902,70.31711585513735
6.219999999999912,546.4160450657835,52.00517714685559,-2.7387607175526462e-17,-6.929388253430587e-18,13.297282556354451,-3.1212531758608467e-17,5.115558758909116,2.485450974408188e-17,91.06833908339985,70.31755381780283
6.229999999999912,547.3175938421826,52.134917243810484,-2.7475228626377522e-17,-6.986989605125428e-18,13.289340147331732,-3.134447337226353e-17,5.103908009396955,2.493648389543993e-17,91.07597747660395,70.31799201838525
6.239999999999911,548.2192100366258,52.26472529454966,-2.7563569293490524e-17,-7.041535594512767e-18,13.281353868071088,-3.1470753257813235e-17,5.0922537549535045,2.5013061510483716e-17,91.08362580533841,70.31843045482377
6.249999999999911,549.1208938476511,52.39460068952001,-2.7652630382594933e-17,-7.093043198214161e-18,13.273324480089721,-3.159140656892681e-17,5.080597730185987,2.5084289320462974e-17,91.09126698640921,70.31886912492298
6.259999999999911,550.0226452810866,52.52454277344719,-2.774241282924637e-17,-7.141530013631123e-18,13.265252750923363,-3.170646913858167e-17,5.068939698485945,2.5150204801184476e-17,91.09891949326087,70.3193080266294
6.269999999999911,550.9244645507063,52.65455093948557,-2.783291752231565e-17,-7.187014241580534e-18,13.257139451208257,-3.1815977463721256e-17,5.057281539068286,2.5210856482359535e-17,91.10656358782319,70.31974715773477
6.2799999999999105,551.8263516489573,52.78462452852289,-2.792288896008529e-17,-7.229514672878163e-18,13.248985357434448,-3.19199686932265e-17,5.045622868621984,2.5266282059343287e-17,91.11422053082715,70.3201865161946
6.28999999999991,552.728306806117,52.914762936931226,-2.8013563733229893e-17,-7.25038859507997e-18,13.240791248618027,-3.1937027219695645e-17,5.033965723695131,2.531653188876393e-17,91.12186765846452,70.32062609978755
6.29999999999991,553.6303299998526,53.0449655016641,-2.810368386436525e-17,-7.268096137692387e-18,13.232557909485928,-3.194935413512408e-17,5.0223095601060725,2.5284634098674242e-17,91.1295292904553,70.32106590647983
6.30999999999991,554.5324214782199,53.17523162282275,-2.819448401249747e-17,-7.26403900452998e-18,13.224286126699168,-3.187554855490861e-17,5.01065658435238,2.5248490768361367e-17,91.13717956466078,70.32150593403667
6.31999999999991,555.4345812026985,53.30556063333008,-2.8285960385032395e-17,-7.256672926496813e-18,13.215976692508745,-3.179781517418711e-17,4.999006077346136,2.5131132208162708e-17,91.14484613320491,70.32194618043673
6.3299999999999095,556.3368094268244,53.435951934343784,-2.837810923397289e-17,-7.246057039032005e-18,13.207630400490599,-3.17162096851832e-17,4.987360428038924,2.5010469447784338e-17,91.15249966133733,70.32238664343147
6.339999999999909,557.2391062794806,53.56640489800056,-2.84709266277423e-17,-7.23225008241299e-18,13.199248049712192,-3.1630787902220826e-17,4.975718804579059,2.4886549727070025e-17,91.16017001900329,70.32282732100292
6.349999999999909,558.1414718430807,53.696918885631206,-2.8563151494461704e-17,-7.215310397946483e-18,13.190830440143388,-3.15416057487119e-17,4.96408268273479,2.4759432032963688e-17,91.16784444309627,70.32326821103497
6.359999999999909,559.043906267809,53.82749327449906,-2.8656016576939996e-17,-7.176718962943553e-18,13.182378374394203,-3.136728534657049e-17,4.952453109294704,2.462917316302997e-17,91.17551816900144,70.32370931137491
6.369999999999909,559.9464096160336,53.95812742154412,-2.874951568391036e-17,-7.134887595195082e-18,13.173892658246787,-3.1190026569704836e-17,4.940830498593307,2.4418808183957338e-17,91.18319812130926,70.32415061992376
6.379999999999908,560.8489820605423,54.0888207096701,-2.884364259599717e-17,-7.089892704791648e-18,13.165374099464822,-3.1009893574268856e-17,4.92921612211582,2.4206253946612678e-17,91.19087530727909,70.32459213451385
6.389999999999908,561.7516236422205,54.21957249132789,-2.893713342390691e-17,-7.041809845683028e-18,13.156823508949838,-3.082695035680355e-17,4.917610159894903,2.3991567752527596e-17,91.19856101647584,70.3250338530651
6.399999999999908,562.6543345577692,54.35038215557539,-2.9031219176518205e-17,-6.972186489565836e-18,13.14824169890976,-3.055983819198264e-17,4.906014120164625,2.3774813245169605e-17,91.20624174809464,70.32547577339449
6.409999999999908,563.5571148251465,54.48124905027543,-2.9124633642601084e-17,-6.899400549469571e-18,13.13962948467962,-3.029075345816069e-17,4.89442793529746,2.3479022556540636e-17,91.21393343734862,70.32591789344264
6.419999999999908,564.4599646662833,54.61217257115378,-2.921860605990048e-17,-6.805042216775477e-18,13.13098768220939,-2.993835075476897e-17,4.882853362205546,2.3182124035542985e-17,91.22161779393765,70.32636021101085
6.429999999999907,565.3628840747585,54.74315206138555,-2.9313125966498367e-17,-6.7074811607423255e-18,13.122317110589165,-2.9584828246751403e-17,4.871290072393146,2.280715052469464e-17,91.22931568086918,70.32680272406209
6.439999999999907,566.2658732990565,54.874186923877616,-2.940818299405261e-17,-6.6068263684134115e-18,13.113618588816477,-2.9230264475245644e-17,4.859740083255241,2.2432038140669814e-17,91.23700373546937,70.32724543038172
6.449999999999907,567.1689323069178,55.00527649701689,-2.9502508319803213e-17,-6.503185107173905e-18,13.10489293906596,-2.887473731596341e-17,4.848202792372226,2.2056848625168905e-17,91.24470803211314,70.32768832795682
6.459999999999907,568.0720613511264,55.13642018592119,-2.959732964326166e-17,-6.37821160977458e-18,13.096140982696319,-2.8436918678196444e-17,4.836680489301009,2.1681656430964743e-17,91.25239985147242,70.32813141455635
6.4699999999999065,568.975260578017,55.267617371884924,-2.9692634562032605e-17,-6.25023716774137e-18,13.08736354430458,-2.7999001011815165e-17,4.825172412667663,2.1229490515360846e-17,91.26010835149621,70.32857468817477
6.479999999999906,569.8785300579353,55.39886741937783,-2.9788410631274294e-17,-6.119383265709549e-18,13.07856144728366,-2.7561068123795092e-17,4.8136798967114585,2.077829117169275e-17,91.26782264635266,70.32901814672591
6.489999999999906,570.7818699674016,55.530169718268745,-2.988464545372224e-17,-5.985769285608901e-18,13.069735515282769,-2.7123202903784106e-17,4.802204114634672,2.0328130546657533e-17,91.27553496522748,70.3294617880667
6.499999999999906,571.6852803469529,55.66152362786766,-2.998258548770369e-17,-5.8495125323255035e-18,13.060886573185583,-2.6685487319047836e-17,4.7907452618021065,1.9879075760504162e-17,91.28325617157763,70.32990561013973
6.509999999999906,572.5887614046425,55.79292854712769,-3.008097960271132e-17,-5.729115316050016e-18,13.052015445362487,-2.6329393145827132e-17,4.779304823185212,1.9431198510966523e-17,91.29097236025305,70.33034961078441
6.519999999999905,573.4923131497167,55.92438383009444,-3.018107640105748e-17,-5.606528363655403e-18,13.043122957547787,-2.5972898764042675e-17,4.767882664915194,1.906159996387094e-17,91.29870067035301,70.3307937879739
6.529999999999905,574.3959358231149,56.05588888531376,-3.028162640889212e-17,-5.500204753145486e-18,13.03420993417771,-2.5697460255841395e-17,4.756480594909727,1.8692473770484332e-17,91.30642077348288,70.33123813952957
6.539999999999905,575.2996294013052,56.18744306146097,-3.038136149415792e-17,-5.392098609812948e-18,13.02527720120681,-2.5421052102811758e-17,4.745098137769105,1.8400915686006505e-17,91.31415637389253,70.33168266345695
6.549999999999905,576.2033941348062,56.319045771483296,-3.048151230204409e-17,-5.263944511901842e-18,13.016325582491705,-2.5062357109720757e-17,4.73373743540365,1.81091117802013e-17,91.32188042984151,70.33212735755905
6.559999999999905,577.1072301745911,56.45069640673512,-3.058206827910531e-17,-5.133921080632285e-18,13.007355903586902,-2.4703526854547375e-17,4.722397789501416,1.774006980763828e-17,91.3296209783807,70.33257221985612
6.569999999999904,578.0111375866488,56.58239434027238,-3.0683018839267844e-17,-5.002115180442137e-18,12.998368987499187,-2.4344630106573805e-17,4.711080454719869,1.7371728656300555e-17,91.33736784997802,70.33301724829535
6.579999999999904,578.9151165585365,56.714138974417416,-3.0784353453208806e-17,-4.8686122034170404e-18,12.989365656044672,-2.3985734899387164e-17,4.699786610516325,1.7004148851680326e-17,91.34511236354169,70.33346244076193
6.589999999999904,579.8191671194334,56.84592967647072,-3.0887321598952784e-17,-4.7334960858007105e-18,12.980346730963351,-2.3626908526406227e-17,4.6885163515147275,1.6637386264116262e-17,91.35286696327887,70.33390779524
6.599999999999904,580.723289494855,56.97776586022412,-3.099067291314097e-17,-4.61511885148012e-18,12.971313031960566,-2.3349581785574658e-17,4.677271228775178,1.6271501308482217e-17,91.36061546452333,70.33435330959513
6.6099999999999035,581.6274836756645,57.10964688711123,-3.109565902713164e-17,-4.495517785505995e-18,12.96226537891527,-2.3071744622447274e-17,4.666050943183439,1.598359465035984e-17,91.36837795893477,70.33479898185008
6.619999999999903,582.5317499096276,57.241572178965,-3.120103123898592e-17,-4.3929964465160825e-18,12.953204588813255,-2.2874812449658726e-17,4.65485742793027,1.569583837247784e-17,91.37613046428775,70.3352448098505
6.629999999999903,583.4360883420024,57.37354113582136,-3.130678281092157e-17,-4.289597146059359e-18,12.94413147908935,-2.2676771753432074e-17,4.643690067652527,1.5485328152791582e-17,91.3838992665828,70.3356907916461
6.639999999999903,584.3404990427764,57.50555314210154,-3.14129069608406e-17,-4.185359155462008e-18,12.935046863664123,-2.247767058658151e-17,4.632550091789342,1.527422527399528e-17,91.39167390107404,70.33613692521288
6.649999999999903,585.2449821989089,57.63760761066436,-3.1519396938760566e-17,-4.0803212833619505e-18,12.925951554344978,-2.2277556689230653e-17,4.621438589678308,1.5062575522159942e-17,91.39944668741661,70.33658320847401
6.659999999999902,586.1495378380021,57.76970391966554,-3.1626245921694605e-17,-3.974521877026579e-18,12.916846361798621,-2.2076477483408892e-17,4.610355657291734,1.485042109362243e-17,91.40722960438046,70.33702963944864
6.669999999999902,587.0541661901093,57.901841495278916,-3.173344715369688e-17,-3.8679988229153826e-18,12.90773209367742,-2.1874480067562278e-17,4.599302802080352,1.463780844754754e-17,91.41500637569777,70.33747621603857
6.679999999999902,587.9588672389261,58.03401970927683,-3.1842254984236406e-17,-3.760789548361048e-18,12.898609556839666,-2.167161121144554e-17,4.588279676597745,1.442477773947405e-17,91.42279772163883,70.33792293630789
6.689999999999902,588.8636412286874,58.16623799470623,-3.195268299849554e-17,-3.671081403369957e-18,12.889479554214226,-2.1549254923550622e-17,4.577288216414496,1.421137604939393e-17,91.43057847273403,70.33836979813661
6.699999999999902,589.7684883189761,58.298495767362894,-3.206348517413745e-17,-3.599124555734153e-18,12.880342888308538,-2.1506742156913593e-17,4.566327774895139,1.4074699456105416e-17,91.43837528906151,70.33881679961192
6.709999999999901,590.6734085621554,58.4307924205889,-3.217465841942569e-17,-3.527025814706827e-18,12.871200357216122,-2.1462063855994173e-17,4.55539944386899,1.4013951943553965e-17,91.4461795392261,70.33926393876256
6.719999999999901,591.5784021646845,58.563127384820525,-3.2286199662172897e-17,-3.4547827217909795e-18,12.862052755757018,-2.1415249721742092e-17,4.54450442907181,1.3951272879716246e-17,91.45398028355599,70.33971121354129
6.729999999999901,592.4834691309215,58.69550004660232,-3.2398105717578136e-17,-3.382393273562068e-18,12.852900876925956,-2.1366329553919013e-17,4.533642610898128,1.388669185352674e-17,91.46179330063728,70.34015862202621
6.739999999999901,593.3886097020168,58.82790984839441,-3.2511635419842114e-17,-3.3098559084425526e-18,12.843745509487741,-2.1315333243804686e-17,4.522815657549565,1.3820244003446669e-17,91.46959795258402,70.34060616214697
6.7499999999999005,594.2938240211511,58.96035621268089,-3.2625543841133015e-17,-3.255239973526083e-18,12.834587440826459,-2.1343610549761752e-17,4.5120230275649895,1.3751957681667271e-17,91.47741847326519,70.34105383202217
6.7599999999999,595.1991121536939,59.09283854648936,-3.273982959788366e-17,-3.200702056445261e-18,12.825427453325029,-2.1369159209040426e-17,4.501265844285839,1.3758930260118774e-17,91.48524487470098,70.34150162970282
6.7699999999999,596.1044742935093,59.22535628824628,-3.2854491302555724e-17,-3.1462225928727065e-18,12.816266325702024,-2.139200138307532e-17,4.490545129300456,1.376329014523426e-17,91.49306922900078,70.34194955318759
6.7799999999999,597.0099104538473,59.35790883775518,-3.296952744855024e-17,-3.0917828697385894e-18,12.80710483402798,-2.1412159525260193e-17,4.47986086880767,1.3765062405634673e-17,91.50090469997741,70.34239760058122
6.7899999999999,597.9154208724011,59.49049564797786,-3.3084936561959555e-17,-3.0373650060832044e-18,12.797943749712172,-2.142965637279274e-17,4.469214579995382,1.3764277043588733e-17,91.50873285260762,70.34284576985782
6.7999999999998995,598.8210056869762,59.623116151773225,-3.320071708073169e-17,-2.9829519350259825e-18,12.788783842032625,-2.1444514939766665e-17,4.458605764951103,1.376095800625925e-17,91.51657665988628,70.34329405917116
6.809999999999899,599.726664964164,59.75576976832602,-3.331686736570758e-17,-2.928527384932936e-18,12.779625874716613,-2.1456758508731335e-17,4.448035517914227,1.3755134395716731e-17,91.52442594279228,70.34374246660694
6.819999999999899,600.6323988962821,59.88845594771328,-3.343338577478939e-17,-2.8740758617442063e-18,12.77047060730695,-2.1466410623548246e-17,4.437504790135059,1.3746835032632558e-17,91.53227345264493,70.34419099020457
6.829999999999899,601.5382074936763,60.021174101455934,-3.35515336536026e-17,-2.8195826315045058e-18,12.761318796084453,-2.14734950821538e-17,4.427013555830089,1.3736085869076943e-17,91.54013207279276,70.34463962810787
6.839999999999899,602.4440909902223,60.15392369405706,-3.367006644670241e-17,-2.782984242779248e-18,12.752171192109007,-2.155932915326616e-17,4.416563293784795,1.3722917726559206e-17,91.54798323535769,70.34508837833017
6.849999999999898,603.3500495294224,60.2867041723657,-3.378898423117814e-17,-2.7465459234990153e-18,12.7430285437676,-2.1641930851458694e-17,4.406153490252627,1.3784428302149842e-17,91.55584982131097,70.34553723906394
6.859999999999898,604.2560831672864,60.419514966166055,-3.390828698520059e-17,-2.7102358687147997e-18,12.733891593385746,-2.1721316726536496e-17,4.395785151998959,1.3842733204320324e-17,91.56372262907456,70.3459862084418
6.869999999999898,605.1621921056758,60.5523555407726,-3.40279746768262e-17,-2.674023423619317e-18,12.724761078457455,-2.1797503779388897e-17,4.385459270018806,1.3897857234132347e-17,91.57159275075195,70.3464352845387
6.879999999999898,606.0683763402209,60.685225317852016,-3.414804712990503e-17,-2.637879060360071e-18,12.71563773280956,-2.1870509453980654e-17,4.3751756929752394,1.394982189593096e-17,91.57947512903371,70.34688446554955
6.8899999999998975,606.9746361006336,60.81812377443564,-3.426850419254503e-17,-2.6017743545913263e-18,12.706522284362089,-2.1940351628265128e-17,4.364935970159553,1.3998654484823254e-17,91.58734872236862,70.34733374952174
6.899999999999897,607.8809715472221,60.95105037490095,-3.4389345621276845e-17,-2.5656819633152574e-18,12.697415458029262,-2.2007048606752456e-17,4.354739514832199,1.404437573444993e-17,91.59523749112199,70.34778313468964
6.909999999999897,608.7873827136018,61.084004558043006,-3.4511835172937516e-17,-2.529575601872334e-18,12.688317972192888,-2.207061911106479e-17,4.344587190125752,1.4087011415317787e-17,91.60313438163797,70.34823261924487
6.919999999999897,609.6938698223031,61.21698580792156,-3.4634728686508124e-17,-2.5112744431440555e-18,12.679230539631503,-2.2212352147465217e-17,4.3344801331926615,1.4126588504248007e-17,91.61102648441198,70.34868220129249
6.929999999999897,610.6004328424245,61.349993554745815,-3.4758027533368866e-17,-2.493139990316018e-18,12.670153869259522,-2.235028390211132e-17,4.324417957725159,1.4240209850868068e-17,91.61893314489414,70.34913187909046
6.9399999999998965,611.5070719991824,61.48302728900623,-3.48804686121392e-17,-2.4751297631774832e-18,12.661088663274745,-2.2484426333615523e-17,4.3144023887908745,1.434998316010282e-17,91.62682850382186,70.34958165071465
6.949999999999896,612.4137874808298,61.61608649606491,-3.5003297396361827e-17,-2.439397849349265e-18,12.65203562074429,-2.253353080561254e-17,4.304432711688603,1.4455925129294748e-17,91.63473877399834,70.3500315144447
6.959999999999896,613.3205792867763,61.74917062210678,-3.5126513140677165e-17,-2.403478885985868e-18,12.64299543377242,-2.2579585322247704e-17,4.294509591929924,1.448097429841739e-17,91.64266022122729,70.35048146854282
6.969999999999896,614.2274476392564,61.88227916616742,-3.525011512328551e-17,-2.3673538395270203e-18,12.633968787965697,-2.262261161431305e-17,4.284634415647478,1.4503080113089702e-17,91.65057358990629,70.35093151113867
6.979999999999896,615.1343926968293,62.015411616301584,-3.537410253335961e-17,-2.3310045669744737e-18,12.62495636507707,-2.2662631769264695e-17,4.274806609561604,1.4522266176363176e-17,91.65850169144328,70.35138164054061
6.989999999999895,616.0414144844021,62.14856743389565,-3.549847444352938e-17,-2.294413795696842e-18,12.615958839673315,-2.2699668222028414e-17,4.26502694106277,1.4538560964889348e-17,91.66643806402635,70.3518318550197
6.999999999999895,616.9485132211191,62.281746126829695,-3.5623229940307133e-17,-2.2575651044357603e-18,12.60697687998748,-2.2733743747056956e-17,4.255296505758366,1.4551994329121623e-17,91.67436909469525,70.35228215275686
7.009999999999895,617.8556890404296,62.414947187220115,-3.5748368013538675e-17,-2.2204429048324713e-18,12.598011149761222,-2.276488145068391e-17,4.24561484703814,1.4562591030632023e-17,91.68231467438301,70.35273253209014
7.019999999999895,618.7629419879322,62.548170090874386,-3.587515305197158e-17,-2.183032422194081e-18,12.589062305341088,-2.2793104762176937e-17,4.235982809799149,1.457038059302384e-17,91.69026609356521,70.3531829913042
7.0299999999998946,619.6702722680463,62.68141435223182,-3.600233879230987e-17,-2.163019967432846e-18,12.580130996849443,-2.2899675811060055e-17,4.226401246506024,1.457539279139708e-17,91.69821442155629,70.35363352862848
7.039999999999894,620.5776798525482,62.814679437347614,-3.6129925856095985e-17,-2.1429237555277694e-18,12.5712178693642,-2.3002666241389526e-17,4.2168698473192014,1.465474385766121e-17,91.70617593143751,70.354084142423
7.049999999999894,621.4851649554146,62.94796486939338,-3.62591807561636e-17,-2.122712114666891e-18,12.562323560538996,-2.3102092436194823e-17,4.2073901205856705,1.47305344929727e-17,91.71412690106072,70.35453483088415
7.059999999999894,622.3927277632473,63.08127016898524,-3.638885852119869e-17,-2.1200160661657298e-18,12.553448703878544,-2.3279201249701615e-17,4.197961359594936,1.4802784594634492e-17,91.72209212180822,70.35498559240129
7.069999999999894,623.300368260869,63.21459481540538,-3.651896142429848e-17,-2.117376950763521e-18,12.544593925151514,-2.3452065973190337e-17,4.1885840916013315,1.494861159945871e-17,91.73006884661748,70.35543642535524
7.0799999999998935,624.208086658894,63.34793834140191,-3.664822548871199e-17,-2.1147473981461e-18,12.535759842729945,-2.3620696549204927e-17,4.179259649602602,1.5090109077581965e-17,91.73803650972708,70.35588732798678
7.089999999999893,625.1158831306882,63.481300275078546,-3.677789876365585e-17,-2.094458664295397e-18,12.526947070417135,-2.3703882044344717e-17,4.169987384775311,1.5227293148533743e-17,91.74601822630693,70.35633829871763
7.099999999999893,626.0237576693373,63.614680108147624,-3.6906714860040876e-17,-2.073856934057467e-18,12.518156214110315,-2.3783569734052873e-17,4.160767844038403,1.5283089728791476e-17,91.75401024238658,70.35678933595364
7.109999999999893,626.9317104819982,63.74807738318182,-3.703592002974499e-17,-2.035321297492674e-18,12.509387872284572,-2.37785635859285e-17,4.151602229894421,1.533545985874403e-17,91.76199419132368,70.35724043797752
7.119999999999893,627.8397417333808,63.88149163706038,-3.716551241569417e-17,-1.9961939213620695e-18,12.500642638509891,-2.3770814571057586e-17,4.142489928708883,1.5307329825982713e-17,91.76999199113372,70.35769160324399
7.129999999999892,628.7478514200609,64.0149223731226,-3.729422315857372e-17,-1.9564726066819025e-18,12.491921098294602,-2.3760351607392843e-17,4.133431484713319,1.527666596027714e-17,91.7779993585395,70.35814283018838
7.139999999999892,629.6560397456469,64.14836914399915,-3.742329679539698e-17,-1.8985962925228972e-18,12.483223829646569,-2.3665995977725886e-17,4.124428013807811,1.524350359069047e-17,91.78599917025605,70.35859411713261
7.149999999999892,630.5643068707697,64.28183149660951,-3.755272940870284e-17,-1.8398899914491958e-18,12.474551405415179,-2.3569699416271408e-17,4.1154789154016385,1.513077274546638e-17,91.79401262545288,70.35904546256518
7.159999999999892,631.472652790733,64.41530894511048,-3.768378422026327e-17,-1.7803722928888177e-18,12.465904390246896,-2.3471499431994403e-17,4.106584709228444,1.501644785480777e-17,91.8020353882804,70.3594968649552
7.169999999999892,632.3810777055111,64.54880105240927,-3.7815210387499407e-17,-1.7375835163028886e-18,12.457283341157035,-2.3452633216571585e-17,4.0977464675385695,1.490056962131921e-17,91.81005062478201,70.35994832266103
7.179999999999891,633.289581776227,64.68230737670697,-3.7947005756285297e-17,-1.6942542912169948e-18,12.448688809831475,-2.343122379731771e-17,4.088963581180974,1.4860273788808135e-17,91.81807929272672,70.36039983420572
7.189999999999891,634.1981649921646,64.8158274421619,-3.807790042694616e-17,-1.6503840832903678e-18,12.44012133962614,-2.340730058250725e-17,4.080236524109859,1.4817655429828108e-17,91.82611747944861,70.3608513980964
7.199999999999891,635.106827549581,64.94936082216155,-3.820913937770487e-17,-1.588488497333001e-18,12.431581466083177,-2.3299701470289108e-17,4.071566366961145,1.4772749855452115e-17,91.83414768824599,70.36130301272505
7.209999999999891,636.0155696146585,65.08290708740621,-3.83407184155432e-17,-1.525818197450645e-18,12.423069719326124,-2.319036270628282e-17,4.062952470947932,1.4648482763740908e-17,91.8421911119585,70.36175467665001
7.2199999999998905,636.9243911659262,65.21646577123352,-3.8472633237533633e-17,-1.462393254671175e-18,12.414586621035673,-2.3079322163432553e-17,4.054395243478994,1.452283289972905e-17,91.85024473577126,70.36220638842056
7.22999999999989,637.8332923958461,65.35003645769984,-3.860487959323738e-17,-1.3982337200718003e-18,12.406132684844588,-2.2966617636013548e-17,4.045895794717605,1.4395841157145e-17,91.8582894503396,70.3626581464595
7.23999999999989,638.7422734802199,65.48361873119853,-3.8737453193125736e-17,-1.3333596201854885e-18,12.397708418958983,-2.2852286833683884e-17,4.03745343568075,1.4267541840433003e-17,91.86634715896024,70.36310994936109
7.24999999999989,639.6513343821023,65.61721213341782,-3.8869081264376216e-17,-1.2677909510351466e-18,12.389314323043251,-2.2736367374994073e-17,4.029068486967346,1.4137972827743525e-17,91.87441621814087,70.36356179572077
7.25999999999989,640.5604752900869,65.75081625925654,-3.900227590660192e-17,-1.1841369127254008e-18,12.380950888428536,-2.2537720881051788e-17,4.020742138541247,1.4007174893962308e-17,91.88247495838608,70.36401368398943
7.269999999999889,641.4696963912588,65.88443070733784,-3.9137051407800994e-17,-1.1169919356055264e-18,12.372618601091766,-2.2419449071211286e-17,4.012473631164413,1.379807419580478e-17,91.89054646764454,70.36446561279786
7.279999999999889,642.3789978011536,66.01805506468382,-3.927215515980648e-17,-1.0666180832740479e-18,12.364317938383207,-2.2380879515948882e-17,4.00426319172061,1.3665766138655297e-17,91.8986306509786,70.36491758078945
7.289999999999889,643.2883795348514,66.15168890032292,-3.9407584563463665e-17,-1.0158833086609324e-18,12.356049369024436,-2.234016327050855e-17,3.9961113489374895,1.3609452247406458e-17,91.90672026096267,70.36536958656826
7.299999999999889,644.1978417754773,66.28533182392728,-3.954333704255969e-17,-9.647877257913694e-19,12.347813354096473,-2.2297329205894772e-17,3.9880187561928584,1.3551219277325197e-17,91.91480509748821,70.36582162867744
7.309999999999889,645.1073846591255,66.41898343901123,-3.9679409960838714e-17,-9.133318545705523e-19,12.339610348418192,-2.2252406296182212e-17,3.9799848776773437,1.3491095913678078e-17,91.9229023776824,70.36627370579758
7.319999999999888,646.0170081741239,66.55264332088623,-3.981706982149011e-17,-8.61516608499518e-19,12.331440798112576,-2.2205423611441447e-17,3.972010106217994,1.342911410923917e-17,91.93100735930368,70.36672581658839
7.329999999999888,646.9267124995737,66.68631109041111,-3.9955065124544405e-17,-8.266702881449933e-19,12.323305141251566,-2.223756832836052e-17,3.9640952732143133,1.3365307320907341e-17,91.93910501309234,70.3671779596141
7.339999999999888,647.8364977966604,66.8199863687052,-4.009339500198628e-17,-7.917034081109974e-19,12.315203809908931,-2.226699627026076e-17,3.9562397240200036,1.3376816088113767e-17,91.94721487634948,70.367630133593
7.349999999999888,648.7463640222969,66.95366873651331,-4.023332805965646e-17,-7.565987917587223e-19,12.307137227408834,-2.22937287779006e-17,3.9484436969225203,1.3385717243710763e-17,91.9553351808457,70.36808233724418
7.3599999999998875,649.6563113515017,67.08735782600348,-4.0373614161725654e-17,-7.386319182839563e-19,12.299105808563827,-2.2398938026526935e-17,3.9407082387847088,1.3392039888438459e-17,91.9634451299388,70.36853456915011
7.369999999999887,650.5663399577222,67.22105327321103,-4.051298429943172e-17,-7.207316099756493e-19,12.291109962530465,-2.250077987387701e-17,3.933032557689875,1.3472920965240085e-17,91.97156705067107,70.36898682806722
7.379999999999887,651.47644996451,67.35475470753575,-4.065268863153095e-17,-6.855951821213466e-19,12.283150089675166,-2.2518122939109213e-17,3.925416794904987,1.3550430295241314e-17,91.97970084446284,70.36943911276485
7.389999999999887,652.386641357597,67.48846173257775,-4.07914558041231e-17,-6.502219840172806e-19,12.275226581586168,-2.253284319434573e-17,3.917861292730463,1.3547474950239304e-17,91.98784147896298,70.36989142199002
7.399999999999887,653.2969143062758,67.62217399582033,-4.0930534228832335e-17,-5.973538910815743e-19,12.26733982176499,-2.2463823109668357e-17,3.9103667704752683,1.3542036709717267e-17,91.99597494429793,70.37034375440224
7.4099999999998865,654.207268970043,67.7558911468735,-4.106992073678897e-17,-5.439881125731706e-19,12.259490187540075,-2.2392942608266444e-17,3.9029325566560256,1.3457023994841468e-17,92.00412004023332,70.37079610880957
7.419999999999886,655.1177052920913,67.88961279265936,-4.1208341562501194e-17,-4.9013282112309225e-19,12.25167804743802,-2.2320233393147176e-17,3.89555879381458,1.3370423683011417e-17,92.01227582928868,70.37124848402712
7.429999999999886,656.02822343751,68.02333859219625,-4.1348314071212936e-17,-4.185847368208124e-19,12.243903761315732,-2.2164593650632798e-17,3.8882465081293285,1.328227196098918e-17,92.02042029118482,70.37170087872562
7.439999999999886,656.9388235697829,68.15706820843614,-4.148858298509405e-17,-3.635273730742138e-19,12.236167683384704,-2.2089035640559415e-17,3.8809948461368835,1.3115480580194543e-17,92.02857613798693,70.37215329175196
7.449999999999886,657.8495058266399,68.2908013030421,-4.1629145003161506e-17,-3.0802559401466244e-19,12.228470159043614,-2.2011752034049647e-17,3.8738038902929035,1.3025161834797958e-17,92.03674326893302,70.37260572196624
7.459999999999885,658.7602701639006,68.42453750256671,-4.1771267692506816e-17,-2.5208792305580285e-19,12.220811524899512,-2.193277433059574e-17,3.86667381757999,1.2933392663239475e-17,92.04491911816193,70.37305816822428
7.469999999999885,659.671116740787,68.55827648158865,-4.191369721044412e-17,-2.1289013531385301e-19,12.213192109127732,-2.1933258129266488e-17,3.8596054673836093,1.2840208198698357e-17,92.0530851785661,70.37351062926297
7.479999999999885,660.5820457148999,68.6920179186458,-4.2056432046764455e-17,-1.735117568115096e-19,12.205612234009728,-2.1931394780458634e-17,3.8525980379004947,1.2822758019996094e-17,92.06126227331865,70.37396310398165
7.489999999999885,661.4930572114193,68.82576148958692,-4.219947063140361e-17,-1.3394265826313674e-19,12.198072213040419,-2.1927207756887325e-17,3.845651578297545,1.2803111307249957e-17,92.06945030054074,70.37441559129307
7.4999999999998845,662.4041511894177,68.95950683867622,-4.2344082747541187e-17,-9.417333131857889e-20,12.190572350954337,-2.1920720734132608e-17,3.8387662599949954,1.2781295550183437e-17,92.07764601458389,70.37486809010079
7.509999999999884,663.315327802183,69.09325365614325,-4.248901577647689e-17,-7.131825679883975e-20,12.183112944182604,-2.1993072485222043e-17,3.8319428169331338,1.2757340245012983e-17,92.08583252313112,70.37532059920147
7.519999999999884,664.2265872013684,69.22700163619339,-4.2634269897342976e-17,-4.848395126001593e-20,12.17569428316819,-2.206245597236116e-17,3.825180459442134,1.2808391928436797e-17,92.09402971055883,70.37577311754725
7.529999999999884,665.1379295087793,69.3607504709312,-4.277984521499405e-17,-2.5643490405492837e-20,12.168316649614388,-2.212888745087586e-17,3.8184792040877675,1.285651255893973e-17,92.10223747397552,70.3762256441037
7.539999999999884,666.0493546774292,69.49449982040532,-4.292446974941622e-17,-2.7709693601677804e-21,12.160980316515717,-2.2192383580150693e-17,3.811839177966847,1.2901724734144678e-17,92.11045283086429,70.3766781778292
7.5499999999998835,666.9608628546158,69.6282493905515,-4.307066701563861e-17,3.7239171522456657e-20,12.153685548582867,-2.2171855497507105e-17,3.8052610886629985,1.2944053350889454e-17,92.11865861665154,70.3771307175737
7.559999999999883,667.8724541859914,69.76199889128928,-4.3217183496458156e-17,6.049880141744597e-20,12.146432604595987,-2.2230246650600847e-17,3.798744120356043,1.2906394478503548e-17,92.12687472135345,70.3775832623423
7.569999999999883,668.7841287991148,69.8957480329872,-4.336401906680552e-17,8.384298575470252e-20,12.139221734662273,-2.2285762727561106e-17,3.79228825777097,1.2943863095350065e-17,92.13510104117,70.37803581115358
7.579999999999883,669.695886631696,70.0294964895434,-4.351244591497899e-17,1.0729421657397947e-19,12.132053180251525,-2.2338421698141733e-17,3.7858935461007652,1.2978520084681297e-17,92.1433357936806,70.37848836302756
7.589999999999883,670.6077278249963,70.16324398262054,-4.3661211873444096e-17,1.1383516413868238e-19,12.124927174461302,-2.2469339061054662e-17,3.7795607435120706,1.3010391586559718e-17,92.15155966690062,70.37894091686087
7.599999999999882,671.5196525186233,70.29699023786455,-4.38103185164629e-17,1.2028617770053942e-19,12.117843944665898,-2.259671979410923e-17,3.773288970932116,1.3116624057459199e-17,92.15979349498393,70.37939347171171
7.609999999999882,672.4316608505283,70.43073498490287,-4.395849452191514e-17,1.26686223101358e-19,12.110803709652524,-2.2720574950336498e-17,3.7670781820740005,1.3219271946596645e-17,92.16803717332606,70.37984602665168
7.619999999999882,673.34375291337,70.56447794799,-4.410699357329336e-17,1.50081178979803e-19,12.103806679661316,-2.275982540873774e-17,3.760928322284313,1.3318354143643805e-17,92.1762905971191,70.38029858076587
7.629999999999882,674.2559286675504,70.69821882732353,-4.425581506113899e-17,1.7373873845188482e-19,12.096853056426312,-2.2796290795130804e-17,3.7548395102608385,1.3336763675048042e-17,92.18454920832887,70.38075113312112
7.6399999999998816,675.1681882465964,70.83195736425351,-4.440368519777436e-17,1.9767479323466333e-19,12.089943033822646,-2.2829991849052434e-17,3.7488122218909825,1.335249320739624e-17,92.19279957346671,70.38120368270283
7.649999999999881,676.080531782374,70.96569330410041,-4.455058265442967e-17,2.3888258656708756e-19,12.083076799709264,-2.2779865167944447e-17,3.742845670714783,1.3365565738349552e-17,92.20105942023157,70.38165622863566
7.659999999999881,676.9929593939952,71.09942639377907,-4.469775758766733e-17,2.9760648966861523e-19,12.07625453350638,-2.2646651013463217e-17,3.736939772249347,1.3298878889480715e-17,92.20932864314297,70.38210877005761
7.669999999999881,677.9054710056696,71.23315634285478,-4.484520539528059e-17,3.571127222825773e-19,12.069476406240659,-2.25121783216309e-17,3.731094479825664,1.3153302582818035e-17,92.21760600470132,70.3825613061121
7.679999999999881,678.8180667448203,71.3668829083268,-4.4991647853701235e-17,4.173762130918411e-19,12.062742580744915,-2.23764848261788e-17,3.7253104916798865,1.3006843928210694e-17,92.22587168036642,70.38301383581606
7.6899999999998805,679.7307467372063,71.50060585114565,-4.5137059713851964e-17,4.953109879062767e-19,12.056053214377004,-2.2158531809135355e-17,3.719586875748687,1.2859536870342477e-17,92.23414646587398,70.38346635834696
7.69999999999988,680.6435111069228,71.63432493620687,-4.528268774505458e-17,5.9112312278656565e-19,12.049408456181826,-2.1859075681423115e-17,3.7139235186847683,1.2634288407456101e-17,92.24243025517406,70.3839188728956
7.70999999999988,681.5563599653011,71.76803992997763,-4.5428523590504146e-17,6.8808019623187735e-19,12.042808446940496,-2.1559952990656265e-17,3.70832029935238,1.2331979000998838e-17,92.25072294207214,70.38437137866609
7.71999999999988,682.469293231952,71.9017505623398,-4.55745588390338e-17,7.861199802046702e-19,12.036253319220448,-2.1261216540085336e-17,3.70277713442561,1.2030624879904327e-17,92.25902328778729,70.38482387486779
7.72999999999988,683.3823110265142,72.03545660977846,-4.572078517126671e-17,8.851813454022631e-19,12.029743197579668,-2.096291848771403e-17,3.697294666704097,1.1730275030945899e-17,92.26731179375173,70.38527636058629
7.739999999999879,684.2954134669624,72.16915785269464,-4.5868468698882385e-17,9.85204248087058e-19,12.0232782012408,-2.066511034322538e-17,3.6918719480901196,1.1430972640222424e-17,92.27560892830459,70.38572883506482
7.749999999999879,685.2086006696071,72.30285407539652,-4.601634730575465e-17,1.0692476977659074e-18,12.016858441308715,-2.0448907424130595e-17,3.6865088299208684,1.1132762916000198e-17,92.2839145848121,70.38618129755984
7.759999999999879,686.1218727490957,72.43654506609023,-4.6165689270009097e-17,1.1538946877656973e-18,12.01048402082428,-2.023257818620248e-17,3.681205156100778,1.091282220207048e-17,92.29222865652842,70.386633747341
7.769999999999879,687.0352297853351,72.57023060984046,-4.631523413348981e-17,1.222243959137598e-18,12.004155034819018,-2.0097224809475744e-17,3.6759607631891464,1.0693217889306025e-17,92.3005510366028,70.3870861836911
7.779999999999879,687.9486717143458,72.70391046533504,-4.646497735030641e-17,1.2908806521902225e-18,11.997871570370489,-1.9961110389166417e-17,3.670775614869762,1.0551120637223928e-17,92.3088782434211,70.38753860588233
7.789999999999878,688.8621986463172,72.83758443221384,-4.661491442807682e-17,1.3597874311504786e-18,11.99163370711438,-1.982426760364458e-17,3.665650113559929,1.0408592191167612e-17,92.31719565930192,70.38799101309753
7.799999999999878,689.7758106897791,72.97125231397413,-4.6765040867633066e-17,1.4289470760635926e-18,11.985441519253097,-1.968672892608606e-17,3.660583380316074,1.0265662030809091e-17,92.32552111189115,70.38844340465812
7.809999999999878,690.6895079516025,73.10491391795902,-4.691407689541491e-17,1.4983424859168054e-18,11.979295073147803,-1.954852662059042e-17,3.6555752259132435,1.0122361435137875e-17,92.33385449405473,70.3888957798986
7.819999999999878,691.6032905370014,73.23856905534542,-4.706327267146719e-17,1.5847753295719328e-18,11.973194427377305,-1.9328641404761702e-17,3.650625454155103,9.97872142895199e-18,92.34219569858551,70.38934813816637
7.8299999999998775,692.5171585171669,73.3722175342747,-4.7212621792576217e-17,1.6716520120552692e-18,11.967139632797567,-1.9108874075176015e-17,3.6457338619645614,9.757638819443213e-18,92.35054461821036,70.38980047882184
7.839999999999877,693.4311118218211,73.5058591370473,-4.736211782448304e-17,1.758936622278059e-18,11.961130732601987,-1.888926425827675e-17,3.640900369811776,9.537123529737659e-18,92.3588978437811,70.39025280121513
7.849999999999877,694.3451505517338,73.6394936860678,-4.751175440540137e-17,1.8465938342586876e-18,11.955167762827493,-1.8669851127476555e-17,3.6361253266478957,9.317212625529876e-18,92.36724100459263,70.39070510460884
7.859999999999877,695.2592748060245,73.77312100752319,-4.7661525190349496e-17,1.9345889020199277e-18,11.949250754330611,-1.845067340044813e-17,3.6314078338140376,9.097939451346512e-18,92.37559160689598,70.39115738840131
7.869999999999877,696.1734846821639,73.90674093136874,-4.781269985362232e-17,2.022887655079839e-18,11.943379730433398,-1.8231769337130626e-17,3.626747664278277,8.87933868925032e-18,92.38394954328783,70.39160965200361
7.879999999999876,697.0877802759769,74.04035329131334,-4.796274058066222e-17,2.0946895669231858e-18,11.93755470698684,-1.809421739651785e-17,3.622144584516812,8.6614445381309e-18,92.3923147063302,70.3920618948396
7.889999999999876,698.0021616724026,74.1739579228525,-4.8112898462563876e-17,2.183244508312619e-18,11.931775692434861,-1.7875257402255965e-17,3.6175983546070127,8.521426300260297e-18,92.40068698855707,70.39251411634578
7.899999999999876,698.9166287724613,74.30755462671229,-4.826316715801446e-17,2.272023319293381e-18,11.926042687878958,-1.7656675116040466e-17,3.6131087652263325,8.304200369114322e-18,92.40906533983222,70.3929663159647
7.909999999999876,699.8311816675617,74.44114324757584,-4.841481689628187e-17,2.360993627583433e-18,11.920355687270256,-1.7438507175900177e-17,3.6086762918368023,8.087777087865178e-18,92.41743105994439,70.3934184930212
7.919999999999876,700.7458204474766,74.57472363381838,-4.856530897151378e-17,2.4333898371812157e-18,11.914714679974315,-1.7301823586588188e-17,3.6042999308410826,7.872187163578822e-18,92.42580362436038,70.39387064698887
7.929999999999875,701.6605452003453,74.70829563749058,-4.8714618295886526e-17,2.5223971484757246e-18,11.909119648156235,-1.7083875917983375e-17,3.5999794202636,7.73459913891233e-18,92.43418292563423,70.39432277735378
7.939999999999875,702.5753560126764,74.84185911430153,-4.886399476228336e-17,2.628239075828316e-18,11.903570566848083,-1.678541120568127e-17,3.5957144921310404,7.519925385878981e-18,92.44256885632252,70.39477488361443
7.949999999999875,703.490252969351,74.97541392360121,-4.901470729136068e-17,2.734410582345136e-18,11.898067404016881,-1.6488213171362097e-17,3.5915048725672656,7.229037059305977e-18,92.45096130899111,70.39522696528165
7.959999999999875,704.405236153626,75.10895992836261,-4.916676863736032e-17,2.82416070227762e-18,11.892610120633119,-1.627335159013452e-17,3.587350281888373,6.939947770963945e-18,92.45936017622155,70.39567902187865
7.9699999999998745,705.3203056374315,75.24249699312142,-4.931891626065192e-17,2.8972056264499368e-18,11.88719867073978,-1.6140148342192087e-17,3.583250434697864,6.729830610765219e-18,92.46776535061765,70.39613105294077
7.979999999999874,706.2354613148815,75.37602494893025,-4.9471145934434286e-17,2.9699676189950797e-18,11.881833001521898,-1.6006892500027557e-17,3.579205078342773,6.597874764271744e-18,92.47617573496906,70.39658305800876
7.989999999999874,707.1507032648755,75.50954366932908,-4.96234534979871e-17,3.042438298487324e-18,11.876513053509479,-1.5873608649738894e-17,3.5752146128771094,6.466126524245986e-18,92.48457325151571,70.39703503650989
7.999999999999874,708.0660315647024,75.64305303140675,-4.977711238994779e-17,3.114609342396033e-18,11.871238763057596,-1.5740321127759274e-17,3.571278020753468,6.334607381338409e-18,92.49297679962635,70.3974869880153
8.009999999999874,708.9814462900448,75.77655291578138,-4.993086155321965e-17,3.1698093801268087e-18,11.866010059821072,-1.568807335261041e-17,3.5673949972119576,6.203339899626574e-18,92.50138627212178,70.3979389121081
8.019999999999873,709.8969475149823,75.91004320658018,-5.0084698752029915e-17,3.2244494197056927e-18,11.860826866826406,-1.563515123008919e-17,3.5635652321919054,6.149484798162187e-18,92.50980156187445,70.39839080838337
8.029999999999873,710.8125353119959,76.04352379141913,-5.0238621749517356e-17,3.2785405213649454e-18,11.85568910054409,-1.558157030706553e-17,3.5597884104281703,6.095079271776313e-18,92.51822256181482,70.39884267644797
8.039999999999873,711.7282097519716,76.17699456138212,-5.039390637901508e-17,3.3320933596917263e-18,11.850596670961409,-1.552734610292099e-17,3.5560642115474663,6.040139579153356e-18,92.52664916493761,70.39929451592062
8.049999999999873,712.6439709042047,76.31045541099977,-5.054929300231432e-17,3.368484811060134e-18,11.845549481655604,-1.5553507366756282e-17,3.5523923101646875,5.98468190717251e-18,92.53508126430792,70.39974632643177
8.059999999999873,713.5598188364042,76.44390623822797,-5.0703502945937056e-17,3.404113931949142e-18,11.840547429867467,-1.5578337487747264e-17,3.5487723759792065,6.005861499144315e-18,92.5435187530676,70.40019810762348
8.069999999999872,714.475753614641,76.57734694441417,-5.085779346941347e-17,3.4556284622610282e-18,11.8355904065753,-1.5520833544465944e-17,3.5452040738711554,6.0257086089970645e-18,92.55196152444131,70.40064985914945
8.079999999999872,715.3917751143571,76.71077739470319,-5.1012162246995977e-17,3.506681885134175e-18,11.830678296569276,-1.5462732337940967e-17,3.541687064218209,5.967094287784452e-18,92.56040946598587,70.40110158067479
8.089999999999872,716.3078833990089,76.844197497008,-5.1165328325016346e-17,3.5572821854263586e-18,11.825810978526885,-1.5404049668524188e-17,3.5382217403594103,5.9080166456905815e-18,92.56884319285656,70.40155327174209
8.099999999999872,717.2240785304855,76.97760716257875,-5.131982621930588e-17,3.6240348194112006e-18,11.820988327669111,-1.5263795305970023e-17,3.5348070339757065,5.8484906683665015e-18,92.57728192741648,70.40200493203862
8.109999999999872,718.1403605691128,77.11100630597974,-5.1475672585161944e-17,3.674003285999547e-18,11.81621021320207,-1.520471459102727e-17,3.531442594077358,5.711392596792981e-18,92.58572556334424,70.40245656126308
8.119999999999871,719.0567295736587,77.2443948450661,-5.163288597865806e-17,3.706937453907174e-18,11.81147649839318,-1.5226110679501886e-17,3.528128065272971,5.651865435268405e-18,92.59417399442903,70.40290815912523
8.129999999999871,719.9731856013383,77.37777270096008,-5.179020767631924e-17,3.722606396360151e-18,11.80678704064759,-1.5327278361696988e-17,3.524863087866054,5.669083671346202e-18,92.60262711457642,70.40335972534606
8.139999999999871,720.8897287078188,77.51113979802716,-5.194763916457328e-17,3.7373683804569735e-18,11.802141691584938,-1.5426503877220747e-17,3.5216472979514366,5.762215928618322e-18,92.61108481781434,70.40381125965757
8.14999999999987,721.8063589472246,77.64449606385175,-5.210390248955942e-17,3.751268007089966e-18,11.797540297116381,-1.552378662924086e-17,3.5184803275115555,5.8532847551358046e-18,92.61954699829889,70.40426276180274
8.15999999999987,722.7230763721428,77.77784142921261,-5.2260257769335886e-17,3.780905854362246e-18,11.792982697521886,-1.5538128711425965e-17,3.5153618045125827,5.942294874645926e-18,92.62801355032006,70.40471423153542
8.16999999999987,723.6398810336287,77.91117582805806,-5.2417984154163026e-17,3.810012365323578e-18,11.788468727527745,-1.5551247445434098e-17,3.5122913530003905,5.9521106870377284e-18,92.63648436830763,70.40516566862028
8.17999999999987,724.556772981211,78.0444991974808,-5.2575822190799087e-17,3.822065355734172e-18,11.783998216384388,-1.5644146517201224e-17,3.509268593196339,5.960725702239311e-18,92.6449593468368,70.40561707283271
8.18999999999987,725.4737522628975,78.1778114776925,-5.273505311638659e-17,3.8333847162393256e-18,11.779570987944355,-1.5735120119129058e-17,3.50629314159287,6.045291998348962e-18,92.65343838063383,70.40606844395874
8.19999999999987,726.3908189251811,78.31111261199813,-5.2895699080531177e-17,3.827478950254619e-18,11.775186860740547,-1.5905161598332837e-17,3.5033646110489016,6.1278323927427344e-18,92.66192136458172,70.40651978179497
8.20999999999987,727.3079730130452,78.44440254677002,-5.3056503947431473e-17,3.8041474260869144e-18,11.770845648064595,-1.6153551290764988e-17,3.500482610885004,6.285493881545766e-18,92.67040819372576,70.4069710861484
8.21999999999987,728.2252145699698,78.57768123142166,-5.321747269941953e-17,3.779726304936024e-18,11.766547158045531,-1.6398571896291686e-17,3.497646746978351,6.5174350262000116e-18,92.67889876327905,70.40742235683649
8.229999999999869,729.1425436379376,78.71094861838124,-5.33798906221818e-17,3.7542901894858874e-18,11.76229119372849,-1.6640209552683807e-17,3.494856621857429,6.7456678676283825e-18,92.68739296862796,70.40787359368692
8.239999999999869,730.0599602574395,78.8442046630649,-5.3541222410193916e-17,3.7114052408638015e-18,11.75807755315369,-1.69594386424433e-17,3.4921118347964955,6.970188494965085e-18,92.69589070533762,70.40832479653764
8.249999999999869,730.9774644674814,78.97744932384988,-5.370145385236454e-17,3.6839031855434354e-18,11.753906029435528,-1.71935534392439e-17,3.4894119819097713,7.268135161018583e-18,92.70439186915723,70.40877596523664
8.259999999999868,731.8950563055901,79.11068256204729,-5.3860568759915905e-17,3.6721122806676885e-18,11.749776410841763,-1.7343255636449648e-17,3.4867566562453627,7.484374417478416e-18,92.71289635602547,70.40922709964198
8.269999999999868,732.8127358078196,79.2439043418747,-5.401982984260672e-17,3.676339435444331e-18,11.745688480872882,-1.74092560612065e-17,3.4841454478788876,7.619747141433858e-18,92.72140406207569,70.40967819962161
8.279999999999868,733.7305030087579,79.37711463042855,-5.4179237868852835e-17,3.680388034029351e-18,11.74164201834154,-1.7473257027282855e-17,3.481577944006811,7.675100734271057e-18,92.72991488364129,70.41012926505336
8.289999999999868,734.6483579415327,79.51031339765629,-5.434007466619892e-17,3.6842832028717414e-18,11.737636797452128,-1.7535265615111582e-17,3.4790537290394616,7.728430606134005e-18,92.73842871726073,70.41058029582477
8.299999999999867,735.5663006378188,79.64350061632834,-5.450236178673813e-17,3.671578139510985e-18,11.733672587880381,-1.7676269474485574e-17,3.476572384693732,7.779748192491137e-18,92.74694545968285,70.41103129183305
8.309999999999867,736.4843311278443,79.77667626200986,-5.466484128030268e-17,3.642055504275621e-18,11.729749154853106,-1.7895554918704772e-17,3.4741334900854413,7.90620701783552e-18,92.7554650078718,70.41148225298492
8.319999999999867,737.402449440397,79.90984031303228,-5.482751748946728e-17,3.611976030738373e-18,11.725866259227933,-1.811142250347362e-17,3.4717366218213557,8.106970524025464e-18,92.7639872590122,70.41193317919664
8.329999999999867,738.3206556028322,80.04299275046469,-5.4991676264244814e-17,3.581399642363769e-18,11.722023657573125,-1.8323864669404e-17,3.4693813540908485,8.304054875006077e-18,92.77251211051401,70.41238407039374
8.339999999999867,739.2389496410784,80.17613355808501,-5.5154779256823795e-17,3.533935908852598e-18,11.71822110224742,-1.8613850333626865e-17,3.467067258757196,8.497461714473299e-18,92.78103946001764,70.4128349265111
8.349999999999866,740.1573315796451,80.309262722351,-5.5318093396872674e-17,3.502286533835405e-18,11.714458341479917,-1.8818702619277663e-17,3.4647939054484933,8.764335387711666e-18,92.78956920539862,70.41328574749271
8.359999999999866,741.0758014416291,80.44238023237106,-5.548034074106923e-17,3.4703294739123854e-18,11.71073511944992,-1.9020103336920982e-17,3.4625608616481816,8.949545915915719e-18,92.7981012447726,70.41373653329165
8.369999999999866,741.9943592487222,80.575486079875,-5.564406846150888e-17,3.4545502210117616e-18,11.707051176366843,-1.9137075710272833e-17,3.4603676927851748,9.13108247398691e-18,92.80663547650003,70.41418728387002
8.379999999999866,742.9130050212178,80.70858025918444,-5.580801722006552e-17,3.422387643186061e-18,11.703406248550044,-1.9332280646173184e-17,3.458213962323576,9.231807470685589e-18,92.81517179919099,70.41463799919872
8.389999999999866,743.8317387780188,80.84166276718321,-5.597219079276066e-17,3.3900525004944704e-18,11.699800068508683,-1.9524031200620336e-17,3.4560992318519714,9.406859520288662e-18,92.82371011170976,70.41508867925747
8.399999999999865,744.750560536644,80.97473360328755,-5.613787530468292e-17,3.3575937263377456e-18,11.696232365021483,-1.9712324975111606e-17,3.454023061172293,9.578258597254353e-18,92.83225031317946,70.41553932403463
8.409999999999865,745.669470313236,81.10779276941619,-5.630253016252563e-17,3.3086471170208362e-18,11.69270286321649,-1.9978128524024228e-17,3.4519850083882395,9.746010943428585e-18,92.84079230298667,70.4159899335272
8.419999999999865,746.5884681225685,81.2408402699603,-5.646870521620529e-17,3.2758295942143194e-18,11.68921128465075,-2.0158784441903793e-17,3.449984629993247,9.987265655052467e-18,92.84933598078595,70.4164405077406
8.429999999999865,747.5075539780537,81.37387611175323,-5.663385920944684e-17,3.2266442863990515e-18,11.68575734738991,-2.0416938810393275e-17,3.4480214809579928,1.0146896284073789e-17,92.85788124650422,70.41689104668863
8.439999999999864,748.4267278917495,81.50690030404026,-5.679797645193186e-17,3.1936846745611407e-18,11.682340766087743,-2.058993974219818e-17,3.4460951148174304,1.0380039453300847e-17,92.86642800034524,70.41734155039339
8.449999999999864,749.3459898743675,81.6399128584481,-5.69623222990501e-17,3.177254158664333e-18,11.678961252065537,-2.0678502590885814e-17,3.4442050837573417,1.0531569936169073e-17,92.87497614279394,70.4177920188851
8.459999999999864,750.2653399352808,81.77291378895441,-5.71268980155957e-17,3.161248352774222e-18,11.675618513391461,-2.076431499120536e-17,3.442350938700398,1.0602341439517771e-17,92.88352557462072,70.41824245220207
8.469999999999864,751.1847780825309,81.90590311185707,-5.729298807431768e-17,3.1456863791817613e-18,11.672312254959687,-2.0847387875194373e-17,3.4405322293917187,1.0670356375036872e-17,92.89207619688565,70.41869285039061
8.479999999999864,752.1043043228359,82.03888084574348,-5.745933112933667e-17,3.1142091934015566e-18,11.669042178569498,-2.1008693928084665e-17,3.43874850448392,1.0735631193143484e-17,92.90062791094272,70.41914321350481
8.489999999999863,753.0239186615984,82.17184701145968,-5.762593012397576e-17,3.08296374419943e-18,11.665807983004177,-2.116656217466656e-17,3.436999311621643,1.0875324966110162e-17,92.90918061844395,70.41959354160659
8.499999999999863,753.943621102913,82.30480163207942,-5.779407155390078e-17,3.051986010844341e-18,11.662609364109759,-2.132099671023249e-17,3.4352841975255535,1.1011462506487795e-17,92.91773422134344,70.42004383476551
8.509999999999863,754.8634116495742,82.43774473287316,-5.796249536476434e-17,3.004947317402766e-18,11.659446014873623,-2.155296079498488e-17,3.4336027080758043,1.114405575439398e-17,92.9262886219014,70.42049409305861
8.519999999999863,755.7832903030846,82.57067634127692,-5.813249000557333e-17,2.9579965279598973e-18,11.656317625502913,-2.1780779634015808e-17,3.431954388394946,1.1350259447648663e-17,92.93484372268813,70.42094431657044
8.529999999999863,756.7032570636627,82.70359648686119,-5.830408088110306e-17,2.8948308710524583e-18,11.653223883502761,-2.2085407831795374e-17,3.4303387829302894,1.1552094059320323e-17,92.94339942658789,70.42139450539288
8.539999999999862,757.6233119302506,82.83650520129962,-5.847729517963052e-17,2.8152565418476774e-18,11.650164473754296,-2.246612147205073e-17,3.428755435535696,1.1826709830872502e-17,92.95195563680278,70.42184465962504
8.549999999999862,758.5434549005224,82.96940251833774,-5.865087761509794e-17,2.719097293045301e-18,11.647139078592476,-2.2922189326363312e-17,3.4272038895527994,1.2173265031269848e-17,92.96051225685655,70.4222947793731
8.559999999999862,759.4636859708924,83.10228847376169,-5.882612230134391e-17,2.622535255093093e-18,11.644147377883666,-2.3371918999425542e-17,3.425683687891646,1.2590913034212259e-17,92.9690691905982,70.42274486475037
8.569999999999862,760.3840051365225,83.23516310536668,-5.900049082221197e-17,2.5093352609339526e-18,11.641189049103014,-2.3896241332835174e-17,3.424194373110743,1.3001660380676843e-17,92.97762634220588,70.42319491587696
8.579999999999862,761.3044123913314,83.36802645292569,-5.917654274405611e-17,2.41201737617442e-18,11.638263767411562,-2.4332507844190118e-17,3.42273548749651,1.3482644180437461e-17,92.98618361619032,70.4236449328799
8.589999999999861,762.2249077280019,83.5008785581579,-5.935430827609759e-17,2.2982844005196654e-18,11.635371205733103,-2.484331703012181e-17,3.4213065731421275,1.3878725752132757e-17,92.9947409173984,70.4240949158928
8.599999999999861,763.1454911379894,83.63371946469721,-5.953381935217099e-17,2.1679847520636536e-18,11.632511034830808,-2.542792819757143e-17,3.4199071720257654,1.4345032336689247e-17,93.00329815101679,70.42454486505596
8.60999999999986,764.0661626115306,83.7665492180607,-5.971510961198085e-17,2.0209833145227237e-18,11.629682923383546,-2.6085593957607206e-17,3.4185368260881996,1.4880712189255396e-17,93.01185522257528,70.42499478051617
8.61999999999986,764.9869221376509,83.89936786561708,-5.98982143820414e-17,1.857161030384749e-18,11.626886538061925,-2.681556044286179e-17,3.4171950773097906,1.5484909254806963e-17,93.02041203795014,70.42544466242654
8.62999999999986,765.9077697041737,84.03217545655508,-6.00806002552246e-17,1.6764145006406543e-18,11.624121543604062,-2.761706752382953e-17,3.4158814677868325,1.6156763375878146e-17,93.02896850336752,70.42589451094652
8.63999999999986,766.8287052977278,84.16497204185191,-6.026226393239221e-17,1.511272062812594e-18,11.621387602891026,-2.832745411232057e-17,3.4145955398072543,1.6895410499048118e-17,93.03752452540672,70.42634432624168
8.64999999999986,767.7497289037566,84.29775767424164,-6.044319996406001e-17,1.362150626426409e-18,11.618684377021975,-2.89473948157416e-17,3.4133368359256746,1.7545699159301048e-17,93.04608001100334,70.42679410848369
8.65999999999986,768.670840506526,84.43053240818358,-6.062597188552873e-17,1.2294432550160224e-18,11.616011525388984,-2.9477574938514264e-17,3.4121048990377956,1.8108461101406918e-17,93.0546348674524,70.42724385785016
8.66999999999986,769.5920400891331,84.56329629983075,-6.081061195010191e-17,1.0809264849286808e-18,11.613368705751517,-3.0080580485883856e-17,3.4108992724541354,1.858453608362268e-17,93.06318900241158,70.42769357452458
8.67999999999986,770.5133276335142,84.69604940699828,-6.099458248701717e-17,9.164564707080134e-19,11.610755574310588,-3.0755670409887673e-17,3.4097194999730864,1.9129055063145902e-17,93.07174232390403,70.42814325869612
8.68999999999986,771.434703120454,84.8287917891318,-6.11778771114114e-17,7.684835973193251e-19,11.608171785782535,-3.134021005020061e-17,3.4085651259532983,1.9741169581835197e-17,93.08029474032153,70.42859291055967
8.699999999999859,772.3561665295932,84.96152350727596,-6.136048729624726e-17,6.3738702074679015e-19,11.605616993472479,-3.183489307733622e-17,3.407435695385376,2.026574395235022e-17,93.08884616042731,70.42904253031558
8.709999999999859,773.2777178394381,85.09424462404286,-6.154368854656754e-17,5.235228170352464e-19,11.603090849347357,-3.2240423545131004e-17,3.4063307539628918,2.070362576314224e-17,93.09739649335891,70.42949211816963
8.719999999999859,774.1993570273679,85.22695520358062,-6.172748909236047e-17,4.1094642181962384e-19,11.600593004108635,-3.263845706054303e-17,3.405249848152691,2.105567030230704e-17,93.10594564863096,70.42994167433298
8.729999999999858,775.1210840696442,85.35965531154186,-6.191061056327703e-17,2.997233877244028e-19,11.598123107264582,-3.302899387099874e-17,3.404192525264509,2.1399881743122576e-17,93.11449353613793,70.43039119902194
8.739999999999858,776.0428989414191,85.49234501505232,-6.209432630088815e-17,2.0618788160282753e-19,11.595680807202209,-3.3331095694545833e-17,3.4031583335198676,2.1736277835248177e-17,93.12304006615675,70.43084069245795
8.749999999999858,776.964801616744,85.62502438267951,-6.227864203784865e-17,1.1437946856945676e-19,11.59326575125874,-3.3626428947128285e-17,3.402146822120267,2.198773634276739e-17,93.13158514934952,70.43129015486743
8.759999999999858,777.8867920685778,85.75769348440134,-6.246227656542077e-17,2.433749101833758e-20,11.590877585792693,-3.391500633165049e-17,3.401157541314652,2.2232271253155993e-17,93.14012869676596,70.43173958648168
8.769999999999857,778.8088702687962,85.89035239157491,-6.264650111195662e-17,-4.7639899871551416e-20,11.588515956254577,-3.411590381626603e-17,3.400190042466159,2.2469909779306467e-17,93.14867061984592,70.43218898753689
8.779999999999857,779.7310361881995,86.02300117690523,-6.28313189651756e-17,-1.1752762946958615e-19,11.586180507257108,-3.431079785956554e-17,3.3992438781181296,2.2623539077597096e-17,93.15721083042185,70.43263835827375
8.789999999999857,780.6532897965218,86.15563991441415,-6.301544613250436e-17,-1.8531085264120002e-19,11.583870882645,-3.44997127808894e-17,3.398318602059389,2.2771182108671316e-17,93.16574924072107,70.43308769893771
8.799999999999857,781.5756310624392,86.28826867940927,-6.319886455225328e-17,-2.3472540513000463e-19,11.581586725564337,-3.4601737892255994e-17,3.39741376938879,2.2912874725940057e-17,93.17428576336825,70.43353700977856
8.809999999999857,782.4980599535791,86.4208875484529,-6.338155410609945e-17,-2.655121385758641e-19,11.579327678531445,-3.4617623673982515e-17,3.396528936579004,2.2971512673666242e-17,93.18282031138746,70.43398629105052
8.819999999999856,783.4205764365279,86.55349659933115,-6.356349263762097e-17,-2.7743228739456995e-19,11.577093383501364,-3.454812966434038e-17,3.3956636615395706,2.2947986255888983e-17,93.19135279820448,70.43443554301203
8.829999999999856,784.3431804768404,86.68609591102314,-6.374594356030978e-17,-2.702669903568318e-19,11.574883481935789,-3.4394024213553754e-17,3.3948175036791888,2.2843192177158653e-17,93.19988313764888,70.43488476592573
8.839999999999856,785.2658720390482,86.81868556367017,-6.392890172555476e-17,-2.600544598309459e-19,11.572697614870572,-3.423701757919109e-17,3.3939900239672505,2.265803330360245e-17,93.2084112439561,70.43533396005829
8.849999999999856,786.1886510866681,86.95126563854508,-6.411364972288463e-17,-2.468612940356617e-19,11.57053542298273,-3.4077170357428946e-17,3.3931807849946156,2.2470558984485594e-17,93.21693703176946,70.43578312568029
8.859999999999856,787.1115175822111,87.08383621802169,-6.429762737018214e-17,-2.469847724042698e-19,11.568396546656954,-3.3995475133815744e-17,3.3923893510336174,2.2280830400820898e-17,93.22546041614208,70.4362322630662
8.869999999999855,788.034471487191,87.21639738554433,-6.44808101142169e-17,-2.2828060317216626e-19,11.56628062605163,-3.382940452472927e-17,3.3916152880972956,2.2166048910860027e-17,93.23398131253876,70.43668137249428
8.879999999999855,788.9575127621328,87.34894922559747,-6.466574777648825e-17,-1.9054657596454348e-19,11.564187301164376,-3.3579735513201776e-17,3.3908581639978617,2.1971141163084166e-17,93.24249963683788,70.43713045424629
8.889999999999855,789.8806413665814,87.48149182367544,-6.485116562119597e-17,-1.6604409103776026e-19,11.562116211896996,-3.3409113932066197e-17,3.390117548404382,2.1697015654378842e-17,93.25101530533306,70.43757950860761
8.899999999999855,790.8038572591105,87.61402526625233,-6.503705800358879e-17,-1.3888413206787833e-19,11.560066998119972,-3.323595340535083e-17,3.389393012899683,2.1498866798038935e-17,93.25952823473492,70.43802853586709
8.909999999999854,791.7271603973311,87.74654964075188,-6.522341920469274e-17,-1.091290241996827e-19,11.55803929973647,-3.3060313734574836e-17,3.3886841310364693,2.129876661483827e-17,93.2680383421727,70.43847753631681
8.919999999999854,792.6505507379,87.87906503551764,-6.54115320904235e-17,-7.684040347710422e-20,11.556032756745678,-3.288225455515146e-17,3.387990478392655,2.109677485032792e-17,93.27654554519592,70.43892651025217
8.929999999999854,793.5740282365282,88.01157153978318,-6.560012307662441e-17,-5.828983405150763e-20,11.554047009305759,-3.278276327727543e-17,3.3873116326259063,2.089295097953203e-17,93.28504976177577,70.43937545797164
8.939999999999854,794.4975928479903,88.14406924364236,-6.578918812527216e-17,-3.7577648267469795e-20,11.552081697796154,-3.268024650020189e-17,3.386647173527391,2.076449396700672e-17,93.29355091030669,70.43982437977672
8.949999999999854,795.4212445261322,88.2765582380199,-6.59787231154554e-17,-1.4744094682912623e-20,11.550136462879385,-3.2574755179455976e-17,3.385996683074728,2.0633468932822508e-17,93.30204890960769,70.44027327597188
8.959999999999853,796.3449832238804,88.4090386146419,-6.616872384524414e-17,1.0170786659301555e-20,11.548210945562271,-3.24663403012036e-17,3.385359745484143,2.0499928906245428e-17,93.3105436789238,70.44072214686437
8.969999999999853,797.2688088932499,88.54151046600666,-6.635918603355242e-17,3.7127166572749333e-20,11.546304787256597,-3.235505287228937e-17,3.384735947261822,2.0363926838064283e-17,93.31903513792726,70.44117099276421
8.979999999999853,798.1927214853534,88.67397388535551,-6.654881595614724e-17,6.608542905723667e-20,11.544417629839215,-3.224094391036935e-17,3.384124877254457,2.022551559117654e-17,93.32752320671878,70.44161981398396
8.989999999999853,799.1167209504094,88.80642896664389,-6.673887759533823e-17,1.1320012871116145e-19,11.542549115711587,-3.204313980217676e-17,3.3835261266989938,2.0084747931289482e-17,93.33600780582874,70.44206861083885
8.999999999999853,800.040807237751,88.93887580451253,-6.692936455325738e-17,1.6248910175190314e-19,11.540698887858692,-3.1843341397290456e-17,3.382939289271567,1.9864537326516268e-17,93.3444888562182,70.4425173836464
9.009999999999852,800.964980295834,89.0713144942588,-6.712156009766368e-17,2.1389401578069132e-19,11.5388665899074,-3.1641607819258204e-17,3.382363961135628,1.9642930069102693e-17,93.35296627928011,70.44296613272655
9.019999999999852,801.8892400722463,89.20374513180818,-6.731547880084498e-17,2.5117122728311467e-19,11.537051866184248,-3.151892097671874e-17,3.381799740989261,1.9419984164697888e-17,93.36143999684019,70.44341485840147
9.029999999999852,802.8135865137151,89.33616781368593,-6.751113707904535e-17,2.7401524480253255e-19,11.535254361772596,-3.14746134920051e-17,3.381246230111684,1.9272896149652233e-17,93.36990993115786,70.44386356099542
9.039999999999852,803.7380195661165,89.46858263698897,-6.770597303169767e-17,2.8214055452652076e-19,11.533473722569221,-3.1508009497896055e-17,3.380703032408944,1.920086837522882e-17,93.37837600492718,70.44431224083476
9.049999999999851,804.6625391744833,89.60098969935781,-6.790125473832389e-17,3.07637674280737e-19,11.53170959534026,-3.1456581848575005e-17,3.380169754458787,1.9203097140502215e-17,93.38683814127761,70.44476089824776
9.059999999999851,805.5871452830136,89.73338909894875,-6.80982694906138e-17,3.345814129043872e-19,11.52996162777657,-3.140201177633909e-17,3.3796460055547186,1.91244957464704e-17,93.39529626377481,70.44520953356461
9.069999999999851,806.5118378350793,89.8657809344062,-6.829574485767172e-17,3.4678026226366174e-19,11.528229468548487,-3.1425262348331805e-17,3.379131397749242,1.9043097919637194e-17,93.40375029642136,70.44565814711713
9.07999999999985,807.4366167732342,89.99816530483523,-6.84949701006307e-17,3.6013756761465125e-19,11.526512767359934,-3.144472991307524e-17,3.3786255458962837,1.903608795346388e-17,93.41220016365735,70.44610673923896
9.08999999999985,808.3614820392227,90.13054230977421,-6.86959649384367e-17,3.5848572478764684e-19,11.52481117500192,-3.154136870808049e-17,3.378128067692793,1.9025518163368876e-17,93.42064579036102,70.4465553102652
9.09999999999985,809.2864335739877,90.2629120491678,-6.889616933741446e-17,3.415757212497326e-19,11.523124343405405,-3.171448730431664e-17,3.37763858371953,1.9088567119250375e-17,93.42908710184926,70.44700386053248
9.10999999999985,810.2114713176793,90.39527462333989,-6.909556440252144e-17,3.4150404552485473e-19,11.521451925693569,-3.1801549303645786e-17,3.377156717481026,1.9224419921108283e-17,93.43752402387813,70.44745239037883
9.11999999999985,811.1365952096629,90.52763013296696,-6.929542022795214e-17,3.585569067215506e-19,11.519793576233377,-3.1803301114971416e-17,3.3766820954447287,1.9277980329394666e-17,93.44595648264321,70.44790090014354
9.12999999999985,812.0618051885275,90.6599786790515,-6.949702612613797e-17,3.7684101372523018e-19,11.518148950686587,-3.1801415774504245e-17,3.3762143470793244,1.925013425772266e-17,93.45438440478006,70.44834939016714
9.13999999999985,812.9871011920937,90.79232036289567,-6.969781880875539e-17,3.801957733099725e-19,11.516517706060034,-3.187684779727735e-17,3.3757531048922385,1.9218911709636484e-17,93.4628077173645,70.44879786079126
9.14999999999985,813.9124831574221,90.9246552860751,-6.98990684241933e-17,4.0067481660842937e-19,11.514899500755332,-3.186707463042377e-17,3.375298004466321,1.92614927779768e-17,93.47122634791283,70.44924631235854
9.15999999999985,814.8379510208215,91.05698355041302,-7.010077287087009e-17,4.223899416465828e-19,11.513293994617896,-3.185376931437362e-17,3.374848684495705,1.922278907813633e-17,93.47964022438201,70.44969474521261
9.169999999999849,815.7635047178567,91.18930525795446,-7.030163836459704e-17,4.453347379376884e-19,11.511700848985306,-3.1836970362831545e-17,3.3744047868208495,1.9180831366710362e-17,93.48804927516993,70.4501431596979
9.179999999999849,816.689144183357,91.32162051094072,-7.050164151220072e-17,4.856493043689769e-19,11.510119726735041,-3.173580127390221e-17,3.373965956462762,1.9135662888287805e-17,93.49645342911538,70.45059155615968
9.189999999999849,817.6148693514241,91.45392941178406,-7.070075694034945e-17,5.43575832029128e-19,11.508550292331526,-3.155102833751905e-17,3.373531841656399,1.9010189857662067e-17,93.50485261549817,70.45103993494376
9.199999999999848,818.5406801554399,91.58623206304256,-7.089895731464349e-17,6.193366696346777e-19,11.50699221187253,-3.128342633020493e-17,3.373102093883257,1.880531219679481e-17,93.51324676403905,70.45148829639672
9.209999999999848,819.4665765280748,91.71852856739521,-7.109750542030672e-17,7.131347954929135e-19,11.505445153134932,-3.093377827087314e-17,3.3726763679031353,1.852193565274432e-17,93.52163580489972,70.4519366408655
9.219999999999848,820.3925584012956,91.85081902761728,-7.129768336549823e-17,8.090162511532622e-19,11.50390878561971,-3.0583788683834456e-17,3.37225432178509,1.8160971560183374e-17,93.53001966868263,70.45238496869753
9.229999999999848,821.318625706373,91.98310354655578,-7.1498209912085e-17,8.907610020610138e-19,11.50238278059644,-3.0314441850401395e-17,3.3718356169375716,1.780047335750974e-17,93.53839828643085,70.45283328024057
9.239999999999847,822.2447783738903,92.11538222710529,-7.170036928441927e-17,9.741699626666454e-19,11.500866811146926,-3.004416798853277e-17,3.3714199181377493,1.7517642770499457e-17,93.54677158962791,70.45328157584264
9.249999999999847,823.1710163337505,92.24765517218384,-7.190158936245326e-17,1.0430496620299313e-18,11.499360552208318,-2.985394091157825e-17,3.3710068935600184,1.7234550742668695e-17,93.55513951019742,70.45372985585192
9.259999999999847,824.0973395151842,92.37992248470924,-7.210313532216052e-17,1.1293475510807454e-18,11.497863680615444,-2.958127039002628e-17,3.3705962148037045,1.702839157727716e-17,93.56350198050278,70.45417812061669
9.269999999999847,825.0237478467579,92.51218426757542,-7.230370615274809e-17,1.217145754022132e-18,11.496375875142547,-2.9307848119051626e-17,3.3701875569199524,1.6744092969554294e-17,93.57185893334682,70.45462637048526
9.279999999999847,825.9502412563812,92.64444062362911,-7.250327244513016e-17,1.3225094347047274e-18,11.494896816544264,-2.895282352641885e-17,3.369780598437811,1.6459699311782396e-17,93.58021030197139,70.45507460580583
9.289999999999846,826.8768196713146,92.77669165564677,-7.27030958733675e-17,1.4456297968583707e-18,11.493426187595974,-2.8516984501642084e-17,3.3693750213895073,1.609813086813367e-17,93.58855602005687,70.45552282692651
9.299999999999846,827.8034830181771,92.90893746631171,-7.290316438467432e-17,1.5705587367723294e-18,11.491963673133464,-2.8082036730577436e-17,3.368970511334927,1.5660300645069675e-17,93.59689602172162,70.45597103419513
9.309999999999846,828.730231222954,93.04117815819143,-7.31021727359797e-17,1.6972005471398408e-18,11.49050896009188,-2.764805507740705e-17,3.3685667573852824,1.5224262603034775e-17,93.60523024152145,70.45641922795923
9.319999999999846,829.6570642110044,93.17341383371524,-7.330138112052712e-17,1.8415778620338848e-18,11.489061737544015,-2.7134204161601182e-17,3.368163452225989,1.4790082261051936e-17,93.61355861444899,70.45686740856601
9.329999999999846,830.5839819070684,93.30564459515215,-7.350077569143919e-17,1.9877343786169205e-18,11.487621696737914,-2.6622194063691073e-17,3.367760292138741,1.4280688424173576e-17,93.62188107593298,70.45731557636218
9.339999999999845,831.510984235275,93.43787054458888,-7.370034265869354e-17,2.135560153741332e-18,11.48618853113376,-2.6112104791779345e-17,3.367356977022795,1.3774137618703887e-17,93.6301975618376,70.45776373169392
9.349999999999845,832.4380711191494,93.57009178390825,-7.390006829218058e-17,2.2849474100178313e-18,11.484761936440119,-2.560401510589598e-17,3.3669532104154603,1.327049776453295e-17,93.63850800846171,70.4582118749068
9.359999999999845,833.3652424816202,93.70230841476774,-7.409864512723411e-17,2.4357905069234264e-18,11.483341610649433,-2.5098002516391383e-17,3.366548699511799,1.2769835485126431e-17,93.646812352538,70.45866000634572
9.369999999999845,834.2924982450268,93.83452053857832,-7.429733230843429e-17,2.6040921823099537e-18,11.481927254072897,-2.451323608784223e-17,3.3661431551835452,1.2272216108375717e-17,93.65511053123218,70.45910812635486
9.379999999999844,835.2198383311267,93.96672825648348,-7.449482038120909e-17,2.7738973836586643e-18,11.480518569374574,-2.393142644107965e-17,3.3657362919972345,1.1700568566064551e-17,93.66340248214203,70.45955623527755
9.389999999999844,836.1472626611029,94.09893166933863,-7.469107283651883e-17,2.9611894325400287e-18,11.47911526160488,-2.3271749108581762e-17,3.3653278282315555,1.1132948624908962e-17,93.67168814329654,70.4600043334562
9.399999999999844,837.0747711555709,94.2311308776906,-7.488605136103046e-17,3.1661026620861285e-18,11.47771703823332,-2.2535013516019778e-17,3.364917485893925,1.0492288449175636e-17,93.67996745315477,70.46045242123228
9.409999999999844,838.002363734586,94.36332598175753,-7.507971585820013e-17,3.388754411985292e-18,11.476323609180568,-2.1722035854374893e-17,3.364504990736291,9.779511775200622e-18,93.68824035060503,70.46090049894624
9.419999999999844,838.9300403176501,94.49551708140886,-7.527331895641509e-17,3.629245455557009e-18,11.474934686849863,-2.0833638845578423e-17,3.3640900722701588,8.995546510637471e-18,93.69650677496357,70.46134856693742
9.429999999999843,839.857800823719,94.62770427614579,-7.546813284019129e-17,3.87156624123547e-18,11.473549986157675,-1.9951556302219445e-17,3.363672463780858,8.141324509142805e-18,93.70476666597365,70.46179662554398
9.439999999999843,840.7856451712094,94.75988766508176,-7.56641564561364e-17,4.099442558571991e-18,11.4721692245637,-1.9156798366558173e-17,3.363251902341039,7.294915800704156e-18,93.71301996380423,70.4622446751029
9.449999999999843,841.7135732780056,94.89206734692335,-7.586009600159507e-17,4.312445558914347e-18,11.470792122100196,-1.8448738933172632e-17,3.3628281288234154,6.5335352588081136e-18,93.7212666090489,70.46269271594971
9.459999999999843,842.6415850614668,95.02424341995142,-7.605463843749231e-17,4.526258158108387e-18,11.469418401400555,-1.7745837611580455e-17,3.3624008879127443,5.8564023668005644e-18,93.72950654272452,70.46314074841877
9.469999999999843,843.5696804384336,95.1564159820024,-7.624903969138195e-17,4.756835371874023e-18,11.468047787727256,-1.6967273572073266e-17,3.361969928117061,5.185594388956348e-18,93.73773970627005,70.46358877284285
9.479999999999842,844.4978593252348,95.28858513045,-7.644198491368973e-17,4.988215836273194e-18,11.466680008999077,-1.6194759784435882e-17,3.3615350017781616,4.444039657570364e-18,93.74596604154507,70.46403678955336
9.489999999999842,845.4261216376942,95.42075096218706,-7.663472869736438e-17,5.236337126649626e-18,11.465314795817633,-1.534748052097513e-17,3.36109586508134,3.7097914349455104e-18,93.75418549082859,70.46448479888002
9.499999999999842,846.3544672911376,95.55291357360768,-7.682724983222495e-17,5.485228779077686e-18,11.463951881493262,-1.4507152238877905e-17,3.360652278064388,2.9057800387211656e-18,93.76239799681746,70.46493280115101
9.509999999999842,847.2828962003987,95.68507306058973,-7.702082282681211e-17,5.734733315224283e-18,11.462591002070164,-1.3673865514759957e-17,3.36020400462586,2.1100602574597285e-18,93.7706035026251,70.46538079669283
9.519999999999841,848.2114082798264,95.81722951847742,-7.721415245787206e-17,5.968620623705895e-18,11.46123189635089,-1.2928609810727983e-17,3.359750812532602,1.3226975854163708e-18,93.7788019517799,70.46582878583023
9.529999999999841,849.1400034432909,95.94938304206433,-7.740851577539623e-17,6.202563879607166e-18,11.459874305920122,-1.2189839949933373e-17,3.359292473426559,6.208886921367987e-19,93.78699328822374,70.46627676888616
9.539999999999841,850.0686816041903,96.08153372557658,-7.760261963629288e-17,6.420363816911854e-18,11.458517975167803,-1.1538531707538454e-17,3.3588287628308544,-7.329831349501852e-20,93.79517745631047,70.46672474618173
9.54999999999984,850.997442675457,96.21368166265636,-7.779644763895706e-17,6.63771597825211e-18,11.457162651311567,-1.0893127851512785e-17,3.3583594601551585,-6.8267720396863745e-19,93.80335440080422,70.4671727180361
9.55999999999984,851.9262865695642,96.34582694634562,-7.799127964776434e-17,6.854519395338086e-18,11.455808084418463,-1.0253691268580372e-17,3.357884348700338,-1.2851898190578533e-18,93.81152406687791,70.46762068476652
9.56999999999984,852.8552131985318,96.47796966907015,-7.818582465018279e-17,7.05460904365472e-18,11.454454027426031,-9.701182310373972e-18,3.3574032156623956,-1.880792968455557e-18,93.81968640011146,70.46806864668814
9.57999999999984,853.7842224739331,96.61010992262378,-7.83800686971163e-17,7.253702282645441e-18,11.453100236162706,-9.154030643545599e-18,3.3569158521357174,-2.392312266143386e-18,93.82784134649017,70.46851660411414
9.58999999999984,854.7133143069007,96.74224779815302,-7.857529443328049e-17,7.451725356178776e-18,11.45174646936751,-8.612285417847633e-18,3.3564220531156073,-2.897700780091361e-18,93.8359888524029,70.46896455735546
9.59999999999984,855.6424886081325,96.87438338614184,-7.876891640706614e-17,7.632545724869856e-18,11.450392488709106,-8.156892348954847e-18,3.355921617500138,-3.396926331232751e-18,93.84412886464048,70.46941250672096
9.60999999999984,856.5717452878984,97.00651677639678,-7.896219850718937e-17,7.827959689421052e-18,11.449038058804147,-7.625371010942869e-18,3.355414348091311,-3.8128255736160614e-18,93.8522613303937,70.46986045251715
9.61999999999984,857.5010842560455,97.13864805803226,-7.915642422270051e-17,8.022113775916354e-18,11.447682947234988,-7.099385917743152e-18,3.35490005159553,-4.3004946346153255e-18,93.86038619725163,70.47030839504838
9.62999999999984,858.4305054220047,97.2707773194563,-7.935030481560152e-17,8.198886691345864e-18,11.446326924566707,-6.659877118311842e-18,3.3543785386234055,-4.781918969454722e-18,93.86850341319968,70.47075633461655
9.639999999999839,859.3600086947962,97.40290464835635,-7.954382926578532e-17,8.374015239044258e-18,11.444969764363469,-6.225258376847578e-18,3.3538496236888724,-5.17993987185453e-18,93.8766129266178,70.47120427152123
9.649999999999839,860.2895939830355,97.5350301316855,-7.973828381357565e-17,8.547456428308784e-18,11.443611243204229,-5.795561433159515e-18,3.3533131252076576,-5.5725251333360585e-18,93.88471468627841,70.47165220605962
9.659999999999838,861.2192611949393,97.66715385564892,-7.993238178915024e-17,8.703119582650231e-18,11.442251140697769,-5.45171255267913e-18,3.3527688654950727,-5.959657085363185e-18,93.89280864134463,70.47210013852627
9.669999999999838,862.149010238331,97.79927590569054,-8.012741187952977e-17,8.856759729333007e-18,11.440889239497075,-5.112114041685668e-18,3.35221667076316,-6.264187163860425e-18,93.9008947413681,70.4725480692134
9.679999999999838,863.0788410206462,97.93139636648007,-8.032079196429305e-17,8.992312415489436e-18,11.439525325313056,-4.85768060223877e-18,3.351656371117178,-6.564092727512707e-18,93.90897293628717,70.47299599841057
9.689999999999838,864.0087534489389,98.06351532190028,-8.05137918978139e-17,9.141593641575574e-18,11.438159186927631,-4.52590994462207e-18,3.351087800551456,-6.782233477906993e-18,93.9170431764247,70.47344392640471
9.699999999999838,864.9387474298867,98.19563285503446,-8.070640346252716e-17,9.288816137695418e-18,11.43679061620617,-4.198437357663128e-18,3.3505107969445964,-7.073726465611111e-18,93.92510541248609,70.47389185348008
9.709999999999837,865.8688228697958,98.32774904815426,-8.089991635887998e-17,9.433962668127034e-18,11.43541940810921,-3.875279606616636e-18,3.3499252020540538,-7.360578440092174e-18,93.93315959555716,70.47433977991832
9.719999999999837,866.7989796746076,98.45986398270774,-8.109434391354968e-17,9.560979572077737e-18,11.434045360703662,-3.637345922441687e-18,3.3493308615100825,-7.64278379101758e-18,93.94120567710203,70.47478770599828
9.729999999999837,867.7292177499027,98.59197773930772,-8.128840350307749e-17,9.669599224678525e-18,11.432668275173237,-3.483919111002736e-18,3.3487276248090634,-7.843206260791802e-18,93.94924360896098,70.47523563199599
9.739999999999837,868.6595370009072,98.72409039772039,-8.148338937746485e-17,9.775607680993763e-18,11.431287955828354,-3.3333799805200464e-18,3.348115345306219,-7.962703117436247e-18,93.9572733433483,70.47568355818474
9.749999999999837,869.5899373324976,98.85620203685414,-8.167802082940724e-17,9.862998427952006e-18,11.429904210115327,-3.2666174008252543e-18,3.3474938802077148,-8.079269706064919e-18,93.96529483285006,70.47613148483487
9.759999999999836,870.5204186492058,98.98831273474877,-8.187229611700622e-17,9.947573272204914e-18,11.428516848624968,-3.2020033146946276e-18,3.3468630905621612,-8.115783850958588e-18,93.97330803042195,70.47657941221392
9.769999999999836,871.4509808552247,99.12042256856488,-8.206621358817591e-17,1.0029376343909695e-17,11.42712568510057,-3.1395250573567293e-18,3.3462228412515205,-8.150247671750025e-18,93.98131288938698,70.47702734058642
9.779999999999836,872.3816238544125,99.2525316145735,-8.22610702323575e-17,1.0108451171227683e-17,11.425730536445199,-3.079169696625306e-18,3.3455730009814193,-8.182676888614399e-18,93.98930936343328,70.47747527021396
9.789999999999836,873.3123475502987,99.38463994814613,-8.245558717853966e-17,1.0168817407704412e-17,11.424331222728462,-3.101814756603129e-18,3.3449134422708804,-8.21308744572909e-18,93.99729740661174,70.4779232013551
9.799999999999836,874.243151846088,99.51674764374488,-8.264976493467354e-17,1.0226286404961283e-17,11.42292756719259,-3.125823918300194e-18,3.344244041441476,-8.164364474681878e-18,94.0052769733338,70.47837113426539
9.809999999999835,875.1740366446661,99.648854774913,-8.284490296165942e-17,1.0280919587837936e-17,11.421519396257931,-3.151175279459226e-18,3.343564678605911,-8.114516812210107e-18,94.0132480183691,70.47881906919729
9.819999999999835,876.1050018486037,99.78096141426563,-8.303842518251e-17,1.0316760145039444e-17,11.420106539527838,-3.2587364430266124e-18,3.3428752376560413,-8.06356665011903e-18,94.02121049684305,70.47926700640016
9.829999999999835,877.0360473601619,99.91306763348076,-8.323161202866799e-17,1.036564543914315e-17,11.418688829792952,-3.285974454498821e-18,3.3421756062503345,-7.934405355295245e-18,94.02916436423462,70.4797149461202
9.839999999999835,877.9671730812964,100.04517350329058,-8.342576346716082e-17,1.041189278370727e-17,11.417266103034864,-3.3144808132730088e-18,3.3414656758007757,-7.882178241832607e-18,94.0371095763738,70.48016288860049
9.849999999999834,878.8983789136626,100.17727909347298,-8.361960226218482e-17,1.0439548056647883e-17,11.415838198429226,-3.4251221433642988e-18,3.3407453414592356,-7.828920546857817e-18,94.04504608943932,70.48061083408086
9.859999999999834,879.8296647586196,100.30938447284335,-8.381313118064402e-17,1.0464423812276476e-17,11.414404958348209,-3.5362557975205186e-18,3.3400145021032954,-7.697523522442664e-18,94.05297385995623,70.48105878279794
9.869999999999834,880.7610305172354,100.4414897092467,-8.400505348007551e-17,1.0486594773442767e-17,11.412966228362443,-3.647851917322735e-18,3.339273060321541,-7.5660014222618e-18,94.06089284479333,70.48150673498512
9.879999999999834,881.6924760902907,100.57359486954992,-8.41966503746835e-17,1.0522139142433882e-17,11.411521857242308,-3.6789938308547705e-18,3.338520922398333,-7.434381589765342e-18,94.0688030011609,70.48195469087246
9.889999999999834,882.6240013782835,100.70570001963445,-8.438922261700191e-17,1.0555378657101334e-17,11.410071696958681,-3.711272206228848e-18,3.337757998298062,-7.379821442125569e-18,94.07670428660813,70.48240265068674
9.899999999999833,883.5556062814338,100.83780522438906,-8.458149265817075e-17,1.057036359709308e-17,11.408615602683117,-3.8255523937767175e-18,3.3369842016488853,-7.324355267776264e-18,94.0845966590207,70.48285061465143
9.909999999999833,884.4872906996872,100.969910547703,-8.477346348362838e-17,1.058289006718093e-17,11.407153432787428,-3.9401941586279355e-18,3.336199449725972,-7.190873734753321e-18,94.09248007661817,70.48329858298658
9.919999999999833,885.4190545327194,101.10201605245935,-8.49664382095989e-17,1.0593027030596571e-17,11.405685048842727,-4.055168453943139e-18,3.335403663434236,-7.057390178303364e-18,94.10035449795167,70.48374655590894
9.929999999999833,886.3508976799408,101.23412180052867,-8.515914097655857e-17,1.058484780430271e-17,11.404210315617883,-4.251331484418774e-18,3.33459676729059,-6.923930977879578e-18,94.10821988190115,70.48419453363181
9.939999999999833,887.2828200404996,101.36622785276283,-8.535027644084025e-17,1.0574158331877287e-17,11.402729101077457,-4.447036361088266e-18,3.3337786894057144,-6.713392202259523e-18,94.11607618767304,70.48464251636504
9.949999999999832,888.2148215132867,101.4983342689892,-8.554112870702673e-17,1.0577033546540579e-17,11.40124127637905,-4.56136250274441e-18,3.332949361465343,-6.50379217830874e-18,94.12392337479761,70.4850905043151
9.959999999999832,889.146901996939,101.630441108005,-8.573170086703617e-17,1.0577821399869485e-17,11.399746715870112,-4.6758916935327275e-18,3.332108718711091,-6.372291897841303e-18,94.13176140312642,70.48553849768491
9.969999999999832,890.0790613898441,101.76254842757196,-8.59219960360505e-17,1.0576583680030801e-17,11.398245297084253,-4.790596728586504e-18,3.331256699920811,-6.2409293703609e-18,94.13959023282979,70.485986496674
9.979999999999832,891.011299590143,101.89465628441118,-8.611071659622625e-17,1.0573381006754344e-17,11.396736900736933,-4.905450679816496e-18,3.330393247388497,-6.109729025237704e-18,94.14740982439417,70.48643450147829
9.989999999999831,891.9436164957349,102.02676473419834,-8.629784439003134e-17,1.0584254291723905e-17,11.395221410720719,-4.939544472812367e-18,3.329518306903746,-5.978714992462996e-18,94.1552201386196,70.48688251229028
9.999999999999831,892.8760120042803,102.15887383155899,-8.64833593785893e-17,1.0609514738664411e-17,11.393698714099937,-4.893586100765301e-18,3.328631827730769,-5.9250407490852166e-18,94.1630211366171,70.48733052929887
10.009999999999831,893.8084860132047,102.29098363006429,-8.66685407399343e-17,1.0649452767735001e-17,11.392168701104818,-4.768292140007148e-18,3.327733762586978,-5.947866789940063e-18,94.17081277980606,70.48777855268942
10.01999999999983,894.7410384197028,102.42309418222679,-8.685468723531772e-17,1.0688363658327196e-17,11.390631265125199,-4.645268631606248e-18,3.3268240676211374,-6.046347620751228e-18,94.17859502991159,70.48822658264372
10.02999999999983,895.6736691207411,102.55520553949664,-8.7041817831092e-17,1.0710272149681097e-17,11.389086302703591,-4.6053946527097746e-18,3.3259027023911076,-6.1425025100610625e-18,94.18636784896205,70.48867461933997
10.03999999999983,896.606378013062,102.6873177522579,-8.722865205813345e-17,1.0714922976362789e-17,11.387533713527848,-4.64793344758018e-18,3.324969629841163,-6.1592085043122034e-18,94.1941311992862,70.48912266295282
10.04999999999983,897.5391649931869,102.8194308698252,-8.741388996334982e-17,1.071804905078351e-17,11.385973400423286,-4.691259738406498e-18,3.324024816278919,-6.097335785548619e-18,94.20188504351081,70.48957071365324
10.05999999999983,898.4720299574197,102.95154494044054,-8.75988134343456e-17,1.073565360791377e-17,11.384405269344315,-4.654475114771514e-18,3.3230682313518516,-6.0348899214386895e-18,94.20962934455777,70.49001877160859
10.06999999999983,899.4049728018502,103.08366001127044,-8.778342220030605e-17,1.0752062783159298e-17,11.38282922936558,-4.6191744760222224e-18,3.3220998480234294,-6.049018785727559e-18,94.21736406564169,70.49046683698269
10.07999999999983,900.337993422357,103.21577612840319,-8.796901787905258e-17,1.0767292965318952e-17,11.38124519267262,-4.585347108087299e-18,3.321119642548866,-6.061748124172516e-18,94.2250891702671,70.49091490993558
10.08999999999983,901.2710917146109,103.34789333684647,-8.815431968896652e-17,1.0765401346900869e-17,11.379653074552065,-4.6338601259813954e-18,3.3201275944504944,-6.07309073581345e-18,94.23280462222583,70.49136299062378
10.09999999999983,902.2042675740776,103.48001168052514,-8.834063145896164e-17,1.0762107717412988e-17,11.378052793381322,-4.6830896717213965e-18,3.3191236864927713,-6.005930427352168e-18,94.24051038559442,70.49181107920003
10.109999999999829,903.1375208960216,103.61213120227922,-8.85253720107238e-17,1.0741493376460082e-17,11.376444270617837,-4.813893405375221e-18,3.318107904656924,-5.938273098150322e-18,94.24820642473138,70.49225917581352
10.119999999999829,904.0708515755083,103.74425194386221,-8.871112826957275e-17,1.073524459756554e-17,11.37482743078787,-4.863763282154204e-18,3.31708023811524,-5.793008514122258e-18,94.25589270427454,70.49270728060966
10.129999999999828,905.0042595074075,103.87637394593955,-8.889662104621408e-17,1.0711769313915827e-17,11.3732022014748,-4.995159692724019e-18,3.316040679205014,-5.72527724879352e-18,94.26356918913852,70.49315539373028
10.139999999999828,905.9377445863959,104.00849724808731,-8.908185410618302e-17,1.0686795287665047e-17,11.371568513307045,-5.1264523808806464e-18,3.314989223402154,-5.579981623056061e-18,94.2712358445119,70.49360351531342
10.149999999999828,906.87130670696,104.14062188879116,-8.926813381256406e-17,1.06603752546222e-17,11.369926299945442,-5.257614288165536e-18,3.3139258692944527,-5.4351328149656795e-18,94.27889263585462,70.49405164549351
10.159999999999828,907.8049457633992,104.27274790544553,-8.945418259777576e-17,1.061661819374817e-17,11.368275498070274,-5.46949345715778e-18,3.312850618554542,-5.290754550821699e-18,94.28653952889537,70.49449978440127
10.169999999999828,908.7386616498281,104.40487533435298,-8.964130894623968e-17,1.057126183693355e-17,11.36661604736781,-5.680453308069094e-18,3.3117634759125245,-5.0697413762979995e-18,94.29417648962887,70.4949479321637
10.179999999999827,909.6724542601792,104.53700421072382,-8.982693405648373e-17,1.050843770244472e-17,11.364947890516445,-5.971333390273587e-18,3.310664449128296,-4.8501093587672755e-18,94.30180348431321,70.49539608890412
10.189999999999827,910.6063234882055,104.66913456867591,-9.001104411419273e-17,1.0459831527186798e-17,11.363270973172417,-6.179617241260448e-18,3.3095535489635672,-4.554758029395919e-18,94.30942047946728,70.49584425474217
10.199999999999827,911.5402692274831,104.80126644123473,-9.01949264915294e-17,1.0425783078066485e-17,11.36158524395509,-6.305999681681271e-18,3.3084307891535896,-4.3388369202628634e-18,94.31702744186795,70.49629242979373
10.209999999999827,912.4742913714138,104.9333998603336,-9.037988810929752e-17,1.0390679809290491e-17,11.35989065443184,-6.432057050480462e-18,3.3072961863785957,-4.201514301785084e-18,94.3246243385476,70.49674061417102
10.219999999999827,913.408389813227,105.06553485681417,-9.056334734589949e-17,1.0338637043360814e-17,11.358187159102567,-6.63863775369341e-18,3.306149760234954,-4.064823288261464e-18,94.3322111367913,70.49718880798255
10.229999999999826,914.3425644459828,105.1976714604271,-9.074659185574924e-17,1.0301295560136801e-17,11.356474715383728,-6.763239359212183e-18,3.304991533206058,-3.851655357061242e-18,94.33978780413432,70.49763701133315
10.239999999999826,915.2768151625735,105.32980969983292,-9.092962529553781e-17,1.0263047169631482e-17,11.354753283592096,-6.887438263054965e-18,3.3038215306329417,-3.717152107771114e-18,94.34735430835939,70.49808522432396
10.249999999999826,916.2111418557265,105.46194960260316,-9.111114765982049e-17,1.0223932377587576e-17,11.35302282692802,-7.011212215028079e-18,3.3026397806846424,-3.58334526551097e-18,94.35491061749406,70.49853344705235
10.259999999999826,917.1455444180061,105.59409119522158,-9.129114121486294e-17,1.0199909196327116e-17,11.35128331145839,-7.0536693516175e-18,3.3014463143283095,-3.45025365320002e-18,94.3624566998081,70.49898167961209
10.269999999999825,918.0800227418158,105.72623450308576,-9.147219404887048e-17,1.0191270091152586e-17,11.349534706099156,-7.015524874558394e-18,3.3002411652990724,-3.3950242534194194e-18,94.36999252381091,70.49942992209321
10.279999999999825,919.0145767194003,105.85837955050874,-9.16530234121418e-17,1.0166460372107553e-17,11.347776982597576,-7.05924054699471e-18,3.2990243700696666,-3.416810258180585e-18,94.37751805824877,70.49987817458208
10.289999999999825,919.9492062428478,105.99052636072092,-9.183232699517178e-17,1.014113532539868e-17,11.34601011551399,-7.103206261861651e-18,3.2977959678198343,-3.3605019173842064e-18,94.38503327210238,70.50032643716139
10.299999999999825,920.8839112040914,106.12267495587216,-9.201269355301911e-17,1.0131221306935131e-17,11.344234082203322,-7.066541000980742e-18,3.296556000405505,-3.3040991693184023e-18,94.39253813458413,70.50077470991016
10.309999999999825,921.8186914949116,106.2548253570341,-9.219414435392647e-17,1.0105178569232118e-17,11.34244886279621,-7.111703824127758e-18,3.295304512327751,-3.3247425964930505e-18,94.40003261513557,70.50122299290375
10.319999999999824,922.7535470069378,106.3869775842026,-9.237539819943954e-17,1.0062751109830063e-17,11.340654440179788,-7.237952874490234e-18,3.2940415507015515,-3.2673222757708222e-18,94.40751668342482,70.50167128621388
10.329999999999824,923.6884776316502,106.51913165630046,-9.255515430327541e-17,1.0019603360020376e-17,11.33885079997813,-7.363671413796263e-18,3.2927671652243387,-3.132709800286172e-18,94.41499030934388,70.50211958990857
10.339999999999824,924.6234832603819,106.65128759118022,-9.273600417357913e-17,9.991670413290118e-18,11.337037930532368,-7.407972401164099e-18,3.2914814081443633,-2.9989109138151876e-18,94.42245346300616,70.50256790405226
10.349999999999824,925.5585637843201,106.78344540562725,-9.291797098920026e-17,9.947452006567181e-18,11.335215822880498,-7.533303340585832e-18,3.2901843342288664,-2.9430715041154902e-18,94.42990611474394,70.50301622870573
10.359999999999824,926.4937190945079,106.91560511536296,-9.310107983289549e-17,9.886710153059076e-18,11.333384470736842,-7.738914464722722e-18,3.288876000732076,-2.8100866778115963e-18,94.43734823510565,70.50346456392617
10.369999999999823,927.4289490818461,107.04776673504826,-9.32840527578666e-17,9.809226377773528e-18,11.331543870471226,-8.024047798595151e-18,3.2875564673630286,-2.6008331969738076e-18,94.44477979485349,70.50391290976714
10.379999999999823,928.3642536370946,107.17993027828706,-9.346559217859013e-17,9.730688575767946e-18,11.329694021087837,-8.307073564316425e-18,3.28622579625323,-2.3161933914958893e-18,94.4522007649608,70.50436126627861
10.389999999999823,929.2996326508741,107.31209575763013,-9.364698919387961e-17,9.667054477216783e-18,11.327834924203774,-8.507092614089853e-18,3.2848840519241516,-2.0341831936825425e-18,94.45961111660955,70.50480963350694
10.399999999999823,930.2350860136671,107.44426318457899,-9.382694400152094e-17,9.602767451588553e-18,11.325966584027352,-8.70567064437379e-18,3.2835313012545813,-1.831957893312898e-18,94.46701082118786,70.50525801149497
10.409999999999823,931.1706136158201,107.57643256959003,-9.400544058023217e-17,9.553756690916634e-18,11.324089007336035,-8.821919460482193e-18,3.2821676134478284,-1.6315496644531647e-18,94.47439985028741,70.50570640028195
10.419999999999822,932.106215347544,107.70860392207882,-9.418376640205232e-17,9.52032497476098e-18,11.322202203454175,-8.856551793263088e-18,3.2807930599987896,-1.5101065158806314e-18,94.48177817570104,70.5061547999036
10.429999999999822,933.0418910989162,107.84077725042457,-9.436192299291328e-17,9.486880299898661e-18,11.320306184230438,-8.891150459144514e-18,3.2794077146608895,-1.466781720254978e-18,94.48914576942018,70.50660321039209
10.439999999999822,933.9776407598813,107.9729525619747,-9.453991187384801e-17,9.453430003841653e-18,11.318400964014948,-8.92570748936518e-18,3.2780116534128916,-1.4235940681744144e-18,94.49650260363248,70.50705163177606
10.449999999999822,934.9134642202529,108.10512986304967,-9.471773456072793e-17,9.419981285008146e-18,11.31648655963619,-8.960215012484972e-18,3.2766049544255984,-1.380550589543689e-18,94.50384865071922,70.50750006408074
10.459999999999821,935.8493613697143,108.23730915894794,-9.489669841068904e-17,9.38654120430467e-18,11.314562990377674,-8.99466525486944e-18,3.275187698028437,-1.3376582100495983e-18,94.51118388325303,70.50794850732777
10.469999999999821,936.7853320978197,108.36949045395102,-9.507552039758287e-17,9.33725385813303e-18,11.312630277954302,-9.10990955829269e-18,3.2737599666759487,-1.2949237509192813e-18,94.51850827399532,70.50839696153538
10.479999999999821,937.7213762939955,108.50167375132877,-9.525289786566745e-17,9.28773188728203e-18,11.310688446488545,-9.22434327946947e-18,3.272321844914173,-1.1752257335096178e-18,94.52582179589392,70.50884542671834
10.48999999999982,938.6574938475411,108.63385905334482,-9.542881276400536e-17,9.253859038443074e-18,11.308737522486334,-9.257092790296912e-18,3.2708734193469513,-1.0565652643512702e-18,94.53312442208068,70.50929390288799
10.49999999999982,939.59368464763,108.76604636126214,-9.560455137399455e-17,9.235915455682976e-18,11.306777534812785,-9.208881490484969e-18,3.2694147786021417,-1.0160826688826931e-18,94.54041612586909,70.50974239005221
10.50999999999982,940.5299485833107,108.89823567534872,-9.578011323929661e-17,9.218309256532825e-18,11.304808514667613,-9.161298248517022e-18,3.2679460132977627,-1.0529233159495833e-18,94.54769688075187,70.51019088821562
10.51999999999982,941.4662855435075,109.03042699488346,-9.595419145252389e-17,9.201025905304157e-18,11.302830495560393,-9.114344602904666e-18,3.2664672160080612,-1.0890983556385322e-18,94.55496666039868,70.51063939737928
10.52999999999982,942.4026954170218,109.16262031816221,-9.61267641486297e-17,9.199897140043848e-18,11.300843513285617,-8.987166255741525e-18,3.2649784812295266,-1.1246078845179922e-18,94.56222543865367,70.51108791754102
10.53999999999982,943.3391780925324,109.29481564250389,-9.630042090656489e-17,9.215163528295524e-18,11.298847605897484,-8.780503560170162e-18,3.2634799053468355,-1.2365803239201617e-18,94.56947318953328,70.51153644869531
10.54999999999982,944.2757334585964,109.42701296425678,-9.64738722059123e-17,9.215365841514962e-18,11.296842813684535,-8.656814171661969e-18,3.261971586598764,-1.4241493590714652e-18,94.57670988722383,70.51198499083327
10.55999999999982,945.21236140365,109.55921227880498,-9.66458089364844e-17,9.216034567792156e-18,11.294829179144108,-8.534522016265759e-18,3.2604536250440392,-1.5321867108301378e-18,94.5839355060793,70.51243354394279
10.569999999999819,946.1490618160093,109.69141358057495,-9.681882139239075e-17,9.232972894529925e-18,11.292806746956563,-8.332782000268905e-18,3.2589261225271655,-1.6386769650304028e-18,94.591150020619,70.51288210800844
10.579999999999819,947.0858345838707,109.82361686304222,-9.699161986814344e-17,9.234742043345762e-18,11.290775563959349,-8.214047221381723e-18,3.2573891826442143,-1.8207441435659933e-18,94.5983534055253,70.5133306830115
10.589999999999819,948.0226795953116,109.95582211873825,-9.716420223830028e-17,9.23686653308876e-18,11.288735679120908,-8.096741695858145e-18,3.255842910708591,-1.92326105760129e-18,94.60554563564148,70.51377926893014
10.599999999999818,948.9595967382911,110.08802933925735,-9.733656641095369e-17,9.239318021613641e-18,11.28668714351437,-7.980872385998097e-18,3.2542874137167863,-2.0242137910809364e-18,94.61272668596936,70.5142278657392
10.609999999999818,949.8965859006505,110.22023851526377,-9.750740295248465e-17,9.24206891384421e-18,11.284630010291146,-7.866445885413648e-18,3.2527228003141118,-2.1235994413569264e-18,94.61989653166727,70.51467647341045
10.619999999999818,950.8336469701135,110.35244963649895,-9.767668839023734e-17,9.26091200235101e-18,11.282564334654298,-7.672617880905952e-18,3.2511491807604314,-2.2214154487182327e-18,94.62705514804769,70.51512509191244
10.629999999999818,951.7707798342868,110.4846626917888,-9.784570496427976e-17,9.296075795184444e-18,11.280490173831815,-7.400134085825285e-18,3.249566666895893,-2.3947878492968476e-18,94.63420251057516,70.51557372121056
10.639999999999818,952.7079843806608,110.61687766905119,-9.801444694532848e-17,9.331955964273657e-18,11.278407587049717,-7.130597543501984e-18,3.2479753721066698,-2.6428475457883175e-18,94.6413385948642,70.51602236126713
10.649999999999817,953.6452604966097,110.7490945553035,-9.818160089935141e-17,9.36848847052683e-18,11.276316635504998,-6.8640296326171155e-18,3.246375411290707,-2.8875917988284098e-18,94.64846337667697,70.51647101204146
10.659999999999817,954.5826080693917,110.88131333667029,-9.834713978761043e-17,9.421418584699143e-18,11.274217382338492,-6.5196026990297396e-18,3.2447669008234956,-3.129008350093205e-18,94.65557683192137,70.51691967348965
10.669999999999817,955.5200269861494,111.01353399839113,-9.85136507043383e-17,9.490940302891814e-18,11.27210989260757,-6.098076619487121e-18,3.243149958523863,-3.444214043632858e-18,94.66267893664883,70.51736834556489
10.679999999999817,956.4575171339106,111.14575652482844,-9.867983782723597e-17,9.545626135095434e-18,11.269994233258725,-5.761912768798596e-18,3.2415247036197985,-3.8323307549733674e-18,94.66976966705228,70.5178170282173
10.689999999999817,957.3950783995876,111.2779808994756,-9.884438578529215e-17,9.600922833530345e-18,11.267870473100041,-5.42955868527002e-18,3.2398912567143148,-4.138218766030848e-18,94.67684899946404,70.51826572139404
10.699999999999816,958.332710669978,111.41020710496491,-9.900988257384054e-17,9.672551333976873e-18,11.265738682773584,-5.0201932971090595e-18,3.238249739751349,-4.4398538352863205e-18,94.68391691035384,70.51871442503938
10.709999999999816,959.2704138317648,111.54243512307599,-9.917503239045739e-17,9.72910912438078e-18,11.263598934727636,-4.696271196334938e-18,3.236600275981712,-4.814351050439613e-18,94.6909733763268,70.51916313909456
10.719999999999816,960.2081877715164,111.67466493474393,-9.933982835890598e-17,9.786040029064763e-18,11.26145130318886,-4.37623807888214e-18,3.234942989929094,-5.10657365246075e-18,94.69801837412136,70.51961186349796
10.729999999999816,961.1460323756866,111.80689652006781,-9.950426370507982e-17,9.843275784060367e-18,11.259295864134387,-4.0601152962733245e-18,3.233278007356124,-5.394500838399046e-18,94.70505188060739,70.52006059818514
10.739999999999815,962.0839475306149,111.93912985831915,-9.966964043262075e-17,9.900749985873629e-18,11.257132695263785,-3.747923168962367e-18,3.2316054552304974,-5.678122507905345e-18,94.71207387278422,70.52050934308878
10.749999999999815,963.0219331225264,112.07136492795054,-9.983466467604892e-17,9.942618047062782e-18,11.254961875970988,-3.520523774172254e-18,3.229925461691173,-5.957429525711071e-18,94.71908432777863,70.52095809813875
10.759999999999815,963.959989037532,112.20360170660433,-9.999933187033494e-17,9.984338995704445e-18,11.252783487316114,-3.2963523297604645e-18,3.228238156014644,-6.155285237951006e-18,94.72608322284309,70.52140686326214
10.769999999999815,964.8981151616279,112.33584017112138,-1.001636375378483e-16,1.0025871747155341e-17,11.25059761199722,-3.07541786670647e-18,3.2265436685812925,-6.349678874182109e-18,94.73307053535366,70.5218556383833
10.779999999999815,965.8363113806959,112.46808029754993,-1.0032626821972588e-16,1.0067176467294958e-17,11.248404334322009,-2.8577286599041217e-18,3.2248421308418243,-6.540609785598699e-18,94.74004624280832,70.52230442342382
10.789999999999814,966.7745775805033,112.6003220611546,-1.0048981646698232e-16,1.0123981984429322e-17,11.246203740179498,-2.562451912662175e-18,3.223133675283803,-6.7280780182347236e-18,94.74701032282493,70.52275321830268
10.799999999999814,967.7129136467028,112.73256543642533,-1.0065298838947359e-16,1.0164977592474471e-17,11.24399591701156,-2.3520150217325897e-18,3.2214184353982747,-6.989212875269664e-18,94.75396275313963,70.52320202293609
10.809999999999814,968.6513194648319,112.86481039708654,-1.0081708924573151e-16,1.0205612970721496e-17,11.24178095378451,-2.1448519095599688e-18,3.219696545646495,-7.1688903926734e-18,94.76090351160481,70.5236508372377
10.819999999999814,969.5897949203134,112.99705691610632,-1.0098082704750112e-16,1.0230095670421386e-17,11.239558940960594,-2.0218061084367423e-18,3.217968141426769,-7.34510387305229e-18,94.76783257618742,70.52409966111854
10.829999999999814,970.5283398984546,113.12930496570563,-1.0114419976587673e-16,1.0253891632835896e-17,11.237329970469444,-1.9013026970941242e-18,3.2162333590413925,-7.440727653365608e-18,94.77474992496724,70.52454849448705
10.839999999999813,971.4669542844478,113.26155451736768,-1.01305895787261e-16,1.0276988495449892e-17,11.235094135679542,-1.783337072071312e-18,3.21449233566372,-7.533762402382079e-18,94.7816555361351,70.52499733724918
10.849999999999813,972.4056379633688,113.3938055418473,-1.0146589173222937e-16,1.0315122761336578e-17,11.232851531369617,-1.5870675900488867e-18,3.2127452093053477,-7.624218056178358e-18,94.78854938799115,70.52544618930833
10.859999999999813,973.3443908201781,113.52605800918039,-1.0162547224589812e-16,1.036853870926118e-17,11.230602253700033,-1.3132304025496015e-18,3.2109921187834285,-7.789233688727228e-18,94.7954314589432,70.52589505056542
10.869999999999813,974.2832127397195,113.65831188869346,-1.0178594176017354e-16,1.0421719505335807e-17,11.228346400184192,-1.0434048490996227e-18,3.209233203688113,-8.02795152296212e-18,94.80230172750498,70.52634392091896
10.879999999999812,975.2221036067201,113.79056714901323,-1.0194600632249368e-16,1.0458877203991136e-17,11.226084069659894,-8.584354442814938e-19,3.2074686043501286,-8.262379675451435e-18,94.80916017229458,70.52679280026503
10.889999999999812,976.1610633057901,113.92282375807625,-1.0210566253065915e-16,1.0495443657837732e-17,11.223815362260682,-6.767551463508799e-19,3.2056984618085056,-8.415389770858383e-18,94.81600677203276,70.52724168849731
10.899999999999812,977.1000917214222,114.0550816831386,-1.022662173115905e-16,1.0531392449207859e-17,11.221540379387253,-4.983636989507127e-19,3.2039229177784345,-8.564980639950098e-18,94.82284150554132,70.5276905855072
10.909999999999812,978.0391887379914,114.18734089078569,-1.0242506828154544e-16,1.055096941803588e-17,11.21925922367881,-4.040929547679225e-19,3.20214211461929,-8.711160070975171e-18,94.8296643517416,70.52813949118371
10.919999999999812,978.9783542397541,114.31960134694202,-1.0258481356164499e-16,1.0585345344027709e-17,11.216971998984453,-2.315349470842506e-19,3.200356195302795,-8.776807524160341e-18,94.83647528965284,70.52858840541359
10.929999999999811,979.9175881108484,114.45186301688109,-1.0274285055102485e-16,1.0603328080241736e-17,11.21467881033459,-1.4308438898750637e-19,3.1985653033813533,-8.917058713348222e-18,94.84327429839067,70.52903732808137
10.939999999999811,980.8568902352929,114.58412586523525,-1.0290046729168959e-16,1.063607653690055e-17,11.212379763912352,2.3665310128801134e-20,3.1967695829565397,-8.976801969704825e-18,94.85006135716563,70.52948625906936
10.949999999999811,981.7962604969866,114.7163898560057,-1.0305766089043955e-16,1.066812878776122e-17,11.21007496702507,1.8715309653521371e-19,3.1949691786477614,-9.111174160129664e-18,94.85683644528159,70.52993519825766
10.95999999999981,982.7356987797084,114.8486549525725,-1.0321442854442791e-16,1.0699463123247146e-17,11.207764528075735,3.4738260452160436e-19,3.1931642355610865,-9.24219332682665e-18,94.86359954213437,70.53038414552424
10.96999999999981,983.6752049671162,114.98092111770457,-1.0337076754109104e-16,1.0730058735098198e-17,11.205448556534538,5.043580884609045e-19,3.1913548992582563,-9.36987022795686e-18,94.87035062721023,70.53083310074499
10.97999999999981,984.6147789427469,115.1131883135698,-1.0352536425344916e-16,1.0759895699515253e-17,11.203127162910441,6.580844150908368e-19,3.1895413157258647,-9.494216169597414e-18,94.87708968008451,70.53128206379363
10.98999999999981,985.5544205900152,115.24545650174512,-1.0367950572928316e-16,1.0804657176826212e-17,11.200800458722762,8.893946672997725e-19,3.187723631344737,-9.615242997590406e-18,94.88381668042017,70.53173103454196
10.99999999999981,986.4941297922136,115.37772564322673,-1.0383449882614012e-16,1.0848882063955778e-17,11.198468556472857,1.1167252352304279e-18,3.1859019928594834,-9.810092294385423e-18,94.89053160796642,70.53218001285967
11.00999999999981,987.4339064325113,115.5099956984402,-1.0398904954929901e-16,1.0876837498225427e-17,11.196131569615847,1.2592482207801417e-18,3.184076547348252,-1.0000778464226614e-17,94.89723444255743,70.53262899861453
11.01999999999981,988.3737503939541,115.64226662725076,-1.0414315567349174e-16,1.0903923531107389e-17,11.193789612532358,1.3985313772471645e-18,3.1822474421926743,-1.0110179982513603e-17,94.90392516411092,70.5330779916723
11.02999999999981,989.3136615594631,115.77453838897348,-1.0429681506355646e-16,1.0930125390032239e-17,11.191442800500417,1.5345830070175062e-18,3.180414825048012,-1.0216304025056838e-17,94.91060375262684,70.5335269918969
11.039999999999809,990.2536398118345,115.90681094238357,-1.0444871410143515e-16,1.0955429074094086e-17,11.189091249667317,1.6674119753618116e-18,3.1785788438135048,-1.0319165485985848e-17,94.91727018818621,70.53397599915041
11.049999999999809,991.193685033739,116.03908424572667,-1.0459882930094639e-16,1.0995503349273057e-17,11.186735077021638,1.8778513874612693e-18,3.176739646602926,-1.0418779746855826e-17,94.92392445094976,70.53442501329296
11.059999999999809,992.1337971077207,116.17135825672915,-1.0474713536918378e-16,1.1050591923743876e-17,11.18437440036529,2.1651680595473454e-18,3.1748973817153483,-1.0592292107381203e-17,94.93056652115665,70.53487403418292
11.069999999999808,993.0739759161967,116.30363293260845,-1.0489491707966346e-16,1.1120919276539453e-17,11.182009338285681,2.528621026342437e-18,3.173052197606125,-1.0838849340292542e-17,94.93719637912339,70.53532306167696
11.079999999999808,994.0142213414562,116.43590823008346,-1.0504085516967652e-16,1.1191019313432059e-17,11.179640010127928,2.8866400727276605e-18,3.171204242858084,-1.1157592966715134e-17,94.94381400524253,70.53577209562994
11.089999999999808,994.9545332656598,116.56818410538483,-1.0518623297461208e-16,1.1276491538642996e-17,11.177266535967224,3.3200337917575745e-18,3.1693536661529498,-1.1470529921685396e-17,94.95041937998157,70.53622113589503
11.099999999999808,995.8949115708392,116.70046051426542,-1.0532972944352964e-16,1.1361860563184743e-17,11.174889036581211,3.747227164765067e-18,3.1675006162429775,-1.1854791217009695e-17,94.95701248388177,70.5366701823238
11.109999999999808,996.8353561388957,116.8327374120106,-1.0547262651342904e-16,1.1462703267116829e-17,11.172507633422546,4.249021695567827e-18,3.1656452419228294,-1.2232379998739895e-17,94.963593297557,70.5371192347661
11.119999999999807,997.7758668515997,116.96501475344876,-1.0561360138677052e-16,1.1563535821332332e-17,11.170122448591506,4.743838012907285e-18,3.1637876920016694,-1.268042396878579e-17,94.97016180169274,70.53756829307024
11.129999999999807,998.7164435905904,117.09729249296161,-1.0575393464301468e-16,1.1679913277050799e-17,11.167733604808733,5.312470971230879e-18,3.1619281152754946,-1.3120922905104808e-17,94.97671797704493,70.53801735708299
11.139999999999807,999.6570862373744,117.22957058449471,-1.0589361428706244e-16,1.179634419045073e-17,11.165341225388074,5.8733372919757495e-18,3.160066660499705,-1.3631001619626215e-17,94.98326180443892,70.53846642664955
11.149999999999807,1000.597794673325,117.36184898156776,-1.0603394113070224e-16,1.1912714721373355e-17,11.162945434209554,6.4264085590301746e-18,3.158203476361913,-1.41326569367475e-17,94.9897932647685,70.53891550161367
11.159999999999807,1001.5385687796816,117.49412763728513,-1.0617229976425512e-16,1.2013269975092638e-17,11.160546355692455,6.890841877123238e-18,3.1563387114549903,-1.4625881329174156e-17,94.99631233899477,70.53936458181762
11.169999999999806,1002.4794084375487,117.6264065043462,-1.0630865916311908e-16,1.2128927903808177e-17,11.158144114768525,7.428987991220637e-18,3.1544725142503673,-1.503353912800955e-17,95.0028190081453,70.53981366710231
11.179999999999806,1003.4203135278955,117.75868553505583,-1.0644429947646651e-16,1.2259861224712321e-17,11.155738836855319,8.040088427091752e-18,3.1526050330715707,-1.5510756321905843e-17,95.0093132533131,70.5402627573072
11.189999999999806,1004.3612839315541,117.89096468133472,-1.0657920785184039e-16,1.2390591324550282e-17,11.153330647829653,8.642563623475024e-18,3.1507364160680225,-1.605666614869246e-17,95.01579505565566,70.54071185227042
11.199999999999806,1005.3023195292199,118.02324389472986,-1.0671337166998668e-16,1.2520999927366405e-17,11.150919674001234,9.236386048851161e-18,3.1488668111890834,-1.659326755745449e-17,95.02226439639412,70.54116095182883
11.209999999999805,1006.2434202014495,118.1555231264249,-1.0684809169607444e-16,1.2650972302029634e-17,11.148506042086375,9.8215302462645e-18,3.1469963661583598,-1.7120555755679095e-17,95.02872125681226,70.54161005581797
11.219999999999805,1007.1845858286609,118.28780232725055,-1.069833773415355e-16,1.27647735857186e-17,11.146089879181897,1.0317160447206896e-17,3.1451252284482574,-1.7638527863412764e-17,95.03516561825576,70.54205916407217
11.229999999999805,1008.1258162911321,118.42008144769493,-1.0711924014935589e-16,1.2862039007420957e-17,11.143671312739157,1.0723999614779727e-17,3.14325354525481,-1.8070052714515063e-17,95.04159746213121,70.54250827642453
11.239999999999805,1009.0671114690001,118.55236043791398,-1.0725438035337025e-16,1.294242714367943e-17,11.14125047053821,1.1042781051040451e-17,3.1413814634727593,-1.8416001580738317e-17,95.04801676990544,70.54295739270701
11.249999999999805,1010.0084712422605,118.68463924774174,-1.0738747862715491e-16,1.302123254763607e-17,11.138827480662197,1.135505848182787e-17,3.1395091296709086,-1.8677253309775476e-17,95.0544235231046,70.54340651275042
11.259999999999804,1010.9498954907662,118.81691782670075,-1.075198213781616e-16,1.3114025623223527e-17,11.136402471471756,1.1741650243383007e-17,3.1376366900677364,-1.893182438592797e-17,95.06081770331342,70.54385563638445
11.269999999999804,1011.8913840942265,118.94919612401227,-1.0765271496134821e-16,1.3205419729239028e-17,11.133975571579743,1.2121012626364588e-17,3.135764290507285,-1.925686787506588e-17,95.06719929217448,70.54430476343778
11.279999999999804,1012.8329369322068,119.08147408860667,-1.0778354623899161e-16,1.3279756249492138e-17,11.131546909826008,1.2412340142718494e-17,3.133892076435321,-1.9574406573860064e-17,95.07356827138747,70.544753893738
11.289999999999804,1013.774553884127,119.2137516691336,-1.0791360246881668e-16,1.3367922678573608e-17,11.129116615252387,1.2777997106772224e-17,3.132020192875767,-1.9807329191797842e-17,95.0799246227084,70.54520302711175
11.299999999999804,1014.7162348292609,119.34602881397228,-1.0804287689607398e-16,1.3454548971457608e-17,11.126684817077853,1.313644571242716e-17,3.130148784407408,-2.011078786444197e-17,95.08626832794903,70.54565216338469
11.309999999999803,1015.6579796467353,119.47830547124173,-1.0817267702092712e-16,1.3539585092622007e-17,11.124251644673826,1.34876928268691e-17,3.1282779951408823,-2.040680872992633e-17,95.0925993689761,70.54610130238154
11.319999999999803,1016.5997882155291,119.61058158881087,-1.0830301806666302e-16,1.3607394319404787e-17,11.121817227539688,1.3750941078286513e-17,3.1264079686959416,-2.0695414524343146e-17,95.09891772771076,70.5465504439262
11.329999999999803,1017.5416604144723,119.74285711430882,-1.0843128888431403e-16,1.3657673273888405e-17,11.119381695278449,1.3926945080099387e-17,3.1245388481790033,-2.0899498568258344e-17,95.10522338612786,70.54699958784161
11.339999999999803,1018.4835961222454,119.87513199513488,-1.0855878002736409e-16,1.3721304025488711e-17,11.116945177572592,1.4178077681590266e-17,3.1226707761609775,-2.101995689889713e-17,95.11151632625548,70.54744873394995
11.349999999999802,1019.4255952173781,120.00740617846871,-1.0868680198867642e-16,1.3782963382374257e-17,11.11450780416014,1.4422818762146865e-17,3.120803894655382,-2.1211953973452127e-17,95.11779653017415,70.54789788207265
11.359999999999802,1020.3676575782487,120.13967961128037,-1.0881274361340536e-16,1.3827055025301032e-17,11.112069704810882,1.4580386558467043e-17,3.118938345096745,-2.139752675313265e-17,95.12406398001649,70.54834703203029
11.369999999999802,1021.3097830830827,120.27195224034033,-1.0893921082476305e-16,1.388444361505739e-17,11.109631009302767,1.481315304009743e-17,3.117074268319289,-2.1499578093104647e-17,95.13031865796658,70.5487961836428
11.379999999999802,1022.2519716099528,120.40422401222945,-1.0906490713200727e-16,1.39242525811207e-17,11.107191847398544,1.495880128002349e-17,3.1152118045359156,-2.167327541416847e-17,95.13656054625943,70.54924533672944
11.389999999999802,1023.194223036777,120.53649487334896,-1.0919114596732577e-16,1.3961770462525766e-17,11.104752348822556,1.509890159474848e-17,3.113351093317467,-2.1763526950029643e-17,95.14278962718048,70.54969449110875
11.399999999999801,1024.1365372413184,120.66876476993032,-1.0931663289171079e-16,1.3981439947391625e-17,11.102312643237756,1.515268707888872e-17,3.1114922735722894,-2.1848370948176447e-17,95.14900588306514,70.5501436465987
11.409999999999801,1025.0789141011842,120.80103364804513,-1.0944136877596778e-16,1.3998564648251032e-17,11.099872860222884,1.5201736842290937e-17,3.109635483526086,-2.185071906180475e-17,95.1552092962984,70.5505928030167
11.419999999999801,1026.0213534938243,120.93330145361492,-1.095666696550214e-16,1.4013169607893172e-17,11.09743312924992,1.5246093947972424e-17,3.1077808607020643,-2.184861688262035e-17,95.16139984931428,70.55104196017953
11.4299999999998,1026.963855296531,121.06556813242088,-1.0969124314759635e-16,1.4009729949771686e-17,11.09499357966166,1.520500372766995e-17,3.1059285419013767,-2.184211398998707e-17,95.16757752459544,70.55149111790355
11.4399999999998,1027.9064193864376,121.1978336301137,-1.0981509241651067e-16,1.400356000067536e-17,11.092554340649562,1.5160053372526762e-17,3.104078663183862,-2.17541291187894e-17,95.17374230467291,70.55194027600456
11.4499999999998,1028.8490456405184,121.33009789222318,-1.0993822073614306e-16,1.3994705656509247e-17,11.090115541231759,1.511129557627923e-17,3.1022313598490823,-2.1662715084948263e-17,95.17989417212554,70.55238943429796
11.4599999999998,1029.7917339355868,121.46236086416782,-1.1006063149030069e-16,1.3983212561002363e-17,11.087677310231312,1.5058783215246873e-17,3.1003867664176563,-2.156792813577621e-17,95.18603310957975,70.55283859259869
11.4699999999998,1030.7344841482945,121.59462249126449,-1.1018232817009277e-16,1.3969126104874448e-17,11.085239776254685,1.5002569335819125e-17,3.0985450166128943,-2.1469824577827372e-17,95.19215909970919,70.55328775072134
11.4799999999998,1031.677296155132,121.72688271873788,-1.1030331437181014e-16,1.3952491424949993e-17,11.082803067670381,1.4942707142040397e-17,3.096706243342733,-2.136846076505846e-17,95.19827212523437,70.55373690848013
11.4899999999998,1032.6201698324253,121.85914149173004,-1.104235937948114e-16,1.3933353403222788e-17,11.080367312587876,1.4879249983294956e-17,3.0948705786819697,-2.1263893087105e-17,95.20437216892245,70.554186065689
11.4999999999998,1033.5631050563377,121.99139875530975,-1.1054317023941554e-16,1.3911756665873795e-17,11.077932638836709,1.4812251342092983e-17,3.0930381538548017,-2.1156177957673982e-17,95.21045921358686,70.55463522216151
11.509999999999799,1034.5061017028668,122.1236544544819,-1.1066204760480159e-16,1.3887745582245515e-17,11.075499173945824,1.4741764821959387e-17,3.09120909921766,-2.104537180305391e-17,95.2165332420872,70.55508437771104
11.519999999999799,1035.449159647845,122.25590853419679,-1.1078154578203176e-16,1.3861364263775498e-17,11.073067045123132,1.466784413542661e-17,3.0893835442423563,-2.0931531050743547e-17,95.22259423732876,70.55553353215076
11.529999999999799,1036.3922787669378,122.3881609393594,-1.1089905851004077e-16,1.3817141379820489e-17,11.070636379235307,1.450975161692224e-17,3.0875616174995244,-2.0814712118200143e-17,95.22864218226259,70.55598268529359
11.539999999999798,1037.335458935644,122.52041161483854,-1.1101588631601943e-16,1.3785885479143153e-17,11.068207302787798,1.4429869040013227e-17,3.0857434466423697,-2.06178397321723e-17,95.2346770598851,70.5564318369523
11.549999999999798,1038.2787000292935,122.65266050547599,-1.1113334960642744e-16,1.3752410257447911e-17,11.065779941905063,1.4346722169444364e-17,3.083929158390722,-2.0496105466242756e-17,95.24069885323794,70.55688098693959
11.559999999999798,1039.2220019230476,122.78490755609562,-1.1125147433867647e-16,1.3701253569960723e-17,11.063354422311066,1.4179575320643297e-17,3.0821188785153915,-2.0371567762280828e-17,95.24670754540783,70.55733013506796
11.569999999999798,1040.1653644918977,122.91715271151227,-1.1136765580349327e-16,1.3632199153851402e-17,11.060930869309972,1.3929228770582194e-17,3.0803127318228314,-2.0167150833190887e-17,95.25270311952644,70.55777928114993
11.579999999999798,1041.1087876106644,123.0493959165408,-1.1148188065502298e-16,1.357604603983491e-17,11.058509407767103,1.3758067416294937e-17,3.0785108421401044,-1.988378254345797e-17,95.25868555877027,70.55822842499796
11.589999999999797,1042.052271153997,123.1816371160049,-1.115954501919011e-16,1.3533134408845314e-17,11.056090162090113,1.36654148740123e-17,3.076713332300154,-1.9676660253278875e-17,95.26465484636047,70.55867756642448
11.599999999999797,1042.9958149963727,123.3138762547459,-1.1170968558747746e-16,1.3488292352066943e-17,11.053673256210416,1.356979916716817e-17,3.0749203241273797,-1.9544978959685927e-17,95.27061096556285,70.55912670524192
11.609999999999797,1043.9394190120956,123.44611327763155,-1.1182197981997869e-16,1.3426071867142875e-17,11.051258813564834,1.339048710212784e-17,3.0731319384235225,-1.941079533379254e-17,95.27655389968774,70.55957584126287
11.619999999999797,1044.883083075296,123.57834812956462,-1.1193363464667424e-16,1.3377220947815866e-17,11.048846957077506,1.3289849288991383e-17,3.0713482949538493,-1.9197031977378656e-17,95.28248363208996,70.56002497429988
11.629999999999797,1045.82680705993,123.71058075549152,-1.120446548706548e-16,1.3326577053075588e-17,11.046437809142034,1.3186415328985922e-17,3.0695695124336453,-1.9058879750265287e-17,95.2884001461688,70.56047410416569
11.639999999999796,1046.7705908397777,123.84281110041084,-1.1215504536528898e-16,1.3274178322641375e-17,11.044031491603839,1.308023788652562e-17,3.067795708515013,-1.891839449521421e-17,95.29430342536794,70.56092323067315
11.649999999999796,1047.7144342884442,123.97503910938181,-1.1226481107232264e-16,1.3220062669811434e-17,11.041628125742836,1.2971369597250007e-17,3.0660269997739737,-1.877563027604989e-17,95.30019345317552,70.56137235363528
11.659999999999796,1048.658337279357,124.10726472753265,-1.1237263992295255e-16,1.3164267779302315e-17,11.039227832256255,1.2859863057788422e-17,3.0642635016978725,-1.8630641021625614e-17,95.30607021312412,70.5618214728653
11.669999999999796,1049.6022996857669,124.23948790006891,-1.1247851535949568e-16,1.3122297698097919e-17,11.036830731241809,1.2826552979154972e-17,3.0625053286730934,-1.8483480516503614e-17,95.31193368879079,70.56227058817669
11.679999999999795,1050.546321380746,124.37170857228165,-1.125837362410719e-16,1.3094448796837503e-17,11.034436942181031,1.2870744786990567e-17,3.0607525939730715,-1.8411334729050928e-17,95.3177838637971,70.56271969938311
11.689999999999795,1051.4904022371877,124.50392668955564,-1.1268698668305763e-16,1.306553743516742e-17,11.032046583922895,1.2910954673872062e-17,3.0590054097466113,-1.8413384775552448e-17,95.32362072180918,70.56316880629858
11.699999999999795,1052.4345421278063,124.63614219737744,-1.1278824658878376e-16,1.3051016916719306e-17,11.029659774667705,1.302799889898755e-17,3.0572638870065116,-1.8411673415342885e-17,95.32944424653786,70.56361790873741
11.709999999999795,1053.3787409251354,124.76835504134337,-1.1288881155955096e-16,1.3051144311597495e-17,11.02727663195116,1.322116671074253e-17,3.0555281356184905,-1.848337505019332e-17,95.33525442173871,70.56406700651424
11.719999999999795,1054.322998501528,124.90056516716747,-1.129873619978813e-16,1.3050707911818096e-17,11.024897272628792,1.3408960554057238e-17,3.0537982642904073,-1.8627659421469327e-17,95.34105123121216,70.56451609944403
11.729999999999794,1055.2673147291557,125.0327725206893,-1.1308387437174168e-16,1.306511319704902e-17,11.022521812860514,1.3672179640303388e-17,3.0520743805617974,-1.8766558222130235e-17,95.34683465880363,70.56496518734224
11.739999999999794,1056.2116894800079,125.16497704788175,-1.1317832339311686e-16,1.3094580761152966e-17,11.020150368095532,1.401009843020842e-17,3.0503565907936956,-1.8977235625955647e-17,95.3526046884037,70.56541427002468
11.749999999999794,1057.1561226258914,125.29717869485867,-1.1327199985380605e-16,1.3139312767085997e-17,11.017783053057457,1.4421983923316385e-17,3.0486450001587726,-1.925885133322382e-17,95.35836130394821,70.56586334730757
11.759999999999794,1058.1006140384297,125.42937740788253,-1.1336621455184057e-16,1.318405759213284e-17,11.015419981729687,1.4826319611083983e-17,3.04693971263176,-1.961056000207751e-17,95.3641044894185,70.56631241900769
11.769999999999794,1059.0451635890622,125.5615731333719,-1.1345966424076197e-16,1.3213289860891474e-17,11.013061267341044,1.51423301863416e-17,3.0452408309801764,-1.9954378724656176e-17,95.3698342288415,70.56676148494226
11.779999999999793,1059.9897711490441,125.69376581790887,-1.1355234408433822e-16,1.3242088984021039e-17,11.010707022351626,1.545154011898957e-17,3.043548456755359,-2.021319266438282e-17,95.37555050629005,70.56721054492907
11.789999999999793,1060.9344365894456,125.82595540824646,-1.1364424941727718e-16,1.3270388081742213e-17,11.008357358439003,1.5753961089939813e-17,3.0418626902837813,-2.0465026753575785e-17,95.38125330588304,70.56765959878638
11.799999999999793,1061.879159781151,125.95814185131583,-1.137340575238633e-16,1.3298122663671607e-17,11.006012386484562,1.6049606049289313e-17,3.040183630658674,-2.070990743196241e-17,95.3869426117856,70.5681086463331
11.809999999999793,1062.8239405948589,126.0903250942335,-1.1382306073258806e-16,1.334064950883791e-17,11.003672216560204,1.6419262258740297e-17,3.0385113757319404,-2.094786225043001e-17,95.39261840820949,70.56855768738869
11.819999999999792,1063.768778901081,126.22250508430844,-1.1391257138757529e-16,1.3382753088573969e-17,11.001336957915228,1.6781424928671518e-17,3.036846022106362,-2.1256052821936633e-17,95.39828067941316,70.56900672177328
11.829999999999792,1064.7136745701425,126.35468176904904,-1.1400260529373764e-16,1.3408943446426671e-17,10.99900671896349,1.7055330669991273e-17,3.0351876651281002,-2.1556502950810998e-17,95.40392940970219,70.56945574930758
11.839999999999792,1065.6586274721803,126.48685509617009,-1.1409186179128912e-16,1.3418885545874527e-17,10.996681607270855,1.724173723431645e-17,3.033536398879491,-2.1772104633836896e-17,95.40956458342949,70.56990476981305
11.849999999999792,1066.6036374771436,126.61902501359958,-1.1418033916423954e-16,1.3427672623854006e-17,10.994361729542847,1.74221826277036e-17,3.0318923161721276,-2.1903757184049948e-17,95.41518618499556,70.57035378311177
11.859999999999792,1067.548704454793,126.75119146948546,-1.142693545488905e-16,1.3435274668213437e-17,10.992047191612597,1.7596695814454473e-17,3.0302555085402316,-2.2029500082302177e-17,95.42079419884894,70.57080278902662
11.869999999999791,1068.4938282747005,126.88335441220231,-1.143576094114345e-16,1.3426264331446798e-17,10.989738098429049,1.7684537413343295e-17,3.0286260662343185,-2.2149373382121073e-17,95.42638860948637,70.57125178738114
11.879999999999791,1069.4390088062485,127.01551379035789,-1.1444642323283277e-16,1.3415750052642818e-17,10.987434554045372,1.7767254890042532e-17,3.027004078215144,-2.218628465739842e-17,95.43196940145324,70.57170077799967
11.889999999999791,1070.3842459186296,127.14766955279961,-1.145331805535016e-16,1.3388334261334098e-17,10.985136661607717,1.7764120132206313e-17,3.0253896321479368,-2.2218281829856703e-17,95.43753655934385,70.57214976070732
11.89999999999979,1071.3295394808465,127.27982164862097,-1.1461918149451318e-16,1.3374530272128986e-17,10.982844523344141,1.7837456532667573e-17,3.0237828143969208,-2.216827956125435e-17,95.44309006780186,70.57259873533005
11.90999999999979,1072.2748893617113,127.4119700271678,-1.147031079548371e-16,1.3359229526463498e-17,10.980558240553838,1.7905798417963175e-17,3.0221837100201148,-2.2191466173705472e-17,95.44862991152057,70.57304770169459
11.91999999999979,1073.2202954298455,127.54411463804452,-1.147875777329502e-16,1.3357811474281153e-17,10.978277913596635,1.804995326760052e-17,3.0205924027644144,-2.2209889629660145e-17,95.45415607524336,70.57349665962857
11.92999999999979,1074.165757553679,127.67625543112024,-1.1487129260565477e-16,1.3339776241957432e-17,10.976003641882691,1.8107683680340126e-17,3.0190089750609563,-2.2300732399992304e-17,95.45966854376408,70.57394560896047
11.93999999999979,1075.1112756014506,127.80839235653475,-1.1495557328804607e-16,1.3320217839490596e-17,10.97373552386252,1.8160537132651353e-17,3.0174335080207593,-2.2308903688023574e-17,95.46516730192744,70.57439454951965
11.94999999999979,1076.0568494412073,127.94052536470454,-1.1504044295927357e-16,1.3283763804012897e-17,10.971473657017205,1.8127792622076026e-17,3.0158660814306426,-2.2312454473806765e-17,95.47065233462939,70.57484348113641
11.95999999999979,1077.002478940804,128.07265440632852,-1.1512328784066616e-16,1.3230154483426238e-17,10.969218137848921,1.801024240779156e-17,3.0143067737494187,-2.2234301690934033e-17,95.47612362681767,70.575292403642
11.96999999999979,1077.9481639679032,128.2047794323939,-1.152040917624924e-16,1.3189883449322276e-17,10.966969061871682,1.797021359036701e-17,3.0127556621043623,-2.207536961574983e-17,95.48158116349205,70.57574131686854
11.979999999999789,1078.8939043899752,128.33690039418175,-1.1528415638737987e-16,1.316325386740778e-17,10.964726523602348,1.8007018581566447e-17,3.0112128222879475,-2.199085589618493e-17,95.48702492970502,70.57619022064921
11.989999999999789,1079.839700074297,128.46901724327262,-1.1536348362811727e-16,1.3135188860252802e-17,10.962490616551893,1.803919965453341e-17,3.0096783287548585,-2.1979949802795323e-17,95.49245491056199,70.57663911481814
11.999999999999789,1080.7855508879531,128.60112993155192,-1.1544207551218954e-16,1.3105690569226885e-17,10.96026143321691,1.8066801463543177e-17,3.008152254619267,-2.1964700976490974e-17,95.49787109122202,70.57708799921049
12.009999999999788,1081.7314566978346,128.73323841121547,-1.1551993418039148e-16,1.3074761894846485e-17,10.958039065071405,1.808986910561476e-17,3.006634671652375,-2.194516062891236e-17,95.50327345689807,70.57753687366245
12.019999999999788,1082.6774173706392,128.86534263477458,-1.155970618854259e-16,1.3042406476524097e-17,10.955823602558782,1.810844810635638e-17,3.0051256502802297,-2.192138027501219e-17,95.5086619928576,70.57798573801124
12.029999999999788,1083.6234327728714,128.99744255506138,-1.1567214097276716e-16,1.3008628672634217e-17,10.953615135084164,1.812258440588209e-17,3.0036252595817903,-2.1893411719367535e-17,95.51403668442309,70.57843459209515
12.039999999999788,1084.569502770842,129.12953812523386,-1.1574647232863518e-16,1.2988777333968708e-17,10.951413751006863,1.8213083115175678e-17,3.002133567287263,-2.1861307042580765e-17,95.5193975169725,70.5788834357536
12.049999999999788,1085.515627230668,129.26162929878086,-1.1581873648167487e-16,1.2967778705612762e-17,10.949219537633196,1.8298483860334334e-17,3.0006506397766985,-2.1902252466691852e-17,95.52474447593974,70.579332268827
12.059999999999787,1086.4618060182727,129.39371602952696,-1.1589155306107644e-16,1.2960956515188888e-17,10.947032581209497,1.8459583049793804e-17,2.999176542078836,-2.1938292913098542e-17,95.53007754681535,70.579781091157
12.069999999999787,1087.408038999385,129.52579827163737,-1.1596230217607238e-16,1.293789067440866e-17,10.944852966915384,1.8534157141205143e-17,2.997711337870214,-2.204660941256001e-17,95.53539671514683,70.58022990258634
12.079999999999787,1088.3543260395409,129.65787597962253,-1.160322836251354e-16,1.2928950667630442e-17,10.94268077885727,1.8684499748372433e-17,2.996255089474525,-2.207210771640393e-17,95.54070196653934,70.58067870295888
12.089999999999787,1089.3006670040813,129.78994910834285,-1.1610149673728777e-16,1.2919059813210494e-17,10.940516100062158,1.8829146824762005e-17,2.99480785786223,-2.2169971969854876e-17,95.5459932866562,70.58112749211966
12.099999999999786,1090.247061758154,129.92201761301314,-1.1616862043834262e-16,1.2908189071442192e-17,10.938359012471624,1.8968131530640232e-17,2.993369702650414,-2.2262242895857927e-17,95.5512706612194,70.58157626991498
12.109999999999786,1091.193510166712,130.05408144920705,-1.1623495326641223e-16,1.2911632859192706e-17,10.936209596936086,1.9182242451265983e-17,2.9919406821028978,-2.2348963835912226e-17,95.55653407601022,70.58202503619222
12.119999999999786,1092.1400120945152,130.18614057286143,-1.1630049308690043e-16,1.2914307833078904e-17,10.93406793320932,1.9390011037502924e-17,2.990520853130585,-2.2507312894248994e-17,95.56178351686982,70.58247379080004
12.129999999999786,1093.086567406129,130.31819494028062,-1.1636391715633128e-16,1.2916169257975394e-17,10.931934099943172,1.9591464528409453e-17,2.9891102712920583,-2.2659326535381667e-17,95.56701896969976,70.58292253358835
12.139999999999786,1094.033175965925,130.45024450814046,-1.1642652280056671e-16,1.2932487049637702e-17,10.929808174682561,1.9867384047545514e-17,2.9877089907944163,-2.2805044238631473e-17,95.57224042046263,70.5833712644082
12.149999999999785,1094.979837638081,130.58228923349242,-1.164896273846609e-16,1.2948172296790786e-17,10.92769023386072,2.0136297131186413e-17,2.9863170644943446,-2.302164053594466e-17,95.57744785518261,70.58381998311204
12.159999999999785,1095.9265522865817,130.7143290737676,-1.1655192824274835e-16,1.2947859098014262e-17,10.925580352794631,2.0317473966756835e-17,2.984934543899427,-2.3231148218011308e-17,95.58264125994614,70.5842686895535
12.169999999999785,1096.8733197752172,130.8463639867805,-1.1661342405547205e-16,1.2946532323495308e-17,10.923478605680742,2.0492438303232808e-17,2.9835614791696905,-2.3356469203300276e-17,95.58782062090242,70.58471738358749
12.179999999999785,1097.820139967585,130.9783939307328,-1.1667543478935574e-16,1.2944157459198793e-17,10.921385065590933,2.0661222711113e-17,2.982197919119381,-2.3475649195356313e-17,95.59298592426414,70.58516606507024
12.189999999999785,1098.7670127270892,131.11041886421708,-1.1673665992549335e-16,1.2925404089251022e-17,10.919299804468633,2.0743110647927318e-17,2.9808439112189666,-2.3588732183884363e-17,95.59813715630803,70.58561473385933
12.199999999999784,1099.7139379169407,131.24243874622033,-1.167957792086742e-16,1.290527374673779e-17,10.917222893125297,2.0819635548799022e-17,2.979499501597373,-2.3618628545064287e-17,95.60327430337547,70.5860633898136
12.209999999999784,1100.6609154001576,131.37445353612748,-1.1685541479176658e-16,1.2899048775614948e-17,10.915154401237004,2.0971589837359914e-17,2.978164735044438,-2.3643392422756768e-17,95.60839735187322,70.58651203279325
12.219999999999784,1101.607945039565,131.5064631937247,-1.1691426636011348e-16,1.2876405665479971e-17,10.913094397341355,2.1036771289868865e-17,2.9768396550135905,-2.3740210184818263e-17,95.61350628827394,70.58696066265983
12.229999999999784,1102.5550266977962,131.63846767920282,-1.1697101385623742e-16,1.2852340710542438e-17,10.911042948834575,2.1096713871889164e-17,2.975524303624754,-2.3753990990180837e-17,95.61860109911693,70.58740927927623
12.239999999999783,1103.502160237292,131.7704669531604,-1.17028280270667e-16,1.284213113033148e-17,10.909000121968848,2.123221036858774e-17,2.974218721667461,-2.376279077918472e-17,95.62368177100869,70.58785788250674
12.249999999999783,1104.4493455203012,131.9024609766069,-1.1708476548434455e-16,1.2815474843278157e-17,10.906965981849861,2.1281063743990483e-17,2.9729229486041855,-2.3843797567772972e-17,95.62874829062366,70.588306472217
12.259999999999783,1105.3965824088816,132.0344497109657,-1.1714047133536595e-16,1.2787362753082292e-17,10.90494059243464,2.1324808367945934e-17,2.9716370225738875,-2.3841921768903254e-17,95.63380064470485,70.58875504827408
12.269999999999783,1106.343870764899,132.16643311807692,-1.1719672156513296e-16,1.2757792745589886e-17,10.90292401652951,2.1363491687071694e-17,2.9703609803957707,-2.3835220970093194e-17,95.63883882006444,70.58920361054642
12.279999999999783,1107.291210450029,132.29841116020035,-1.1725089627144878e-16,1.2711492462175143e-17,10.90091631578837,2.131641662958958e-17,2.969094857573244,-2.3823750105208904e-17,95.6438628035845,70.58965215890386
12.289999999999782,1108.2386013257562,132.43038380001812,-1.173056216742141e-16,1.267873577187452e-17,10.898917550711129,2.1345870605108113e-17,2.96783868829809,-2.3730429861017754e-17,95.64887258221775,70.59010069321774
12.299999999999782,1109.1860432533751,132.56235100063736,-1.1736092179533802e-16,1.262927510374269e-17,10.896927780642402,2.1289672909741892e-17,2.9665925054548357,-2.37104597217058e-17,95.65386814298805,70.59054921336067
12.309999999999782,1110.1335360939906,132.69431272559268,-1.1741417853709066e-16,1.2562848859257816e-17,10.894947063770385,2.114862275434369e-17,2.965356340625325,-2.3608757497218574e-17,95.65884947299121,70.59099771920692
12.319999999999782,1111.0810797085182,132.8262689388487,-1.1746802073596618e-16,1.2509735934160558e-17,10.89297545712598,2.108501386808907e-17,2.96413022409349,-2.3426253874548724e-17,95.66381655939568,70.59144621063201
12.329999999999782,1112.0286739576845,132.95821960480237,-1.1751983019423643e-16,1.2439727657106116e-17,10.891013016582136,2.0936677759701396e-17,2.96291418485031,-2.3318155050988032e-17,95.66876938944316,70.59189468751302
12.339999999999781,1112.9763187020278,133.09016468828523,-1.1757091392896235e-16,1.2383091680844189e-17,10.889059796853362,2.086590622321304e-17,2.961708250598972,-2.312938478573256e-17,95.67370795044931,70.59234314972848
12.349999999999781,1113.9240138018981,133.22210415456559,-1.1762259893511854e-16,1.2324882089850535e-17,10.887115851495501,2.0791274170099798e-17,2.9605124477602174,-2.301514926502737e-17,95.67863222980452,70.59279159715835
12.359999999999781,1114.8717591174582,133.35403796935063,-1.1767358926854888e-16,1.2249872564536255e-17,10.885181232905675,2.0632098877119706e-17,2.9593268014778755,-2.2897506676394572e-17,95.68354221497447,70.59324002968415
12.36999999999978,1115.819554508684,133.48596609878834,-1.177238916435528e-16,1.2173068504890729e-17,10.883255992322487,2.0469929058491912e-17,2.9581513356245823,-2.2699383954884585e-17,95.68843789350097,70.59368844718882
12.37999999999978,1116.7673998353648,133.61788850946948,-1.17774835386564e-16,1.2094512894942187e-17,10.881340179826351,2.0304831281867457e-17,2.9569860728076804,-2.2498852478900953e-17,95.6933192530026,70.59413684955683
12.38999999999978,1117.7152949571043,133.74980516842936,-1.178251264503242e-16,1.1999008201516164e-17,10.879433844340124,2.0056132764226217e-17,2.9558310343753016,-2.229597972884638e-17,95.6981862811754,70.59458523667412
12.39999999999978,1118.663239733321,133.8817160431496,-1.1787345094220225e-16,1.1901571427268759e-17,10.877537033629844,1.9805388882126267e-17,2.954686240422624,-2.2013698057901598e-17,95.70303896579355,70.59503360842815
12.40999999999978,1119.6112340232485,134.01362110155972,-1.1791979597292002e-16,1.181749985916805e-17,10.875649794305748,1.9633412191931648e-17,2.9535517097982997,-2.1730084202281608e-17,95.70787729471019,70.59548196470791
12.41999999999978,1120.5592776859364,134.14552031203868,-1.1796414681476684e-16,1.174711834542393e-17,10.873772171823438,1.9539526145636018e-17,2.952427460111064,-2.152234546484188e-17,95.71270125585801,70.59593030540388
12.42999999999978,1121.5073705802513,134.2774136434164,-1.1800648691819002e-16,1.1690730829562578e-17,10.871904210485264,1.9523045443852226e-17,2.9513135077365007,-2.1389678711326612e-17,95.71751083725002,70.59637863040808
12.43999999999978,1122.4555125648767,134.40930106497504,-1.1804812088052374e-16,1.1648620855133055e-17,10.870045953441895,1.9583276277068154e-17,2.9502098678239843,-2.1331274447452272e-17,95.72230602698025,70.59682693961408
12.449999999999779,1123.4037034983141,134.5411825464504,-1.180890502834488e-16,1.1605827948929005e-17,10.868197442694111,1.9638780400398368e-17,2.9491165543037785,-2.1346317053304146e-17,95.7270868132245,70.59727523291693
12.459999999999779,1124.3519432388837,134.67305805803295,-1.18130599902149e-16,1.1562332974951372e-17,10.86635871909472,1.968959834865837e-17,2.9480335798943007,-2.1356850048783147e-17,95.73185318424098,70.59772351021324
12.469999999999779,1125.300231644725,134.80492757036916,-1.1817014695283346e-16,1.1502899182968302e-17,10.864529822350757,1.9655036001873033e-17,2.946960956109537,-2.13629213814196e-17,95.73660512837108,70.59817177140121
12.479999999999778,1126.248568573798,134.9367910545623,-1.182076734869326e-16,1.1457678828933425e-17,10.862710791025766,1.9697355001001416e-17,2.945898693266624,-2.128744437511018e-17,95.7413426340401,70.59862001638052
12.489999999999778,1127.1969538838828,135.06864848217347,-1.1824580633551628e-16,1.142694008725554e-17,10.860901662542371,1.9815854909911522e-17,2.944846800493569,-2.1285612935171184e-17,95.74606568975793,70.59906824505242
12.499999999999778,1128.1453874325816,135.20049982522255,-1.1828192073847093e-16,1.1380509544636808e-17,10.859102473184947,1.9848359793639988e-17,2.9438052857371364,-2.1356606665183973e-17,95.75077428411979,70.59951645731972
12.509999999999778,1129.0938690773194,135.3323450561888,-1.1831732059574187e-16,1.1348506468224151e-17,10.857313258102513,1.9957121389372416e-17,2.9427741557708633,-2.134532935553343e-17,95.75546840580694,70.59996465308681
12.519999999999778,1130.0423986753437,135.46418414801173,-1.183520063448162e-16,1.1315976419320199e-17,10.855534051311798,2.0060699521767445e-17,2.941753416203233,-2.1406970078832247e-17,95.76014804358739,70.60041283225956
12.529999999999777,1130.9909760837268,135.59601707409144,-1.1838597854246193e-16,1.128288801710514e-17,10.85376488570048,2.0159129784752994e-17,2.9407430714859863,-2.1463568461921448e-17,95.76481318631667,70.6008609947455
12.539999999999777,1131.939601159365,135.72784380828944,-1.184192378639697e-16,1.12492114089195e-17,10.852005793030607,2.0252448443170313e-17,2.9397431249225665,-2.151516902639628e-17,95.76946382293849,70.60130914045367
12.549999999999777,1132.8882737589815,135.85966432492887,-1.1845178510236159e-16,1.1214918235472627e-17,10.850256803942177,2.0340692417621237e-17,2.9387535786767107,-2.156181681906738e-17,95.77409994248545,70.60175726929465
12.559999999999777,1133.8369937391255,135.991478598795,-1.1848362116756832e-16,1.117998159664812e-17,10.8485179479569,2.0423899269356214e-17,2.9377744337811635,-2.1603557396996e-17,95.7787215340798,70.60220538118062
12.569999999999776,1134.7857609561738,136.12328660513538,-1.1851474708557534e-16,1.1144376017895696e-17,10.846789253482111,2.0502107185205832e-17,2.9368056901465285,-2.1640436812588965e-17,95.7833285869342,70.60265347602537
12.579999999999776,1135.734575266332,136.25508831966013,-1.1854516399753894e-16,1.1108077417199346e-17,10.845070747814901,2.0575354962558163e-17,2.9358473465702453,-2.1672501598755797e-17,95.78792109035234,70.60310155374415
12.589999999999776,1136.683436525635,136.38688371854207,-1.1857487315887328e-16,1.1071063072611524e-17,10.843362457146329,2.064368199438415e-17,2.934899400745693,-2.169979875413025e-17,95.79249903372963,70.60354961425388
12.599999999999776,1137.6323445899482,136.51867277841663,-1.1860387593830887e-16,1.1033311590343797e-17,10.841664406565872,2.0707128254313707e-17,2.9339618492714137,-2.1722375728358592e-17,95.79706240655408,70.60399765747299
12.609999999999776,1138.5812993149682,136.65045547638198,-1.1863217381692385e-16,1.0994802873404131e-17,10.839976620065988,2.07657342817646e-17,2.9330346876604563,-2.174028040745691e-17,95.80161119840687,70.60444568332152
12.619999999999775,1139.5303005562241,136.78223178999878,-1.1865976838714844e-16,1.0955518090771484e-17,10.838299120546854,2.0819541167126444e-17,2.932117910349838,-2.1753561099239694e-17,95.8061453989631,70.60489369172106
12.629999999999775,1140.4793481690785,136.91400169729008,-1.186866613517437e-16,1.0915439647098472e-17,10.836631929821262,2.0868590537002247e-17,2.931211510710122,-2.1762266518821727e-17,95.8106649979925,70.60534168259476
12.639999999999775,1141.4284420087286,137.04576517674096,-1.1871285452275524e-16,1.0874551152933042e-17,10.83497506861967,2.0912924539509433e-17,2.9303154810551,-2.1766445774195712e-17,95.81516998536014,70.60578965586733
12.649999999999775,1142.3775819302066,137.17752220729827,-1.187383498204428e-16,1.0832837395450342e-17,10.833328556595376,2.0952585829642826e-17,2.9294298126515903,-2.1766148351887432e-17,95.81966035102717,70.60623761146509
12.659999999999775,1143.3267677883816,137.30927276837016,-1.1876314927218638e-16,1.0790284309686069e-17,10.831692412329875,2.0987617554701492e-17,2.928554495729338,-2.176142410269079e-17,95.82413608505144,70.60668554931593
12.669999999999774,1144.2759994379605,137.4410168398256,-1.187872550113699e-16,1.0746878950262907e-17,10.83006665333836,2.101806333978185e-17,2.9276895194910195,-2.1752323227484584e-17,95.82859717758826,70.60713346934924
12.679999999999774,1145.2252767334887,137.57275440199382,-1.1881066927624288e-16,1.0702609463601628e-17,10.82845129607534,2.1043967273338864e-17,2.926834872122347,-2.173889626313309e-17,95.83304361889117,70.60758137149604
12.689999999999774,1146.1745995293516,137.70448543566363,-1.1883339440876106e-16,1.0657465060608793e-17,10.826846355940408,2.1065373892817477e-17,2.925990540802271,-2.1721194068472444e-17,95.83747539931242,70.60802925568885
12.699999999999774,1147.1239676797752,137.8362099220828,-1.1885543285340686e-16,1.0611435989833102e-17,10.825251847284179,2.108232817035649e-17,2.925156511713278,-2.1699267810384678e-17,95.8418925093039,70.60847712186184
12.709999999999773,1148.0733810388283,137.96792784295715,-1.1887678715599012e-16,1.0564513511082503e-17,10.823667783414328,2.1094875498566583e-17,2.9243327700517776,-2.167316894996133e-17,95.84629493941773,70.60892496995064
12.719999999999773,1149.0228394604228,138.09963918044986,-1.1889613521069185e-16,1.0516689869494501e-17,10.82209417660179,2.1103061676384605e-17,2.9235193000385853,-2.1642949228758507e-17,95.85068268030692,70.6093727998925
12.729999999999773,1149.972342798315,138.23134391718034,-1.1891478282794108e-16,1.0483113802232548e-17,10.820531038087067,2.1187656194755974e-17,2.922716084929486,-2.1608660655145154e-17,95.85505572272606,70.6098206116262
12.739999999999773,1150.9218909061067,138.36304203622342,-1.1893405585193933e-16,1.0448890927414617e-17,10.818978378086667,2.1267231106295435e-17,2.921923107025885,-2.1647490759635935e-17,95.85941405753212,70.61026840509209
12.749999999999773,1151.871483637247,138.4947335211082,-1.189526521825571e-16,1.0398844975237815e-17,10.817436205799728,2.1261102600638352e-17,2.921140347685538,-2.1681480829151573e-17,95.86375767568492,70.610716180232
12.759999999999772,1152.821120845033,138.62641835581692,-1.1897189988691555e-16,1.0347836144830906e-17,10.815904529414668,2.1250783691524324e-17,2.9203677873333636,-2.163354252007975e-17,95.86808656824802,70.61116393698939
12.769999999999772,1153.7708023826115,138.75809652478384,-1.1899049882631142e-16,1.02807155481587e-17,10.814383356116053,2.11556008584088e-17,2.9196054054723253,-2.1581734500477023e-17,95.87240072638926,70.6116116753092
12.779999999999772,1154.7205281029796,138.88976801289388,-1.190071290163384e-16,1.0212361346181686e-17,10.81287269209152,2.1057075550235353e-17,2.9188531806943985,-2.144897511735306e-17,95.87670014138143,70.61205939513796
12.789999999999772,1155.6702978589867,139.0214328054814,-1.1902309908467058e-16,1.0157935553408366e-17,10.811372542538859,2.1035985631605142e-17,2.9181110906915926,-2.1313329521424038e-17,95.88098480460302,70.61250709642364
12.799999999999772,1156.6201115033352,139.15309088832868,-1.1903841243512457e-16,1.010258296111298e-17,10.809882911673185,2.1010915909551786e-17,2.9173791122670565,-2.1251992781744463e-17,95.88525470753878,70.61295477911581
12.809999999999771,1157.5699688885823,139.28474224766455,-1.190543978543811e-16,1.0046303518266981e-17,10.808403802734267,2.098191520582746e-17,2.916657221346237,-2.1187013197599267e-17,95.88950984178044,70.61340244316555
12.819999999999771,1158.5198698671409,139.41638687016294,-1.1907108067535194e-16,9.973961958484655e-18,10.806935217993894,2.0868312970321805e-17,2.9159453929881094,-2.1118444566707552e-17,95.89375019902735,70.61385008852547
12.829999999999771,1159.4698142912812,139.54802474294112,-1.1908716277510838e-16,9.885294505263542e-18,10.805477158763416,2.0670910475748405e-17,2.9152436013964627,-2.0969205530906816e-17,95.89797577108712,70.61429771514963
12.83999999999977,1160.419802013132,139.67965585355824,-1.191026516246726e-16,9.795190077395449e-18,10.804029625401379,2.047123640802995e-17,2.9145518199312463,-2.0740226332257123e-17,95.90218654987625,70.61474532299366
12.84999999999977,1161.3698328846822,139.81128019001355,-1.1911622920919831e-16,9.70369149655449e-18,10.802592617321242,2.0269356892890098e-17,2.9138700211199664,-2.0509578441306107e-17,95.90638252742079,70.61519291201462
12.85999999999977,1162.3199067577818,139.94289774074463,-1.1912920691812845e-16,9.625968916158363e-18,10.801166132999217,2.0146055859935926e-17,2.91319817666914,-2.0277327477667598e-17,95.91056369585692,70.61564048217119
12.86999999999977,1163.270023484144,140.07450849462558,-1.1914159047884896e-16,9.547204260160905e-18,10.799750169982213,2.0019929092015743e-17,2.9125362574758,-2.0120673948829343e-17,95.91473004743172,70.6160880334234
12.87999999999977,1164.220182915346,140.20611244096517,-1.1915338567562915e-16,9.467419096351059e-18,10.798344724895848,1.989103354631894e-17,2.9118842336390363,-1.9961671079768522e-17,95.91888157450362,70.61653556573285
12.88999999999977,1165.1703849028302,140.3377095695049,-1.1916459834789093e-16,9.38663515765624e-18,10.796949793452587,1.9759426116074537e-17,2.9112420744715983,-1.9800377454288462e-17,95.92301826954309,70.61698307906258
12.89999999999977,1166.1206292979064,140.46929987041702,-1.1917523438848303e-16,9.304874330949254e-18,10.795565370459967,1.962516361958373e-17,2.910609748511528,-1.9636851472961243e-17,95.92714012513335,70.6174305733771
12.90999999999977,1167.070915951753,140.60088333430244,-1.1918529974196052e-16,9.222158646060396e-18,10.794191449828903,1.948830278938991e-17,2.9099872235338338,-1.9471151343237684e-17,95.93124713397077,70.61787804864242
12.919999999999769,1168.021244715418,140.73245995218866,-1.1919480040286998e-16,9.138510264992193e-18,10.792828024582096,1.934890026158669e-17,2.9093744665622063,-1.930333506970486e-17,95.93533928886566,70.61832550482596
12.929999999999769,1168.9716154398216,140.86402971552766,-1.1920374241404062e-16,9.05395147133443e-18,10.791475086862503,1.9207012565264814e-17,2.908771443880768,-1.9133460444491648e-17,95.93941658274281,70.61877294189664
12.939999999999769,1169.922027975756,140.99559261619365,-1.1921213186488202e-16,8.968504659877037e-18,10.79013262794193,1.906269611209837e-17,2.9081781210458484,-1.8961585037822675e-17,95.943479008642,70.61922035982474
12.949999999999768,1170.8724821738883,141.12714864648075,-1.1921997488968833e-16,8.882192326418458e-18,10.788800638229668,1.891600718607088e-17,2.907594462897798,-1.8787766188720898e-17,95.94752655971872,70.61966775858207
12.959999999999768,1171.8229778847617,141.25869779910082,-1.192272776659497e-16,8.795037057767212e-18,10.787479107281227,1.8767001933341942e-17,2.9070204335728245,-1.8612060995859252e-17,95.95155922924468,70.6201151381418
12.969999999999768,1172.7735149587968,141.390240067181,-1.192340464126711e-16,8.707061521934324e-18,10.78616802380716,1.8615736352254805e-17,2.9064559965148544,-1.843452630856152e-17,95.95557701060834,70.62056249847855
12.979999999999768,1173.7240932462933,141.52177544426138,-1.1924028738869894e-16,8.618288458514364e-18,10.784867375681921,1.8462266283485322e-17,2.90590111448742,-1.8255218717952712e-17,95.95957989731559,70.62100983956837
12.989999999999768,1174.6747125974312,141.65330392429243,-1.1924468056347239e-16,8.528740669252908e-18,10.783577149952848,1.8306647400332834e-17,2.9053557495855626,-1.807419454825916e-17,95.96356788299022,70.62145716138865
12.999999999999767,1175.6253728622733,141.7848255016326,-1.1924853688803904e-16,8.453541509855903e-18,10.782297332849168,1.8229648222507236e-17,2.9048198632477535,-1.7891509848258422e-17,95.9675409613745,70.62190446391824
13.009999999999767,1176.5760738907654,141.91634017104576,-1.1925318730092324e-16,8.377881221865872e-18,10.7810279097911,1.8149858907778388e-17,2.9042934162678353,-1.7784355620116323e-17,95.97149912632979,70.62235174713732
13.019999999999767,1177.5268155327394,142.04784792769848,-1.1925600513562106e-16,8.286665611214093e-18,10.77976886539902,1.7986613943963036e-17,2.9037763688069704,-1.7674775460969153e-17,95.97544237183695,70.62279901102752
13.029999999999767,1178.4775976379137,142.1793487671576,-1.1925830164398985e-16,8.209821898576994e-18,10.778520183502682,1.790213675916907e-17,2.903268680405606,-1.7485683511673475e-17,95.97937069199703,70.62324625557177
13.039999999999766,1179.4284200558952,142.31084268538734,-1.192600814607263e-16,8.132546927768967e-18,10.777281847150487,1.781501832000174e-17,2.902770309995439,-1.737227620052677e-17,95.9832840810317,70.62369348075438
13.049999999999766,1180.3792826361814,142.4423296787467,-1.192613492686713e-16,8.054844399865308e-18,10.776053838618862,1.7725305319500972e-17,2.9022812159113984,-1.725659664094599e-17,95.9871825332838,70.62414068656105
13.059999999999766,1181.3301852281616,142.5738097439866,-1.192634365078923e-16,7.97671850412312e-18,10.77483613942162,1.7633044469408623e-17,2.9018013559036193,-1.713869373615447e-17,95.99106604321787,70.62458787297876
13.069999999999766,1182.281127681118,142.70528287824717,-1.1926504295901925e-16,7.883085881121791e-18,10.773628730319443,1.7457571791481115e-17,2.90133068714943,-1.7018616300933753e-17,95.99493460542065,70.62503503999586
13.079999999999766,1183.2321098442287,142.8367490790548,-1.192661753087081e-16,7.788771629857565e-18,10.772431591329383,1.7280397051060994e-17,2.9008691662653288,-1.6819277869425274e-17,95.99878821460159,70.62548218760203
13.089999999999765,1184.1831315665681,142.96820834431927,-1.1926684026775718e-16,7.693801579076041e-18,10.771244701734407,1.7101575239307362e-17,2.900416749318965,-1.661873903955549e-17,96.00262686559336,70.62592931578824
13.099999999999765,1185.1341926971095,143.09966067233083,-1.1926704456947165e-16,7.598201476934861e-18,10.770068040093015,1.692116107429728e-17,2.89997339184111,-1.641705411832017e-17,96.00645055335228,70.62637642454678
13.109999999999765,1186.085293084726,143.2311060617572,-1.1926679496804065e-16,7.501996984516608e-18,10.768901584248889,1.6739208992844737e-17,2.8995390488376245,-1.6214277042693284e-17,96.01025927295889,70.62682351387122
13.119999999999765,1187.0364325781925,143.36254451164064,-1.192660982369273e-16,7.40521366948321e-18,10.767745311340589,1.65557731424679e-17,2.899113674801414,-1.6010461372702606e-17,96.01405301961836,70.6272705837564
13.129999999999765,1187.987611026188,143.4939760213948,-1.1926496116727143e-16,7.30787699987042e-18,10.766599197811276,1.6370907373504544e-17,2.898697223724375,-1.5805660284658452e-17,96.01783178866097,70.62771763419852
13.139999999999764,1188.9388282772964,143.62540059080166,-1.1926339056630574e-16,7.210012338020966e-18,10.765463219418512,1.618466523137572e-17,2.898289649109323,-1.559992656453529e-17,96.02159557554265,70.62816466519492
13.149999999999764,1189.8900841800087,143.7568182200085,-1.1926139325578526e-16,7.111644934654914e-18,10.764337351244038,1.5997099948997513e-17,2.897890903981912,-1.5393312601505922e-17,96.02534437584525,70.62861167674424
13.159999999999764,1190.8413785827247,143.88822890952466,-1.1925897607043048e-16,7.012799923075907e-18,10.763221567703642,1.5808264439340925e-17,2.8975009409025305,-1.5185870381627857e-17,96.02907818527724,70.62905866884643
13.169999999999764,1191.7927113337548,144.01963266021835,-1.1925614585638424e-16,6.9135023135118335e-18,10.762115842557055,1.561821128813964e-17,2.897119711978179,-1.4977651481681622e-17,96.03279699967389,70.62950564150258
13.179999999999763,1192.7440822813214,144.1510294733135,-1.192529094696827e-16,6.813776987588554e-18,10.761020148917806,1.542699274674563e-17,2.896747168874327,-1.4768707063160545e-17,96.03650081499791,70.62995259471502
13.189999999999763,1193.6954912735612,144.28241935038648,-1.1924927377474038e-16,6.713648692935379e-18,10.75993445926323,1.52346607251324e-17,2.896383262826742,-1.4559087866411608e-17,96.04018962733973,70.63039952848735
13.199999999999763,1194.6469381585266,144.41380229336278,-1.1924524564284976e-16,6.613142037920834e-18,10.75885874544438,1.504126678504561e-17,2.8960279446532997,-1.4348844204926972e-17,96.04386343291802,70.63084644282429
13.209999999999763,1195.5984227841873,144.54517830451377,-1.192421594452827e-16,6.512281486517462e-18,10.75779297869604,1.4846862133300992e-17,2.89568116476576,-1.4138025959785667e-17,96.04752222808004,70.63129333773179
13.219999999999763,1196.5499449984327,144.67654738645334,-1.192387162942549e-16,6.396027658077659e-18,10.756737129646732,1.4570791440406393e-17,2.895342873181516,-1.3926682574245002e-17,96.05116600930205,70.63174021321699
13.229999999999762,1197.501504649073,144.80790954213452,-1.1923492493730577e-16,6.279199987110517e-18,10.755691168328754,1.429456414859176e-17,2.8950130195353085,-1.3637728036189598e-17,96.0547947731897,70.63218706928814
13.239999999999762,1198.4531015838415,144.93926477484612,-1.1923079410396378e-16,6.161842760809297e-18,10.754655064188219,1.4018238645239873e-17,2.8946915530909147,-1.3349223047494008e-17,96.05840851647844,70.6326339059547
13.249999999999762,1199.4047356503963,145.07061308820929,-1.1922500480847096e-16,6.043999597581445e-18,10.753628786095135,1.3741872684306106e-17,2.8943784227527884,-1.3061221523904355e-17,96.06200723603389,70.63308072322724
13.259999999999762,1200.356406696322,145.20195448617403,-1.192175439604393e-16,5.9407712053504595e-18,10.75261230235347,1.3546228452871578e-17,2.8940735770776764,-1.2773776676455968e-17,96.06559092885219,70.63352752111749
13.269999999999762,1201.3081145691312,145.33328897301584,-1.192097243764449e-16,5.852466943896834e-18,10.751605580711262,1.3430609252366389e-17,2.893776964286187,-1.256407596365907e-17,96.06915959206036,70.63397429963825
13.279999999999761,1202.2598591162673,145.46461655333212,-1.1920287883145301e-16,5.7643203974447576e-18,10.750608588370703,1.3313604892254284e-17,2.893488532274318,-1.2431293941453016e-17,96.07271322291669,70.63442105880348
13.289999999999761,1203.2116401851054,145.59593723203872,-1.1919570615511429e-16,5.661279032744054e-18,10.74962129199828,1.3114549960424287e-17,2.8932082286249474,-1.2297463688190428e-17,96.07625181881107,70.63486779862822
13.299999999999761,1204.1634576229544,145.72725101436637,-1.1918821316433805e-16,5.558128976425227e-18,10.748643657734858,1.2914940422864202e-17,2.892936000619277,-1.2085489267928246e-17,96.07977537726528,70.63531451912858
13.30999999999976,1205.115311277059,145.85855790585714,-1.1918040666684697e-16,5.454892127900751e-18,10.747675651205833,1.2714823117510439e-17,2.892671795248222,-1.187342162135613e-17,96.08328389593339,70.63576122032177
13.31999999999976,1206.0672009946013,145.98985791236083,-1.1917229345988516e-16,5.3515902090929335e-18,10.746717237531245,1.2514244466441954e-17,2.892415559223768,-1.1661305083886463e-17,96.08677737260209,70.63620790222598
13.32999999999976,1207.019126622703,146.12115104003146,-1.1916388032894204e-16,5.248244760487939e-18,10.745768381335886,1.2313250470976184e-17,2.8921672389902633,-1.1449183507158033e-17,96.09025580519085,70.63665456486056
13.33999999999976,1207.971088008427,146.25243729532355,-1.191551740464923e-16,5.144877137307449e-18,10.744829046759445,1.2111886706905698e-17,2.8919267807356697,-1.1237100255426675e-17,96.09371919175246,70.63710120824584
13.34999999999976,1208.923084998779,146.3837166849885,-1.191461813707518e-16,5.041508505796551e-18,10.743899197466654,1.1910198319874923e-17,2.8916941304027555,-1.1025098202095725e-17,96.09716753047313,70.63754783240316
13.35999999999976,1209.87511744071,146.51498921607106,-1.1913690904444991e-16,4.938159839626503e-18,10.74297879665734,1.1708230020896343e-17,2.8914692337002372,-1.0813219726385436e-17,96.10060081967288,70.6379944373549
13.36999999999976,1210.8271851811182,146.64625489590549,-1.1912603551640008e-16,4.834851916411084e-18,10.74206780707659,1.1506026082005681e-17,2.8912520361138605,-1.0601506710140505e-17,96.10401905780583,70.6384410231244
13.37999999999976,1211.7792880668499,146.77751373211197,-1.1911487403592997e-16,4.746646578652129e-18,10.741166191024822,1.1384332343284351e-17,2.891042482917426,-1.0390000534774916e-17,96.10742224346035,70.63888758973606
13.389999999999759,1212.731425944702,146.90876573259294,-1.1910342943015812e-16,4.6587917210438705e-18,10.740273910367899,1.126173694892613e-17,2.890840519183759,-1.0255876837041308e-17,96.11081037535946,70.63933413721517
13.399999999999759,1213.6835986614249,147.04001090552933,-1.1909037810722613e-16,4.571287214065864e-18,10.739390926547177,1.1138274543518054e-17,2.890646089795611,-1.0121163768397617e-17,96.11418345236106,70.639780665588
13.409999999999759,1214.635806063722,147.1712492593768,-1.1907703157116359e-16,4.4991706724535254e-18,10.738517200589612,1.1094680873686808e-17,2.8904591394565062,-9.98589537004523e-18,96.1175414734581,70.64022717488183
13.419999999999758,1215.5880479982538,147.3024808028621,-1.1906339278173594e-16,4.427673947534353e-18,10.73765269311775,1.104953556869675e-17,2.8902796127015216,-9.927240123320181e-18,96.12088443777887,70.64067366512481
13.429999999999758,1216.540324311639,147.43370554497926,-1.1904946471427222e-16,4.356777463674322e-18,10.736797364359825,1.1002864367771608e-17,2.8901074539079943,-9.867219314357499e-18,96.12421234458726,70.64112013634603
13.439999999999758,1217.4926348504564,147.56492349498586,-1.1903525035930691e-16,4.2864624133366e-18,10.735951174159709,1.095469304763607e-17,2.889942607306179,-9.805860357502549e-18,96.12752519328293,70.64156658857547
13.449999999999758,1218.4449794612465,147.6961346623992,-1.1901942407451678e-16,4.216710737142765e-18,10.735114081986953,1.0905047416580253e-17,2.8897850169898205,-9.743190638642672e-18,96.13082298340152,70.6420130218441
13.459999999999757,1219.3973579905137,147.82733905699263,-1.1900462448010464e-16,4.162536454354818e-18,10.734286046946727,1.0934653482135633e-17,2.8896346269266657,-9.679237509835206e-18,96.13410571461489,70.64245943618364
13.469999999999757,1220.3497702847285,147.95853668879167,-1.1898954579713465e-16,4.094130371248977e-18,10.73346702778977,1.08813835393545e-17,2.8894913809689036,-9.691162893042062e-18,96.13737338673133,70.64290583162679
13.479999999999757,1221.302216190329,148.08972756807023,-1.1897419109206083e-16,4.0262174545068385e-18,10.73265698292232,1.0826708579801088e-17,2.88935522286353,-9.623847247235563e-18,96.14062599969566,70.64335220820706
13.489999999999757,1222.254695553723,148.22091170534688,-1.189585634450028e-16,3.9587829527849406e-18,10.731855870415988,1.0770654733694662e-17,2.8892260962626444,-9.555324185956939e-18,96.14386355358947,70.64379856595882
13.499999999999757,1223.2072082212894,148.35208911138096,-1.1894266594932163e-16,3.89181276014546e-18,10.73106364801763,1.0713248132806795e-17,2.8891039447336677,-9.485621121333992e-18,96.14708604863135,70.64424490491726
13.509999999999756,1224.1597540393814,148.4832597971688,-1.1892650171118853e-16,3.82529339857325e-18,10.730280273159185,1.065451490488273e-17,2.888988711769483,-9.414765404149202e-18,96.1502934851769,70.64469122511838
13.519999999999756,1225.1123328543267,148.61442377393996,-1.1891007384914685e-16,3.759212000847829e-18,10.729505702967467,1.0594481168129722e-17,2.888880340798503,-9.342784318848294e-18,96.15348586371903,70.64513752659903
13.529999999999756,1226.064944512431,148.74558105315327,-1.1889338549366763e-16,3.693556293763702e-18,10.728739894273923,1.0533173025772746e-17,2.88877877519466,-9.26970507861899e-18,96.15666318488799,70.64558380939684
13.539999999999756,1227.017588859979,148.87673164649314,-1.1887643978669908e-16,3.628314581692485e-18,10.727982803624386,1.047061656067783e-17,2.88868395828731,-9.195554820540146e-18,96.1598254494516,70.6460300735502
13.549999999999756,1227.9702657432363,149.00787556586567,-1.1885923988121055e-16,3.56347573048044e-18,10.727234387288737,1.0406837830043204e-17,2.8885958333710606,-9.120360600801467e-18,96.16297265831533,70.64647631909828
13.559999999999755,1228.9229750084519,149.13901282339484,-1.1884178894073096e-16,3.499029151675202e-18,10.726494601270616,1.0341862860158649e-17,2.8885143437155176,-9.044149389994007e-18,96.16610481252236,70.64692254608103
13.569999999999755,1229.8757165018599,149.2701434314187,-1.188227609614403e-16,3.4349647870755143e-18,10.725763401316964,1.0275717641233119e-17,2.888439432574949,-8.966948068471624e-18,96.16922191325385,70.6473687545391
13.579999999999755,1230.828490069681,149.40126740248544,-1.18802137337721e-16,3.3862911173291136e-18,10.725040742927662,1.0289125828387797e-17,2.8883710431978584,-8.88878342178352e-18,96.1723239618289,70.6478149445139
13.589999999999755,1231.781295558125,149.53238474934977,-1.1878255613952625e-16,3.3532672415778266e-18,10.72432658136503,1.0381359414429654e-17,2.8883091188364842,-8.886816497832457e-18,96.17541095970465,70.64826111604754
13.599999999999755,1232.7341328133923,149.66349548496888,-1.1876270935383724e-16,3.306100506431761e-18,10.723620871663336,1.0390287377727785e-17,2.888253602756203,-8.960196038722288e-18,96.17848290847643,70.64870726918286
13.609999999999754,1233.6870016816763,149.79459962249868,-1.1874259838841832e-16,3.2594894729684246e-18,10.722923568638212,1.0397370285293809e-17,2.888204438244852,-8.953796198826274e-18,96.18153980987783,70.64915340396335
13.619999999999754,1234.6399020091646,149.92569717529003,-1.1872222467890588e-16,3.2134077101736953e-18,10.722234626896077,1.0402626344481721e-17,2.88816156862196,-8.945644103806953e-18,96.1845816657807,70.64959952043324
13.629999999999754,1235.592833642042,150.0567881568849,-1.1870158968866672e-16,3.1678297109616172e-18,10.721554000843485,1.0406073946907816e-17,2.888124937247892,-8.93576091444642e-18,96.1876084781953,70.65004561863732
13.639999999999754,1236.5457964264915,150.1878725810125,-1.186806949086406e-16,3.1227308703755026e-18,10.720881644696409,1.040773166236585e-17,2.8880944875329027,-8.924167913618522e-18,96.19062024927024,70.65049169862117
13.649999999999753,1237.4987902086962,150.31895046158553,-1.1865954185716745e-16,3.0780874642130956e-18,10.7202175124895,1.040761823277884e-17,2.888070162946098,-8.910886500471092e-18,96.19361698129264,70.65093776043089
13.659999999999753,1238.451814834842,150.45002181269632,-1.18639461634171e-16,3.0338766280675516e-18,10.719561558085298,1.0405752566188074e-17,2.8880519070243067,-8.895938184650606e-18,96.19659867668807,70.65138380411327
13.669999999999753,1239.404870151119,150.5810866486131,-1.186204776029006e-16,2.9750671475985817e-18,10.718913735183335,1.0321457658660668e-17,2.8880396633808587,-8.87934458057001e-18,96.19956533802062,70.65182982971568
13.679999999999753,1240.3579560037233,150.71214498377614,-1.1860261501090856e-16,2.901369415840371e-18,10.718273997329282,1.0155506825892512e-17,2.88803337571427,-8.783993240058622e-18,96.20251696799296,70.65227583728614
13.689999999999753,1241.3110722388594,150.84319683279398,-1.1858457129449253e-16,2.8125149188812354e-18,10.71764229792393,9.908681839960656e-18,2.888032987816835,-8.61078395410955e-18,96.20545356944622,70.65272182687319
13.699999999999752,1242.2642187027418,150.97424221043966,-1.1856635361998247e-16,2.723262166523325e-18,10.717018590232213,9.662468236304197e-18,2.8880384435831212,-8.36062244528278e-18,96.20837514536008,70.653167798526
13.709999999999752,1243.2173952415967,151.10528113164693,-1.185479691215744e-16,2.6336517473228705e-18,10.716402827392088,9.416909769235796e-18,2.8880496870183685,-8.111554206916804e-18,96.21128169885282,70.65361375229428
13.719999999999752,1244.1706017016643,151.23631361150655,-1.1852942489993842e-16,2.543723498044998e-18,10.715794962423441,9.172049565752404e-18,2.888066662246797,-7.863618036295232e-18,96.21417323318111,70.65405968822826
13.729999999999752,1245.1238379292008,151.36733966526242,-1.1851205785636454e-16,2.4535165117195072e-18,10.715194948236832,8.927930123793793e-18,2.8880893135198114,-7.61685206278131e-18,96.21704975174019,70.65450560637875
13.739999999999752,1246.07710377048,151.49835930830795,-1.1849456693737597e-16,2.3480661742916913e-18,10.714602737642283,8.603898387610561e-18,2.888117585224107,-7.371293747494772e-18,96.21991125806376,70.65495150679709
13.749999999999751,1247.0303990717955,151.6293725561823,-1.184782909051177e-16,2.2421436540226652e-18,10.714018283357943,8.281444588215821e-18,2.8881514218896887,-7.049845883558145e-18,96.22275775582388,70.65539738953511
13.759999999999751,1247.983723679462,151.7603794245666,-1.18461930389263e-16,2.1208048901779797e-18,10.71344153801867,7.8799230026061e-18,2.888190768197774,-6.730556658808698e-18,96.22558924883099,70.65584325464508
13.76999999999975,1248.9370774398178,151.8913799292803,-1.184454959766558e-16,1.9988377327139527e-18,10.712872454184634,7.480830360644238e-18,2.888235568988611,-6.336333406308309e-18,96.22840574103382,70.65628910217987
13.77999999999975,1249.8904601992267,152.02237408627747,-1.1842899817406734e-16,1.8763173219524702e-18,10.712310984349761,7.084222064731667e-18,2.888285769269186,-5.9452285396845905e-18,96.23120723651937,70.65673493219275
13.78999999999975,1250.8438718040798,152.15336191164306,-1.1841244740625055e-16,1.7533171041366425e-18,10.71175708095016,6.690152375101588e-18,2.8883413142208387,-5.557287343607995e-18,96.23399373951275,70.65718074473743
13.79999999999975,1251.7973121007972,152.28434342158934,-1.1839585401404887e-16,1.6299088563937281e-18,10.711210696372481,6.298674411735229e-18,2.888402149206768,-5.1725539423203725e-18,96.23676525437722,70.65762653986816
13.80999999999975,1252.75078093583,152.4153186324521,-1.183792282525586e-16,1.5061627113079003e-18,10.710671782962185,5.909840156483863e-18,2.8884682197794422,-4.791071303661624e-18,96.23952178561392,70.65807231763952
13.81999999999975,1253.7042781556625,152.54628756068718,-1.183612501077718e-16,1.3821471811118213e-18,10.710140293031762,5.523700455394034e-18,2.8885394716879045,-4.412881243286787e-18,96.24226333786197,70.65851807810661
13.82999999999975,1254.6578036068133,152.67725022286666,-1.18343238084165e-16,1.2729249581625436e-18,10.709616178868867,5.2209986157284896e-18,2.888615850884973,-4.0380244290706595e-18,96.24498991589823,70.65896382132483
13.83999999999975,1255.6113571358383,152.8082066356754,-1.1832520031432894e-16,1.163835169117068e-18,10.709099392744417,4.920335369857197e-18,2.888697303534344,-3.7436741707171234e-18,96.24770152463726,70.6594095473501
13.84999999999975,1256.5649385893314,152.93915681590732,-1.183071448572893e-16,1.0549212741986745e-18,10.708589886920546,4.621749882991179e-18,2.8887837760175854,-3.451856883686158e-18,96.25039816913112,70.6598552562386
13.859999999999749,1257.5185478139276,153.07010078046198,-1.1828907969731754e-16,9.462257138547717e-19,10.70808761365856,4.325280450102344e-18,2.8888752149410304,-3.162603989917664e-18,96.25307985456931,70.66030094804701
13.869999999999749,1258.4721846563036,153.20103854634087,-1.1827101274277817e-16,8.377899222204041e-19,10.707592525226778,4.030964497926766e-18,2.888971567142563,-2.8759460314326555e-18,96.25574658627862,70.66074662283225
13.879999999999749,1259.425848963181,153.33197013064392,-1.1825295182501265e-16,7.296543404069175e-19,10.707104573908321,3.738838587120455e-18,2.8890727796983007,-2.5919126739563825e-18,96.25839836972294,70.66119228065169
13.889999999999748,1260.3795405813266,153.46289555056603,-1.1823623513606705e-16,6.21858429619915e-19,10.706623712008806,3.4489384145656116e-18,2.8891787999291765,-2.3105327106800763e-18,96.26103521050315,70.661637921563
13.899999999999748,1261.3332593575558,153.59381482339347,-1.1822089214327903e-16,4.994499105477364e-19,10.706149891863953,3.0806061444480023e-18,2.8892895754074033,-2.0318340661590214e-18,96.26365711435697,70.66208354562413
13.909999999999748,1262.2870051387335,153.72472796650047,-1.1820562357711721e-16,3.6219734547512703e-19,10.705683065847174,2.634630267157639e-18,2.889405053962849,-1.678710185412533e-18,96.26626408715872,70.66252915289343
13.919999999999748,1263.2407777717765,153.8556349973457,-1.1818911009262636e-16,2.24878105433799e-19,10.705223186377014,2.1924991481605455e-18,2.889525183689291,-1.2520655646177928e-18,96.26885613491922,70.66297474342947
13.929999999999747,1264.1945771036546,153.98653593346887,-1.1817267155803048e-16,1.0255680850689208e-19,10.704770205924552,1.83495368436846e-18,2.8896499129505733,-8.299432532275406e-19,96.27143326378557,70.66342031729116
13.939999999999747,1265.1484029813932,154.11743079248728,-1.1815631707850026e-16,-1.9411725221518147e-20,10.70432407702072,1.4805943626019226e-18,2.889779190386655,-4.895126991888408e-19,96.27399548004097,70.66386587453769
13.949999999999747,1266.102255252075,154.24831959209243,-1.1814005565447021e-16,-1.409758146625858e-19,10.703884752263532,1.1294587765718476e-18,2.8899129649195534,-1.5279661774156406e-19,96.2765427901045,70.66431141522847
13.959999999999747,1267.0561337628415,154.37920235004663,-1.1812389618048045e-16,-2.620851347149793e-19,10.70345218432523,7.815834286809663e-19,2.8900511857591744,1.8017759385990061e-19,96.27907520053095,70.66475693942321
13.969999999999747,1268.010038360895,154.51007908417958,-1.181078474440645e-16,-3.8269069619433173e-19,10.703026325959383,4.370037349325728e-19,2.890193802409044,5.093836160953269e-19,96.28159271801059,70.66520244718185
13.979999999999746,1268.9639688935001,154.64094981238517,-1.180919181246826e-16,-5.027448260417031e-19,10.702607130007857,9.575403000294858e-20,2.890340764671931,8.347962004416585e-19,96.28409534936891,70.66564793856456
13.989999999999746,1269.9179252079866,154.77181455261803,-1.1807611679269981e-16,-6.222011478049657e-19,10.702194549407722,-2.421324275252671e-19,2.890492022655357,1.1563911624926202e-18,96.28658310156645,70.66609341363171
13.999999999999746,1270.8719071517498,154.90267332289028,-1.1806045190840869e-16,-7.410145623871926e-19,10.701788537198102,-5.766234497715137e-19,2.890647526777008,1.474145374937913e-18,96.28905598169855,70.66653887244395
14.009999999999746,1271.8259145722534,155.03352614126828,-1.1804493182109552e-16,-8.591412290562719e-19,10.70138904652689,-9.07687914010301e-19,2.890807227770029,1.7880367604049627e-18,96.29151399699509,70.66698431506201
14.019999999999746,1272.779947317031,155.1643730258694,-1.180295647681503e-16,-9.765385467101415e-19,10.700996030657436,-1.2352957569715153e-18,2.8909710766882206,2.0980442841661947e-18,96.29395715482026,70.66742974154693
14.029999999999745,1273.7340052336874,155.29521399485876,-1.1801568979639823e-16,-1.0931651353921727e-18,10.700609442975098,-1.5594179689907938e-18,2.8911390249111215,2.4041479467147996e-18,96.29638546267228,70.66787515195983
14.039999999999745,1274.6880881699014,155.426049066446,-1.1800333671030794e-16,-1.2239630409172654e-18,10.700229236993755,-1.9607176833735788e-18,2.891311024148989,2.706328776211953e-18,96.29879892818315,70.66832054636205
14.049999999999745,1275.6421959734266,155.55687825888225,-1.1799120606350835e-16,-1.3691625427428038e-18,10.699855366362195,-2.4384132443444502e-18,2.891487026447667,3.0817020922200706e-18,96.3011975591184,70.66876592481509
14.059999999999745,1276.5963284920938,155.68770159045678,-1.1797930932133643e-16,-1.5139936098096867e-18,10.699487784870449,-2.9110248281746327e-18,2.89166698419335,3.5293725074772745e-18,96.30358136337676,70.66921128738055
14.069999999999744,1277.550485573812,155.81851907949405,-1.1796765779504438e-16,-1.6583793830662087e-18,10.699126446456019,-3.3785112522986267e-18,2.891850850117242,3.971306574207796e-18,96.30595034898997,70.66965663412017
14.079999999999744,1278.5046670665713,155.94933074435056,-1.179562626403965e-16,-1.802245143094001e-18,10.698771305210018,-3.840832864259774e-18,2.892038577300102,4.407477936442365e-18,96.30830452412233,70.67010196509587
14.089999999999744,1279.4588728184435,156.08013660341174,-1.1794513485633244e-16,-1.9455182752218365e-18,10.69842231538327,-4.2979515323739845e-18,2.892230119176687,4.837861722263657e-18,96.31064389707058,70.6705472803696
14.099999999999744,1280.413102677585,156.21093667508896,-1.179329541352771e-16,-2.0881282351678062e-18,10.698079431392216,-4.7498306361931996e-18,2.892425429540088,5.2624345321383635e-18,96.31296847626352,70.67099258000346
14.109999999999744,1281.3673564922371,156.34173097781652,-1.1792104054563991e-16,-2.2150278862733233e-18,10.69774260782487,-5.1157446230512105e-18,2.8926244625459603,5.6811744270799016e-18,96.31527827026166,70.67143786405963
14.119999999999743,1282.3216341107293,156.47251953004863,-1.179094027582924e-16,-2.3408594715998196e-18,10.697411799446574,-5.4771050474851176e-18,2.8928271727166393,6.0169278164347445e-18,96.31757328775694,70.67188313260037
14.129999999999743,1283.2759353814797,156.60330235025646,-1.1789804930157099e-16,-2.4655788066202713e-18,10.69708696120573,-5.8338880540161996e-18,2.8930335149451634,6.3476872337077715e-18,96.31985353757247,70.67232838568802
14.139999999999743,1284.2302601529973,156.7340794569252,-1.1788698856064947e-16,-2.589143136472739e-18,10.696768048239415,-6.1860710036406224e-18,2.893243444499179,6.67344088206921e-18,96.32211902866207,70.67277362338496
14.149999999999743,1285.1846082738841,156.86485086855123,-1.1787756008071847e-16,-2.7115111130681683e-18,10.696455015878913,-6.533632464658325e-18,2.8934569170247437,6.994178127344543e-18,96.32436977011002,70.67321884575364
14.159999999999743,1286.138979592836,156.99561660363912,-1.1786846241737433e-16,-2.8476190952564875e-18,10.696147819655163,-6.957242212828494e-18,2.8936738885500266,7.309889487084777e-18,96.32660577113072,70.67366405285651
14.169999999999742,1287.0933739586446,157.1263766806989,-1.1785970537242758e-16,-2.982722085165959e-18,10.695846415304116,-7.375436369400962e-18,2.893894315488898,7.697699598468085e-18,96.32882704106831,70.67410924475612
14.179999999999742,1288.0477912202,157.2571311182432,-1.1785129858350747e-16,-3.1167624683636814e-18,10.695550758772011,-7.788188777654293e-18,2.894118154644416,8.079589741640428e-18,96.33103358939636,70.67455442151498
14.189999999999742,1289.0022312264907,157.3878799347844,-1.1784192009898822e-16,-3.24968445714541e-18,10.695260806220524,-8.195474704866344e-18,2.894345363212209,8.455547989261599e-18,96.33322542571743,70.67499958319563
14.199999999999742,1289.9566938266069,157.51862314883198,-1.1783288888751947e-16,-3.366459431946248e-18,10.694976514031882,-8.51658113324934e-18,2.8945758987837524,8.825563769910551e-18,96.33540255976278,70.67544472986064
14.209999999999742,1290.9111788697408,157.64936077888973,-1.178242122409612e-16,-3.481739835038233e-18,10.694697838813862,-8.832930724583563e-18,2.894809719349543,9.1124949721181e-18,96.33756500139201,70.67588986157253
14.219999999999741,1291.8656862051891,157.7800928434531,-1.1781589730318387e-16,-3.5954955326861055e-18,10.69442473740467,-9.144511241163047e-18,2.8950467833021643,9.394345138487896e-18,96.33971276059256,70.67633497839381
14.229999999999741,1292.820215682355,157.91081936100645,-1.1780661952839038e-16,-3.707697590227363e-18,10.694157166877803,-9.45131156892639e-18,2.8952870494392546,9.67111351943739e-18,96.3418458474795,70.67678008038699
14.23999999999974,1293.7747671507484,158.04154035002048,-1.1779769554257196e-16,-3.803345189437931e-18,10.693895084546728,-9.672632296702355e-18,2.895530476966368,9.942800418883796e-18,96.34396427229503,70.67722516761451
14.24999999999974,1294.729340459989,158.17225582894963,-1.177877985978032e-16,-3.897114805017601e-18,10.693638447969553,-9.88990887445823e-18,2.8957770254997315,1.0132274394649161e-17,96.34606804540805,70.67767024013881
14.25999999999974,1295.6839354598073,158.30296581622943,-1.1777824325139816e-16,-3.9740290111911355e-18,10.693387214953571,-1.0022452511248167e-17,2.896026655068903,1.0317549196177286e-17,96.34815717731391,70.67811529802223
14.26999999999974,1296.6385520000458,158.43367033027405,-1.1776903224803728e-16,-4.048785642203151e-18,10.693141343559697,-1.0151708757807593e-17,2.8962793261193247,1.0421501309034022e-17,96.35023167863385,70.67856034132707
14.27999999999974,1297.5931899306613,158.56436938947374,-1.177601682227201e-16,-4.121401173437428e-18,10.692900792106869,-1.0277688032105491e-17,2.8965349995147753,1.0522152055676562e-17,96.35229156011468,70.67900537011558
14.28999999999974,1298.5478491017263,158.69506301219235,-1.177516537015845e-16,-4.1918921649621506e-18,10.692665519176275,-1.0400401304369209e-17,2.8967936365397238,1.0619517997570342e-17,96.35433683262838,70.67945038444988
14.29999999999974,1299.5025293634303,158.82575121676487,-1.1774349110273636e-16,-4.260275260908643e-18,10.692435483615583,-1.0519860088715937e-17,2.8970551989015743,1.071361618208343e-17,96.35636750717156,70.67989538439205
14.30999999999974,1300.4572305660818,158.95643402149503,-1.177370145031548e-16,-4.326567188758922e-18,10.692210644543025,-1.0636076434764277e-17,2.897319648732823,1.0804464133575942e-17,96.35838359486516,70.68034037000407
14.31999999999974,1301.4119525601093,159.0871114446529,-1.1773091610471268e-16,-4.4057550631832015e-18,10.691990961351388,-1.0829751823181729e-17,2.8975869485931027,1.089207984449015e-17,96.36038510695394,70.68078534134779
14.329999999999739,1302.3666951960633,159.21778350447255,-1.177265316734477e-16,-4.483155521784909e-18,10.691776393711937,-1.1019455403190184e-17,2.8978570614711376,1.1053614367338914e-17,96.36237205480616,70.6812302984849
14.339999999999739,1303.3214583246183,159.34845021914973,-1.1772122312804182e-16,-4.573734866406959e-18,10.691566901578248,-1.1285881281026968e-17,2.8981299507865943,1.121107536815823e-17,96.36434444991293,70.68167524147715
14.349999999999739,1304.276241796573,159.47911160683955,-1.1771630609764046e-16,-4.647821278224911e-18,10.69136244518994,-1.1466902933636434e-17,2.8984055803918354,1.1441608911588252e-17,96.366302303888,70.68212017038596
14.359999999999738,1305.231045462853,159.6097676856543,-1.1771178414009955e-16,-4.7200914982006294e-18,10.691162985076302,-1.1643962704881866e-17,2.8986839145735757,1.1590085456121412e-17,96.36824562846715,70.6825650852727
14.369999999999738,1306.185869174512,159.74041847366112,-1.1770766069085223e-16,-4.790544383311417e-18,10.690968482059871,-1.1817068405623491e-17,2.898964918054443,1.1734525213216492e-17,96.37017443550775,70.6830099861986
14.379999999999738,1307.1407127827329,159.87106398887985,-1.1770393906348092e-16,-4.859179339955539e-18,10.690778897259896,-1.198622857269561e-17,2.8992485559944403,1.187494395502986e-17,96.37208873698839,70.68345487322475
14.389999999999738,1308.0955761388302,160.00170424928092,-1.1770062245031074e-16,-4.925996314229546e-18,10.690594192095686,-1.2151452458977624e-17,2.8995347939923097,1.2011358101910094e-17,96.37398854500837,70.68389974641204
14.399999999999737,1309.0504590942505,160.13233927278318,-1.1769771392302388e-16,-4.990995782284357e-18,10.69041432828994,-1.2312750023429683e-17,2.8998235980868077,1.2143784711736965e-17,96.37587387178715,70.68434460582121
14.409999999999737,1310.0053615005745,160.2629690772518,-1.1769521643329436e-16,-5.054178740759407e-18,10.690239267871906,-1.2470131921095107e-17,2.900114934757878,1.227224146924881e-17,96.37774472966404,70.68478945151286
14.419999999999737,1310.9602832095186,160.39359368049617,-1.1769313281344293e-16,-5.115546697294302e-18,10.690068973180498,-1.2623609493072258e-17,2.900408770927738,1.2396746675360712e-17,96.37960113109754,70.68523428354735
14.429999999999737,1311.9152240729359,160.524213100268,-1.1769146577711156e-16,-5.1751016611173445e-18,10.689903406867353,-1.2773194756458068e-17,2.900705073961865,1.2517319236475726e-17,96.38144308866505,70.68567910198489
14.439999999999737,1312.870183942818,160.65482735425925,-1.176915500230329e-16,-5.232846133710379e-18,10.689742531899707,-1.2918900394265636e-17,2.901003811669891,1.263397865379148e-17,96.38327061506217,70.6861239068855
14.449999999999736,1313.8251626712963,160.78543646010013,-1.1769207768984353e-16,-5.303749914035145e-18,10.689586311563257,-1.3141428009964751e-17,2.90130495230641,1.2746745012604331e-17,96.38508372310243,70.686568698309
14.459999999999736,1314.780160110644,160.91604043535722,-1.1769172083215596e-16,-5.373119773616468e-18,10.689434709464948,-1.3359348132178827e-17,2.9016084645716873,1.2932771281752582e-17,96.38688242571659,70.68701347631499
14.469999999999736,1315.735176113276,161.04663929753156,-1.1769179391036035e-16,-5.425972889251483e-18,10.689287689535599,-1.349197890527359e-17,2.901914317612285,1.3114067680475533e-17,96.38866673595237,70.68745824096283
14.479999999999736,1316.6902105317527,161.17723306405682,-1.1769229901752504e-16,-5.476990025158078e-18,10.689145216032493,-1.3620770936510482e-17,2.902222481021587,1.321351788157538e-17,96.39043666697373,70.68790299231168
14.489999999999736,1317.6452632187788,161.30782175229749,-1.1769323813171245e-16,-5.526177017057276e-18,10.689007253541883,-1.374574059532032e-17,2.902532924840249,1.3309149581098373e-17,96.39219223206048,70.68834773042052
14.499999999999735,1318.6003340272068,161.438405379547,-1.1769594536388619e-16,-5.5735401205545326e-18,10.688873766981391,-1.38669048534554e-17,2.9028456195565444,1.3400986121415932e-17,96.39393344460775,70.68879245534804
14.509999999999735,1319.5554228100368,161.568983963026,-1.1769911198053567e-16,-5.6340515922077045e-18,10.688744721602319,-1.406496931565566e-17,2.9031605361066344,1.3489051361435873e-17,96.39566031812548,70.68923716715267
14.519999999999735,1320.5105294204193,161.69955751988067,-1.177027414633946e-16,-5.693023069119232e-18,10.688620082991894,-1.4258508835146595e-17,2.903477645874745,1.3650501848195327e-17,96.3973728662379,70.68968186589267
14.529999999999735,1321.4656537116555,161.830126067181,-1.1770550484728342e-16,-5.750441647460108e-18,10.68849981707541,-1.4447533838747298e-17,2.903796920693256,1.3807351549761553e-17,96.39907110268302,70.69012655162598
14.539999999999734,1322.420795537199,161.96068962191913,-1.1770871590692267e-16,-5.791330255761692e-18,10.688383890118299,-1.455136762461646e-17,2.904118332842713,1.3959619977006394e-17,96.40075504131208,70.69057122441033
14.549999999999734,1323.3759547506575,162.09124820100774,-1.17713708252349e-16,-5.8303726580501125e-18,10.688272268728097,-1.4651465465196147e-17,2.9044418550517395,1.4030195243924394e-17,96.40242469608908,70.69101588430314
14.559999999999734,1324.3311312057933,162.22180182127846,-1.1771917242308194e-16,-5.882543699200886e-18,10.688164919856334,-1.4828536378560724e-17,2.9047674604968825,1.409710913162053e-17,96.40408008109017,70.69146053136164
14.569999999999734,1325.2863247565258,162.35235049948025,-1.1772511129136684e-16,-5.933159249771461e-18,10.68806181080035,-1.500115883802763e-17,2.9050951228023596,1.4237521196099625e-17,96.40572121050319,70.6919051656427
14.579999999999734,1326.2415352569315,162.48289425227796,-1.1773152760245313e-16,-5.982209703487357e-18,10.687962909205034,-1.5169346726966845e-17,2.905424816039733,1.437344855186308e-17,96.4073480986271,70.69234978720294
14.589999999999733,1327.1967625612465,162.61343309625076,-1.1773842397520374e-16,-6.029686283647117e-18,10.687868183064428,-1.5333114689503362e-17,2.9057565147274964,1.4504913705196227e-17,96.40896075987143,70.6927943960987
14.599999999999733,1328.152006523867,162.74396704789078,-1.177458029027301e-16,-6.075581026630509e-18,10.687777600723333,-1.5492478118849058e-17,2.9060901938305848,1.4631939827285652e-17,96.41055920875581,70.69323899238604
14.609999999999733,1329.1072669993507,162.8744961236016,-1.1775233426069042e-16,-6.119886765621345e-18,10.687691130878727,-1.5647453145613424e-17,2.9064258287598013,1.4754550741928488e-17,96.41214345990934,70.69368357612075
14.619999999999733,1330.0625438424186,163.00502033969693,-1.1775933102307165e-16,-6.1476331852681756e-18,10.687608742581226,-1.5717368887097843e-17,2.9067633953711645,1.487277091324651e-17,96.41371352807006,70.69412814735823
14.629999999999733,1331.0178369079556,163.13553971239912,-1.177667934679519e-16,-6.1735083940890964e-18,10.687530405236341,-1.5783686000136474e-17,2.90710286996518,1.4909493473420412e-17,96.41526942808446,70.69457270615366
14.639999999999732,1331.9731460510122,163.26605425783802,-1.1777472176937076e-16,-6.197527892280473e-18,10.687456088605739,-1.5846431047096442e-17,2.907444229286031,1.4942754817330712e-17,96.41681117490687,70.69501725256187
14.649999999999732,1332.9284711268058,163.39656399204955,-1.17783115998471e-16,-6.219707404134857e-18,10.687385762808375,-1.590563102558277e-17,2.9077874505206958,1.4972587089499116e-17,96.41833878359888,70.69546178663742
14.659999999999732,1333.8838119907214,163.5270689309745,-1.1779197612464904e-16,-6.240062871826717e-18,10.687319398321593,-1.596131335800207e-17,2.9081325112979863,1.4999022776245624e-17,96.4198522693289,70.69590630843452
14.669999999999732,1334.839168498313,163.65756909045732,-1.1780130201671358e-16,-6.258610449234025e-18,10.687256965982087,-1.6013505881155592e-17,2.9084793896875114,1.5022094695174465e-17,96.42135164737145,70.69635081800703
14.679999999999731,1335.7945405053056,163.78806448624482,-1.178110934440522e-16,-6.275366495796329e-18,10.687198436986817,-1.6062236835863366e-17,2.908828064198568,1.5041835984709664e-17,96.42283693310675,70.69679531540855
14.689999999999731,1336.7499278675953,163.91855513398517,-1.1782135007780549e-16,-6.290347570409944e-18,10.687143782893873,-1.6107534856621432e-17,2.909178513778957,1.505828009368198e-17,96.42430814202002,70.69723980069232
14.699999999999731,1337.705330441251,164.04904104922664,-1.1783207149204854e-16,-6.303570425360829e-18,10.687092975623196,-1.6149428961293684e-17,2.9095307178137286,1.5071460770968692e-17,96.42576528970103,70.69768427391118
14.70999999999973,1338.6607480825157,164.17952224741666,-1.178432571649792e-16,-6.315052000295784e-18,10.68704598745727,-1.618794854084021e-17,2.909884656123855,1.5081412055187838e-17,96.42720839184341,70.69812873511775
14.71999999999973,1339.6161806478076,164.30999874390054,-1.1785623919378257e-16,-6.324809416232553e-18,10.687002791041738,-1.622312334908388e-17,2.9102403089648305,1.5088168264448393e-17,96.4286374642442,70.69857318436425
14.72999999999973,1340.5716279937212,164.4404705539206,-1.178697059151855e-16,-6.347822944246029e-18,10.686963359385912,-1.6335671059990868e-17,2.910597657025206,1.5091763986157932e-17,96.43005252280321,70.6990176217025
14.73999999999973,1341.5270899770283,164.57093769261516,-1.178836583669541e-16,-6.3694173053200325e-18,10.686927665863218,-1.64441791298465e-17,2.910956681425051,1.5169365821710527e-17,96.43145358352244,70.69946204718411
14.74999999999973,1342.482566454679,164.70140017501757,-1.1789809747687972e-16,-6.389589753712438e-18,10.6868956842116,-1.6548670050732444e-17,2.911317363714349,1.5242998386305406e-17,96.43284066250558,70.69990646086019
14.75999999999973,1343.438057283804,164.8318580160552,-1.1791169127534706e-16,-6.408338211390099e-18,10.686867388533788,-1.6649166892402588e-17,2.9116796858713268,1.5312691182165014e-17,96.43421377595733,70.70035086278158
14.76999999999973,1344.3935623217142,164.96231123054866,-1.1792575150134565e-16,-6.410698461638906e-18,10.686842753297562,-1.6665005755521016e-17,2.912043630300714,1.5378474190184564e-17,96.43557294018291,70.70079525299872
14.77999999999973,1345.3490814259026,165.09275983321083,-1.179402769184634e-16,-6.411362271496214e-18,10.686821753335876,-1.667765381549841e-17,2.9124091798319443,1.5363246173573747e-17,96.43691817158738,70.70123963156173
14.78999999999973,1346.3046144540453,165.22320383864607,-1.1795526620265475e-16,-6.410349854177812e-18,10.686804363846946,-1.6687144096221794e-17,2.912776317717283,1.5345048441114462e-17,96.43824948667518,70.70168399852035
14.799999999999729,1347.2601612640026,165.35364326134942,-1.1797071794353016e-16,-6.407681522505539e-18,10.686790560394286,-1.6693509898618246e-17,2.9131450276299,1.5323918172566176e-17,96.43956690204949,70.70212835392392
14.809999999999729,1348.21572171382,165.48407811570584,-1.1798663064564842e-16,-6.403377683916483e-18,10.68678031890661,-1.6696784790701648e-17,2.9135152936618742,1.5299892730626944e-17,96.44087043441158,70.70257269782145
14.819999999999729,1349.1712956617293,165.61450841598943,-1.1800300272981165e-16,-6.397458835502925e-18,10.686773615677733,-1.669700259767581e-17,2.91388710032214,1.527300965120359e-17,96.44216010056032,70.70301703026156
14.829999999999728,1350.1268829661499,165.74493417636273,-1.180198325343626e-16,-6.389945559083741e-18,10.686770427366357,-1.6694197392095435e-17,2.9142604325343724,1.5243306633755296e-17,96.4434359173916,70.70346135129249
14.839999999999728,1351.0824834856894,165.87535541087604,-1.1803845124461156e-16,-6.3808585163081045e-18,10.686770730995798,-1.6688403484086172e-17,2.914635275634811,1.5210821531712015e-17,96.44469790189763,70.7039056609621
14.849999999999728,1352.038097079145,166.0057721334668,-1.1805887881242502e-16,-6.3851811178822304e-18,10.686774503953663,-1.6760342928909156e-17,2.9150116153700263,1.5175592342968553e-17,96.44594607116646,70.70434995931788
14.859999999999728,1352.9937236055046,166.1361843579589,-1.1807980398752787e-16,-6.403204427331006e-18,10.686781723991414,-1.690929499583517e-17,2.915389437894631,1.5214788752672968e-17,96.44718044238134,70.70479424640695
14.869999999999727,1353.949362923947,166.26659209806226,-1.1810122844837927e-16,-6.420236506444091e-18,10.686792369223934,-1.705384334872662e-17,2.9157687297689274,1.5327570300610197e-17,96.44840103282016,70.70523852227599
14.879999999999727,1354.9050148938443,166.39699536737203,-1.1812448675274437e-16,-6.436258041740416e-18,10.686806418128958,-1.719400682972169e-17,2.916149477956507,1.5435959293535858e-17,96.44960785985482,70.70568278697138
14.889999999999727,1355.8606793747615,166.52739417936823,-1.1814826911491426e-16,-6.466213522120743e-18,10.686823849546487,-1.7410492510454086e-17,2.916531669821792,1.553998279976589e-17,96.45080094095069,70.70612704053903
14.899999999999727,1356.8163562264588,166.6577885474152,-1.1817257870997232e-16,-6.4953932622962715e-18,10.686844642678103,-1.762187758369034e-17,2.9169152931275195,1.571679997300488e-17,96.45198029366593,70.70657128302449
14.909999999999727,1357.7720453088914,166.7881784847612,-1.1819741858170557e-16,-6.5237607035296364e-18,10.686868777086243,-1.7828174664305437e-17,2.91730033603218,1.5888428879843362e-17,96.45314593565098,70.70701551447296
14.919999999999726,1358.7277464822114,166.91856400453787,-1.1822279164284422e-16,-6.551280797409431e-18,10.68689623269341,-1.8029397285446962e-17,2.9176867870873973,1.6054892506322188e-17,96.45429788464796,70.70745973492915
14.929999999999726,1359.6834596067679,167.04894511975985,-1.1824870067534026e-16,-6.577919975196988e-18,10.686926989781297,-1.8225559885127262e-17,2.91807463523526,1.6216214646234488e-17,96.45543615848999,70.70790394443746
14.939999999999726,1360.6391845431087,167.17932184332443,-1.182751483306847e-16,-6.603646117670897e-18,10.68696102898986,-1.8416677792786005e-17,2.918463869805603,1.6372419886985476e-17,96.45656077510074,70.70834814304183
14.949999999999726,1361.594921151981,167.3096941880112,-1.1830213713026225e-16,-6.6284285254599026e-18,10.68699833131636,-1.8602767215825974e-17,2.918854480513242,1.652353359545129e-17,96.45767175249367,70.70879233078591
14.959999999999726,1362.5506692943322,167.44006216648174,-1.1832966946574292e-16,-6.652237889855081e-18,10.687038878114306,-1.8783845226125045e-17,2.9192464574551558,1.6669581903839676e-17,96.45876910877155,70.70923650771282
14.969999999999725,1363.506428831311,167.57042579127923,-1.1835774759950933e-16,-6.6750462640924405e-18,10.687082651092346,-1.8959929746527344e-17,2.919639791107622,1.6810591695555345e-17,96.45985286212583,70.70968067386532
14.979999999999725,1364.462199624268,167.70078507482833,-1.1838770680843945e-16,-6.69682703509724e-18,10.687129632313106,-1.9131039537316387e-17,2.920034472323312,1.694659059107287e-17,96.46092303083601,70.71012482928582
14.989999999999725,1365.4179815347568,167.8311400294348,-1.184169045514188e-16,-6.7325181185117416e-18,10.687179804191965,-1.9377881807670786e-17,2.920430492328331,1.7077606933819803e-17,96.46197963326914,70.71056897401628
14.999999999999725,1366.3737744245352,167.96149066728543,-1.1844665594486423e-16,-6.752439219830552e-18,10.687233149495798,-1.95383461529789e-17,2.920827842719225,1.7280801121410133e-17,96.46302268787908,70.71101310809827
15.009999999999724,1367.3295781555657,168.09183700044775,-1.1847696272026822e-16,-6.771240225137793e-18,10.687289651341613,-1.9693888653310837e-17,2.921226515459936,1.7401061574840758e-17,96.46405221320605,70.71145723157295
15.019999999999724,1368.285036988116,168.2229712194695,-1.1850812550553487e-16,-6.788900092912742e-18,10.687349293195167,-1.9844531538572333e-17,4.475118143336482,1.78117073313668e-17,125.2323317657254,70.71190134448109
15.029999999999724,1369.2401511483845,168.3548861245511,-1.1854014283310416e-16,-6.804425941303525e-18,10.68723192564538,-1.9987043069492106e-17,4.43535173191622,1.7915877535556805e-17,125.20281030052216,70.71234814599244
15.039999999999724,1370.1949208679898,168.4875746101576,-1.1857301296012817e-16,-6.817792053058106e-18,10.686856315900792,-2.012149880927522e-17,4.395623060329542,1.8012252085128023e-17,125.17327921898571,70.71279761165033
15.049999999999724,1371.149346386136,168.62102965172448,-1.1860673387217357e-16,-6.8289761851097395e-18,10.68614611406171,-2.024797617350514e-17,4.355851619309242,1.8100929207345878e-17,125.14373868186696,70.71324971731875
15.059999999999723,1372.103427951665,168.75524429318773,-1.1864130328706418e-16,-6.837959439346253e-18,10.685029640323746,-2.0366554381745432e-17,4.315962182712788,1.8182007876973644e-17,125.11418895338416,70.71370443913713
15.069999999999723,1373.057165824999,168.89021163529907,-1.1867671865885778e-16,-6.844726138498964e-18,10.683439681662975,-2.0477314408148975e-17,4.27588456694027,1.8255587774918228e-17,125.08463039412779,70.71416175347784
15.079999999999723,1374.0105602799717,169.0259248246894,-1.1871297718195127e-16,-6.849263706755829e-18,10.68131329755258,-2.0580338931125404e-17,4.235553401115167,1.8321769246762115e-17,125.05506345422685,70.71462163690637
15.089999999999723,1374.963611605557,169.16237704364454,-1.187500757953079e-16,-6.851562554736098e-18,10.678591634283018,-2.0675712282121477e-17,4.19490790752056,1.8380653261336854e-17,125.02548866677012,70.71508406614402
15.099999999999723,1375.9163201074916,169.29956150055932,-1.1878801118680065e-16,-6.851615968493977e-18,10.67521974747853,-2.0763520393571976e-17,4.153891691808025,1.8432341369471723e-17,124.9959066414761,70.7155490180331
15.109999999999722,1376.8686861098001,169.43747142103786,-1.1882677979766557e-16,-6.849420002247262e-18,10.67114643242278,-2.0843850746081318e-17,4.112452542520047,1.8476935663031795e-17,124.9663180586058,70.71601646950445
15.119999999999722,1377.8207099562198,169.57610003960903,-1.1886637782705886e-16,-6.8449733745531965e-18,10.666324061825069,-2.0916792314897675e-17,4.070542239488982,1.8514538734342504e-17,124.93672366311198,70.71648639754694
15.129999999999722,1378.7723920115325,169.7154405920276,-1.1890680123671157e-16,-6.8382773676786745e-18,10.660708430676891,-2.0982435515743818e-17,4.028116370696929,1.85452536360825e-17,124.9071242590198,70.71695877917942
15.139999999999722,1379.723732662802,169.85548630813295,-1.1894804575567584e-16,-6.829335729934724e-18,10.654258607865227,-2.104087215006911e-17,3.9851341572009367,1.856918384171325e-17,124.87752070403288,70.71743359142434
15.149999999999721,1380.6747323205236,169.9962304052387,-1.1899010688515655e-16,-6.8181545807665904e-18,10.64693679422545,-2.1092195349788737e-17,3.941558285747195,1.858643320650175e-17,124.84791390435952,70.71791081128349
15.159999999999721,1381.6253914196852,170.13766608202727,-1.1903297990342202e-16,-6.804742318410698e-18,10.638708186732046,-2.113649952157631e-17,3.897354748716021,1.8597105929182297e-17,124.81830480975381,70.71839041571542
15.169999999999721,1382.5757104207441,170.27978651292534,-1.1907665987078802e-16,-6.789109529947979e-18,10.629540848539964,-2.1173880290776375e-17,3.852492691056811,1.860130651429401e-17,124.78869440876633,70.71887238161457
15.17999999999972,1383.525689810522,170.42258484293652,-1.1912114163466896e-16,-6.77126890360036e-18,10.619405584603408,-2.1204434445003468e-17,3.8069442638885493,1.859913973522244e-17,124.75908372419947,70.71935668579223
15.18999999999972,1384.4753301030194,170.56605418290926,-1.1916641983469013e-16,-6.751235143132768e-18,10.608275822612017,-2.1228259877493803e-17,3.76068448445714,1.859071059796662e-17,124.72947380876232,70.71984330495876
15.19999999999972,1385.424631840155,170.71018760521847,-1.1921248890785532e-16,-6.7290248842376785e-18,10.596127498997078,-2.1245455530275424e-17,3.7136911021557055,1.8576124305646557e-17,124.69986574092013,70.72033221570756
15.20999999999972,1386.3735955924278,170.85497813984068,-1.1925934309376375e-16,-6.704656612792751e-18,10.582938949772366,-2.1256121337222025e-17,3.6659444703281276,1.855548622376048e-17,124.67026062093387,70.7208233945003
15.21999999999972,1387.3222219595095,171.0004187708034,-1.1930697643987084e-16,-6.6781505848942485e-18,10.568690805985453,-2.126035816705445e-17,3.6174274235895805,1.8528901846196728e-17,124.64065956708433,70.72131681765349
15.22999999999972,1388.2705115707647,171.14650243298993,-1.193553828067867e-16,-6.649528748580495e-18,10.553365893566367,-2.1258267766353218e-17,3.568125160410596,1.8496476762000635e-17,124.61106371207697,70.72181246132641
15.23999999999972,1389.2184650857052,171.29322200928218,-1.1940455587360732e-16,-6.618814667169927e-18,10.536949137370648,-2.1249952702644216e-17,3.5180251307233776,1.8458316622893407e-17,124.58147419962224,70.72231030151018
15.24999999999972,1390.1660831943789,171.44057032802448,-1.1945448914327246e-16,-6.5860334441477674e-18,10.519427469223572,-2.123551630761796e-17,3.467116928320621,1.841452711153686e-17,124.55189218118693,70.72281031401802
15.25999999999972,1391.1133666176945,171.58854016079238,-1.1950517594794518e-16,-6.551211649544122e-18,10.500789739781874,-2.1215062620542107e-17,3.4153921878281803,1.8365213910535184e-17,124.52231881291215,70.72331247447653
15.269999999999719,1392.0603161076872,171.73712422045074,-1.1955660945440756e-16,-6.5143772477540534e-18,10.481026634037871,-2.1188696331924724e-17,3.3628444860433033,1.8310482672162836e-17,124.49275525269334,70.72381675831821
15.279999999999719,1393.0069324477245,171.88631515948666,-1.1960878266946754e-16,-6.4755595267573855e-18,10.460130590299453,-2.1156522727484548e-17,3.3094692474401906,1.8250438988805636e-17,124.46320265741782,70.72432314077459
15.289999999999718,1393.9532164526565,172.0361055686032,-1.1966168844537184e-16,-6.4347890287024e-18,10.438095722487496,-2.1118647632482606e-17,3.2552636536540724,1.8185188364100794e-17,124.43366218035554,70.72483159687079
15.299999999999718,1394.8991689689108,172.1864879755601,-1.1971531948522e-16,-6.3920974818234296e-18,10.4149177455997,-2.1075177356467847e-17,3.2002265567640356,1.8114836184760224e-17,124.4041349686987,70.72534210142042
15.309999999999718,1395.8447908745363,172.33745484424924,-1.1976966834837467e-16,-6.347517733667414e-18,10.390593904197253,-2.1026218638487546e-17,3.1443583962033825,1.8039487693060607e-17,124.37462216124615,70.72585462902194
15.319999999999718,1396.7900830791962,172.48899857399178,-1.1982472745586383e-16,-6.301083685609242e-18,10.365122903777527,-2.0971878592811193e-17,3.0876611191345007,1.7959247959982905e-17,124.34512488622792,70.72636915405513
15.329999999999718,1397.7350465241125,172.6411114990462,-1.1988048909576981e-16,-6.2528302286396595e-18,10.338504844902651,-2.0912264655214847e-17,3.030138104132945,1.7874221858983528e-17,124.315644259266,70.72688565067902
15.339999999999717,1398.6796821819648,172.79378588831523,-1.1993694542860143e-16,-6.202793180413204e-18,10.310741159959973,-2.0847484529870642e-17,2.971794088032849,1.7784514040378932e-17,124.28618138146705,70.72740409282987
15.349999999999717,1399.623991056745,172.94701394524142,-1.1999408849264442e-16,-6.1510092235467386e-18,10.281834552436443,-2.0777646136884462e-17,2.9126350957928206,1.7690228906325323e-17,124.25673733764337,70.72792445422039
15.359999999999717,1400.5679741835675,173.10078780788083,-1.2005191020928642e-16,-6.097515845161826e-18,10.251788938594544,-2.070285756052218e-17,2.852668373248125,1.7591470586375148e-17,124.22731319465731,70.72844670833922
15.369999999999717,1401.511632628442,173.25509954914543,-1.2011040238831235e-16,-6.042351277666598e-18,10.220609391442794,-2.0623226998163326e-17,2.7919023226213504,1.7488342913591928e-17,124.19790999988601,70.72897082845125
15.379999999999717,1402.4549674880043,173.40994117720442,-1.2016955673316643e-16,-5.9855544407746195e-18,10.188302086898926,-2.053886271001857e-17,2.7303464406698223,1.7380949401205466e-17,124.16852877980175,70.72949678759838
15.389999999999716,1403.397979889212,173.56530463603588,-1.202293648461772e-16,-5.9271648847600016e-18,10.154874252048842,-2.044987296964547e-17,2.6680112593537633,1.726939321978962e-17,124.13917053866469,70.73002455860082
15.399999999999716,1404.340670989004,173.7211818061201,-1.2028981823374205e-16,-5.8672227349491956e-18,10.120334115408852,-2.0356366015294647e-17,2.6049082889146824,1.7153777174945168e-17,124.10983625732378,70.73055411405903
15.409999999999716,1405.283041973926,173.8775645052663,-1.2035090831146774e-16,-5.805768637451081e-18,10.084690859103375,-2.02584500021167e-17,2.5410499632587413,1.7034203685470926e-17,124.08052689212192,70.73108542635607
15.419999999999716,1406.225094059725,174.03444448956517,-1.204126264092639e-16,-5.742843706127632e-18,10.047954572874227,-2.015623295525783e-17,2.476449587544755,1.6910774762006642e-17,124.05124337390237,70.73161846766025
15.429999999999715,1407.1668284909126,174.1918134544596,-1.2047496377638627e-16,-5.678489470808048e-18,10.010136209841814,-2.004982272387016e-17,2.4111212878812402,1.6783591986131836e-17,124.02198660711171,70.73215320992855
15.439999999999715,1408.108246540299,174.3496630359264,-1.2053791158642676e-16,-5.612747826749546e-18,9.971247543942171,-1.9939326936060655e-17,2.345079963041432,1.6652756489905436e-17,123.99275746899659,70.73268962491011
15.449999999999715,1409.0493495085007,174.50798481176253,-1.2060146094224777e-16,-5.545660985348204e-18,9.931301128967586,-1.982485295480059e-17,2.278341238109457,1.6518368935831596e-17,123.96355680889043,70.7332276841503
15.459999999999715,1409.9901387234215,174.66677030296887,-1.206656028808579e-16,-5.477271426103111e-18,9.890310259141774,-1.9706507834815286e-17,2.210921419974923,1.6380529497237924e-17,123.93438544758624,70.73376735899502
15.469999999999715,1410.9306155397103,174.82601097522573,-1.207303283782267e-16,-5.407621849837035e-18,9.84828893116406,-1.958439828047213e-17,2.1428374545970956,1.6239337839052912e-17,123.9052441767928,70.73430862059556
15.479999999999714,1411.8707813381943,174.9856982404537,-1.2079562835403599e-16,-5.336755133176355e-18,9.805251807659932,-1.9458630604682736e-17,2.074106885963468,1.6094893098970228e-17,123.87613375867019,70.73485143991334
15.489999999999714,1412.810637525292,175.14582345845463,-1.2086149367636586e-16,-5.264714284292656e-18,9.761214181978435,-1.9329310688833258e-17,2.0047478166711206,1.5947293868988244e-17,123.8470549254415,70.73539578772545
15.499999999999714,1413.750185532405,175.30637793862678,-1.2092791516631296e-16,-5.191542399907829e-18,9.716191944279698,-1.919654394375509e-17,1.9347788700625388,1.5796638177313786e-17,123.81800837907794,70.73594163463014
15.509999999999714,1414.6894268152935,175.46735294174945,-1.2099488360253934e-16,-5.11728262356375e-18,9.670201548858378,-1.9060435271746223e-17,1.8642191538507968,1.5643023470620104e-17,123.7889947910533,70.73648895105262
15.519999999999714,1415.6283628534293,175.6287396818316,-1.2106238972575012e-16,-5.041978105157108e-18,9.623259982651671,-1.892108902965192e-17,1.7930882251720073,1.5486546596649625e-17,123.76001480216534,70.73703770725113
15.529999999999713,1416.566995149338,175.79052932802009,-1.2113042424309827e-16,-4.965671961738902e-18,9.575384734882643,-1.8778608993011472e-17,1.7214060570058594,1.5327303787152763e-17,123.73106902242073,70.73758787332328
15.539999999999713,1417.5053252279233,175.95271300656282,-1.2119897783251502e-16,-4.888407239577503e-18,9.526593767792221,-1.863309832127626e-17,1.6491930059077833,1.516539064115507e-17,123.70215803098039,70.73813941921247
15.549999999999713,1418.443354635777,176.1152818028224,-1.2126804114696451e-16,-4.810226877483083e-18,9.476905488415156,-1.8484659524102713e-17,1.5764697809989068,1.5000902108545344e-17,123.67328237616255,70.73869231471463
15.559999999999713,1419.3810849404786,176.27822676333633,-1.2133760481862165e-16,-4.731173671390471e-18,9.426338721357581,-1.8333394428722194e-17,1.5032574141624664,1.4833932473978393e-17,123.64444257550056,70.739246529485
15.569999999999713,1420.3185177298808,176.44153889791932,-1.2140765946297164e-16,-4.65129024019633e-18,9.374912682535545,-1.8179404148388177e-17,1.4295772313976947,1.4664575341086612e-17,123.61563911585242,70.73980203304515
15.579999999999712,1421.2556546113867,176.60520918180458,-1.2147819568283059e-16,-4.570618992845754e-18,9.322646953836074,-1.802278905190001e-17,1.3554508252844641,1.4492923616995253e-17,123.58687245355947,70.74035879479021
15.589999999999712,1422.192497211217,176.7692285578199,-1.2154920407228623e-16,-4.489202096662222e-18,9.269561458663766,-1.7863648734200652e-17,1.2809000285141112,1.4319069497137037e-17,123.55814301465142,70.74091678399606
15.599999999999712,1423.129047173668,176.93358793859517,-1.2162067522055789e-16,-4.40708144691401e-18,9.215676438338074,-1.7702081988045063e-17,1.2059468884439308,1.4143104450362202e-17,123.52945119509522,70.74147596982677
15.609999999999712,1424.0653061603634,177.09827820879815,-1.2169259971577503e-16,-4.3242986376090004e-18,9.161012429307622,-1.753818677673395e-17,1.1306136426347477,1.3965119204340805e-17,123.50079736108493,70.7420363213421
15.619999999999711,1425.0012758495,177.26329022739526,-1.2176496814867413e-16,-4.24089493350897e-18,9.105590241149825,-1.73720602079071e-17,1.0549226953328394,1.3785203731254682e-17,123.47218184937044,70.74259780750516
15.629999999999711,1425.9369579350866,177.42861482993422,-1.2183777111621307e-16,-4.156911243353356e-18,9.049430935325281,-1.7203798508388672e-17,0.9788965948592631,1.3603447233776972e-17,123.44360496762198,70.74316039719002
15.639999999999711,1426.8723541261809,177.5942428308457,-1.2191099922510303e-16,-4.072388094281624e-18,8.992555804658057,-1.703349700007641e-17,0.9025580118712901,1.3419938131337594e-17,123.41506699482885,70.74372405918957
15.64999999999971,1427.8074661461196,177.76016502576138,-1.219846430952575e-16,-3.987365607442331e-18,8.934986353514088,-1.6861250076865092e-17,0.8259297184622761,1.3234764046673706e-17,123.38656818172933,70.74428876222328
15.65999999999971,1428.7422957317494,177.9263721938454,-1.2205869336315828e-16,-3.901883474776131e-18,8.876744278651419,-1.668715118259403e-17,0.7490345680678101,1.3048011792664505e-17,123.35810875126984,70.74485447494511
15.66999999999971,1429.676844632654,178.09285510013697,-1.2213314068513854e-16,-3.815980936959047e-18,8.81785145071703,-1.651129279000726e-17,0.6718954761474281,1.2859767359450191e-17,123.329688899091,70.74542116595151
15.67999999999971,1430.6111146103804,178.2596044979016,-1.222079757405828e-16,-3.7296967624914645e-18,8.758329896366291,-1.6333766380714303e-17,0.5945354016125736,1.2670115901835395e-17,123.30130879403866,70.7459888037893
15.68999999999971,1431.5451074376656,178.4266111309886,-1.2228318923504417e-16,-3.643069227917505e-18,8.698201780982133,-1.615466242613865e-17,0.5169773289727885,1.2479141726977658e-17,123.27296857869763,70.74655735696378
15.69999999999971,1432.478824897664,178.5938657361926,-1.2235877190327894e-16,-3.55613609915861e-18,8.637489391972,-1.597407036944011e-17,0.4392442511733665,1.2286928282361949e-17,123.24466836994591,70.74712679394666
15.70999999999971,1433.412268783175,178.76135904561727,-1.2243471451219873e-16,-3.468934613944471e-18,8.576215122621814,-1.5792078608396964e-17,0.3613591530989262,1.209355814406249e-17,123.21640825952808,70.74769708318415
15.71999999999971,1434.3454408958735,178.9290817890385,-1.2251100786374081e-16,-3.3815014653236388e-18,8.514401456486969,-1.5608774479232698e-17,0.2833449957184469,1.1899113005293508e-17,123.18818831464525,70.7482681931051
15.729999999999709,1435.2783430455434,179.09702469626606,-1.2258764279765683e-16,-3.293872786235565e-18,8.452070952301336,-1.5424244241371927e-17,0.205224700848423,1.1703673665250678e-17,123.16000857856015,70.74884009212884
15.739999999999709,1436.2109770493134,179.2651784995012,-1.2266461019422035e-16,-3.206084135125122e-18,8.389246229386137,-1.5238573063109366e-17,0.12702113651182823,1.1507320018245404e-17,123.13186907121545,70.74941274867345
15.749999999999709,1437.1433447308978,179.43353393568844,-1.2274190097685413e-16,-3.1181704825801083e-18,8.32594995354137,-1.5051845008175452e-17,0.04875710287153111,1.1310131043134105e-17,123.1037697898637,70.74998613116367
15.759999999999708,1438.0754479198413,179.60208174886046,-1.228195061146773e-16,-3.0301661989716335e-18,8.26220482340312,-1.4864143023181393e-17,-0.02954468128223586,1.1112184793045013e-17,123.07571070970698,70.75056020803888
15.769999999999708,1439.007288450769,179.7708126924736,-1.2289741662497353e-16,-2.9421050430768677e-18,8.198033557251103,-1.4675548925926717e-17,-0.10786159150987056,1.0913558385405046e-17,123.04769178454497,70.75113494776127
15.779999999999708,1439.9388681626426,179.93971753173332,-1.229756235755806e-16,-2.8540201516630495e-18,8.133458880251137,-1.4486143394551245e-17,-0.18617111018453725,1.0714327992269411e-17,123.01971294742975,70.75171031882358
15.789999999999708,1440.8701888980224,180.10878704590732,-1.2305411808720224e-16,-2.765944030011329e-18,8.06850351211821,-1.429600595751391e-17,-0.26445083845630735,1.0514568830956786e-17,122.99177411132573,70.75228628975724
15.799999999999708,1441.8012525023362,180.27801203062566,-1.2313289133564326e-16,-2.677908543358599e-18,8.003190155186319,-1.4105214984380075e-17,-0.34267850773539377,1.0314355154992905e-17,122.9638751697735,70.75286282914
15.809999999999707,1442.732060823155,180.44738330016605,-1.2321193455396849e-16,-2.5899449092351218e-18,7.9375414828718585,-1.3913847677399048e-17,-0.4208319907108527,1.011376024536545e-17,122.93601599755624,70.75343990560408
15.819999999999707,1443.6626157094784,180.61689168972313,-1.232912390345866e-16,-2.5020836906754453e-18,7.871580128517908,-1.3721980063853215e-17,-0.4988893119204278,9.91285640209317e-18,122.90819645136698,70.75401748784374
15.829999999999707,1444.5929190110244,180.7865280576607,-1.2337079613125992e-16,-2.4143547902799186e-18,7.805328674607397,-1.3529686989160304e-17,-0.5768286578865225,9.711714936112164e-18,122.88041637047604,70.75459554462302
15.839999999999707,1445.5229725775323,180.9562832877455,-1.2345059726104072e-16,-2.3267874451037945e-18,7.738809642333598,-1.3337042110709978e-17,-0.6546283868326895,9.510406161482202e-18,122.85267557739697,70.75517404478357
15.849999999999707,1446.4527782580708,181.1261482913617,-1.2353063390613568e-16,-2.239410222350798e-18,7.6720454815168075,-1.3144117892415889e-17,-0.7322670379944104,9.308999387915941e-18,122.82497387855003,70.7557529572522
15.859999999999706,1447.3823379003577,181.29611400970472,-1.236108976156988e-16,-2.1522510158478806e-18,7.605058560856769,-1.295098559996476e-17,-0.8097233405373448,9.107562913633849e-18,122.7973110649222,70.75633225104833
15.869999999999706,1448.3116533500884,181.46617141595377,-1.2369138000755437e-16,-2.0653370432777495e-18,7.537871158510615,-1.2757715296743398e-17,-0.8869762220957196,8.906164018547479e-18,122.76968691272246,70.75691189529168
15.879999999999706,1449.240726450275,181.63631151742163,-1.2377207276985086e-16,-1.9786948441457176e-18,7.470505452986659,-1.2564375840425176e-17,-0.964004816942982,8.70486895777379e-18,122.74210118403141,70.75749185920945
15.889999999999706,1450.1695590405948,181.80652535768138,-1.2385296766264681e-16,-1.8923502784573745e-18,7.402983514344789,-1.2371034880197309e-17,-1.0407884738063464,8.503742955482932e-18,122.71455362744459,70.75807211214386
15.899999999999705,1451.0981529567507,181.97680401866876,-1.239340565194298e-16,-1.806328526083554e-18,7.335327295694466,-1.2177758854610374e-17,-1.117306763336413,8.302850199081883e-18,122.68704397870786,70.75865262355929
15.909999999999705,1452.026510029842,182.14713862275943,-1.240153312485698e-16,-1.7206540867891467e-18,7.267558624981951,-1.1984612990031838e-17,-1.1935394852425467,8.10225383373617e-18,122.65957196134507,70.75923336304949
15.919999999999705,1452.9546320857457,182.31752033482059,-1.2409678383470783e-16,-1.6353507809023043e-18,7.19969919705841,-1.1791661299685176e-17,-1.2694666751043322,7.902015957231689e-18,122.6321372872761,70.75981430034464
15.929999999999705,1453.8825209445104,182.48794036423578,-1.2417840634008125e-16,-1.5504417506007246e-18,7.131770566021238,-1.159896658325679e-17,-1.3450686108689511,7.702197615178559e-18,122.60473965742527,70.76039540531849
15.939999999999705,1454.8101784197613,182.6583899669027,-1.2426019090578662e-16,-1.4659494617917822e-18,7.06379413782092,-1.1406590427052667e-17,-1.4203258190439902,7.502858796558659e-18,122.57737876231936,70.76097664799502
15.949999999999704,1455.737606318117,182.8288604472028,-1.2434212975298152e-16,-1.381895706563433e-18,6.995791163126337,-1.1214593204687296e-17,-1.4952190805947874,7.304058429618424e-18,122.55005428267397,70.76155799855552
15.959999999999704,1456.6648064386186,182.99934315994258,-1.2442421518402645e-16,-1.2983016061829742e-18,6.927782730441515,-1.1023034078287412e-17,-1.5697294365550774,7.105854378108134e-18,122.52276588996847,70.76213942734518
15.969999999999704,1457.5917805721706,183.16982951226555,-1.2450643958356772e-16,-1.215187614620938e-18,6.859789759467198,-1.0831971000193392e-17,-1.6438381933593684,6.9083034378688655e-18,122.49551324700829,70.76272090487971
15.979999999999704,1458.5185305009948,183.3403109655345,-1.24588795419563e-16,-1.1325735225776148e-18,6.791832994700858,-1.064146071514151e-17,-1.7175269279051582,6.7114613337679294e-18,122.46829600847434,70.76330240185194
15.989999999999704,1459.445057998096,183.51077903718362,-1.2467127524425013e-16,-1.0504784619899214e-18,6.72393299926898,-1.045155876291038e-17,-1.790777492352777,6.515382716983502e-18,122.44111382145898,70.76388388913823
15.999999999999703,1460.3713648267412,183.68122530253976,-1.247538716950607e-16,-9.689209109966005e-19,6.65611014898576,-1.0262319481415339e-17,-1.8635720186703828,6.320121162638831e-18,122.41396632598823,70.76446533780476
16.009999999999703,1461.2974527399506,183.8516413966125,-1.248365774954797e-16,-8.879186993399992e-19,6.58838462663247,-1.0073796010234706e-17,-1.9358929229313293,6.125729167786249e-18,122.38685315552944,70.7650467191138
16.019999999999705,1462.2233234800015,184.02201901585266,-1.249193854558518e-16,-8.074890141829747e-19,6.5207764164521365,-9.886040294552314e-18,-2.00772290937087,5.932258149740932e-18,122.35977393748463,70.76562800452977
16.029999999999706,1463.1489787779462,184.19234991987855,-1.250022884741362e-16,-7.276484063197673e-19,6.453305298854146,-9.699103089500802e-18,-2.0790449742089367,5.739758444764116e-18,122.3327282936686,70.76620916572539
16.039999999999708,1464.074420353142,184.36262593316985,-1.2508527953661045e-16,-6.484127967600235e-19,6.385990845323814,-9.513033964890727e-18,-2.1498424092454314,5.548279307095248e-18,122.30571584077182,70.76679017458734
16.04999999999971,1464.9996499127933,184.5328389467288,-1.2516835171852495e-16,-5.6979748366547315e-19,6.3188524135320066,-9.327881310310749e-18,-2.2200988052343016,5.357868908332304e-18,122.27873619080798,70.76737100322235
16.05999999999971,1465.9246691515093,184.70298091970795,-1.2525149818470887e-16,-4.91817149619118e-19,6.251909142640099,-9.143692340584454e-18,-2.2897980550424277,5.1685743371592626e-18,122.25178895154535,70.76795162396256
16.069999999999713,1466.8494797508718,184.87304388100478,-1.253347121901289e-16,-4.144858692071518e-19,6.185179948795764,-8.960513101569819e-18,-2.3589243565991147,4.980441599419438e-18,122.22487372692277,70.76853200937141
16.079999999999714,1467.774083379018,185.0430199308222,-1.2541798708040152e-16,-3.3781711689420264e-19,6.11868352081519,-8.778388476287577e-18,-2.427462215641843,4.7935156185332105e-18,122.19799011744907,70.76911213224884
16.089999999999716,1468.6984816902366,185.2129012421953,-1.2550131629226051e-16,-2.618237751728691e-19,6.052438316047517,-8.59736219136512e-18,-2.4953964482636817,4.6078402362583845e-18,122.17113772058639,70.76969196563674
16.099999999999717,1469.6226763245743,185.38268006248376,-1.2558469335398005e-16,-1.8651814296891612e-19,5.98646255641743,-8.417476823782973e-18,-2.562712183267624,4.423458213791176e-18,122.14431613111742,70.7702714828242
16.10999999999972,1470.5466689074594,185.5523487148297,-1.2566811188575506e-16,-1.1191194428388777e-19,5.920774224641934,-8.238773807911066e-18,-2.62939486433293,4.240411233205613e-18,122.1175249414959,70.77085065735253
16.11999999999972,1471.4704610493347,185.72189959958092,-1.2575156560003956e-16,-3.8016337057306306e-20,5.855391060617531,-8.0612934428226e-18,-2.695430251998375,4.058739899228894e-18,122.09076374218101,70.77142946302034
16.129999999999722,1472.3940543453052,185.89132519567926,-1.2583504830184407e-16,3.5158077768966094e-20,5.790330557974083,-7.885074899873387e-18,-2.760804425467176,3.878483741349983e-18,122.06403212195511,70.77200787388831
16.139999999999723,1473.3174503747987,186.06061806201384,-1.259185538889931e-16,1.076012470012092e-19,5.725609960791844,-7.710156230535145e-18,-2.825503784238188,3.699681216258549e-18,122.03732966822533,70.77258586428411
16.149999999999725,1474.240650701238,186.22977083873923,-1.2600207635234393e-16,1.7930365577575386e-19,5.661246260478121,-7.536574374471333e-18,-2.889515049567854,3.522369710611093e-18,122.0106559673086,70.77316340880684
16.159999999999727,1475.1636568717279,186.39877624855828,-1.2608560977596732e-16,2.502563179884808e-19,5.597256192800312,-7.364365167844648e-18,-2.95282526576722,3.34658554412089e-18,121.98401060470052,70.77374048233166
16.169999999999728,1476.0864704167518,186.56762709796948,-1.2616914833729136e-16,3.2045076658764174e-19,5.533656235072018,-7.193563351845482e-18,-3.0154218013382263,3.1723639729681977e-18,121.95739316532809,70.7743170600142
16.17999999999973,1477.0090928498844,186.73631627847894,-1.2625268630720937e-16,3.8987904374530644e-19,5.470462603489069,-7.02420258143105e-18,-3.0772923499533387,2.99973919352693e-18,121.9308032337863,70.77489311729474
16.18999999999973,1477.931525667514,186.90483676777666,-1.2633621805015282e-16,4.5853369092230705e-19,5.407691250612446,-6.856315434265205e-18,-3.1384249312824974,2.828744346403829e-18,121.90424039455883,70.77546862990245
16.199999999999733,1478.8537703485786,187.07318163087731,-1.2641973802413e-16,5.264077388411254e-19,5.345357862995121,-6.689933419849275e-18,-3.1988078916711973,2.6594115207859545e-18,121.87770423222315,70.77604357385938
16.209999999999734,1479.7758283543133,187.24134402122525,-1.2650324078073169e-16,5.934946973807226e-19,5.283477858949889,-6.5250869888345246e-18,-3.2584299046734695,2.491771759092137e-18,121.85119433163989,70.77661792548446
16.219999999999736,1480.697701128011,187.40931718176378,-1.2658672096510434e-16,6.597885454068959e-19,5.22206638645544,-6.361805542507246e-18,-3.3172799714433725,2.3258550619238505e-18,121.82471027812689,70.7771916613971
16.229999999999738,1481.6193900947935,187.57709444596895,-1.2667017331589198e-16,7.252837205513049e-19,5.1611383211979005,-6.200117442437693e-18,-3.3753474209885335,2.161690393310794e-18,121.79825165761835,70.77776475852106
16.23999999999974,1482.5408966613961,187.74466923884737,-1.2675359266514742e-16,7.899751089518778e-19,5.1007082647451965,-6.0400500202843815e-18,-3.432621910289201,1.999305686246306e-18,121.77181805680873,70.7783371940879
16.24999999999974,1483.4622222159621,187.9120350778985,-1.2683697393821381e-16,8.538580349668897e-19,5.04079054285165,-5.881629587745627e-18,-3.489093424286125,1.8387278485075696e-18,121.74540906328231,70.77890894564037
16.259999999999742,1484.38336812785,188.07918557404136,-1.269203121535772e-16,9.169282508745723e-19,4.981399203890281,-5.724881446650399e-18,-3.544752275740565,1.6799827687554327e-18,121.71902426562838,70.77947999103586
16.269999999999744,1485.304335747452,188.24611443250538,-1.2700360242269102e-16,9.791819265696906e-19,4.9225480174103415,-5.569829899180884e-18,-3.5995891049695854,1.5230953229085107e-18,121.69266325354228,70.78005030844942
16.279999999999745,1486.2251264060224,188.412815453686,-1.2708683994977336e-16,1.0406156392681029e-18,4.86425047281768,-5.4164982582193614e-18,-3.653594879459761,1.3680893807861024e-18,121.6663256179126,70.78061987637692
16.289999999999747,1487.145741415519,188.57928253396457,-1.2717002003157744e-16,1.101226363229908e-18,4.806519778175593,-5.2649088578123615e-18,-3.7067608933623077,1.2149878130143448e-18,121.64001095089537,70.78118867363793
16.29999999999975,1488.0661820684538,188.74550966649312,-1.272531380571366e-16,1.1610114595113593e-18,4.749368859123857,-5.1150830637452024e-18,-3.7590787668726136,1.0638124981898896e-18,121.61371884597452,70.78175667937865
16.30999999999975,1488.9864496377547,188.9114909419435,-1.2733618950748395e-16,1.219968665755331e-18,4.692810357913689,-4.967041284220306e-18,-3.8105404454970446,9.145843302952834e-19,121.58744889801014,70.78232387307445
16.31999999999975,1489.906545376638,189.07722054922172,-1.2741916995534802e-16,1.2780960860297025e-18,4.636856632556457,-4.8208029806329485e-18,-3.8611381992098663,7.673232263601392e-19,121.56120070327405,70.78289023453257
16.329999999999753,1490.8264705184906,189.24269277614698,-1.2750207506482447e-16,1.3353921807226359e-18,4.581519756083965,-4.676386678438258e-18,-3.910864621503021,6.220481343620778e-19,121.53497385947328,70.78345574389454
16.339999999999755,1491.7462262767633,189.40790201009582,-1.2758490059102514e-16,1.3918557565033243e-18,4.526811515918228,-4.533809978103573e-18,-3.9597126283314914,4.787770413613395e-19,121.50876796576213,70.78402038163854
16.349999999999756,1492.6658138448724,189.5728427386116,-1.276676423797048e-16,1.447485956356391e-18,4.472743413348621,-4.3930895661403916e-18,-4.007675456956869,3.3752698186288615e-19,121.4825826227426,70.78458412858159
16.359999999999758,1493.5852343961126,189.73750954997925,-1.277502963668662e-16,1.5022822496977587e-18,4.419326663114458,-4.254241226210471e-18,-4.054746664691717,1.983140463997487e-19,121.45641743245424,70.78514696588167
16.36999999999976,1494.5044890835784,189.9018971337656,-1.2783285857834448e-16,1.5562444225793845e-18,4.366572193090912,-4.1172798503006696e-18,-4.100920127547303,6.115339033129588e-20,121.43027199835319,70.7857088750397
16.37999999999976,1495.4235790400955,190.06600028132542,-1.279153251293711e-16,1.609372567989932e-18,4.314490644076389,-3.98221944996148e-18,-4.146190038787107,-7.394075714993662e-20,121.40414592528138,70.78626983790143
16.389999999999763,1496.3425053781602,190.2298138862734,-1.2799769222411826e-16,1.6616670762580585e-18,4.26309236967943,-3.849073167604253e-18,-4.190550907388632,-2.0695508380927477e-19,121.37803881942577,70.78682983665915
16.399999999999764,1497.261269189889,190.3933329449222,-1.2807995615522412e-16,1.7131286255646188e-18,4.212387436303201,-3.7178532878523475e-18,-4.2339975564158365,-3.378771849652552e-19,121.3519502882684,70.78738885385336
16.409999999999766,1498.1798715469758,190.55655255668674,-1.2816211330329983e-16,1.7637581725697798e-18,4.162385623225795,-3.588571248941597e-18,-4.276525121304565,-4.666955538957758e-19,121.32587994052773,70.78794687237426
16.419999999999767,1499.0983135006584,190.7194679244551,-1.2824416013641853e-16,1.813556943160629e-18,4.113096422774421,-3.4612376541656318e-18,-4.318129048063277,-5.933995720615823e-19,121.29982738609104,70.78850387546319
16.42999999999977,1500.0165960816928,190.8820743549262,-1.283260932095872e-16,1.862526423324579e-18,4.064529040591798,-3.3358622833617624e-18,-4.358805091391309,-7.179794991536021e-19,121.27379223593934,70.78905984671388
16.43999999999977,1500.9347203003351,191.0443672589143,-1.2840790916420175e-16,1.910668350153479e-18,4.016692395992853,-3.2124541044332456e-18,-4.398549312716932,-8.404264629707e-19,121.24777410206427,70.78961477007365
16.449999999999772,1501.852687146333,191.20634215162076,-1.28489604727486e-16,1.9579847029830596e-18,3.9695951224100847,-3.091021284903922e-18,-4.43735807815733,-9.60732449134395e-19,121.22177259737784,70.79016862984449
16.459999999999773,1502.7704975889221,191.3679946528734,-1.2857117671191496e-16,2.0044776946719805e-18,3.9232455679258114,-2.9715712035013418e-18,-4.475228056402692,-1.0788902906470945e-18,121.19578733561559,70.79072141068393
16.469999999999775,1503.6881525768329,191.5293204873334,-1.2865262201462328e-16,2.050149763024468e-18,3.877651795889611,-2.8541104617645933e-18,-4.5121562165265034,-1.1948936573004008e-18,121.16981793123317,70.79127309760601
16.479999999999777,1504.605653038302,191.6903154846703,-1.2873393761679885e-16,2.0950035623601705e-18,3.832821585619297,-2.738644895673186e-18,-4.54813982572409,-1.3087370449400184e-18,121.14386399929701,70.79182367598187
16.489999999999778,1505.5229998810928,191.85097557970514,-1.288151205830625e-16,2.1390419552346333e-18,3.788762433183761,-2.625179587293467e-18,-4.583176446981506,-1.4204157645937802e-18,121.1179251553696,70.79237313154053
16.49999999999978,1506.4401939925206,192.01129681252226,-1.2889616806083426e-16,2.18226800431341e-18,3.7454815522660345,-2.513718876439118e-18,-4.6172639366767045,-1.5299259314692845e-18,121.0920010153896,70.79292145036922
16.50999999999978,1507.357236239487,192.17127532854985,-1.2897707727968625e-16,2.2246849644026168e-18,3.702985875104993,-2.4042663723424193e-18,-4.6504004421150436,-1.6372644538276124e-18,121.06609119554709,70.7934686189139
16.519999999999783,1508.2741274685184,192.33090737860965,-1.2905784555068335e-16,2.2662962746384036e-18,3.6612820535140562,-2.296824965333026e-18,-4.6825843990010005,-1.7424290217395438e-18,121.04019531215484,70.79401462397962
16.529999999999784,1509.190868505811,192.49018931893596,-1.2913847026571157e-16,2.30710555083758e-18,3.620376459975364,-2.1913968385211346e-18,-4.713814528848062,-1.8454180957306635e-18,121.01431298151566,70.7945594527305
16.539999999999786,1510.107460157284,192.64911761116457,-1.2921894889679479e-16,2.347116578011318e-18,3.5802751888077986,-2.0879834794819435e-18,-4.7440898363286585,-1.946230895321715e-18,120.988443819786,70.79510309269006
16.549999999999788,1511.0239032086354,192.80768882229154,-1.2929927899540034e-16,2.3863333030436653e-18,3.5409840574073836,-1.986585691938475e-18,-4.773409606565997,-2.044867387470473e-18,120.96258744283693,70.79564553174102
16.55999999999979,1511.940198425405,192.96589962460246,-1.2937945819173383e-16,2.424759827536265e-18,3.5025086075584637,-1.8872036074397924e-18,-4.801773402369659,-2.1413282749214025e-18,120.93674346611216,70.79618675812527
16.56999999999979,1512.8563465530433,193.1237467955723,-1.2945948419402373e-16,2.462400400820508e-18,3.464854106814197,-1.7898366970318344e-18,-4.829181061416729,-2.2356149844692708e-18,120.91091150448383,70.7967267604437
16.579999999999792,1513.7723483169846,193.28122721773633,-1.2953935478779595e-16,2.499259413138062e-18,3.4280255499448544,-1.6944837829180652e-18,-4.855632693380261,-2.3277296551428447e-18,120.88509117210664,70.79726552765575
16.589999999999794,1514.6882044227252,193.43833787853242,-1.2961906783513904e-16,2.5353413889904966e-18,3.3920276604524213,-1.6011430501072419e-18,-4.881128677006851,-2.417675126314734e-18,120.85928208227025,70.79780304907908
16.599999999999795,1515.603915555907,193.59507587011493,-1.2969862127396036e-16,2.5706509806585155e-18,3.356864892150059,-1.50981205804566e-18,-4.905669657145036,-2.5054549257433666e-18,120.83348384725065,70.79833931438903
16.609999999999797,1516.5194823824047,193.7514383891408,-1.2977801311723361e-16,2.6051929618910643e-18,3.3225414308049506,-1.4204877522312868e-18,-4.929256541726228,-2.5910732575530177e-18,120.80769607816072,70.79887431361804
16.6199999999998,1517.4349055484188,193.9074227365278,-1.2985724145223808e-16,2.6389722217643968e-18,3.289061195843094,-1.333166475807237e-18,-4.951890498699894,-2.6745349901577378e-18,120.78191838480053,70.79940803715492
16.6299999999998,1518.350185680571,194.06302631718586,-1.2993630443979006e-16,2.671993758710976e-18,3.256427842114626,-1.2478439811321168e-18,-4.973572952924618,-2.755845644134944e-18,120.75615037550756,70.79994047574398
16.6399999999998,1519.265323386006,194.2182466397212,-1.3001520031346682e-16,2.7042626747178533e-18,3.2246447617182237,-1.1645154413247845e-18,-4.994305583016744,-2.8350113800543766e-18,120.73039165700688,70.80047162048427
16.649999999999803,1520.1803192524944,194.37308131611414,-1.3009392737882356e-16,2.7357841696940505e-18,3.193715085883226,-1.0831754617811418e-18,-5.014090318158142,-2.9120389862679926e-18,120.70464183426276,70.8010014628285
16.659999999999805,1521.0951738485423,194.52752806137062,-1.3017248401260354e-16,2.7665635360062083e-18,3.163641686908022,-1.0038180916605888e-18,-5.0329293348648045,-2.986935866666365e-18,120.67890051033031,70.80152999458195
16.669999999999806,1522.0098877235018,194.6815846931481,-1.3025086866194189e-16,2.796606153181654e-18,3.134427180153382,-9.264368353398407e-19,-5.050825053717764,-3.059710028406977e-18,120.65316728620914,70.80205720790137
16.679999999999808,1522.9244614076863,194.835249131356,-1.3032907984356357e-16,2.8259174827778307e-18,3.106073926089312,-8.510246638318177e-19,-5.067780136057955,-3.1303700696197836e-18,120.62744176069826,70.80258309529368
16.68999999999981,1523.8388954124887,194.9885193977311,-1.304071161429755e-16,2.8545030634168927e-18,3.0785840323941014,-7.775740261673729e-19,-5.083797480646547,-3.1989251670952887e-18,120.60172353025297,70.80310764961466
16.69999999999981,1524.7531902305027,195.1413936153883,-1.3048497621365355e-16,2.882368505984096e-18,3.051959356104185,-7.060768607376423e-19,-5.098880220292274,-3.2653850639603006e-18,120.57601218884399,70.80363086406746
16.709999999999813,1525.6673463356465,195.29387000834728,-1.3056265877622458e-16,2.9095194889884955e-18,3.02620150581351,-6.36524606594849e-19,-5.113031718447258,-3.3297600573464346e-18,120.55030732781901,70.80415273220112
16.719999999999814,1526.5813641832897,195.44594690103517,-1.3064016261764382e-16,2.935961754084267e-18,3.001311843921046,-5.689082147094064e-19,-5.1262555657728495,-3.3920609860563485e-18,120.52460853576699,70.80467324790901
16.729999999999816,1527.495244210383,195.59762271776583,-1.30717486590368e-16,2.9617011017509146e-18,2.977291488925146,-5.032181591812125e-19,-5.138555576676904,-3.4522992182325784e-18,120.49891539838566,70.80519240542708
16.739999999999817,1528.4089868355893,195.74889598219613,-1.3079462961152457e-16,2.9867433871303972e-18,2.954141317763416,-4.394444484030401e-19,-5.1499357858240025,-3.510486639033778e-18,120.47322749835197,70.80571019933224
16.74999999999982,1529.3225924594187,195.8997653167595,-1.3087159066207726e-16,3.011094516019184e-18,2.931861968196833,-3.775766361739715e-19,-5.160400444620001,-3.566635638323038e-18,120.44754441519642,70.80622662454032
16.75999999999982,1530.2360614643635,196.0502294420773,-1.309483687859883e-16,3.0347604410130543e-18,2.910453841236779,-3.1760383276083513e-19,-5.169954017672365,-3.620759098372874e-18,120.42186572518084,70.80674167630431
16.769999999999822,1531.149394215037,196.20028717634835,-1.310249630893777e-16,3.057747157802398e-18,2.8899171036137346,-2.5951471590564672e-19,-5.178601179227668,-3.6728703815914016e-18,120.39619100118036,70.80725535021233
16.779999999999824,1532.062591058314,196.34993743471702,-1.311013727396798e-16,3.0800607016156433e-18,2.870251690286353,-2.032975417770669e-19,-5.186346809587643,-3.722983318274057e-18,120.37051981256951,70.80776764218555
16.789999999999825,1532.9756523234712,196.49917922862028,-1.3117759696479738e-16,3.101707143808351e-18,2.8514573069896576,-1.4894015586392553e-19,-5.193195991505148,-3.771112194385201e-18,120.34485172511268,70.80827854847607
16.799999999999827,1533.8885783223318,196.64801166511418,-1.312536350522537e-16,3.1226925885954215e-18,2.8335334328210893,-9.643000380887942e-20,-5.199154006561417,-3.8172717393737686e-18,120.31918630085924,70.80878806566469
16.809999999999828,1534.80136934941,196.79643394618023,-1.313294863483427e-16,3.143023169923768e-18,2.816479322863189,-4.5754142180299854e-20,-5.204226331525889,-3.86147711402711e-18,120.29352309804341,70.80929619065861
16.81999999999983,1535.7140256820567,196.9444453680118,-1.3140515025727768e-16,3.162705048482752e-18,2.8002940108416547,3.1007508194886544e-21,-5.2084186346999735,-3.9037438983669785e-18,120.26786167098895,70.8098029206892
16.82999999999983,1536.6265475806078,197.0920453202813,-1.3148062624033868e-16,3.181744408849571e-18,2.784976311817567,5.0148364711474077e-20,-5.211736772246027,-3.944088079591611e-18,120.24220157001935,70.81030825330939
16.839999999999833,1537.5389352885327,197.23923328538842,-1.3155591381501889e-16,3.200147456766743e-18,2.7705248249125436,9.540274616455496e-20,-5.214186784502836,-3.982526040067691e-18,120.21654234137273,70.81081218639133
16.849999999999834,1538.4511890325832,197.38600883768984,-1.316310125541703e-16,3.217920416548776e-18,2.756937936065643,1.3887828848927452e-19,-5.215774892288865,-4.019074545375913e-18,120.19088352712262,70.81131471812381
16.859999999999836,1539.3633090229448,197.5323716427108,-1.31705922085149e-16,3.235069528615023e-18,2.7442138208207956,1.8058972120246722e-19,-5.216507493194532,-4.053750732413757e-18,120.16522466510405,70.81181584700961
16.869999999999838,1540.275295453388,197.6783214563391,-1.3178064208896e-16,3.2516010471456946e-18,2.7323504471435864,2.2055209966456913e-19,-5.216391157864748,-4.0865720975590075e-18,120.13956528884528,70.81231557186285
16.87999999999984,1541.1871485014203,197.82385812400156,-1.3185517229940255e-16,3.2675212378579756e-18,2.7213455782662064,2.5878079479131596e-19,-5.215432626272915,-4.1175564848974205e-18,120.11390492750546,70.8128138918063
16.88999999999984,1542.0988683284395,197.96898157982417,-1.319295125022152e-16,3.2828363758990828e-18,2.7111967755593933,2.9529148284152395e-19,-5.213638803987645,-4.146722074517905e-18,120.08824310581798,70.81331080626848
16.899999999999842,1543.0104550798862,198.1136918457753,-1.3200366253422185e-16,3.297552743853146e-18,2.701901401430214,3.30100135282623e-19,-5.211016758433317,-4.1740873708784065e-18,120.06257934403985,70.81380631498087
16.909999999999844,1543.9219088853988,198.2579890307931,-1.3207762228247831e-16,3.3116766298587e-18,2.693456622244528,3.6322300873558144e-19,-5.207573715145703,-4.199671191245689e-18,120.03691315790718,70.81430041797503
16.919999999999845,1544.833229858967,198.4018733298976,-1.3215139168341999e-16,3.325214325833608e-18,2.6858594112729937,3.9467663500083344e-19,-5.203317054023789,-4.2234926542120315e-18,120.01124405859669,70.81479311557956
16.929999999999847,1545.7444180990863,198.54534502328715,-1.3222497072201066e-16,3.3381721258041328e-18,2.6791065516594688,4.2447781116678673e-19,-5.198254305578957,-4.245571168291824e-18,119.98557155269329,70.8152844084172
16.93999999999985,1546.6554736889138,198.68840447542064,-1.3229835943089287e-16,3.3505563243349535e-18,2.6731946394107093,4.526435898024647e-19,-5.192393147182628,-4.265926420600916e-18,119.95989514216417,70.81577429740162
16.94999999999985,1547.5663966964225,198.83105213408513,-1.3237155788953985e-16,3.3623732150568383e-18,2.66812008640622,4.791912692357956e-19,-5.185741399313499,-4.284578365621521e-18,119.93421432433891,70.81626278373436
16.95999999999985,1548.4771871745563,198.97328852944963,-1.324445662234094e-16,3.373629089288713e-18,2.6638791234271753,5.041383839190411e-19,-5.178307021805472,-4.301547214055366e-18,119.90852859189584,70.81674986890171
16.969999999999853,1549.3878451613857,199.1151142731056,-1.325173846030998e-16,3.3843302347508388e-18,2.6604678032032996,5.275026948828092e-19,-5.170098110097344,-4.3168534217676834e-18,119.88283743285501,70.81723555467144
16.979999999999855,1550.2983706802627,199.2565300570942,-1.32590013243508e-16,3.3944829343658472e-18,2.6578820034766273,5.493021802800779e-19,-5.16112289148532,-4.330517678824589e-18,119.85714033057711,70.81771984308953
16.989999999999856,1551.2087637399761,199.39753665292108,-1.3266245240299037e-16,3.404093465144344e-18,2.6561174300810713,5.695550260216095e-19,-5.151389721379428,-4.342560898626282e-18,119.83143676376896,70.81820273647686
16.999999999999858,1552.119024334907,199.5381349105588,-1.32734702382526e-16,3.413168097151826e-18,2.65516962003671,5.882796165041041e-19,-5.140907079564839,-4.353004207138402e-18,119.80572620649535,70.81868423742594
17.00999999999986,1553.0291524451823,199.6783257574377,-1.3280676352488293e-16,3.421713092553679e-18,2.6550339446577693,6.054945254324098e-19,-5.1296835664691365,-4.361868932223847e-18,119.78000812819698,70.81916434879741
17.01999999999986,1553.939148036831,199.8181101974253,-1.328786362137875e-16,3.4297347047350044e-18,2.65570561267322,6.212185067370582e-19,-5.11772789943653,-4.369176593077236e-18,119.75428199371483,70.81964307371666
17.029999999999863,1554.8490110619377,199.95748930979468,-1.329503208730967e-16,3.4372391774920835e-18,2.657179673358983,6.354704855883705e-19,-5.105048909009999,-4.3749488897641184e-18,119.72854726332078,70.82012041557036
17.039999999999864,1555.758741458797,200.0964642481824,-1.3302181796597415e-16,3.4442327442922643e-18,2.659451019680681,6.482695495083274e-19,-5.091655535222352,-4.379207692866978e-18,119.70280339275457,70.82059637800288
17.049999999999866,1556.6683391520671,200.23503623953636,-1.330931279940695e-16,3.4507216275991427e-18,2.6625143914459457,6.596349395813676e-19,-5.077556823897175,-4.381975033239992e-18,119.67704983326654,70.82107096491289
17.059999999999867,1557.5778040529233,200.37320658305381,-1.3316425149670146e-16,3.4567120382598843e-18,2.6663643784652686,6.695860417652344e-19,-5.062761922960566,-4.383273091874417e-18,119.65128603166687,70.8215441804496
17.06999999999987,1558.4871360592115,200.5109766491102,-1.3323518905004507e-16,3.4622101749515983e-18,2.6709954237203872,6.781423783029479e-19,-5.047280078764648,-4.383124189876411e-18,119.62551143038083,70.82201602900932
17.07999999999987,1559.3963350556003,200.6483478781791,-1.3330594126632252e-16,3.4672222236836856e-18,2.6764018265392258,6.853235992369466e-19,-5.031120632423724,-4.3815507785590385e-18,119.59972546750977,70.82248651523165
17.089999999999872,1560.3054009137331,200.78532177974353,-1.3337650879299854e-16,3.471754357353158e-18,2.682577745776419,6.9114947402639e-19,-5.014293016164015,-4.378575429650092e-18,119.57392757689828,70.82295564399593
17.099999999999874,1561.2143334923808,200.9218999311993,-1.3344689231197986e-16,3.475812735349937e-18,2.689517202998447,6.956398832685818e-19,-4.996806749687827,-4.374220825617355e-18,119.54811718820707,70.82342342041744
17.109999999999875,1562.1231326375917,201.0580839767508,-1.3351709253881928e-16,3.479403503209176e-18,2.6972140856724174,6.988148105254234e-19,-4.978671436553055,-4.368509750112787e-18,119.52229372699146,70.82388984984372
17.119999999999877,1563.0317981828432,201.19387562629913,-1.3358711022192432e-16,3.4825327923077485e-18,2.7056621503575724,7.006943342557655e-19,-4.9598967605688555,-4.361465078537105e-18,119.4964566147859,70.82435493785081
17.129999999999878,1563.940329949192,201.32927665432382,-1.336569461417705e-16,3.4852067196020184e-18,2.7148550258985615,7.012986198544863e-19,-4.940492482208325,-4.353109768726143e-18,119.47060526919344,70.82481869023944
17.13999999999988,1564.8487277454226,201.46428889875762,-1.3372660111011958e-16,3.487431387404136e-18,2.7247862166195715,7.006479117990757e-19,-4.920468435039037,-4.3434668517602855e-18,119.44473910398129,70.82528111303118
17.14999999999988,1565.7569913681982,201.59891425985555,-1.337960759692427e-16,3.4892128831940796e-18,2.735449105518388,6.987625259044573e-19,-4.8998345221722195,-4.33255942289824e-18,119.41885752918101,70.82574221246475
17.159999999999883,1566.6651206022077,201.73315469905796,-1.3386537159114863e-16,3.4905572794648055e-18,2.746836957459508,6.956628416867524e-19,-4.878600712731376,-4.320410632636322e-18,119.39295995119456,70.82620199499196
17.169999999999884,1567.5731152203145,201.86701223784846,-1.3393448887681732e-16,3.491470633597826e-18,2.7589429223653825,6.913692948366163e-19,-4.856777038341141,-4.307043677894385e-18,119.36704577290487,70.82666046727401
17.179999999999886,1568.480974983704,202.00048895660683,-1.3400342875543859e-16,3.491958987766672e-18,2.7717600384049295,6.859023698027637e-19,-4.834373589637126,-4.292481793329427e-18,119.3411143937917,70.8271176361775
17.189999999999888,1569.38869964203,202.13358699345739,-1.3407219218365625e-16,3.492028368865748e-18,2.7852812351784495,6.792825924862305e-19,-4.811400512797503,-4.276748242777897e-18,119.31516521005211,70.8275735087706
17.19999999999989,1570.2962889335608,202.26630854311315,-1.34140780144818e-16,3.49168478846207e-18,2.7994993368980645,6.715305230458856e-19,-4.7878680060970815,-4.259866310827616e-18,119.28919761472577,70.828028092319
17.20999999999989,1571.2037425853262,202.39865585571627,-1.3420919364823052e-16,3.49093424276758e-18,2.814407065562862,6.626667488156603e-19,-4.763786316484569,-4.2418592945201825e-18,119.26321099782459,70.82848139428211
17.219999999999892,1572.1110603132609,202.53063123567492,-1.342774337284206e-16,3.489782712629618e-18,2.829997044127874,6.527118773339087e-19,-4.739165736183751,-4.2227504951847074e-18,119.23720474646679,70.82893342230899
17.229999999999894,1573.0182418223499,202.66223704049722,-1.3434550144440188e-16,3.488236163537411e-18,2.8462617996661135,6.416865294852864e-19,-4.714016599319257,-4.202563210403585e-18,119.21117824501543,70.82938418423448
17.239999999999895,1573.9252868067726,202.79347567962247,-1.3441339787894758e-16,3.486300545642254e-18,2.863193766522795,6.296113327554589e-19,-4.68834927856762,-4.181320726111053e-18,119.18513087522058,70.8298336880752
17.249999999999897,1574.8321949500462,202.92434961325,-1.3448112413786904e-16,3.483981793789384e-18,2.880785289461,6.165069145989437e-19,-4.662174181834238,-4.15904630882513e-18,119.15906201636575,70.83028194202544
17.2599999999999,1575.7389659251678,203.054861351166,-1.3454868134930036e-16,3.4812858275593934e-18,2.8990286267979446,6.02393895920307e-19,-4.63550174895696,-4.135763198013569e-18,119.13297104541795,70.83072895445336
17.2699999999999,1576.6455993947577,203.18501345156892,-1.3461607066298917e-16,3.478218551317254e-18,2.917915953531106,5.872928846689243e-19,-4.608342448436859,-4.1114945985943254e-18,119.1068573371812,70.8311747338969
17.2799999999999,1577.5520950112007,203.3148085198934,-1.3468329324959353e-16,3.474785854266999e-18,2.9374393644534225,5.712244695474464e-19,-4.580706774196831,-4.0862636735710186e-18,119.08072026445377,70.83161928905973
17.289999999999903,1578.458452416787,203.4442492076334,-1.347503502999851e-16,3.4709936105102365e-18,2.9575908772568216,5.542092138340781e-19,-4.552605242368663,-4.060093536803828e-18,119.05455919818839,70.83206262880731
17.299999999999905,1579.3646712438535,203.57333821116472,-1.3481724302455848e-16,3.4668476791066764e-18,2.9783624356233194,5.362676493187351e-19,-4.5240483881090805,-4.033007245916189e-18,119.02837350765562,70.83250476216283
17.309999999999906,1580.270751114924,203.70207827056743,-1.3488397265254707e-16,3.4623539041350227e-18,2.9997459123029824,5.174202703530966e-19,-4.495046762445426,-4.005027795337613e-18,119.00216256061017,70.83294569830319
17.319999999999908,1581.1766916428483,203.83047216844813,-1.3495054043134528e-16,3.457518114752518e-18,3.021733112177998,4.976875280145277e-19,-4.465610929151475,-3.976178109482879e-18,118.97592572345997,70.83338544655508
17.32999999999991,1582.0824924309416,203.95852272876292,-1.3501694762583708e-16,3.4523461252516294e-18,3.0443157753121843,4.770898243838104e-19,-4.435751461653942,-3.946481036067852e-18,118.94966236143766,70.83382401639079
17.33999999999991,1582.988153073124,204.08623281564107,-1.3508319551773127e-16,3.4468437351123457e-18,3.067485579985207,4.556475069365714e-19,-4.4054789399702425,-3.915959339562074e-18,118.9233718387746,70.83426141742436
17.349999999999913,1583.8936731540582,204.21360533220977,-1.3514928540490314e-16,3.4410167290486613e-18,3.091234145710849,4.333808630482611e-19,-4.374803947677962,-3.884635694778254e-18,118.89705351887704,70.83469765940741
17.359999999999914,1584.7990522492871,204.34064321942031,-1.352152186007428e-16,3.4348708770478917e-18,3.1155530362386274,4.1031011461249166e-19,-4.343737068916595,-3.852532680598731e-18,118.87070676450423,70.83513275222532
17.369999999999916,1585.7042899253718,204.46734945487606,-1.3528099643351007e-16,3.4284119344015435e-18,3.140433762538143,3.864554127725104e-19,-4.312288885422005,-3.819672773838941e-18,118.84433093794853,70.83556670589303
17.379999999999917,1586.6093857400283,204.59372705166246,-1.3534662024569624e-16,3.4216456417264834e-18,3.165867785765457,3.6183683276553386e-19,-4.280469973594071,-3.7860783432478515e-18,118.81792540121697,70.83599953055115
17.38999999999992,1587.5143392422644,204.7197790571794,-1.3541209139339227e-16,3.4145777249753083e-18,3.191846520210918,3.364743688796426e-19,-4.2482909015980175,-3.751771643645309e-18,118.79148951621457,70.83643123646193
17.39999999999992,1588.419149972516,204.8455085519764,-1.3547741124566396e-16,3.4072138954347783e-18,3.2183613362277588,3.103879295228877e-19,-4.215762226499815,-3.716774810196184e-18,118.76502264492864,70.83686183400535
17.409999999999922,1589.3238174627825,204.97091864859053,-1.3554258118393372e-16,3.399559849711333e-18,3.245403563140895,2.8359733240423203e-19,-4.1828944914361275,-3.68110985282115e-18,118.73852414961448,70.837291333675
17.419999999999924,1590.2283412367628,205.09601249038786,-1.356076026013693e-16,3.391621269702767e-18,3.2729644921353125,2.5612229982590923e-19,-4.149698222819203,-3.644798650743897e-18,118.7119933929819,70.83771974607424
17.429999999999925,1591.1327208099908,205.2207932504084,-1.3567247690227922e-16,3.3834038225550998e-18,3.3010353791234253,2.279824540867446e-19,-4.116183927577092,-3.607862947174528e-18,118.68542973838241,70.83814708191218
17.439999999999927,1592.0369556899695,205.34526413021487,-1.357372055015151e-16,3.374913160603938e-18,3.3296074475908863,1.9919731299595845e-19,-4.082362090429605,-3.5703243441288595e-18,118.65883254999727,70.83857335199976
17.44999999999993,1592.9410453763069,205.46942835874572,-1.3580178982388082e-16,3.3661549212994954e-18,3.358671891420237,1.6978628549692725e-19,-4.048243171200362,-3.5322042973832725e-18,118.63220119302567,70.83899856724581
17.45999999999993,1593.844989360849,205.59328919117252,-1.3586623130354866e-16,3.3571347271146217e-18,3.388219877691869,1.3976866740035284e-19,-4.013837602165309,-3.493524111564769e-18,118.60553503387327,70.83942273865316
17.46999999999993,1594.748787127815,205.7168499077621,-1.3593053138348222e-16,3.3478581854352217e-18,3.41824254946175,1.0916363722625666e-19,-3.9791557854380284,-3.4543049353757848e-18,118.57883344034084,70.83984587731469
17.479999999999933,1595.65243815393,205.84011381274374,-1.3599469151486635e-16,3.3383308884324904e-18,3.448731028515399,7.799025215418374e-20,-3.944208090392168,-3.4145677569533234e-18,118.55209578181275,70.84026799440943
17.489999999999934,1596.5559419085605,205.96308423318146,-1.3605871315654396e-16,3.3285584129164845e-18,3.479676418097579,4.6267444080974395e-20,-3.909004851121346,-3.374333399361908e-18,118.52532142944511,70.84068910119886
17.499999999999936,1597.4592978538458,206.08576451785208,-1.361225977744598e-16,3.3185463201705775e-18,3.5110698056172214,1.4014015785429774e-20,-3.873556363936765,-3.3336225162198075e-18,118.4985097563536,70.84110920902278
17.509999999999938,1598.3625054448325,206.20815803612885,-1.3618634684111124e-16,3.3083001557664332e-18,3.5429022653270823,-1.8751362800827596e-20,-3.837872884902899,-3.2924555874579677e-18,118.47166013780055,70.84152832929573
17.51999999999994,1599.2655641296074,206.33026817687121,-1.3624996183500581e-16,3.2978254493591595e-18,3.5751648609776505,-5.201015821702587e-20,-3.801964627411461,-3.2508529152110243e-18,118.44477195138145,70.84194647350303
17.52999999999994,1600.1684733494294,206.45209834732094,-1.3631344424012602e-16,3.2871277144624074e-18,3.6078486484448606,-8.574397699220009e-20,-3.7658417597939584,-3.208834619839759e-18,118.4178445772101,70.84236365319704
17.539999999999942,1601.0712325388638,206.5736519720047,-1.3637679554540087e-16,3.2762124482031788e-18,3.6409446783311337,-1.1993456906021116e-19,-3.7295144029730647,-3.1664206360842766e-18,118.39087739810329,70.84277987999339
17.549999999999944,1601.9738411259134,206.69493249164347,-1.3644001724418451e-16,3.2650851310562044e-18,3.67444399853932,-1.5456383107162695e-19,-3.6929926281530348,-3.1236307093472228e-18,118.36386979976355,70.84319516556722
17.559999999999945,1602.8762985321518,206.81594336206888,-1.3650311083374182e-16,3.253751226557791e-18,3.708337656819112,-1.896138096032913e-19,-3.656286454549405,-3.0804843921062273e-18,118.33682117096102,70.84360952164944
17.569999999999947,1603.778604172856,206.93668805314698,-1.3656607781474092e-16,3.2422161809990717e-18,3.7426167032855147,-2.250667042664241e-19,-3.619405847158164,-3.0370010404548087e-18,118.30973090371349,70.84402296002307
17.57999999999995,1604.6807574571371,207.0571700477094,-1.3662891969075276e-16,3.2304854230986928e-18,3.777272192908956,-2.609048707141215e-19,-3.5823607145646,-2.993199810770891e-18,118.28259839346472,70.84443549251952
17.58999999999995,1605.582757788074,207.17739284049222,-1.3669163796775765e-16,3.2185643636549424e-18,3.8122951879766562,-2.971108235491406e-19,-3.545160906792002,-2.949099656512063e-18,118.25542303926116,70.84484713101497
17.59999999999995,1606.484604562845,207.29735993708272,-1.367542341536587e-16,3.2064583951774653e-18,3.8476767605249007,-3.3366723913287404e-19,-3.507816213190388,-2.904719325136681e-18,118.22820424392626,70.84525788742673
17.609999999999953,1607.3862971728593,207.4170748528744,-1.3681670975780237e-16,3.1941728914986544e-18,3.88340799474177,-3.705569582964374e-19,-3.470336360365399,-2.860077355149876e-18,118.20094141423303,70.84566777370958
17.619999999999955,1608.2878350038889,207.53654111203033,-1.3687906629050588e-16,3.1817132073649572e-18,3.9194799893400916,-4.07762988954811e-19,-3.4327310101475224,-2.815192073273494e-18,118.1736339610742,70.84607680185239
17.629999999999956,1609.1892174362008,207.6557622464549,-1.3694130526259158e-16,3.169084678008279e-18,3.9558838599001462,-4.452685086249871e-19,-3.395009757601758,-2.7700815917389768e-18,118.14628129962983,70.84648498387433
17.639999999999958,1610.090443844689,207.77474179477457,-1.3700342818492846e-16,3.1562926186977924e-18,3.992610741181892,-4.830568668490996e-19,-3.357182129077844,-2.724763805702135e-18,118.1188828495327,70.84689233182152
17.64999999999996,1610.9915135990047,207.8934833013274,-1.3706543656798033e-16,3.1433423242724443e-18,4.029651789406343,-5.2111158752351725e-19,-3.3192575803011573,-2.6792563907787727e-18,118.09143803503069,70.84729885776349
17.65999999999996,1611.89242606369,208.0119903151618,-1.3712733192136114e-16,3.1302390686544936e-18,4.066998184505789,-5.594163711348959e-19,-3.281245494504367,-2.633576800700048e-18,118.06394628514673,70.84770457378974
17.669999999999963,1612.7931805983076,208.13026638904466,-1.371891157533973e-16,3.1169881043445064e-18,4.104641132342595,-5.979550969042083e-19,-3.2431551805999295,-2.587742265086466e-18,118.0364070338356,70.84810949200629
17.679999999999964,1613.6937765575735,208.2483150784789,-1.3725078957069669e-16,3.1035946618981938e-18,4.142571866896268,-6.367118248397638e-19,-3.204995871393474,-2.5417697873393373e-18,118.0088197201379,70.84851362453236
17.689999999999966,1614.5942132914884,208.3661399407308,-1.3731235487772484e-16,3.09006394938556e-18,4.180781652418544,-6.756707977002578e-19,-3.1667767218381684,-2.4956761426485407e-18,117.9811837883308,70.84891698349692
17.699999999999967,1615.494490145468,208.48374453386714,-1.3737381317638783e-16,3.076401151832846e-18,4.219261785556199,-7.1481644286888535e-19,-3.128506807330058,-2.44947787611537e-18,117.95349868807563,70.84931958103545
17.70999999999997,1616.3946064604763,208.60113241580245,-1.374351659656223e-16,3.0626114306477884e-18,4.258003597441386,-7.541333741395788e-19,-3.0901951220444546,-2.4031913009892396e-18,117.92576387456225,70.84972142928656
17.71999999999997,1617.294561573155,208.71830714335636,-1.374964147409921e-16,3.048699923028735e-18,4.296998455749222,-7.936063934164171e-19,-3.051850577313358,-2.3568324970169937e-18,117.89797880864974,70.85012254038884
17.729999999999972,1618.1943548159566,208.83527227132134,-1.3755756099429207e-16,3.0346717413581975e-18,4.336237766722421,-8.332204923272842e-19,-3.01348200004394,-2.3104173089035317e-18,117.87014295700385,70.85052292647752
17.739999999999974,1619.0939855172737,208.95203135154114,-1.3761860621315853e-16,3.020531972581436e-18,4.375712977162769,-8.729608537528396e-19,-2.975098131178075,-2.2639613448824418e-18,117.84225579223083,70.85092259968137
17.749999999999975,1619.9934530015723,209.0685879319995,-1.3767955188068668e-16,3.0062856775707e-18,4.415415576389195,-9.12812853271886e-19,-2.936707624192889,-2.217479975395322e-18,117.81431679300742,70.8513215721195
17.759999999999977,1620.8927565895215,209.18494555592008,-1.3774039947505485e-16,2.9919378904757828e-18,4.455337098162328,-9.527620605242106e-19,-2.8983190436423394,-2.170988331878432e-18,117.78632544420724,70.85171985589831
17.76999999999998,1621.7918955981247,209.30110776087702,-1.3780115046915558e-16,2.9774936180615458e-18,4.495469122575286,-9.927942404919945e-19,-2.8599408637397223,-2.1245013056552893e-18,117.75828123702333,70.8521174631083
17.77999999999998,1622.6908693408513,209.4170780779168,-1.3786180633023352e-16,2.9629578390331057e-18,4.535803277910562,-1.032895354700875e-18,-2.8215814669811157,-2.07803354693384e-18,117.7301836690867,70.85251440582114
17.78999999999998,1623.5896771277673,209.5328600306912,-1.3792236851953012e-16,2.9483355033494013e-18,4.576331242462877,-1.073051562341758e-18,-2.783249142809668,-2.031599463906765e-18,117.70203224458099,70.85291069608658
17.799999999999983,1624.4883182656658,209.64845713460156,-1.3798283849193513e-16,2.933631531525862e-18,4.617044746327821,-1.1132492213144797e-18,-2.744952086320652,-1.9852132219534966e-18,117.67382647435328,70.85330634592957
17.809999999999985,1625.3867920581981,209.7638728959546,-1.380432176956449e-16,2.918850813926899e-18,4.657935573156142,-1.1534748891944045e-18,-2.7066983970072243,-1.9388887429424993e-18,117.64556587602029,70.85370136734724
17.819999999999986,1626.2850978060044,209.87911081112975,-1.3810350757182741e-16,2.9039982100490133e-18,4.69899556187363,-1.1937153241230712e-18,-2.6684960775467768,-1.8926397046323286e-18,117.61724997407109,70.85409577230612
17.829999999999988,1627.1832348068442,209.99417436575823,-1.3816370955429402e-16,2.8890785477952488e-18,4.740216608366394,-1.2339574856239806e-18,-2.630353032627777,-1.846479540169996e-18,117.58887829996509,70.85448957273917
17.83999999999999,1628.0812023557266,210.10906703391382,-1.38223825069178e-16,2.874096622741793e-18,4.781590667131502,-1.2741885353446205e-18,-2.592277067816993,-1.8004214376851226e-18,117.56045039222613,70.85488278054306
17.84999999999999,1628.9789997450405,210.22379227731557,-1.3828385553461983e-16,2.8590571973975185e-18,4.823109752892878,-1.3143958377258369e-18,-2.5542758884669623,-1.7544783399783704e-18,117.53196579653218,70.85527540757539
17.859999999999992,1629.876626264685,210.33835354454254,-1.38343802360459e-16,2.8439650004572352e-18,4.864765942182361,-1.354566960599637e-18,-2.5163570986635815,-1.7086629443026227e-18,117.50342406580066,70.85566746565192
17.869999999999994,1630.774081202199,210.4527542702606,-1.3840366694793278e-16,2.828824726049501e-18,4.9065513748858836,-1.3946896757165323e-18,-2.4785282002136584,-1.6629877022353525e-18,117.47482476026953,70.85605896654391
17.879999999999995,1631.6713638428914,210.56699787446135,-1.3846345068938134e-16,2.8136410329797617e-18,4.948458255754711,-1.4347519592035075e-18,-2.440796591672278,-1.6174648196406328e-18,117.44616744757391,70.85644992197551
17.889999999999997,1632.5684734699698,210.68108776171331,-1.3852315496795985e-16,2.7984185439696665e-18,4.990478855881686,-1.4747419919537084e-18,-2.40316956740982,-1.5721062567192142e-18,117.41745170281845,70.85684034362109
17.9,1633.4654093646704,210.79502732042562,-1.385827811573569e-16,2.7831618448933607e-18,5.03260551414244,-1.5146481599489438e-18,-2.3656543167184383,-1.5269237281450873e-18,117.38867710864503,70.8572302431027
17.91,1634.362170806387,210.90881992212385,-1.3864233062151976e-16,2.7678754840115938e-18,5.074830638601588,-1.5544590545160812e-18,-2.328257922957835,-1.4819287032869382e-18,117.35984325529627,70.8576196319876
17.92,1635.2587570727997,211.02246892073856,-1.387018047143861e-16,2.752563971204454e-18,5.1171467078838395,-1.5941634725184198e-18,-2.2909873627401183,-1.4371324065128953e-18,117.33094974067453,70.8580085217857
17.930000000000003,1636.1551674400032,211.13597765190622,-1.387612047796223e-16,2.7372317772035573e-18,5.1595462725100605,-1.6337504164831217e-18,-2.2538495051535534,-1.3925458175769653e-18,117.30199617039634,70.85839692394718
17.940000000000005,1637.0514011826356,211.24934943228283,-1.3882053215036847e-16,2.721883332824512e-18,5.202021956198272,-1.6732090946657707e-18,-2.216851111024988,-1.348179672085534e-18,117.27298215784245,70.85878484986007
17.950000000000006,1637.9474575740057,211.36258755887025,-1.388797881489897e-16,2.706523028200492e-18,5.244566457129634,-1.712528921053138e-18,-2.179998832220726,-1.3040444620423124e-18,117.24390732420355,70.85917231084797
17.960000000000008,1638.8433358862208,211.47569530835509,-1.3893897408683407e-16,2.6911552120177112e-18,5.287172549179397,-1.7516995153052077e-18,-2.1432992109856355,-1.260150436470103e-18,117.21477129852124,70.85955931816758
17.97000000000001,1639.7390353903138,211.58867593646053,-1.389980912639972e-16,2.6757841907536298e-18,5.32983308311289,-1.79071070263753e-18,-2.106758679320233,-1.21650760210775e-18,117.18557371772486,70.85994588300667
17.98000000000001,1640.6345553563701,211.70153267731087,-1.3905714096909288e-16,2.6604142279187014e-18,5.372540987746599,-1.8295525136449555e-18,-2.0703835583955015,-1.1731257241806348e-18,117.15631422666368,70.86033201648164
17.990000000000013,1641.529895053654,211.8142687428089,-1.3911612447903068e-16,2.6450495433024393e-18,5.415289271074352,-1.8682151840677983e-18,-2.0341800580052074,-1.1300143272430871e-18,117.12699247813467,70.86071772963545
18.000000000000014,1642.4250537507342,211.9268873220263,-1.3917504305879954e-16,2.629694312224627e-18,5.458071021358738,-1.9066891545014717e-18,-1.998154276055415,-1.087182696091054e-18,117.09760813290603,70.86110303343553
18.010000000000016,1643.32003071561,212.0393915806067,-1.39233897961258e-16,2.6143526647924228e-18,5.500879408187762,-1.9449650700506306e-18,-1.9623121980909621,-1.0446398767434013e-18,117.06816085973612,70.86148793877157
18.020000000000017,1644.214825215836,212.15178466018196,-1.3929269042693076e-16,2.5990286851641647e-18,5.543707683496888,-1.983033779928867e-18,-1.9266596968585998,-1.0023946774901882e-18,117.03865033538823,70.86187245645365
18.03000000000002,1645.1094365186464,212.26406967780125,-1.3935142168381152e-16,2.5837264108206206e-18,5.586549182556537,-2.020886337004957e-18,-1.8912025319065027,-9.604556700062849e-19,117.0090762446408,70.86225659720999
18.04000000000002,1646.003863891079,212.37624972537313,-1.3941009294717225e-16,2.5684498318444427e-18,5.629397324925126,-2.058513997296712e-18,-1.8559463492198824,-9.188311905286818e-19,116.97943828029359,70.86264037168526
18.050000000000022,1646.8981066000986,212.48832786912072,-1.3946870541937866e-16,2.553202890208563e-18,5.672245615367783,-2.0959082194134056e-18,-1.8208966808923623,-8.77529341095857e-19,116.94973614316933,70.86302379043849
18.060000000000024,1647.7921639127198,212.60030714904974,-1.3952726028971195e-16,2.5379894790742855e-18,5.715087644740873,-2.1330606639478336e-18,-1.7860589448328519,-8.365579908475609e-19,116.91996954211137,70.86340686394131
18.070000000000025,1648.6860350961297,212.71219057842967,-1.3958575873419694e-16,2.5228134420997374e-18,5.757917090842412,-2.16996319281895e-18,-1.7514384445075608,-7.9592477738338915e-19,116.89013819397691,70.86378960257602
18.080000000000027,1649.5797194178083,212.82398114328788,-1.3964420191543622e-16,2.507678572759444e-18,5.800727719228575,-2.2066078685661214e-18,-1.7170403687168476,-7.556371081785083e-19,116.86024182362634,70.86417201663393
18.09000000000003,1650.4732161456502,212.93568180191681,-1.397025909824506e-16,2.492588613675658e-18,5.8435133839963775,-2.2429869535959503e-18,-1.6828697914065915,-7.15702162054919e-19,116.83028016390823,70.86455411631353
18.10000000000003,1651.3665245480847,213.04729548439414,-1.3976092707052577e-16,2.4775472559621596e-18,5.886268028532757,-2.2790929093826658e-18,-1.6489316715137137,-6.7612689070663295e-19,116.80025295564042,70.86493591171886
18.11000000000003,1652.2596438941948,213.15882509211593,-1.3981921130106483e-16,2.4625581385811423e-18,5.928985686230143,-2.314918395623046e-18,-1.6152308528455428,-6.36918020277155e-19,116.77015994758713,70.86531741285783
18.120000000000033,1653.152573453836,213.27027349734283,-1.3987744478144728e-16,2.4476248477138625e-18,5.971660481168763,-2.350456269346844e-18,-1.5817720639926431,-5.980820529876652e-19,116.74000089643201,70.86569862964068
18.130000000000035,1654.0453124977546,213.38164354275918,-1.399356286048937e-16,2.432750916145631e-18,6.014286628765779,-2.3856995839836575e-18,-1.5485599182747785,-5.596252688143117e-19,116.70977556674738,70.8660795718783
18.140000000000036,1654.9378602977038,213.4929380410451,-1.3999376385033682e-16,2.417939822665792e-18,6.056858436391543,-2.420641588387226e-18,-1.5155989137196364,-5.215537272130186e-19,116.67948373095959,70.86646024928088
18.150000000000038,1655.8302161265606,213.6041597744615,-1.4005185158229818e-16,2.4031949914832352e-18,6.09937030395306,-2.4552757258180628e-18,-1.4828934330739425,-4.8387326889024e-19,116.64912516931071,70.86684067145633
18.16000000000004,1656.7223792584414,213.71531149444797,-1.4010989285077114e-16,2.3885197916580435e-18,6.141816724444958,-2.489595632885392e-18,-1.4504477438466148,-4.465895176180899e-19,116.61869966981644,70.8672208479089
18.17000000000004,1657.6143489688156,213.8263959212336,-1.4016788869110954e-16,2.373917536549785e-18,6.1841922844680965,-2.523595138449291e-18,-1.418265998383551,-4.0970788209229536e-19,116.58820702822027,70.86760078803773
18.180000000000042,1658.5061245346196,213.93741574346052,-1.402258401239223e-16,2.3593914832830127e-18,6.226491664716089,-2.5572682624839934e-18,-1.3863522339736876,-3.732335578314241e-19,116.55764704794436,70.86798050113569
18.190000000000044,1659.397705234369,214.04837361782035,-1.40283748154974e-16,2.344944832230452e-18,6.268709640429924,-2.590609214903241e-18,-1.3547103729859469,-3.3717152911585975e-19,116.52701954003662,70.86835999638784
18.200000000000045,1660.28909034827,214.15927216870335,-1.4034161377509104e-16,2.3305807265143716e-18,6.310841081820933,-2.6236123943486094e-18,-1.3233442230366528,-3.015265709650043e-19,116.49632432311454,70.86873928287041
18.210000000000047,1661.180279158331,214.27011398786027,-1.4039943796007371e-16,2.316302251526613e-18,6.3528809544623615,-2.656272386941716e-18,-1.2922574771870587,-2.6630325115119933e-19,116.46556122330563,70.86911836954948
18.22000000000005,1662.0712709484699,214.38090163407682,-1.4045722167061403e-16,2.3021124344676994e-18,6.394824319649733,-2.6885839650011808e-18,-1.2614537141705442,-2.3150593224887995e-19,116.43473007418444,70.86949726527983
18.23000000000005,1662.962065004625,214.49163763286086,-1.4051496585221907e-16,2.2880142439054818e-18,6.436666334730346,-2.7205420857252713e-18,-1.230936398649106,-1.9713877371747624e-19,116.40383071670662,70.86987597880385
18.24000000000005,1663.8526606148598,214.602324476142,-1.4057267143514013e-16,2.2740105893536864e-18,6.478402253402039,-2.7521418898410636e-18,-1.2007088814987272,-1.632057340166114e-19,116.3728629991396,70.87025451875039
18.250000000000053,1664.7430570694712,214.71296462198384,-1.4063033933430734e-16,2.260104320870777e-18,6.5200274259816355,-2.7833787002210485e-18,-1.1707744001231934,-1.29710572752135e-19,116.34182677699047,70.87063289363388
18.260000000000055,1665.6332536610926,214.8235604943085,-1.4068797044926994e-16,2.246298228679465e-18,6.5615372996431995,-2.8142480204680035e-18,-1.1411360787959688,-9.665685285157917e-20,116.31072191293057,70.87101111185316
18.270000000000056,1666.523249684799,214.93411448263365,-1.4074556566414195e-16,2.2325950428072247e-18,6.60292741862647,-2.8447455334690314e-18,-1.1117969290296772,-6.404794276760433e-20,116.27954827671758,70.87138918169074
18.280000000000058,1667.4130444382092,215.0446289418216,-1.4080312584755336e-16,2.2189974327481187e-18,6.644193424415726,-2.874867099919607e-18,-1.082759849972793,-3.188701870805151e-20,116.24830574511432,70.87176711131166
18.29000000000006,1668.302637221586,215.155106191841,-1.408606518526067e-16,2.205508007146222e-18,6.685331055889379,-2.904608756818477e-18,-1.0540276288331012,-1.7706689121540767e-22,116.21699420180545,70.87214490876278
18.30000000000006,1669.1920273379378,215.2655485175404,-1.4091814451683896e-16,2.1921293135009198e-18,6.726336149440531,-2.933966715934259e-18,-1.0256029413274832,3.1079114175021845e-20,116.18561353731091,70.87252258197195
18.310000000000063,1670.0812140931157,215.37595816843384,-1.4097560466218888e-16,2.178863837894335e-18,6.767204639068912,-2.9629373622445936e-18,-0.9974883521576281,6.187891139154188e-20,116.15416364889715,70.8729001387472
18.320000000000064,1670.9701967959122,215.4863373584988,-1.4103303309496936e-16,2.165714004741098e-18,6.807932556444388,-2.991517252348662e-18,-0.9696863155111959,9.221989474515142e-20,116.12264444048594,70.87327758677604
18.330000000000066,1671.8589747581564,215.59668826598562,-1.410904306058452e-16,2.1526821765606696e-18,6.848516030942403,-3.0197031128538936e-18,-0.9421991755880158,1.2209981496585735e-19,116.09105582256042,70.87365493362465
18.340000000000067,1672.7475472948083,215.70701303323912,-1.4114779796981594e-16,2.1397706537724e-18,6.88895128965166,-3.0474918387377005e-18,-0.9150291671508742,1.515166011655451e-19,116.0593977120694,70.87403218673738
18.35000000000007,1673.635913724053,215.81731376653173,-1.4120513594620367e-16,2.126981674513479e-18,6.929234657354363,-3.074880491685033e-18,-0.8881784161004354,1.8046835845932936e-19,116.02767003232898,70.87440935343604
18.36000000000007,1674.5240733673909,215.92759253590836,-1.4126244527864614e-16,2.114317414479919e-18,6.969362556479325,-3.10186629840257e-18,-0.8616489400738776,2.089533655708202e-19,115.99587271292225,70.87478644091935
18.370000000000072,1675.4120255497294,216.03785137504292,-1.4131972669509462e-16,2.101779986790693e-18,7.009331507028321,-3.128446648910355e-18,-0.8354426490667616,2.369700724225401e-19,115.96400568959702,70.8751634562624
18.380000000000074,1676.2997695994711,216.14809228110613,-1.4137698090781678e-16,2.0893714418750975e-18,7.04913812647592,-3.154619094811646e-18,-0.8095613460776954,2.64517097712691e-19,115.9320689041614,70.87554040641619
18.390000000000075,1677.187304848601,216.25831721464488,-1.4143420861340437e-16,2.0770937673834505e-18,7.0887791296432505,-3.1803813475418004e-18,-0.7840067277753692,2.915932264794632e-19,115.9000623043778,70.87591729820707
18.400000000000077,1678.0746306327717,216.36852809947268,-1.4149141049278573e-16,2.064948888121141e-18,7.128251328545951,-3.2057312765969496e-18,-0.758780385187457,3.1819740765405246e-19,115.86798584385491,70.87629413833643
18.41000000000008,1678.9617462913889,216.47872682257153,-1.4154858721124312e-16,2.052938666006084e-18,7.167551632216696,-3.230666907743264e-18,-0.7338838044109754,3.4432875160353134e-19,115.83583948193811,70.87667093338032
18.42000000000008,1679.8486511676924,216.5889152340046,-1.416057394184346e-16,2.0410649000495773e-18,7.206677046502605,-3.2551864212075596e-18,-0.7093183673436225,3.6998652766469304e-19,115.80362318359828,70.87704768978902
18.43000000000008,1680.735344608839,216.69909514683997,-1.4166286774842058e-16,2.029329326360559e-18,7.245624673837951,-3.279288149850023e-18,-0.6850853524356345,3.951701616699811e-19,115.77133691931915,70.87742441388681
18.440000000000083,1681.6218259659793,216.80926833708543,-1.417199728196949e-16,2.0177336181732243e-18,7.284391712992454,-3.3029705773198078e-18,-0.661185935461732,4.198792334665771e-19,115.73898066498316,70.87780111187166
18.450000000000085,1682.508094594338,216.91943654363362,-1.417770552352205e-16,2.006279385897959e-18,7.322975458795547,-3.326232336194269e-18,-0.6376211903126541,4.441134744297131e-19,115.70655440175595,70.87817778981507
18.460000000000086,1683.3941498532884,217.02960146821817,-1.4183411558246933e-16,1.994968177195511e-18,7.361373301836993,-3.3490722061025567e-18,-0.6143920898058699,4.678727649712431e-19,115.67405811596987,70.87855445366182
18.470000000000088,1684.2799911064271,217.1397647753802,-1.4189115443346678e-16,1.983801477074315e-18,7.399582728144169,-3.3714891118343385e-18,-0.5914995065149656,4.911571320444963e-19,115.64149179900589,70.8789311092298
18.48000000000009,1685.1656177216469,217.24992809244515,-1.419481723448403e-16,1.972780708010864e-18,7.437601318836481,-3.3934821214343893e-18,-0.5689442136172712,5.139667466464043e-19,115.60885544717495,70.8793077622099
18.49000000000009,1686.0510290712075,217.3600930095101,-1.4200516985787228e-16,1.9619072300929774e-18,7.475426749757096,-3.415050444283731e-18,-0.5467268857592713,5.363019213178722e-19,115.57614906159789,70.87968441816605
18.500000000000092,1686.936224531805,217.47026107944114,-1.4206214749855704e-16,1.9511823411858598e-18,7.513056791082609,-3.4361934291681084e-18,-0.5248480999393146,5.58163107643357e-19,115.54337264808468,70.88006108253494
18.510000000000094,1687.8212034846392,217.5804338178807,-1.4211910577766198e-16,1.9406072771207342e-18,7.550489306910796,-3.4569105623344883e-18,-0.5033083364071999,5.795508937505719e-19,115.51052621701292,70.88043776062622
18.520000000000095,1688.7059653154793,217.69061270326503,-1.4217604519079264e-16,1.9301832119059223e-18,7.5877222548269705,-3.477201465536299e-18,-0.482107979580152,6.004660018112351e-19,115.47760978320541,70.88081445762239
18.530000000000097,1689.5905094147279,217.8007991768513,-1.4223296621846174e-16,1.919911257960119e-18,7.624753685449257,-3.497065894068105e-18,-0.4612473189747211,6.209092855437432e-19,115.4446233658072,70.88119117857892
18.5400000000001,1690.474835177483,217.91099464275447,-1.4228986932616213e-16,1.909792466367684e-18,7.661581741953178,-3.5165037347904434e-18,-0.44072655015419615,6.408817277186396e-19,115.41156698816202,70.88156792842426
18.5500000000001,1691.358942003599,218.0212004679936,-1.4234675496444348e-16,1.8998278271557064e-18,7.698204659575954,-3.535515004145506e-18,-0.42054577569101637,6.603844376677211e-19,115.37844067768826,70.8819447119601
18.5600000000001,1692.2428292977438,218.13141798254773,-1.4240362356899268e-16,1.890018269592582e-18,7.734620765100872,-3.554099846164344e-18,-0.4007050061437668,6.794186487976063e-19,115.34524446575445,70.8823215338614
18.570000000000103,1693.1264964694572,218.24164847942103,-1.4246047556071796e-16,1.8803646625078525e-18,7.770828476322111,-3.5722585304662974e-18,-0.3812041610482821,6.979857161085635e-19,115.31197838755456,70.88269839867658
18.580000000000105,1694.0099429332045,218.35189321471694,-1.4251731134583643e-16,1.870867814633033e-18,7.806826301490457,-3.589991450251314e-18,-0.36204306992240864,7.160871137193849e-19,115.27864248198298,70.88307531082782
18.590000000000106,1694.89316810843,218.4621534077216,-1.4257413131596533e-16,1.8615284749631103e-18,7.842612838740205,-3.607299120285832e-18,-0.3432214732839834,7.337244323990626e-19,115.24523679150914,70.88345227461124
18.600000000000108,1695.7761714196083,218.57243024099594,-1.4263093584821652e-16,1.8523473331384308e-18,7.878186775497741,-3.624182174882896e-18,-0.324739023681562,7.50899377106004e-19,115.21176136205239,70.88382929419726
18.61000000000011,1696.658952296293,218.68272486047678,-1.4268772530529442e-16,1.843325019846646e-18,7.913546887872111,-3.640641365877158e-18,-0.3065952867374568,7.676137645355068e-19,115.17821624285652,70.88420637363073
18.62000000000011,1697.5415101731642,218.7930383755863,-1.4274450003559713e-16,1.8344621072443745e-18,7.948692040028017,-3.656677560595421e-18,-0.2887897422026401,7.838695206761908e-19,115.14460148636452,70.88458351683151
18.630000000000113,1698.4238444900748,218.90337185935022,-1.4280126037332087e-16,1.825759109398255e-18,7.983621183541618,-3.672291739823373e-18,-0.2713217850230439,7.9966867837606e-19,115.11091714809342,70.88496072759467
18.640000000000114,1699.305954692093,219.01372634852422,-1.4285800663856737e-16,1.8172164827450003e-18,8.018333356739475,-3.687484995769135e-18,-0.25419072641686186,8.1501337491885375e-19,115.07716328650923,70.88533800959094
18.650000000000116,1700.1878402295454,219.12410284372862,-1.4291473913745443e-16,1.8088346265701192e-18,8.052827684021182,-3.7022585300242835e-18,-0.2373957949623387,8.299058496113252e-19,115.04333996290224,70.88571536636715
18.660000000000117,1701.0695005580549,219.23450230959116,-1.4297145816222935e-16,1.8006138835048922e-18,8.08710337516585,-3.7166136515229516e-18,-0.22093613769568815,8.443484413820564e-19,115.00944724126249,70.88609280134668
18.67000000000012,1701.95093513858,219.3449256748977,-1.4302816399138534e-16,1.7925545400412324e-18,8.121159724623057,-3.730551774499638e-18,-0.20481082121863284,8.583435863924158e-19,114.97548518815587,70.88647031782993
18.68000000000012,1702.832143437451,219.4553738327507,-1.4308485688978063e-16,1.7846568270640184e-18,8.15499611078852,-3.744074416446334e-18,-0.1890188328151699,8.718938156602313e-19,114.94145387260049,70.88684791899486
18.690000000000122,1703.7131249264028,219.5658476407354,-1.4314153710876033e-16,1.7769209204004918e-18,8.188611995264914,-3.757183196069582e-18,-0.1735590815771307,8.850017526967324e-19,114.90735336594351,70.88722560789746
18.700000000000124,1704.5938790826085,219.6763479210936,-1.4319820488628098e-16,1.7693469413862994e-18,8.22200692210827,-3.769879831248062e-18,-0.15843039953807084,8.976701111573115e-19,114.8731837417388,70.88760338747242
18.710000000000125,1705.4744053887089,219.7868754609046,-1.4325486044703761e-16,1.761934957447748e-18,8.255180517060248,-3.782166136991282e-18,-0.14363154281511348,9.09901692506613e-19,114.83894507562488,70.8879812605336
18.720000000000127,1706.354703332841,219.8974310122737,-1.4331150400259332e-16,1.7546849826998497e-18,8.288132486766829,-3.7940440233999934e-18,-0.12916119275827773,9.21699383698464e-19,114.80463744520388,70.88835922977474
18.73000000000013,1707.2347724086642,220.00801529252746,-1.433681357515112e-16,1.7475969785596902e-18,8.320862617983636,-3.805515493628881e-18,-0.1150179571068879,9.330661548711192e-19,114.77026092992112,70.88873729777005
18.74000000000013,1708.1146121153854,220.11862898441623,-1.4342475587948873e-16,1.7406708543746882e-18,8.353370776768415,-3.8165826418520946e-18,-0.1012003711526592,9.440050570582931e-19,114.7358156109454,70.8891154669749
18.75000000000013,1708.9942219577813,220.22927273632322,-1.4348136455949422e-16,1.7339064680652891e-18,8.385656907661001,-3.82724765123223e-18,-0.08770689890901619,9.545192199164287e-19,114.70130157105025,70.8894937397265
18.760000000000133,1709.873601446219,220.33994716248048,-1.4353796195190561e-16,1.7273036267816158e-18,8.417721032851158,-3.837512791893251e-18,-0.07453593428625523,9.646118494686283e-19,114.6667188944962,70.88987211824457
18.770000000000135,1710.7527500966753,220.45065284319128,-1.4359454820465126e-16,1.720862087573627e-18,8.449563251334709,-3.84738041889797e-18,-0.061685802272137616,9.742862258656642e-19,114.6320676669137,70.89025060463212
18.780000000000136,1711.6316674307534,220.56139032505882,-1.436511234533527e-16,1.7145815580742935e-18,8.481183738058297,-3.8568529702305616e-18,-0.04915476011748618,9.835457011644667e-19,114.59734797518733,70.89062920087623
18.790000000000138,1712.5103529756975,220.6721601212214,-1.4370768782146947e-16,1.7084616971953264e-18,8.512582743053212,-3.8659329647847034e-18,-0.036940998526433726,9.923936971244646e-19,114.56255990734101,70.89100790884876
18.80000000000014,1713.3888062644069,220.7829627115934,-1.4376424142044564e-16,1.7025021158349742e-18,8.543760590558616,-3.874623000357827e-18,-0.025042642850860383,1.0008337030221554e-18,114.52770355242416,70.89138673030719
18.81000000000014,1714.2670268354464,220.8937985431125,-1.438207843498583e-16,1.6967023775973998e-18,8.574717678134588,-3.882925751652018e-18,-0.013457754288688293,1.0088692734842346e-18,114.49277900039915,70.89176566689544
18.820000000000142,1715.1450142330564,221.00466802999253,-1.4387731669756755e-16,1.691061999523157e-18,8.605454475765345,-3.8908439682820764e-18,-0.002184331085594623,1.0165040263396364e-18,114.45778634203008,70.89214472014469
18.830000000000144,1716.0227680071603,221.11557155398208,-1.4393383853986817e-16,1.685580452830272e-18,8.635971524953025,-3.898380472791226e-18,0.008779690260223053,1.0237416404907912e-18,114.42272566877222,70.89252389147424
18.840000000000146,1716.9002877133698,221.22650946462855,-1.4399034994164296e-16,1.6802571636654422e-18,8.666269437802406,-3.9055381586749735e-18,0.019436433790597816,1.0305858538044048e-18,114.3875970726635,70.89290318219244
18.850000000000147,1717.7775729129894,221.33748207954764,-1.4404685095651738e-16,1.6750915138648524e-18,8.696348896096914,-3.912319988413612e-18,0.02978808287767449,1.0370404610220509e-18,114.35240064621667,70.89328259349757
18.86000000000015,1718.6546231730176,221.4484896846982,-1.4410334162701564e-16,1.6700828417241316e-18,8.726210650366363,-3.918728991513838e-18,0.03983687901225931,1.0431093116908458e-18,114.31713648231316,70.89366212647865
18.87000000000015,1719.5314380661487,221.55953253466188,-1.441598219847181e-16,1.6652304427769312e-18,8.755855518946689,-3.924768262559946e-18,0.049585120590643184,1.0487963081144693e-18,114.28180467409813,70.89404178211656
18.88000000000015,1720.4080171707692,221.67061085292812,-1.4421629205041997e-16,1.660533570581652e-18,8.785284387032114,-3.93044095927506e-18,0.059035161700231896,1.0541054033247724e-18,114.24640531487695,70.89442156128483
18.890000000000153,1721.284360070956,221.7817248321836,-1.4427275183429108e-16,1.6559914375158176e-18,8.814498205720128,-3.93575030059289e-18,0.0681894109043661,1.0590405990742063e-18,114.2109384980133,70.89480146475073
18.900000000000155,1722.1604663564706,221.89287463460664,-1.4432920133603674e-16,1.6516032155776034e-18,8.843497991049587,-3.940699564740392e-18,0.07705033002669154,1.063605943849294e-18,114.17540431682846,70.89518149317617
18.910000000000156,1723.0363356227524,222.00406039216594,-1.4438564054505968e-16,1.6473680371940179e-18,8.872284823032286,-3.9452920873318166e-18,0.08562043293541041,1.0678055309053464e-18,114.1398028645023,70.89556164711874
18.920000000000158,1723.91196747091,222.11528220692387,-1.444420694406229e-16,1.6432849960352725e-18,8.900859844678465,-3.94953125947457e-18,0.09390228432779046,1.071643496322618e-18,114.10413423397561,70.89594192703274
18.93000000000016,1724.7873615077103,222.2265401513439,-1.4449848799201337e-16,1.6393531478348195e-18,8.92922426101646,-3.953420525887262e-18,0.10189849851526088,1.0751240170840844e-18,114.06839851785422,70.89632233327019
18.94000000000016,1725.6625173455673,222.33783426860228,-1.4455489615870652e-16,1.6355715112146011e-18,8.957379338106975,-3.956963383030404e-18,0.10961173820943106,1.0782513091750078e-18,114.03259580831451,70.89670286608191
18.950000000000163,1726.5374346025274,222.44916457290347,-1.446112938905315e-16,1.6319390685150096e-18,8.985326402052237,-3.960163377250122e-18,0.1170447133093801,1.081029625704454e-18,113.99672619701046,70.8970835256185
18.960000000000164,1727.4121129022542,222.56053104979972,-1.4466768112783702e-16,1.6284547666290785e-18,9.013066838000423,-3.963024102935266e-18,0.12420017969054399,1.0834632550488984e-18,113.96078977498254,70.8974643119315
18.970000000000166,1728.2865518740118,222.67193365651406,-1.4472405780165787e-16,1.625117517840444e-18,9.040602089145706,-3.965549200688339e-18,0.13108093799551554,1.0855565190180623e-18,113.92478663256794,70.89784522497447
18.980000000000167,1729.1607511526454,222.78337232226704,-1.4478042383388188e-16,1.6219262006645927e-18,9.067933655724223,-3.967742355510573e-18,0.13768983242709748,1.087313771043104e-18,113.88871685931274,70.89822626460406
18.99000000000017,1730.0347103785605,222.89484694860693,-1.4483677913741727e-16,1.6188796606929178e-18,9.09506309400635,-3.9696072950015294e-18,0.14402974954390596,1.0887393943872714e-18,113.85258054388547,70.89860743058115
19.00000000000017,1730.9084291977017,223.00635740974298,-1.4489312361636058e-16,1.6159767114391546e-18,9.121992015285581,-3.971147787573592e-18,0.15010361705885628,1.0898378003791284e-18,113.81637777399256,70.89898872257193
19.010000000000172,1731.7819072615282,223.11790355288213,-1.4494945716616468e-16,1.6132161351876937e-18,9.148722084864339,-3.972367640681669e-18,0.15591440264081102,1.090613426668441e-18,113.7801086362953,70.89937014014906
19.020000000000174,1732.655144226989,223.2294851985686,-1.4500577967380713e-16,1.6105966838433565e-18,9.175255021037088,-3.973270699068459e-18,0.16146511271971528,1.0910707355048124e-18,113.7437732163287,70.8997516827929
19.030000000000175,1733.528139756496,223.34110214102637,-1.4506209101795876e-16,1.6081170797821586e-18,9.201592594071034,-3.973860843025596e-18,0.1667587912955255,1.0912142120391371e-18,113.70737159842187,70.90013334989249
19.040000000000177,1734.4008935178956,223.45275414850445,-1.4511839106915228e-16,1.605776016702635e-18,9.227736625184727,-3.974141986670988e-18,0.17179851875116875,1.0910483626479415e-18,113.67090386562013,70.90051514074692
19.05000000000018,1735.2734051844382,223.56444096362492,-1.4517467968995099e-16,1.6035721604772857e-18,9.253688985524915,-3.9741180762426615e-18,0.176587410669906,1.0905777132806643e-18,113.63437009960911,70.90089705456634
19.06000000000018,1736.145674434748,223.67616230373315,-1.4523095673511748e-16,1.6015041500037118e-18,9.27945159514194,-3.973793088409399e-18,0.18112861665728494,1.0898068078299292e-18,113.59777038064021,70.90127909047325
19.07000000000018,1737.0177009527893,223.78791786125075,-1.4528722205178222e-16,1.5995705980550237e-18,9.305026421963992,-3.973171028598465e-18,0.1854253191680466,1.088740206524845e-18,113.561104787458,70.90166124750364
19.080000000000183,1737.8894844278323,223.8997073040306,-1.4534347547961207e-16,1.5977700921290967e-18,9.3304154807705,-3.972255929340688e-18,0.18948073233820367,1.0873824843473612e-18,113.52437339722944,70.90204352460823
19.090000000000185,1738.7610245544179,224.01153027571402,-1.4539971685097853e-16,1.5961011952962756e-18,9.355620832165036,-3.9710518486331745e-18,0.19329810082256668,1.085738229471712e-18,113.48757628547456,70.90242592065368
19.100000000000186,1739.6323210323196,224.12338639608987,-1.4545594599112582e-16,1.5945624470451215e-18,9.380644581547946,-3.969562868319911e-18,0.19688069863800195,1.0838120417269506e-18,113.45071352599923,70.90280843442378
19.110000000000188,1740.5033735665058,224.23527526145568,-1.4551216271833863e-16,1.5931523641258004e-18,9.405488878089036,-3.967793092490493e-18,0.20023182801264655,1.0816085310825976e-18,113.41378519082933,70.9031910646206
19.12000000000019,1741.3741818670997,224.3471964449805,-1.4556836684410945e-16,1.5918694413907428e-18,9.43015591370064,-3.965746645897238e-18,0.20335481824135823,1.0791323161573849e-18,113.37679135014707,70.90357380986599
19.13000000000019,1742.2447456493378,224.4591494970692,-1.456245581733055e-16,1.5907121526321757e-18,9.454647922011251,-3.963427672390882e-18,0.20625302454764202,1.0763880227511077e-18,113.33973207222856,70.90395666870252
19.140000000000192,1743.115064633528,224.57113394572852,-1.4568073650433529e-16,1.5896789514161817e-18,9.478967177340175,-3.960840333375127e-18,0.20892982695226328,1.07338028239956e-18,113.30260742338358,70.90433963959484
19.150000000000194,1743.985138545005,224.6831492969343,-1.4573690162931444e-16,1.5887682719128843e-18,9.503115993673276,-3.9579888062801856e-18,0.21138862914884954,1.0701137309525355e-18,113.26541746789673,70.90472272093098
19.160000000000196,1744.8549671140859,224.79519503500015,-1.4579305333423122e-16,1.5879785297224532e-18,9.527096723640256,-3.954877283055588e-18,0.21363285738663257,1.0665930071748722e-18,113.22816226797059,70.90510591102351
19.170000000000197,1745.7245500760237,224.90727062294724,-1.4584919139911115e-16,1.587308122696544e-18,9.550911757493656,-3.951509968682393e-18,0.21566595936062108,1.0628227513705024e-18,113.1908418836704,70.9054892081109
19.1800000000002,1746.5938871709595,225.01937550287494,-1.459053155981811e-16,1.58675543175485e-18,9.574563522089857,-3.94789107970501e-18,0.21749140310940052,1.0588076040294804e-18,113.15345637287054,70.90587261035864
19.1900000000002,1747.4629781438744,225.13150909633265,-1.4596142570003265e-16,1.5863188216964449e-18,9.598054479872362,-3.944024842782793e-18,0.21911267592075434,1.054552204497925e-18,113.11600579120265,70.90625611586067
19.200000000000202,1748.331822744539,225.24367080469233,-1.4601752146778468e-16,1.585996642005585e-18,9.62138712785761,-3.939915493261587e-18,0.22053328324537186,1.0500611896708548e-18,113.07849019200563,70.90663972264053
19.210000000000203,1749.2004207274629,225.3558600095216,-1.4607360265924498e-16,1.5857872276516616e-18,9.644563996623562,-3.935567273765356e-18,0.22175674761877656,1.045339192707833e-18,113.04090962627708,70.90702342865268
19.220000000000205,1750.068771851842,225.46807607295764,-1.461296690270712e-16,1.5856888998830083e-18,9.667587649301334,-3.9309844328080475e-18,0.222786607591742,1.0403908417713844e-18,113.00326414262663,70.90740723178375
19.230000000000206,1750.9368758815065,225.58031833808147,-1.4618572031893084e-16,1.5856999670142592e-18,9.690460680570075,-3.926171223425826e-18,0.22362641666936064,1.0352207587881044e-18,112.96555378723075,70.90779112985385
19.240000000000208,1751.804732584865,225.6925861292925,-1.4624175627766017e-16,1.5858187252069925e-18,9.713185715655422,-3.921131901829825e-18,0.22427974225892966,1.029833558232402e-18,112.92777860378935,70.9081751206178
19.25000000000021,1752.672341734851,225.8048787526835,-1.4629777664142227e-16,1.5860434592433596e-18,9.735765409331664,-3.915870726079494e-18,0.2247501646269065,1.0242338459327913e-18,112.88993863348405,70.90855920176647
19.26000000000021,1753.5397031088653,225.91719549641567,-1.4635378114386395e-16,1.5863724432924556e-18,9.758202444927925,-3.910391954776656e-18,0.22504127586503372,1.0184262179006627e-18,112.85203391493789,70.90894337092803
19.270000000000213,1754.4068164887194,226.02953563109372,-1.4640976951427175e-16,1.586803941669162e-18,9.780499533338535,-3.904699845780424e-18,0.2251566788658723,1.012415259181442e-18,112.81406448417682,70.90932762566918
19.280000000000214,1755.2736816605773,226.1418984101409,-1.4646574147772654e-16,1.5873362095852249e-18,9.802659412037892,-3.898798654942991e-18,0.22509998630788874,1.0062055427280576e-18,112.77603037459274,70.90971196349652
19.290000000000216,1756.140298414896,226.25428307017395,-1.4652169675525725e-16,1.5879674938923142e-18,9.824684844099954,-3.89269263486643e-18,0.22487481965023992,9.998016282966155e-19,112.73793161690806,70.9100963818578
19.300000000000217,1757.0066665463662,226.36668883137776,-1.4657763506399325e-16,1.5886960338168591e-18,9.846578617222635,-3.886386033680552e-18,0.22448480813746066,9.932080613641962e-19,112.69976823914203,70.91048087814312
19.31000000000022,1757.8727858538507,226.47911489787955,-1.4663355611731555e-16,1.589520061686412e-18,9.868343542757245,-3.879883093841889e-18,0.22393358781416778,9.864293720686664e-19,112.66154026657824,70.91086544968637
19.32000000000022,1758.7386561403232,226.5915604581229,-1.4668945962500676e-16,1.5904378036473572e-18,9.889982454743313,-3.8731880509538725e-18,0.22322480054994007,9.794700741704064e-19,112.62324772173412,70.91125009376634
19.330000000000222,1759.6042772128055,226.70402468524088,-1.4674534529339967e-16,1.5914474803737439e-18,9.911498208948831,-3.866305132608212e-18,0.22236209307456162,9.72334664035847e-19,112.58489062433142,70.91163480760814
19.340000000000224,1760.4696488823045,226.8165067374288,-1.4680121282552465e-16,1.5925473077670612e-18,9.932893681916257,-3.859238557247576e-18,0.22134911602366605,9.650276196427008e-19,112.54646899126885,70.91201958838433
19.350000000000225,1761.3347709637476,226.92900575831615,-1.4685706192125555e-16,1.5937354976467711e-18,9.95417177001438,-3.8519925330495416e-18,0.2201895229950604,9.57553399606786e-19,112.50798283659542,70.91240443321637
19.360000000000227,1762.1996432759186,227.0415208773377,-1.4691289227745425e-16,1.5950102584314197e-18,9.97533538849629,-3.8445712568318745e-18,0.21888696961571094,9.499164422303099e-19,112.46943217148595,70.9127893391757
19.37000000000023,1763.0642656413916,227.1540512101036,-1.4696870358811392e-16,1.5963697958101735e-18,9.99638747056363,-3.836978912979148e-18,0.21744511261962318,9.421211645715114e-19,112.43081700421753,70.91317430328516
19.38000000000023,1763.9286378864651,227.26659585876874,-1.470244955445007e-16,1.597812313404607e-18,10.017330966437237,-3.8292196723906766e-18,0.21586760893669987,9.341719615355232e-19,112.39213734014753,70.9135593225202
19.39000000000023,1764.7927598410952,227.37915391240068,-1.4708026783529386e-16,1.5993360134206207e-18,10.038168842434528,-3.821297691449823e-18,0.21415811479265995,9.260732049863397e-19,112.35339318169324,70.91394439381004
19.400000000000233,1765.656631338828,227.49172444734674,-1.4713602014672474e-16,1.6009390972903184e-18,10.058904080053582,-3.813217111014587e-18,0.21232028482020188,9.178292428797594e-19,112.31458452831245,70.91432951403917
19.410000000000235,1766.5202522167317,227.60430652759953,-1.4719175216271383e-16,1.6026197663037477e-18,10.079539675064247,-3.804982055429548e-18,0.21035777118143076,9.094443984171671e-19,112.27571137648575,70.91471468004832
19.420000000000236,1767.3836223153276,227.71689920516138,-1.4724746356500659e-16,1.6043762222303539e-18,10.100078636606375,-3.796596631559053e-18,0.20827422270173238,9.009229692200312e-19,112.23677371969995,70.91509988863596
19.430000000000238,1768.2467414785212,227.8295015204072,-1.4730315403330748e-16,1.6062066679300593e-18,10.120523986295357,-3.788064927841692e-18,0.20607328401513775,8.92269226524973e-19,112.19777154843295,70.91548513655935
19.44000000000024,1769.109609553533,227.94211250244595,-1.4735882324541267e-16,1.6081093079538452e-18,10.140878757335102,-3.779391013365958e-18,0.20375859472127958,8.834874143992717e-19,112.15870485013977,70.91587042053591
19.45000000000024,1769.9722263908268,228.05473116948033,-1.4741447087734085e-16,1.6100823491337537e-18,10.161145993638625,-3.770578936967092e-18,0.20133378855404332,8.745817489766704e-19,112.11957360923992,70.91625573724437
19.460000000000242,1770.834591844041,228.16735652916515,-1.4747009660346263e-16,1.6121240011622108e-18,10.181328748956377,-3.761632726345033e-18,0.19880249256198207,8.655564177133295e-19,112.080377807106,70.91664108332606
19.470000000000244,1771.6967057699158,228.27998757896364,-1.4752570009662825e-16,1.6142324771606067e-18,10.201430086012476,-3.752556387203422e-18,0.19616832630057976,8.564155786637964e-19,112.04111742205347,70.9170264553861
19.480000000000246,1772.5585680282227,228.39262330650212,-1.4758128102829362e-16,1.616405994237045e-18,10.221453075648979,-3.743353902409605e-18,0.19343490103643915,8.471633597768333e-19,112.00179242933174,70.91741184999465
19.490000000000247,1773.4201784816921,228.50526268992277,-1.4763683906864466e-16,1.6186427740332115e-18,10.24140079597831,-3.734029231175529e-18,0.1906058189634398,8.3780385821095995e-19,111.96240280111626,70.91779726368806
19.50000000000025,1774.2815369959415,228.61790469823447,-1.4769237388671995e-16,1.6209410432602989e-18,10.261276331543987,-3.724586308259487e-18,0.1876846724309768,8.283411396695632e-19,111.92294850650188,70.91818269297015
19.51000000000025,1775.142643439402,228.7305482916616,-1.4774788515053184e-16,1.6232990342239403e-18,10.281082772489752,-3.7150290431885996e-18,0.18467504318429642,8.187792377554103e-19,111.88342951149738,70.9185681343134
19.520000000000252,1776.0034976832462,228.84319242199072,-1.4780337252718554e-16,1.6257149853381156e-18,10.30082321373731,-3.705361319501971e-18,0.1815805016170049,8.0912215334442885e-19,111.84384577902092,70.91895358416004
19.530000000000253,1776.8640996013148,228.95583603291522,-1.4785883568299677e-16,1.6281871416279944e-18,10.32050075417265,-3.695586994014381e-18,0.1784046060358109,7.993738539785811e-19,111.80419726889674,70.91933903892337
19.540000000000255,1777.7244490700427,229.06847806037763,-1.4791427428360757e-16,1.6307137552216858e-18,10.340118495841207,-3.6857098961004376e-18,0.17515090193751964,7.895382732776804e-19,111.76448393785286,70.91972449498887
19.550000000000257,1778.5845459683858,229.18111743290967,-1.479696879941003e-16,1.6332930858308814e-18,10.359679543151879,-3.675733826999079e-18,0.17182292129837057,7.796193103699998e-19,111.72470573951979,70.92010994871539
19.560000000000258,1779.4443901777465,229.29375307197012,-1.4802507647910994e-16,1.6359234012203826e-18,10.379187002090035,-3.6656625591382954e-18,0.16842418187569042,7.696208293414961e-19,111.6848626244303,70.92049539643627
19.57000000000026,1780.3039815819002,229.40638389228005,-1.480804394029347e-16,1.6386029776664932e-18,10.398643979439651,-3.655499835479974e-18,0.16495818652196778,7.595466587034988e-19,111.64495454002012,70.92088083446058
19.58000000000026,1781.16332006692,229.51900880215575,-1.481357764296447e-16,1.6413301004042967e-18,10.418053582014595,-3.645249368884697e-18,0.16142842251134415,7.494005908786978e-19,111.60498143062969,70.92126625907416
19.590000000000263,1782.0224055211036,229.63162670383917,-1.4819108722318898e-16,1.6441030640638096e-18,10.43741891589924,-3.634914841496423e-18,0.15783836087852693,7.391863817052603e-19,111.56494323750677,70.92165166654085
19.600000000000264,1782.8812378348969,229.74423649382567,-1.4824637144750068e-16,1.646920173095035e-18,10.456743085698406,-3.6244999041468606e-18,0.15419145577021268,7.289077499589185e-19,111.5248398988099,70.92203705310361
19.610000000000266,1783.7398169008213,229.85683706318923,-1.4830162876660048e-16,1.6497797421819317e-18,10.476029193796812,-3.614008175779424e-18,0.1504911438089711,7.1856837689285085e-19,111.48467134961304,70.92242241498553
19.620000000000267,1784.5981426133976,229.96942729790496,-1.4835685884469825e-16,1.6526800966453313e-18,10.495280339628039,-3.603443242892614e-18,0.14674084346964014,7.081719057951972e-19,111.44443752191074,70.92280774839107
19.63000000000027,1785.4562148690713,230.0820060791689,-1.4841206134629275e-16,1.6556195728348234e-18,10.51449961895314,-3.592808659002682e-18,0.14294395446826583,6.977219415640332e-19,111.40413834462441,70.9231930495072
19.64000000000027,1786.3140335661383,230.19457228371505,-1.4846723593626978e-16,1.6585965185096566e-18,10.533690123148913,-3.5821079441254084e-18,0.1391038571635264,6.872220502996293e-19,111.36377374360922,70.9235783145043
19.650000000000272,1787.1715986046693,230.30712478412948,-1.4852238227999827e-16,1.6616092932086974e-18,10.552854938505993,-3.571344584276858e-18,0.13522391197072886,6.7667575891383185e-19,111.32334364166198,70.92396353953735
19.660000000000274,1788.0289098864355,230.4196624491618,-1.4857750004342482e-16,1.66465626860949e-18,10.571997145536724,-3.560522030992921e-18,0.13130745878830163,6.660865547563812e-19,111.28284795852979,70.92434872074713
19.670000000000275,1788.8859673148336,230.53218414403338,-1.4863258889316621e-16,1.66773582887647e-18,10.591119818292963,-3.549643700867506e-18,0.1273578164368493,6.554578852580015e-19,111.24228661091915,70.92473385426106
19.680000000000277,1789.742770794811,230.64468873074296,-1.4868764849660029e-16,1.6708463709984018e-18,10.610226023693821,-3.5387129751091806e-18,0.12337828211070587,6.447931575900823e-19,111.20165951250638,70.92511893619441
19.69000000000028,1790.599320232791,230.75717506836895,-1.487426785219549e-16,1.673986305115086e-18,10.629318820863439,-3.527733199116106e-18,0.11937213084201247,6.340957383407762e-19,111.16096657394812,70.92550396265129
19.70000000000028,1791.4556155365979,230.8696420133689,-1.4879767863839516e-16,1.6771540548334245e-18,10.648401260478826,-3.516707682069105e-18,0.11534261497729309,6.233689532073384e-19,111.120207702893,70.92588892972569
19.71000000000028,1792.3116566153835,230.98208841987577,-1.4885264851610884e-16,1.6803480575328849e-18,10.667476384127768,-3.50563969654261e-18,0.1112929636665153,6.126160867045198e-19,111.07938280399375,70.92627383350246
19.720000000000283,1793.1674433795515,231.09451313999114,-1.4890758782639e-16,1.6835667646604864e-18,10.686547223676982,-3.4945324781334225e-18,0.107226382364605,6.018403818888535e-19,111.03849177892012,70.9266586700585
19.730000000000285,1794.0229757406842,231.2069150240752,-1.4896249624172078e-16,1.6868086420153385e-18,10.70561680065036,-3.483389225106966e-18,0.10314605234542885,5.910450400986331e-19,110.99753452637215,70.92704343546346
19.740000000000286,1794.8782536114675,231.3192929210336,-1.4901737343585154e-16,1.6900721700228546e-18,10.724688125617572,-3.472213098060953e-18,0.09905513022814674,5.802332207094185e-19,110.9565109420945,70.92742812578103
19.750000000000288,1795.733276905618,231.4316456786011,-1.4907221908387894e-16,1.6933558439987134e-18,10.743764197592828,-3.4610072196061987e-18,0.0949567475159911,5.694080409048805e-19,110.91542091889083,70.92781273706979
19.76000000000029,1796.5880455378087,231.54397214362177,-1.4912703286232264e-16,1.6966581744026557e-18,10.76284800344404,-3.4497746740644252e-18,0.09085401014737413,5.585725754628035e-19,110.87426434663924,70.92819726538407
19.77000000000029,1797.442559423596,231.65627116232616,-1.491818144491999e-16,1.6999776870822288e-18,10.781942517312263,-3.4385185071828394e-18,0.08674999805931433,5.477298565560648e-19,110.83304111230795,70.92858170677519
19.780000000000292,1798.2968184793465,231.76854158060496,-1.4923656352409853e-16,1.7033129235065603e-18,10.801050700041502,-3.4272417258652865e-18,0.08264776476315609,5.368828735684071e-19,110.79175109997169,70.92896605729212
19.790000000000294,1799.1508226221629,231.88078224427935,-1.4929127976824817e-16,1.7066624409902734e-18,10.8201754986189,-3.415947297919774e-18,0.0785503369324985,5.260345729248163e-19,110.75039419082843,70.92935031298262
19.800000000000296,1800.0045717698133,231.992991999368,-1.4934596286458966e-16,1.7100248129076538e-18,10.839319845625361,-3.404638151822177e-18,0.07446071400333967,5.151878579363289e-19,110.70897026321684,70.92973446989404
19.810000000000297,1800.8580658406574,232.10516969235061,-1.4940061249784285e-16,1.71339862889716e-18,10.85848665869651,-3.39331717649589e-18,0.07038186778634731,5.043455886590744e-19,110.66747919263392,70.9301185240743
19.8200000000003,1801.7113047535752,232.2173141704281,-1.4945522835457251e-16,1.7167824950564039e-18,10.87767883999415,-3.3819872211072258e-18,0.06631674209123187,4.935105817673735e-19,110.62592085175338,70.93050247157277
19.8300000000003,1802.5642884278948,232.3294242817792,-1.4950981012325266e-16,1.7201750341277105e-18,10.896899275688126,-3.370651094876369e-18,0.06226825236316905,4.826856104407042e-19,110.58429511044433,70.93088630844113
19.840000000000302,1803.417016783321,232.44149887581378,-1.4956435749432911e-16,1.7235748856743688e-18,10.9161508354486,-3.359311566903634e-18,0.05823928533117773,4.718734042643506e-19,110.54260183579028,70.93127003073435
19.850000000000303,1804.269489739865,232.55353680342236,-1.496188701602803e-16,1.7269807062476991e-18,10.935436371948828,-3.347971366010857e-18,0.05423269866847105,4.61076649143545e-19,110.50084089210884,70.93165363451145
19.860000000000305,1805.121707217773,232.6655369172225,-1.496733478156765e-16,1.7303911695450482e-18,10.95475872037833,-3.336633180597655e-18,0.050251320664622026,4.502979872309181e-19,110.45901214097141,70.93203711583638
19.870000000000307,1805.9736691374562,232.7774980718013,-1.4972779015723733e-16,1.7338049665588504e-18,10.97412069796651,-3.3252996585123797e-18,0.0462979499095704,4.395400168670721e-19,110.4171154412236,70.93242047077892
19.880000000000308,1806.825375419421,232.8894191239544,-1.497821968838875e-16,1.7372208057168623e-18,10.993525103516737,-3.3139734069375333e-18,0.04237535498935623,4.2880529253408494e-19,110.37515064900593,70.93280369541543
19.89000000000031,1807.6768259841997,233.00129893292177,-1.4983656769681107e-16,1.7406374130137043e-18,11.012974716950803,-3.302656992289398e-18,0.03848627419351108,4.1809632482175796e-19,110.3331176177745,70.9331867858297
19.90000000000031,1808.5280207522812,233.11313636061928,-1.49890902299504e-16,1.7440535321338416e-18,11.032472298863839,-3.291352940131706e-18,0.034633415234068224,4.0741558040642413e-19,110.29101619832261,70.93356973811379
19.910000000000313,1809.3789596440429,233.22493027186727,-1.4994520039782492e-16,1.7474679245661285e-18,11.052020590089608,-3.280063735103095e-18,0.030819454976073937,3.9676548204212116e-19,110.24884623880212,70.93395254836881
19.920000000000314,1810.2296425796821,233.33667953461506,-1.499994617000446e-16,1.750879369710044e-18,11.071622311276181,-3.2687918208581347e-18,0.027047039179574767,3.8614840856394534e-19,110.20660758474543,70.9343352127056
19.930000000000316,1811.0800694791487,233.44838302016217,-1.5005368591689347e-16,1.754286664973761e-18,11.091280162471968,-3.2575396000217116e-18,0.02331878225296733,3.755666949033983e-19,110.16430007908767,70.93471772724577
19.940000000000317,1811.930240262078,233.56003960337557,-1.5010787276160785e-16,1.7576886258641685e-18,11.110996822722095,-3.246309434156522e-18,0.01963726701763024,3.6502263211553125e-19,110.12192356218891,70.93510008812206
19.95000000000032,1812.7801548477244,233.67164816290364,-1.5016202194997437e-16,1.761084086068999e-18,11.130774949675123,-3.235103643743493e-18,0.016005044483798286,3.5451846741770884e-19,110.07947787185718,70.93548229147943
19.96000000000032,1813.6298131548942,233.7832075813861,-1.50216133200373e-16,1.7644718975311726e-18,11.150617179199996,-3.2239245081748587e-18,0.012424633637531731,3.440564042397907e-19,110.03696284337104,70.93586433347568
19.970000000000322,1814.4792151018817,233.89471674566065,-1.5027020623381845e-16,1.767850930515514e-18,11.170526125013293,-3.2127742657596947e-18,0.008898521238760594,3.3363860228555337e-19,109.99437830950284,70.93624621028204
19.980000000000324,1815.3283606064026,234.00617454696555,-1.5032424077400002e-16,1.7712200736679703e-18,11.1905043783167,-3.201655113741693e-18,0.005429161630267469,3.2326717760515683e-19,109.95172410054201,70.93662791808411
19.990000000000325,1816.1772495855303,234.11757988113894,-1.5037823654732e-16,1.7745782340674634e-18,11.210554507444638,-3.1905692083289197e-18,0.0020189765575340836,3.129442026784666e-19,109.90900004431857,70.93700945308238
20.000000000000327,1817.0258819556313,234.22893164881404,-1.5043219328293056e-16,1.777924337270522e-18,11.230679057522083,-3.17951866473537e-18,-0.001329645000608899,3.0267170650904824e-19,109.8662059662269,70.93739081149293
20.01000000000033,1817.874257632303,234.3402287556111,-1.5048611071276907e-16,1.7812573273488236e-18,11.250880550132498,-3.1685055572340644e-18,-0.004614346990684833,2.9245167472863924e-19,109.8233416892495,70.93777198954824
20.02000000000033,1818.722376530309,234.4514701123253,-1.5053998857159208e-16,1.7845761669197893e-18,11.271161482995796,-3.157531919221477e-18,-0.007832806432651515,2.822860497119127e-19,109.78040703398105,70.93815298349763
20.03000000000033,1819.570238563519,234.56265463511122,-1.5059382659700776e-16,1.7878798371703674e-18,11.29152432965638,-3.1465997432930753e-18,-0.010982733557514482,2.7217673070134506e-19,109.73740181865257,70.93853378960809
20.040000000000333,1820.4178436448456,234.67378124566343,-1.506476245295069e-16,1.7911673378741394e-18,11.311971539181128,-3.13571098132973e-18,-0.01406187193452366,2.6212557394199706e-19,109.6943258591557,70.93891440416485
20.050000000000335,1821.2651916861832,234.78484887139356,-1.5070138211249255e-16,1.7944376874018972e-18,11.332505535867348,-3.1248675445947938e-18,-0.01706799858809569,2.5213439282602417e-19,109.65117896906716,70.93929482347194
20.060000000000336,1822.112282598349,234.8958564456036,-1.5075509909230825e-16,1.7976899227258188e-18,11.35312871896056,-3.1140713038416065e-18,-0.01999892410450718,2.4220495804672535e-19,109.60796095967324,70.93967504385289
20.070000000000338,1822.959116291022,235.0068029076555,-1.5080877521826475e-16,1.800923099417381e-18,11.373843462382192,-3.1033240894312223e-18,-0.02285249272854661,2.32338997761943e-19,109.56467163999446,70.94005506165122
20.08000000000034,1823.8056926726833,235.11768720313714,-1.5086241024266558e-16,1.8041362916391565e-18,11.394652114466966,-3.0926276914601198e-18,-0.025626582450120342,2.225381977666297e-19,109.52131081681019,70.94043487323118
20.09000000000034,1824.6520116505594,235.2285082840246,-1.5091600392083103e-16,1.8073285921306144e-18,11.415556997710055,-3.0819838598976873e-18,-0.028319105081015754,2.1280420167439244e-19,109.4778782946836,70.94081447497814
20.100000000000342,1825.4980731305625,235.33926510884083,-1.5096955601112098e-16,1.81049911218808e-18,11.4365604085239,-3.0713943047332594e-18,-0.030928006321857226,2.0313861110783116e-19,109.43437387598647,70.94119386329925
20.110000000000344,1826.343877017234,235.44995664281058,-1.5102306627495633e-16,1.8136469816389754e-18,11.457664617004605,-3.0608606961324878e-18,-0.033451265819431114,1.9354298589748157e-19,109.39079736092405,70.941573034624
20.120000000000346,1827.1894232136883,235.56058185801163,-1.5107653447683912e-16,1.816771348810476e-18,11.478871866707898,-3.0503846646028208e-18,-0.03588689721438974,1.840188442891821e-19,109.34714854756018,70.94195198540466
20.130000000000347,1828.034711621556,235.67113973352255,-1.511299603843714e-16,1.81987138049273e-18,11.50018437443455,-3.0399678011678864e-18,-0.03823294817956496,1.7456766315967616e-19,109.30342723184218,70.94233071211688
20.14000000000035,1828.8797421409292,235.78162925556666,-1.5118334376827287e-16,1.8229462618967592e-18,11.521604330025205,-3.0296116575505545e-18,-0.040487500448905964,1.6519087824026672e-19,109.25963320762597,70.9427092112602
20.15000000000035,1829.7245146703067,235.89204941765246,-1.5123668440239711e-16,1.825995196607187e-18,11.543133896164587,-3.01931774636447e-18,-0.04264866983719035,1.558898843483433e-19,109.21576626670124,70.94308747935844
20.160000000000352,1830.56902910654,236.0023992207104,-1.5128998206374685e-16,1.829017406529909e-18,11.564775208194924,-3.0090875413138296e-18,-0.04471460625063323,1.4666603562658962e-19,109.17182619881643,70.94346551296029
20.170000000000353,1831.4132853447804,236.11267767322607,-1.513432365324877e-16,1.8320121318348554e-18,11.586530373938624,-2.9989224774012132e-18,-0.046683493688487794,1.3752064578970059e-19,109.12781279170397,70.94384330863981
20.180000000000355,1832.2572832784263,236.2228837913698,-1.5139644759196104e-16,1.8349786308939636e-18,11.608401473530064,-2.98882395114324e-18,-0.04855355023575554,1.2845498837841753e-19,109.08372583110533,70.94422086299673
20.190000000000357,1833.101022799071,236.33301659912266,-1.514496150286954e-16,1.83791618021449e-18,11.630390559256453,-2.9787933207938495e-18,-0.0503230280471443,1.1947029702070696e-19,109.03956510079615,70.94459817265702
20.200000000000358,1833.9445037964526,236.44307512839885,-1.5150273863241695e-16,1.840824074367796e-18,11.652499655407663,-2.968831906574993e-18,-0.05199021332234666,1.1056776569989875e-19,108.9953303826114,70.94497523427331
20.21000000000036,1834.7877261584026,236.55305841916476,-1.5155581819605867e-16,1.8437016259137226e-18,11.674730758134958,-2.9589409909145327e-18,-0.053553426272801845,1.017485490296067e-19,108.95102145647044,70.94535204452528
20.22000000000036,1835.6306897707966,236.6629655195542,-1.5160885351576848e-16,1.846548165320693e-18,11.6970858353186,-2.949121818691154e-18,-0.05501102108003815,9.30137625352518e-20,108.90663810040216,70.94572860012002
20.230000000000363,1836.473394517505,236.7727954859803,-1.516618443909163e-16,1.8493630408816494e-18,11.719566826444133,-2.939375597486056e-18,-0.05636138584571035,8.436448294200948e-20,108.86218009056994,70.94610489779262
20.240000000000364,1837.3158402803458,236.88254738324392,-1.5171479062409986e-16,1.8521456186259756e-18,11.742175642487439,-2.9297034978412707e-18,-0.057602942533473124,7.580174846900694e-20,108.8176472012967,70.94648093430627
20.250000000000366,1838.1580269390354,236.9922202846384,-1.517676920211497e-16,1.8548952822274825e-18,11.764914165808271,-2.9201066535243514e-18,-0.05873414690277067,6.732655912959129e-20,108.77303920508994,70.94685670645288
20.260000000000367,1838.999954371143,237.1018132720511,-1.5182054839113287e-16,1.8576114329086213e-18,11.787784250052358,-2.9105861617992744e-18,-0.059753488434711136,5.893987703749267e-20,108.72835587266653,70.94723221105332
20.27000000000037,1839.8416224520445,237.21132543606126,-1.5187335954635578e-16,1.8602934893410206e-18,11.810787720061946,-2.901143083703351e-18,-0.060659490250123516,5.0642626718715534e-20,108.68359697297777,70.94760744495775
20.28000000000037,1840.6830310548762,237.32075587603464,-1.5192612530236592e-16,1.8629408875424545e-18,11.833926371794604,-2.891778444329931e-18,-0.06145070901991426,4.2435695428971086e-20,108.63876227323401,70.94798240504608
20.290000000000372,1841.5241800504916,237.43010370021457,-1.5197884547795265e-16,1.8655530807703885e-18,11.857201972250373,-2.8824932331167455e-18,-0.062125734867850134,3.4319933476496594e-20,108.59385153892956,70.94835708822811
20.300000000000374,1842.3650693074164,237.53936802580975,-1.5203151989514697e-16,1.8681295394121814e-18,11.880616259406988,-2.873288404139648e-18,-0.06268319126590444,2.629615455007199e-20,108.54886453386736,70.94873149144401
20.310000000000375,1843.2056986918058,237.64854797907867,-1.5208414837922043e-16,1.8706697508720855e-18,11.904170942163242,-2.864164876411617e-18,-0.06312173492225671,1.8365136052079214e-20,108.50380102018353,70.94910561166456
20.320000000000377,1844.0460680674018,237.75764269541057,-1.5213673075868287e-16,1.873173219455134e-18,11.927867700290292,-2.8551235341867907e-18,-0.06344005566212199,1.0527619436424813e-20,108.45866075837203,70.9494794458914
20.33000000000038,1844.8861772954924,237.86665131940327,-1.5218926686527956e-16,1.8756394662480433e-18,11.951708184390888,-2.8461652272693766e-18,-0.06363687630147005,2.7843105511630557e-21,108.41344350730901,70.9498529911574
20.34000000000038,1845.7260262348698,237.97557300493756,-1.5224175653398713e-16,1.8780680289972187e-18,11.975694015866397,-2.8372907713272346e-18,-0.06371095251381062,-4.864120014347227e-21,108.36814902427737,70.95022624452682
20.35000000000038,1846.5656147417908,238.0844069152484,-1.5229419960300882e-16,1.880458461983991e-18,11.99982678689152,-2.828500948209966e-18,-0.06366107269014847,-1.2417036577920674e-20,108.32277706499089,70.95059920309563
20.360000000000383,1847.4049426699369,238.19315222299278,-1.5234659591376877e-16,1.882810335897168e-18,12.024108060396644,-2.8197965062713155e-18,-0.0634860577922145,-1.9873838008819422e-20,108.27732738361856,70.95097186399181
20.370000000000385,1848.2440098703762,238.3018081103145,-1.5239894531090543e-16,1.8851232377030185e-18,12.048539370057723,-2.811178160695726e-18,-0.06318476119913426,-2.723395736798662e-20,108.23179973280861,70.95134422437542
20.380000000000386,1849.0828161915254,238.4103737689057,-1.5245124764226425e-16,1.887396770512783e-18,12.073122220293577,-2.8026465938288545e-18,-0.06275606854764669,-3.4496861544402554e-20,108.18619386371266,70.951716281439
20.390000000000388,1849.921361479112,238.5188484000651,-1.5250350275888938e-16,1.8896305534478128e-18,12.097858086270524,-2.794202455511889e-18,-0.06219889756595919,-4.1662050887723275e-20,108.14050952600957,70.95208803240769
20.40000000000039,1850.7596455761388,238.6272312147533,-1.5255571051501479e-16,1.891824221502436e-18,12.122748413914247,-2.785846363419484e-18,-0.06151219790143915,-4.872905883736111e-20,108.09474646792927,70.95245947453938
20.41000000000039,1851.597668322848,238.73552143364472,-1.5260787076805435e-16,1.893977425404645e-18,12.147794619928833,-2.7775789034011614e-18,-0.060694950942186195,-5.569745154816166e-20,108.04890443627649,70.95283060512506
20.420000000000393,1852.4354295566857,238.8437182871768,-1.526599833785914e-16,1.8960898314747012e-18,12.172998091822818,-2.769400629825998e-18,-0.059746169632672555,-6.256682751283897e-20,108.0029831764544,70.95320142148884
20.430000000000394,1853.2729291122687,238.9518210155958,-1.5271204821036737e-16,1.8981611214817458e-18,12.198360187942177,-2.7613120659304237e-18,-0.05866489828353304,-6.933681718132255e-20,107.95698243248809,70.95357192098825
20.440000000000396,1854.1101668213503,239.0598288689997,-1.5276406513026975e-16,1.900190992498518e-18,12.223882237510207,-2.7533137041690146e-18,-0.05745021237566741,-7.600708257716458e-20,107.91090194704793,70.95394210101426
20.450000000000397,1854.9471425127883,239.16774110737808,-1.5281603400831942e-16,1.9021791567542585e-18,12.249565540674102,-2.7454060065680557e-18,-0.05610121835873713,-8.257731691116659e-20,107.86474146147295,70.95431195899155
20.4600000000004,1855.7838560125126,239.27555700064914,-1.5286795471765705e-16,1.9041253414858937e-18,12.275411368558226,-2.737589405081775e-18,-0.05461705344422535,-8.904724419237254e-20,107.81850071579385,70.95468149237858
20.4700000000004,1856.620307143494,239.38327582869363,-1.5291982713452916e-16,1.9060292887875832e-18,12.301420963323903,-2.729864301951051e-18,-0.052996885393142304,-9.541661883657842e-20,107.77217944875625,70.95505069866778
20.480000000000402,1857.4564957257146,239.49089688138585,-1.5297165113827316e-16,1.9078907554587137e-18,12.32759553823565,-2.7222310700644654e-18,-0.05123991229852474,-1.0168522527250463e-19,107.7257773978434,70.95541957538555
20.490000000000403,1858.292421576137,239.5984194586219,-1.5302342661130204e-16,1.9097095128504316e-18,12.353936277733817,-2.7146900533215443e-18,-0.049345362362870446,-1.0785287754578088e-19,107.67929429929914,70.95578812009249
20.500000000000405,1859.1280845086762,239.70584287034495,-1.5307515343908815e-16,1.911485346710777e-18,12.380444337513376,-2.7072415669980205e-18,-0.04731249367056348,-1.1391941892088388e-19,107.6327298881505,70.9561563303835
20.510000000000407,1859.9634843341712,239.8131664365678,-1.5312683151014664e-16,1.9132180570285267e-18,12.40712084460898,-2.6998858981130124e-18,-0.04514059395551146,-1.1988472148117342e-19,107.58608389823023,70.9565242038877
20.520000000000408,1860.7986208603575,239.9203894873925,-1.5317846071601812e-16,1.9149074578757836e-18,12.433966897485927,-2.69262330579792e-18,-0.042828980364012254,-1.25748685727169e-19,107.53935606219932,70.95689173826874
20.53000000000041,1861.6334938918403,240.02751136302732,-1.532300409512507e-16,1.916553377249435e-18,12.4609835661372,-2.685454021666946e-18,-0.040376999213065326,-1.3151124017320393e-19,107.49254611156923,70.9572589312247
20.54000000000041,1862.4681032300691,240.13453141380103,-1.5328157211338167e-16,1.918155656911519e-18,12.488171892186244,-2.678378250189071e-18,-0.03778402574418501,-1.3717234094259997e-19,107.44565377672404,70.95762578048823
20.550000000000413,1863.3024486733118,240.2414490001743,-1.5333305410291843e-16,1.919714152228585e-18,12.515532888995562,-2.67139616906136e-18,-0.03504946387287095,-1.4273197136149108e-19,107.39867878694257,70.95799228382658
20.560000000000414,1864.1365300532916,240.3482632064696,-1.5338448683466248e-16,1.921228732010123e-18,12.543067541780866,-2.664507929583452e-18,-0.032172745933837156,-1.4819014155144241e-19,107.35162087042016,70.95835843904165
20.570000000000416,1864.9703472027193,240.45497309503642,-1.5343587022763115e-16,1.922699130210761e-18,12.570757142284767,-2.6577143331643764e-18,-0.029157652956023617,-1.5354689176621489e-19,107.30447708720689,70.95872424298949
20.580000000000418,1865.803899950157,240.5615777486549,-1.534872042033749e-16,1.924125075567511e-18,12.59858075314326,-2.6510162336394676e-18,-0.02602379799952762,-1.5880228531403342e-19,107.25724683564928,70.95908969245099
20.59000000000042,1866.6371881206094,240.66807626837502,-1.535384886860599e-16,1.925506314268119e-18,12.626518237210734,-2.6444144335401075e-18,-0.02279226168981932,-1.6395641048615343e-19,107.20992993717047,70.95945478427677
20.60000000000042,1867.4702115360894,240.77446777144726,-1.5358972360254614e-16,1.926842609846166e-18,12.654550235676098,-2.637909684999841e-18,-0.01948322684363946,-1.6900938064177438e-19,107.1625262261208,70.95981951537999
20.610000000000422,1868.3029700161676,240.88075138934238,-1.5364090888246074e-16,1.9281337430744186e-18,12.6826581466416,-2.6315026906539887e-18,-0.01611600465028798,-1.7396133374685603e-19,107.11503554923698,70.96018388272924
20.620000000000424,1869.1354633784974,240.98692626585705,-1.5369204445826672e-16,1.9293795118560478e-18,12.71082410415786,-2.6251941045327924e-18,-0.012709060259741514,-1.7881243191531202e-19,107.06745776511323,70.96054788334165
20.630000000000425,1869.9676914393237,241.09299155530329,-1.5374313026532741e-16,1.930579731113346e-18,12.739030957708247,-2.6189845329480637e-18,-0.009280037787365967,-1.8356286095268763e-19,107.01979274368522,70.96091151427655
20.640000000000427,1870.7996540139695,241.19894642077864,-1.5379416624196665e-16,1.931734232673605e-18,12.76726225213591,-2.6128745353733145e-18,-0.005845784744973704,-1.8821282990242465e-19,106.97204036572532,70.96127477262917
20.65000000000043,1871.6313509173056,241.30479003251511,-1.5384515232952465e-16,1.932842865151876e-18,12.795502208006742,-2.6068646253173583e-18,-0.002422375907875089,-1.9276257059480829e-19,106.92420052235002,70.96163765552478
20.66000000000043,1872.4627819642003,241.410521566304,-1.5389608847240994e-16,1.9339054938303495e-18,12.823735702401693,-2.6009552711913632e-18,0.0009748633723793814,-1.9721233719868416e-19,106.87627311453868,70.96200016011298
20.67000000000043,1873.2939469699534,241.5161402019945,-1.5394697461814724e-16,1.9349220005341298e-18,12.85194825013165,-2.595146897169328e-18,0.004331334400105117,-2.015624057760246e-19,106.82825805266376,70.96236228356233
20.680000000000433,1874.12484575071,241.62164512206368,-1.5399781071742158e-16,1.9358922835031874e-18,12.880125985368236,-2.589439884041938e-18,0.00763314290293901,-2.0581307383942788e-19,106.7801552560322,70.96272402305524
20.690000000000435,1874.955478123859,241.72703551025575,-1.5404859672411868e-16,1.9368162572603585e-18,12.908255643684099,-2.5838345700637993e-18,0.010867077325219701,-2.099646599126124e-19,106.7319646524379,70.96308537578304
20.700000000000436,1875.7858439084155,241.83231055028793,-1.5409933259536165e-16,1.9376938524752053e-18,12.936324544495852,-2.578331251793986e-18,0.0140205876380307,-2.1401750309397514e-19,106.68368617772512,70.96344633894131
20.710000000000438,1876.6159429253848,241.93746942462153,-1.5415001829154411e-16,1.938525015823652e-18,12.964320573903285,-2.5729301849298852e-18,0.01708176465663245,-2.179719626232783e-19,106.63531977536246,70.96380690972545
20.72000000000044,1877.4457752054068,242.04251136122934,-1.5420058181017502e-16,1.9393097098432887e-18,12.992232167918347,-2.5676315851343e-18,0.02003931985612852,-2.218284174515113e-19,106.5868653960279,70.96416708532651
20.73000000000044,1878.2753406820866,242.14743556202916,-1.5425109332950984e-16,1.9411926042936616e-18,13.020048296077261,-2.5573493652016618e-18,0.02288256110652087,-2.266719198399195e-19,106.53834427360083,70.96452686309136
20.740000000000443,1879.1046392972564,242.25224122587784,-1.543016246352354e-16,1.943045919156651e-18,13.047758445421055,-2.5472246278470086e-18,0.025601369594133117,-2.3513765701622354e-19,106.48974614984998,70.96488624027752
20.750000000000444,1879.9336710012715,242.3569275475945,-1.5435210544621961e-16,1.9437182350630407e-18,13.075352604850174,-2.542345403322442e-18,0.028186194454074626,-2.423615676218078e-19,106.44107153877464,70.96524521413197
20.760000000000446,1880.7624357532907,242.46149371703822,-1.5440253574816504e-16,1.94434083969543e-18,13.10282124984309,-2.5375702283164896e-18,0.030628029212021898,-2.4570781325078287e-19,106.39232095946515,70.96560378188784
20.770000000000447,1881.5909335215442,242.56593891823863,-1.5445298736400285e-16,1.944913873863456e-18,13.130155327532984,-2.532899089147739e-18,0.03291839396255431,-2.4895735077058757e-19,106.34349493572469,70.9659619407611
20.78000000000045,1882.419164283587,242.67026232857725,-1.5450339021349342e-16,1.94428025546772e-18,13.157346242136352,-2.533421035421256e-18,0.03504931799320844,-2.510272403712714e-19,106.2945939957017,70.96631968794775
20.79000000000045,1883.2471280265397,242.77446311801822,-1.5455374440148352e-16,1.943580655033887e-18,13.184385840727316,-2.5339923516271937e-18,0.0370133228457691,-2.4928038917167166e-19,106.24561867153304,70.96667702062092
20.800000000000452,1884.0748247473164,242.8785404483863,-1.546041217830607e-16,1.94281693415624e-18,13.21126639935144,-2.53461239128052e-18,0.038803405806310164,-2.4749909847506713e-19,106.19656949899745,70.96703393592831
20.810000000000453,1884.9022544528398,242.98249347269095,-1.5465438075434647e-16,1.940826301182754e-18,13.237980609473011,-2.540371273699156e-18,0.040413023815658436,-2.4460162870515363e-19,106.1474470171795,70.96739043098958
20.820000000000455,1885.7294171602452,243.0863213344944,-1.5470459150058116e-16,1.9399255782482717e-18,13.264521564749813,-2.5410317788782295e-18,0.04183607779199478,-2.3903197879177844e-19,106.09825176814364,70.96774650289419
20.830000000000457,1886.5563128970723,243.19002316732244,-1.5475475413307446e-16,1.9389677305719877e-18,13.29088274812923,-2.5417384342429737e-18,0.04306689735749879,-2.3721376072914026e-19,106.04898429661822,70.96810214869912
20.840000000000458,1887.3829417014447,243.29359809411645,-1.5480486876506348e-16,1.9379544165884223e-18,13.317058019259946,-2.542490568825804e-18,0.04410022596091997,-2.353653783342971e-19,105.99964514968948,70.96845736542696
20.85000000000046,1888.2093036222404,243.39704522672474,-1.548548639060409e-16,1.9368872605608917e-18,13.343041602213294,-2.5432875017891247e-18,0.044931206388177214,-2.334877518131018e-19,105.95023487650559,70.9688121500639
20.86000000000046,1889.0353987192502,243.5003636654324,-1.5490473795510694e-16,1.9369444568972398e-18,13.368828073508421,-2.5390350152420534e-18,0.045555366653122674,-2.3266319554445635e-19,105.90075402798979,70.96916649955806
20.870000000000463,1889.8612270633257,243.60355249852756,-1.5495456075576674e-16,1.9381463452920214e-18,13.39441235043562,-2.5297861515756302e-18,0.04596860626068071,-2.366162214407497e-19,105.85120315656357,70.96952041081795
20.880000000000464,1890.6867887365183,243.70661080190342,-1.550044037348845e-16,1.9393302223569407e-18,13.419789679672038,-2.5206890568702064e-18,0.04616718283483124,-2.44206654664759e-19,105.8015828158789,70.9698738807108
20.890000000000466,1891.5120838322073,243.80953763869402,-1.550541970255188e-16,1.939310691856888e-18,13.444955626184251,-2.516839202477161e-18,0.046147699103738345,-2.5056992046069032e-19,105.75189356055974,70.97022690606137
20.900000000000468,1892.3371124552193,243.91233205894287,-1.5510401211514426e-16,1.9392532813624883e-18,13.469906062412061,-2.5130875387833477e-18,0.04590709023475985,-2.530617733047539e-19,105.70213594595278,70.97057948365062
20.91000000000047,1893.1618747219384,244.01499309930315,-1.551538507409604e-16,1.937969850754363e-18,13.494637157728093,-2.5145299679191782e-18,0.04544261151186854,-2.5438746834290624e-19,105.65231052788685,70.97093161021459
20.92000000000047,1893.986370760407,244.11751978276814,-1.552037147493851e-16,1.9354419228462065e-18,13.51914536816774,-2.521112559889676e-18,0.044751826348350655,-2.508221838491436e-19,105.60241786244147,70.97128328244335
20.930000000000472,1894.8106007104188,244.21991111843067,-1.5525353471701924e-16,1.931652767708079e-18,13.543427426424119,-2.532780852792716e-18,0.043832594627601744,-2.424265169177729e-19,105.55245850572369,70.97163449698009
20.940000000000474,1895.634564723603,244.3221661012706,-1.5530323965081137e-16,1.9277821955224955e-18,13.567480332102715,-2.5443821147049054e-18,0.04268306136502529,-2.303405959615872e-19,105.50243301365363,70.97198525042033
20.950000000000475,1896.4582629635008,244.4242837119691,-1.553528995231429e-16,1.9250321884110012e-18,13.591301342230546,-2.5508161403447782e-18,0.04130164568414722,-2.1943111485006886e-19,105.4523419417585,70.97233553931112
20.960000000000477,1897.281695605634,244.52626291674864,-1.5540244328766622e-16,1.9222266346174428e-18,13.614887962014649,-2.5572333152754998e-18,0.039687030100067376,-2.1234812315953977e-19,105.40218584497441,70.97268536015049
20.97000000000048,1898.1048628375656,244.62810266723753,-1.554520120177216e-16,1.9205698968074976e-18,13.638237935844797,-2.5585330316461405e-18,0.0378381501036307,-2.0638448450557555e-19,105.3519652774566,70.97303470938678
20.98000000000048,1898.9277648589548,244.72980190035835,-1.5550146507886188e-16,1.9176761149950082e-18,13.66134923853551,-2.5649669985770002e-18,0.03575418403963457,-2.031131341514172e-19,105.30168079239749,70.97338358341831
20.99000000000048,1899.7504018816026,244.8313595382389,-1.555509434353236e-16,1.915939534975958e-18,13.684220066802297,-2.566280478183404e-18,0.03343454327263018,-1.971748035639561e-19,105.25133294185237,70.97373197859292
21.000000000000483,1900.5727741294927,244.93277448814467,-1.5560030656436376e-16,1.912965708053736e-18,13.70684883096731,-2.572727117660241e-18,0.030878862633917006,-1.9393212395413766e-19,105.20092227657271,70.97407989120762
21.010000000000485,1901.3948818388253,245.03404564243235,-1.5564969532106245e-16,1.9111571892333977e-18,13.72923414688967,-2.5740502915098936e-18,0.028086991143395548,-1.8802306556889482e-19,105.150449345847,70.9744273175085
21.020000000000486,1902.2167252580439,245.135171878523,-1.556990404152366e-16,1.908111120635579e-18,13.751374828115528,-2.580505551577375e-18,0.025058983000146116,-1.8481297226988084e-19,105.09991469734877,70.97477425369044
21.030000000000488,1903.0383046478569,245.23615205889422,-1.5574834209581757e-16,1.90502440433285e-18,13.773269878243418,-2.5869366358463726e-18,0.02179508883561211,-1.7786057051221387e-19,105.04931887699182,70.97512069589702
21.04000000000049,1903.859620281253,245.33698503109036,-1.557976006114122e-16,1.90189969099857e-18,13.794918483500142,-2.5933422899900838e-18,0.018295747223402086,-1.7095614377979598e-19,104.99866242879236,70.97546664022057
21.05000000000049,1904.6806724435114,245.43766962775015,-1.5584681621025178e-16,1.8987395626248775e-18,13.816320005522725,-2.599721279900764e-18,0.014561576439833713,-1.6410079132733364e-19,104.94794589473801,70.97581208270219
21.060000000000493,1905.5014614322056,245.53820466665064,-1.5589598914014197e-16,1.8955465340797164e-18,13.837473974341895,-2.6060723919221813e-18,0.010593366469457681,-1.5729558329663123e-19,104.89716981466341,70.97615701933177
21.070000000000494,1906.3219875572029,245.63858895076692,-1.5594504866900174e-16,1.8923230546184217e-18,13.858380081562844,-2.6123944330675215e-18,0.006392071249799035,-1.5054156096503373e-19,104.84633472613247,70.97650144604819
21.080000000000496,1907.1422511406593,245.73882126834684,-1.5599413526589882e-16,1.890295055039683e-18,13.879038173738785,-2.613581698313602e-18,0.00195880114982086,-1.44914516592208e-19,104.79544116432679,70.97684535873958
21.090000000000497,1907.9622525170078,245.83890039299982,-1.5604310890295227e-16,1.8870315597897938e-18,13.8994482459331,-2.6198961790225676e-18,-0.0027051843234586555,-1.419986787079381e-19,104.74448966194048,70.97718875324341
21.1000000000005,1908.7819920329441,245.93882508379923,-1.5609210994000518e-16,1.8849702446257455e-18,13.919610435465941,-2.6210732698802387e-18,-0.007598483595525164,-1.3641883614201078e-19,104.69348074908088,70.97753162534698
21.1100000000005,1909.6014700474066,246.0385940853977,-1.5614106932542797e-16,1.881672553417525e-18,13.939525015841065,-2.6273767049397657e-18,-0.012719559877439205,-1.3355321446515733e-19,104.64241495317523,70.97787397078767
21.120000000000502,1910.4206869315526,246.13820612815437,-1.5618991646824593e-16,1.878352566101064e-18,13.959192390848933,-2.633646503253486e-18,-0.018066747806628147,-1.2695012766186888e-19,104.59129279888317,70.97821578525331
21.130000000000503,1911.2396430687304,246.23765992827393,-1.5623864994357487e-16,1.876245206302116e-18,13.978613088842017,-2.634774825970803e-18,-0.02363825988046079,-1.2147609686628685e-19,104.54011480801466,70.9785570643827
21.140000000000505,1912.0583388544471,246.33695418795634,-1.5628726822107246e-16,1.8753698913066693e-18,13.997787757178465,-2.6308136421901843e-18,-0.029432192687682532,-1.2086630892436093e-19,104.4888814994536,70.97889780376605
21.150000000000507,1912.8767746963338,246.4360875955571,-1.563359111744072e-16,1.875744273024603e-18,14.016717156830133,-2.621815448812487e-18,-0.03544653294255915,-1.2506259234082024e-19,104.43759338908635,70.97923799894541
21.160000000000508,1913.6949510141053,246.53505882575703,-1.5638450967387974e-16,1.8749083107301315e-18,14.035402157151411,-2.618049242705182e-18,-0.041679163326620985,-1.3186252812745296e-19,104.38625098973597,70.97957764541536
21.17000000000051,1914.5128682395184,246.63386653974143,-1.5643306375938035e-16,1.874081707717959e-18,14.053843730804864,-2.6143541538287947e-18,-0.048127868142719174,-1.3480748764187393e-19,104.33485481110097,70.97991673862352
21.18000000000051,1915.3305268163258,246.73250938538771,-1.5648157347309266e-16,1.8732633551418044e-18,14.072042948840235,-2.610730128296617e-18,-0.054790338786030957,-1.3769216659493546e-19,104.2834053596991,70.98025527397108
21.190000000000513,1916.1479272002266,246.83098599746128,-1.565300388594876e-16,1.872452186164914e-18,14.090000975923099,-2.607177094884966e-18,-0.06166417903660481,-1.4051666988821983e-19,104.23190313881604,70.98059324681363
21.200000000000514,1916.9650698588152,246.92929499781903,-1.5657845996531623e-16,1.8716471748602648e-18,14.107719065709661,-2.603694965388118e-18,-0.06874691017789449,-1.43281116100778e-19,104.18034864845833,70.98093065246165
21.210000000000516,1917.781955271526,247.02743499561987,-1.5662683683960127e-16,1.8708473351379516e-18,14.125198556364266,-2.600283634969694e-18,-0.07603597594565843,-1.4598563722698513e-19,104.12874238531101,70.98126748618134
21.220000000000518,1918.5985839295754,247.12540458754205,-1.5667516953362772e-16,1.8700517196989677e-18,14.142440866216123,-2.596942982510542e-18,-0.08352874731154139,-1.4863037841645393e-19,104.0770848426995,70.98160374319521
21.23000000000052,1919.414956335903,247.2232023580066,-1.5672345810093225e-16,1.8692594190146534e-18,14.159447489552017,-2.593672870953156e-18,-0.09122252710558094,-1.512154977160144e-19,104.02537651055559,70.98193941868296
21.24000000000052,1920.2310730051083,247.32082687940667,-1.5677170259729167e-16,1.8684695603310682e-18,14.176219992541649,-2.590473147642658e-18,-0.09911455448168893,-1.5374116581375163e-19,103.9736178753875,70.98227450778215
21.250000000000522,1921.0469344633857,247.41827671234208,-1.5681990308071039e-16,1.8676813066975938e-18,14.192760009292334,-2.587343644664374e-18,-0.10720200923023059,-1.5620756578511374e-19,103.92180942025391,70.98260900558901
21.260000000000524,1921.8625412484582,247.515550405859,-1.56868059611407e-16,1.8668938560191124e-18,14.209069238030091,-2.5842841791780576e-18,-0.11548201594164663,-1.5861489284107475e-19,103.86995162474165,70.98294290715928
21.270000000000525,1922.6778939095077,247.61264649769402,-1.5691617225179992e-16,1.866106440131077e-18,14.225149437403736,-2.5812945537487426e-18,-0.1239516480249852,-1.6096335407836293e-19,103.81804496494719,70.98327620750894
21.280000000000527,1923.4929930071046,247.70956351452264,-1.5696424106649223e-16,1.8653183238968688e-18,14.241002422909196,-2.5783745566742817e-18,-0.13260793158515982,-1.6325316823173693e-19,103.76608991346146,70.98360890161516
21.29000000000053,1924.3078391131346,247.8062999722114,-1.5701226612225563e-16,1.8645288043268266e-18,14.256630063430906,-2.575523962309584e-18,-0.1414478491626971,-1.654845654283172e-19,103.71408693935821,70.98394098441703
21.30000000000053,1925.1224328107244,247.90285437607355,-1.5706024748801374e-16,1.863737209718348e-18,14.272034277897387,-2.572742531387547e-18,-0.15046834333955203,-1.6765778694395474e-19,103.66203650818571,70.9842724508166
21.31000000000053,1925.936774694165,247.99922522112792,-1.5710818523482457e-16,1.862942898816518e-18,14.287217032048204,-2.570030011336744e-18,-0.1596663202146359,-1.6977308496163966e-19,103.60993908196133,70.98460329567952
21.320000000000533,1926.750865368835,248.09541099236063,-1.5715607943586233e-16,1.862145259994682e-18,14.302180335309338,-2.5673861365958227e-18,-0.16903865275251,-1.7183072233193635e-19,103.55779511916958,70.9849335138361
21.330000000000535,1927.5647054511207,248.1914101649893,-1.572039301663986e-16,1.8613437104544707e-18,14.316926237774432,-2.564810628924689e-18,-0.1785821840087162,-1.7383097233544122e-19,103.50560507476264,70.98526310008215
21.340000000000536,1928.3782955683355,248.28722120472943,-1.5725173750378276e-16,1.8605376954447224e-18,14.33145682728898,-2.562303197712435e-18,-0.1882937302350287,-1.757741184472521e-19,103.45336940016406,70.98559204917993
21.350000000000538,1929.1916363586388,248.38284256806287,-1.5729950152742202e-16,1.8597266874988334e-18,14.345774226634946,-2.5598635402820557e-18,-0.1981700838679894,-1.776604541034445e-19,103.401088543275,70.98592035585897
21.36000000000054,1930.004728470953,248.4782727025078,-1.5734708197286847e-16,1.8589101856900462e-18,14.359880590813203,-2.5574913421919504e-18,-0.20820801640385803,-1.7949028246954265e-19,103.34876294848306,70.98624801481705
21.37000000000054,1930.8175725648796,248.5735100468903,-1.5739475624449236e-16,1.8606263922303253e-18,14.37377810442116,-2.544955001395078e-18,-0.21840428116318827,-1.8339022908174272e-19,103.29639305667362,70.98657502072113
21.380000000000543,1931.6301693106138,248.66855303161688,-1.5744224700167084e-16,1.859824687493824e-18,14.387468979123238,-2.5428228193758235e-18,-0.2287556159480598,-1.9260236908189718e-19,103.24397930524373,70.98690136820827
21.390000000000544,1932.44251938886,248.76340007894808,-1.5748983144529884e-16,1.8615566561102285e-18,14.400955451211559,-2.530525676638543e-18,-0.23925874559496044,-1.9627282299134472e-19,103.19152212811811,70.98722705188656
21.400000000000546,1933.2546234907443,248.85804960327278,-1.5753751270950674e-16,1.8607617097797114e-18,14.414239779254656,-2.5286341552452317e-18,-0.24991038442630145,-2.0525943727298793e-19,103.13902195576728,70.98755206633602
21.410000000000547,1934.066482317727,248.9525000113828,-1.5758501399043923e-16,1.857404302637163e-18,14.42732424183171,-2.537044231475365e-18,-0.26070723860340556,-2.0445523520641815e-19,103.08647921522805,70.98787640610965
21.42000000000055,1934.8780965815154,249.04674970274795,-1.5763247237284672e-16,1.856554366630414e-18,14.440211135350088,-2.5351821976867515e-18,-0.2716460083837832,-1.9821841991102687e-19,103.03389433012586,70.98820006573425
21.43000000000055,1935.6894670039749,249.14079706979103,-1.5768002792208834e-16,1.8556934696443263e-18,14.452902771943918,-2.5333859973227997e-18,-0.2827233902854251,-1.9954066367291875e-19,102.98126772069894,70.98852303971141
21.440000000000552,1936.5005943170397,249.2346404981628,-1.5772754406356163e-16,1.8522656873583824e-18,14.465401477451598,-2.54189067841782e-18,-0.293936079160865,-1.98688997228367e-19,102.92859980382457,70.98884532251844
21.450000000000554,1937.3114792626238,249.32827836701642,-1.5777516096879335e-16,1.848797106272067e-18,14.477709589469866,-2.5503553180917826e-18,-0.3052807701835079,-1.9028187560414932e-19,102.87589099304672,70.9891669086094
21.460000000000555,1938.1221225925306,249.42170904928167,-1.5782274237412755e-16,1.8427305330387277e-18,14.489829455482583,-2.569015032495772e-18,-0.316754160748926,-1.7981905973240784e-19,102.82314169860578,70.98948779241587
21.470000000000557,1938.9325250683626,249.5149309119383,-1.5787028879852926e-16,1.8365998549619174e-18,14.501763431062045,-2.587526888860579e-18,-0.32835295229352873,-1.6191537081980542e-19,102.77035232746937,70.98980796834809
21.480000000000558,1939.7426874614312,249.60794231628864,-1.5791780075676572e-16,1.8304111814542976e-18,14.513513878140769,-2.605888415488016e-18,-0.34007385203306856,-1.4419099922699066e-19,102.71752328336503,70.99012743079567
21.49000000000056,1940.5526105526656,249.70074161822924,-1.5796541840570143e-16,1.824170445549324e-18,14.525083163351873,-2.624097211349328e-18,-0.3519135746234289,-1.266478544837982e-19,102.66465496681427,70.99044617412873
21.50000000000056,1941.3622951325224,249.79332716852136,-1.5801300587686478e-16,1.815314500511937e-18,14.53647365643612,-2.6523897138764817e-18,-0.3638688437459371,-1.0717447489225627e-19,102.6117477751677,70.99076419269875
21.510000000000563,1942.1717420008938,249.8856973130603,-1.5806070342136042e-16,1.80638871152829e-18,14.547687728713672,-2.6804203098689303e-18,-0.375936393619538,-8.037716935792901e-20,102.55880210264172,70.99108148083944
21.520000000000564,1942.980951967017,249.97785039314314,-1.5810851495459008e-16,1.794828676025911e-18,14.558727751618777,-2.718425571785681e-18,-0.3881129704420678,-5.177002327170902e-20,102.5058183403563,70.99139803286779
21.530000000000566,1943.789925849383,250.06978474573526,-1.5815644459002503e-16,1.7806117069790842e-18,14.569596095295557,-2.766298439766585e-18,-0.4003953337627089,-1.3845267120850688e-20,102.45279687637387,70.99171384308487
21.540000000000568,1944.5986644756456,250.16149870373496,-1.5820449663608432e-16,1.7637181472389857e-18,14.58029512725318,-2.823930989220134e-18,-0.41278025778787647,3.32803893353157e-20,102.3997380957393,70.99202890577678
21.55000000000057,1945.40716868253,250.25299059623654,-1.5825239693405683e-16,1.744131273420745e-18,14.590827211078647,-2.8912144704501063e-18,-0.4252645326224532,8.948966429457616e-20,102.34664238052076,70.9923432152156
21.56000000000057,1946.2154393157425,250.34425874879145,-1.5830028305213366e-16,1.7269990970411577e-18,14.601194705205502,-2.9475557988828434e-18,-0.4378449654485171,1.5045133198308294e-19,102.29351010985181,70.99265676566024
21.570000000000572,1947.0234772298795,250.43530148366744,-1.583481562518024e-16,1.7097892069791362e-18,14.611399961736954,-3.0032943184420372e-18,-0.45051838164347674,2.0312211069204398e-19,102.24034165997402,70.99296955135739
21.580000000000574,1947.8312832883369,250.52611712010594,-1.5839601777734303e-16,1.6925174467258362e-18,14.6214453253216,-3.058424726074827e-18,-0.4632816258395257,2.551278395866663e-19,102.18713740428059,70.99328156654232
21.590000000000575,1948.6388583632195,250.61670397457692,-1.5844386885565568e-16,1.675199162405944e-18,14.631333132080364,-3.1129419370006846e-18,-0.4761315629262858,3.06464789515592e-19,102.13389771336068,70.99359280543985
21.600000000000577,1949.4462033352522,250.70706036103192,-1.5849171069610035e-16,1.6578492141371838e-18,14.641065708583042,-3.1668410828992547e-18,-0.48906507899850254,3.5712944045561923e-19,102.08062295504452,70.99390326226518
21.61000000000058,1950.253319093689,250.79718459115463,-1.5853968350688161e-16,1.6404819871219227e-18,14.650645370872972,-3.220117510061624e-18,-0.5020790822505495,4.071184791560325e-19,102.02731349444902,70.99421293122478
21.62000000000058,1951.060206536224,250.88707497460908,-1.5858765267605325e-16,1.6205194947215498e-18,14.660074423538317,-3.2830112999459063e-18,-0.515170503819443,4.585285177954249e-19,101.97396969402405,70.99452180651723
21.63000000000058,1951.8668665689033,250.97672981928548,-1.5863575848074565e-16,1.6005384595282123e-18,14.669355158828703,-3.345169967272696e-18,-0.5283362985781588,5.167813421761625e-19,101.92059191359937,70.99482988233407
21.640000000000583,1952.6733001060352,251.06614743154364,-1.5868400543638764e-16,1.5779597476376226e-18,14.678489855815586,-3.416833847967133e-18,-0.5415734458807538,5.763335294486337e-19,101.86718051043191,70.99513715286064
21.650000000000585,1953.4795080701026,251.15532611645375,-1.587322594317304e-16,1.5527687799428247e-18,14.687480779595203,-3.4978949736174474e-18,-0.5548789502610445,6.447077369652999e-19,101.8137358392536,70.99544361227699
21.660000000000586,1954.2854913916756,251.24426417803454,-1.587803834214903e-16,1.527552354547053e-18,14.696330180532648,-3.577998439833658e-18,-0.5682498420863354,7.196928081169851e-19,101.76025825231945,70.99574925475856
21.670000000000588,1955.091251009324,251.33295991948893,-1.5882865334528069e-16,1.5049316480100951e-18,14.705040293545853,-3.646891286644683e-18,-0.5816831781676839,7.915496665702737e-19,101.70674809945632,70.99605407447717
21.68000000000059,1955.8967878695305,251.42141164343687,-1.5887707381390672e-16,1.4797531774754135e-18,14.713613337428194,-3.725164525576712e-18,-0.5951760423283157,8.56928768013229e-19,101.65320572811169,70.99635806560164
21.69000000000059,1956.702102926605,251.50961765214555,-1.5892551101208386e-16,1.4520033168410275e-18,14.722051514208449,-3.812710581571594e-18,-0.6087255459314984,9.3100232905731e-19,101.59963148340285,70.99666122229877
21.700000000000593,1957.5071971425984,251.59757624775673,-1.5897396675440944e-16,1.4242760996216547e-18,14.730357008546996,-3.899173377668596e-18,-0.6223288283693659,1.0115649427836894e-18,101.54602570816641,70.99696353873398
21.710000000000594,1958.3120714872184,251.68528573251132,-1.590224428249754e-16,1.3965930202044102e-18,14.738531987167036,-3.984546766940612e-18,-0.6359830575140574,1.0909661808731426e-18,101.49238874300784,70.99726500907225
21.720000000000596,1959.1167269377445,251.77274440897116,-1.590709409772144e-16,1.3689748512332685e-18,14.74657859831966,-4.068824943967135e-18,-0.6496854301324677,1.1692022887192553e-18,101.43872092635148,70.99756562747869
21.730000000000597,1959.921164478944,251.85995058023786,-1.5911946293376265e-16,1.3414416601483302e-18,14.754498971281699,-4.152002441357878e-18,-0.6634331722659593,1.2462698334881383e-18,101.38502259449021,70.99786538811951
21.7400000000006,1960.72538510299,251.94690255016883,-1.5916801038633821e-16,1.314012825348158e-18,14.762295215885315,-4.23407412623539e-18,-0.6772235395762778,1.3221657001815495e-18,101.33129408163593,70.99816428516259
21.7500000000006,1961.529389809377,252.03359862359028,-1.5921658499563536e-16,1.2867070519855877e-18,14.769969422078166,-4.315035196678715e-18,-0.6910538176588977,1.3968870876967008e-18,101.27753571996935,70.99846231277834
21.760000000000602,1962.333179604841,252.12003710650745,-1.592651883912336e-16,1.2595423874070961e-18,14.777523659513218,-4.3948811781302224e-18,-0.7049213223250183,1.470431504883023e-18,101.22374783969056,70.99875946514038
21.770000000000604,1963.136755503277,252.20621630631172,-1.5931354576581436e-16,1.2325362362454561e-18,14.78495997716711,-4.473607919767587e-18,-0.718823399853336,1.5427967665962418e-18,101.16993076906894,70.99905573642631
21.780000000000605,1963.9401185256593,252.29213453198486,-1.59361928740061e-16,1.2109384530131418e-18,14.792280402986174,-4.530710116148359e-18,-0.7327574272127793,1.6098226946946981e-18,101.11608483449365,70.99935112081836
21.790000000000607,1964.7432696999608,252.37779009430028,-1.5941033843624714e-16,1.18958830987034e-18,14.799486943559183,-4.586890799190108e-18,-0.7467208122572858,1.6605707407078603e-18,101.06221036052376,70.99964561250412
21.80000000000061,1965.5462100610753,252.46318130602137,-1.5945849984324617e-16,1.168495122057679e-18,14.80658158381574,-4.642148796998774e-18,-0.7607109938936659,1.710358985516914e-18,101.0083076699384,70.99993920567721
21.81000000000061,1966.3489406507379,252.54830648209665,-1.5950640779904606e-16,1.1529088220792486e-18,14.813566286749586,-4.675979683463757e-18,-0.7747254422236467,1.7550380609439248e-18,100.9543770837869,71.00023189453802
21.82000000000061,1967.151462517448,252.63316393985215,-1.5955433261971406e-16,1.1428964998029227e-18,14.820442993165855,-4.688586707824182e-18,-0.7887616586610812,1.779506997706703e-18,100.90041892143871,71.0005236732943
21.830000000000613,1967.9537767163922,252.71775199918062,-1.596022745044012e-16,1.1332724335867735e-18,14.82721362145142,-4.700680005926476e-18,-0.8028171760252829,1.7881342602897607e-18,100.8464335006333,71.0008145361619
21.840000000000614,1968.7558843093686,252.8020689827279,-1.5965023363796375e-16,1.1240321453355196e-18,14.833880067367572,-4.7122632942078905e-18,-0.81688955861153,1.79625367746385e-18,100.79242113752996,71.00110447736533
21.850000000000616,1969.5577863647113,252.8861132160761,-1.596982101911806e-16,1.1151711663243498e-18,14.840444203864092,-4.723340360019021e-18,-0.8309764022395598,1.8038697074375582e-18,100.73838214675723,71.00139349113851
21.860000000000618,1970.3594839572152,252.969883027924,-1.5974592880237073e-16,1.106685037135399e-18,14.846907880914062,-4.733915059621879e-18,-0.8450753342810137,1.8109868632969306e-18,100.68431684146252,71.00168157172531
21.87000000000062,1971.160978168063,253.0533767502643,-1.5979365884263208e-16,1.1038251294164261e-18,14.853272925368556,-4.723484065179506e-18,-0.8591840136667223,1.813477133940318e-18,100.63022553336104,71.0019687133802
21.88000000000062,1971.962270084752,253.136592718558,-1.5984140002957074e-16,1.1013868073900623e-18,14.859541140830496,-4.712762286237764e-18,-0.873300130874672,1.8003538939974893e-18,100.57610853278504,71.00225491036886
21.890000000000622,1972.7633608010215,253.21952927190569,-1.5988915207309e-16,1.0993594553263962e-18,14.865714307546991,-4.701755790443511e-18,-0.8874214078994362,1.786968000376416e-18,100.52196614873242,71.00254015696878
21.900000000000624,1973.5642514167819,253.30218475321595,-1.5993691467567298e-16,1.0977326526262103e-18,14.871794182319325,-4.690470632002064e-18,-0.9015455982039234,1.77332574082877e-18,100.4677986889154,71.00282444746982
21.910000000000625,1974.3649430380435,253.38455750937092,-1.599846875326604e-16,1.0964961696409611e-18,14.877782498430063,-4.678912850349468e-18,-0.9156704866542352,1.759433376828248e-18,100.41360645980863,71.00310777617491
21.920000000000627,1975.1654367768467,253.46664589138862,-1.6003247033252354e-16,1.0956399636150658e-18,14.883680965586514,-4.667088468852041e-18,-0.9297938894383363,1.7452971425714833e-18,100.35938976669738,71.00339013740037
21.93000000000063,1975.9657337511935,253.54844825458267,-1.6008026275713237e-16,1.0951541747465234e-18,14.889491269879908,-4.655003493533002e-18,-0.9439136539692755,1.7309232439963017e-18,100.30514891372513,71.00367152547679
21.94000000000063,1976.7658350849783,253.62996295871892,-1.6012833923022113e-16,1.0950291223620385e-18,14.895215073759715,-4.642663911825987e-18,-0.9580276587737562,1.7163178578174576e-18,100.25088420394118,71.00395193474928
21.95000000000063,1977.5657419079214,253.71118836816925,-1.601767055624487e-16,1.0899817310128614e-18,14.90085401602239,-4.650587466972598e-18,-0.9721338133666164,1.7055952464608432e-18,100.19659593934765,71.00423135957821
21.960000000000633,1978.3654553555014,253.79212285206245,-1.6022536796328735e-16,1.0799454305570114e-18,14.906409711814055,-4.678578238641721e-18,-0.9862300581119475,1.7139090936632905e-18,100.14228442094641,71.00450979433964
21.970000000000635,1979.1649765688899,253.87276478443238,-1.6027405857185166e-16,1.064860030807723e-18,14.911883752646471,-4.726438432676602e-18,-1.0003143640715688,1.741044935491745e-18,100.08794994878554,71.00478723342589
21.980000000000636,1979.964306694886,253.95311254436308,-1.6032305262726084e-16,1.0499512238060573e-18,14.917277706425796,-4.773455114275592e-18,-1.0143847328413678,1.7826883383087e-18,100.0335928220056,71.005063671246
21.990000000000638,1980.763446885853,254.03316451613125,-1.6037235709251814e-16,1.0299462996478468e-18,14.922593117493486,-4.840142217305046e-18,-1.028439196376151,1.8275594087854937e-18,99.97921333888546,71.0053391022263
22.00000000000064,1981.5623982996533,254.11291908934587,-1.604219793132506e-16,1.0047969530801563e-18,14.927831506678961,-4.9262987700781324e-18,-1.0424758168036654,1.8908210771632716e-18,99.92481179688782,71.0056135208108
22.01000000000064,1982.3611620995869,254.19237465908503,-1.604713788348498e-16,9.744606880825556e-19,14.932994371363352,-5.0317221469204964e-18,-1.0564926862282729,1.9722551913134292e-18,99.8703884927044,71.00588692146177
22.020000000000643,1983.1597394543294,254.2715296260301,-1.6052082555628446e-16,9.494755554579582e-19,14.93808318555395,-5.1151774860607035e-18,-1.0704879265248575,2.063471477668299e-18,99.8159437223007,71.00615929866014
22.030000000000644,1983.9581315378703,254.350382396597,-1.60570594931239e-16,9.246341148871263e-19,14.943099399968842,-5.197376441361843e-18,-1.0844596891235292,2.137987223964996e-18,99.76147778096055,71.006430646906
22.040000000000646,1984.7563395294528,254.42893138306513,-1.606206945606098e-16,8.94663478882887e-19,14.948044442131238,-5.298832750469502e-18,-1.0984061547856194,2.215273758090556e-18,99.70699096333016,71.00670096071909
22.050000000000647,1985.5543646135152,254.50717500370308,-1.6067058498009026e-16,8.595247661028566e-19,14.95291971647311,-5.419343724345276e-18,-1.1123255333714728,2.3105100357397835e-18,99.65248356346186,71.00697023463907
22.06000000000065,1986.3522079796307,254.58511168289226,-1.6072053601452155e-16,8.297741499763182e-19,14.95772660444753,-5.517670746194117e-18,-1.1262160636004812,2.4153331709388626e-18,99.5979558748574,71.0072384632262
22.07000000000065,1987.1498708224506,254.66273985124755,-1.6077054947884224e-16,8.001996582947636e-19,14.96246646464952,-5.61452612641473e-18,-1.1400760128039298,2.5032182038842575e-18,99.54340819051102,71.00750564106158
22.080000000000652,1987.9473543416461,254.74005794573551,-1.6082062714992382e-16,7.708225078240056e-19,14.96714063294482,-5.7099068067496306e-18,-1.1539036766709985,2.5895713513633738e-18,99.48884080295194,71.00777176274768
22.090000000000654,1988.7446597418527,254.81706440978994,-1.6087104411883502e-16,7.416631343522872e-19,14.97175042260623,-5.803810104550075e-18,-1.167697378988433,2.674391988697856e-18,99.4342540042867,71.00803682290862
22.100000000000655,1989.5417882326142,254.893757693425,-1.6092153486813468e-16,7.074394936648707e-19,14.976297124457087,-5.91675269078569e-18,-1.181455471374236,2.7617379273827433e-18,99.37964808624082,71.0083008161907
22.110000000000657,1990.3387410283276,254.97013625334571,-1.609718282986468e-16,6.73417861433753e-19,14.980782007021666,-6.028013690186907e-18,-1.1951763330059044,2.8627563543636963e-18,99.3250233402004,71.0085637372627
22.12000000000066,1991.135519348189,255.04619855305617,-1.6102246657055607e-16,6.449274923459483e-19,14.985206316681888,-6.117069697060331e-18,-1.208858370343452,2.9579735596204122e-18,99.2703800572531,71.00882558081635
22.13000000000066,1991.9321244161406,255.12194306296504,-1.6107318429249047e-16,6.114342700069207e-19,14.98957127784019,-6.225157277135802e-18,-1.2225000168477598,3.0402742575603056e-18,99.21571852822876,71.00908634156657
22.14000000000066,1992.7285574608175,255.19736826048884,-1.6112371050955436e-16,5.782071035177236e-19,14.993878093088117,-6.331555990335379e-18,-1.236099732694497,3.1362577610707436e-18,99.16103904373969,71.00934601425195
22.150000000000663,1993.5248197154958,255.27247263015278,-1.6117404111415916e-16,5.505776346839218e-19,14.998127943380323,-6.4157423897159625e-18,-1.2496560044840048,3.226451366145002e-18,99.1063418942206,71.00960459363507
22.160000000000664,1994.3209124180419,255.3472546636892,-1.6122417155282546e-16,5.286224990662227e-19,15.00232198821368,-6.477913229598791e-18,-1.2631673449475738,3.29563449285832e-18,99.05162736996806,71.00986207450282
22.170000000000666,1995.1168368108615,255.4217128601337,-1.612743694666228e-16,5.124114769870733e-19,15.006461365811099,-6.518267487392637e-18,-1.2766322926502458,3.344024569704728e-18,98.99689576117949,71.01011845166678
22.180000000000668,1995.91259414085,255.49584572591903,-1.6132436287124253e-16,4.966932010989125e-19,15.010547193309957,-6.557528553473721e-18,-1.2900494116907169,3.37586993946557e-18,98.94214735799197,71.01037371996357
22.19000000000067,1996.7081856593436,255.56965177496653,-1.6137469123442899e-16,4.867848652071388e-19,15.014580566954594,-6.575178735292232e-18,-1.3034172913984297,3.4025988580713237e-18,98.88738245052053,71.01062787425502
22.20000000000067,1997.5036126220707,255.64312952877563,-1.614250882630383e-16,4.721078653072853e-19,15.018562562292765,-6.612467314900365e-18,-1.3167345460282165,3.41702430064982e-18,98.83260132889603,71.01088090942874
22.210000000000672,1998.2988762891046,255.71627751651081,-1.6147528215956927e-16,4.57920579520381e-19,15.022494234375738,-6.6486802659736644e-18,-1.3299998144528866,3.445832391328456e-18,98.7778042833026,71.0111328203982
22.220000000000674,1999.093977924816,255.78909427508665,-1.6152581181195956e-16,4.495440676040369e-19,15.026376617961807,-6.663299218432036e-18,-1.343211759853873,3.4695568786305926e-18,98.72299160401501,71.01138360210318
22.230000000000675,1999.8889187978277,255.86157834925052,-1.6157613898433048e-16,4.363903176818082e-19,15.03021072772281,-6.6975756490794155e-18,-1.3563690694102521,3.480976150497851e-18,98.66816358143508,71.01163324950996
22.240000000000677,2000.683700180968,255.93372829166336,-1.6162625813673582e-16,4.2904495632314893e-19,15.033997558453667,-6.7102708250180086e-18,-1.3694704539864961,3.502805710547609e-18,98.61332050612832,71.01188175761166
22.25000000000068,2001.478323351226,256.0055426629782,-1.6167643523958124e-16,4.275632413211814e-19,15.03773808528447,-6.701587834424483e-18,-1.3825146478190342,3.504324996751831e-18,98.55846266885973,71.01212912142856
22.26000000000068,2002.272789589708,256.0770200319167,-1.6172666984345026e-16,4.266682320885985e-19,15.041433263895051,-6.692256962929963e-18,-1.3955004082019689,3.4897547641932346e-18,98.50359036062945,71.01237533600822
22.27000000000068,2003.0671001815936,256.14815897534356,-1.617766897176174e-16,4.2634804757718044e-19,15.04508403073171,-6.682288227194833e-18,-1.4084265151721396,3.474584107344591e-18,98.44870387270797,71.01262039642594
22.280000000000683,2003.861256416092,256.21895807833926,-1.618267601383328e-16,4.319196750671226e-19,15.048691303225922,-6.6511657176409286e-18,-1.4212917711937483,3.45483297941267e-18,98.39380349667084,71.01286429778486
22.290000000000685,2004.655259586401,256.28941593427044,-1.6187660860855322e-16,4.380963027463848e-19,15.052255980014909,-6.619622334565274e-18,-1.4340950008427813,3.4192248781234908e-18,98.33888952443328,71.01310703521632
22.300000000000686,2005.4491109896642,256.3595311448585,-1.6192649981803584e-16,4.50191965001212e-19,15.055778941163666,-6.567143461096905e-18,-1.4468350504913319,3.379280016550049e-18,98.28396224828414,71.01334860388002
22.310000000000688,2006.2428119269307,256.42930232024645,-1.6197670387069586e-16,4.629116869461624e-19,15.05926104838857,-6.514464242032227e-18,-1.4595107879922058,3.3237069159924534e-18,98.22902196091961,71.0135889989643
22.32000000000069,2007.0363637031144,256.49872807906354,-1.6202722534091107e-16,4.708989292373289e-19,15.062703145281993,-6.482125792197509e-18,-1.4721211023637206,3.271992629466604e-18,98.17406895547647,71.01382821568639
22.33000000000069,2007.8297676269542,256.5678070484884,-1.6207806920245888e-16,4.740769679459937e-19,15.066106057538159,-6.469945879606778e-18,-1.4846649034751704,3.2394416030906797e-18,98.11910352556525,71.01406624929257
22.340000000000693,2008.623025010975,256.63653786431024,-1.6212896964582832e-16,4.723754384246097e-19,15.069470593179744,-6.477740341594419e-18,-1.4971411217328832,3.225853722290499e-18,98.0641259653026,71.01430309505844
22.350000000000694,2009.4161371714483,256.70491917098803,-1.6217992654770727e-16,4.710678665945381e-19,15.072797542785235,-6.4847948933921475e-18,-1.5095487077671474,3.2270651353194895e-18,98.00913656934361,71.01453874828913
22.360000000000696,2010.2091054283558,256.7729496217085,-1.6223066875601125e-16,4.701504794256013e-19,15.07608767971688,-6.4911171383721734e-18,-1.5218866321201747,3.2275686777757978e-18,97.95413563291373,71.01477320431947
22.370000000000697,2011.0019311053497,256.8406278784417,-1.6228173210842621e-16,4.749595967519638e-19,15.079341760348967,-6.476185849092652e-18,-1.5341538849351328,3.2234189138647797e-18,97.89912345184011,71.01500645851425
22.3800000000007,2011.7946155297182,256.90795261199537,-1.6233285104066991e-16,4.748629118248963e-19,15.082560524296449,-6.481262241025674e-18,-1.5463494756465512,3.2072105187176294e-18,97.84410032258295,71.01523850626833
22.3900000000007,2012.5871600323474,256.9749225020676,-1.6238402537232536e-16,4.751389416773576e-19,15.085744694643667,-6.4856316173135756e-18,-1.5584724326721013,3.2058538407373585e-18,97.7890665422662,71.01546934300693
22.400000000000702,2013.3795659476866,257.04153623729763,-1.6243525490818933e-16,4.757838227844163e-19,15.088894978173027,-6.4893017448321215e-18,-1.5705218031058978,3.2038247234936273e-18,97.73402240870797,71.01569896418567
22.410000000000704,2014.1718346137125,257.1077925153151,-1.6248653943853694e-16,4.767936319755585e-19,15.092012065593648,-6.492280442141288e-18,-1.5824966524135158,3.2011316075082625e-18,97.67896822045081,71.01592736529093
22.420000000000705,2014.9639673718946,257.1736900427879,-1.6253733768835778e-16,4.781643889963285e-19,15.095096631769632,-6.494575576969398e-18,-1.594396064128763,3.1977829701769358e-18,97.62390427679128,71.01615454183987
22.430000000000707,2015.7559655671614,257.2392275354682,-1.6258817864990494e-16,4.905864071133789e-19,15.098149335948094,-6.4551336450124524e-18,-1.6062191395523406,3.1859312892447637e-18,97.56883087780953,71.01638048938062
22.44000000000071,2016.5478305478666,257.3044037182374,-1.626396019887707e-16,5.0346697252026445e-19,15.101170821986596,-6.4154127605745596e-18,-1.617964997452485,3.142752281592961e-18,97.5137483243983,71.01660520349255
22.45000000000071,2017.339563665756,257.3692173251487,-1.6269107769747399e-16,5.060916010670218e-19,15.104161718580078,-6.416487392934535e-18,-1.6296327737677403,3.1072054077896635e-18,97.45865691829181,71.01682867978627
22.46000000000071,2018.131166275935,257.4336670994696,-1.6274314593281196e-16,5.090382052392289e-19,15.107122639487088,-6.416918701760359e-18,-1.641221621311867,3.1021716338390545e-18,97.40355696209403,71.0170509139039
22.470000000000713,2018.9226397368361,257.4977517937213,-1.6279473751734692e-16,5.015999549784073e-19,15.110054183755171,-6.457778219646143e-18,-1.6527307094810462,3.1043529001188126e-18,97.34844875930692,71.01727190151917
22.480000000000715,2019.7139854101883,257.5614701697182,-1.6284638148649107e-16,5.050764245877063e-19,15.112956935945482,-6.456558426141774e-18,-1.6641592239634453,3.1288517906278697e-18,97.29333261435815,71.01749163833749
22.490000000000716,2020.5052046609849,257.6248209986048,-1.6289807753469284e-16,5.088752669024969e-19,15.115831466356338,-6.454714627180635e-18,-1.6755063664511987,3.121603751124455e-18,97.23820883262866,71.01771012009623
22.500000000000718,2021.296298857453,257.6878030608921,-1.6294982534432077e-16,5.129924060291762e-19,15.118678331245778,-6.452254868502081e-18,-1.686771354354889,3.1137717089884226e-18,97.18307772047966,71.01792734256476
22.51000000000072,2022.0872693710241,257.7504151464924,-1.6300162458591337e-16,5.1742372434123055e-19,15.121498073052992,-6.449187224585558e-18,-1.6979534205206226,3.1053642383974297e-18,97.12793958527966,71.01814330154455
22.52000000000072,2022.878117576304,257.8126560547523,-1.63052935435736e-16,5.221650647167356e-19,15.12429122061851,-6.445519796430585e-18,-1.7090518129497467,3.0963899289389746e-18,97.07279473543085,71.01835799286937
22.530000000000722,2023.668844851043,257.87452459448525,-1.6310428533841846e-16,5.379281410939083e-19,15.127058289403154,-6.400193695284166e-18,-1.7200657945212396,3.0790915221843e-18,97.01764348039539,71.01857141240538
22.540000000000724,2024.459452576108,257.93601958400217,-1.6315567311664003e-16,5.540977095281168e-19,15.129799781705621,-6.354669380583391e-18,-1.7309946427168832,3.0304590260043993e-18,96.96248613072137,71.01878355605115
22.550000000000725,2025.249942135454,257.99713985114124,-1.632070975920912e-16,5.706581481499489e-19,15.132516186878672,-6.308958884244247e-18,-1.7418376493492616,2.9817055105694694e-18,96.90732299806842,71.01899441973792
22.560000000000727,2026.0403149160948,258.0578842332962,-1.6325855758583894e-16,5.875941290548924e-19,15.135207981543829,-6.263074122716545e-18,-1.7525941202925488,2.932842869293792e-18,96.85215439523294,71.0192039994296
22.57000000000073,2026.8305723080775,258.1182515774437,-1.6331005191868433e-16,6.048906132764279e-19,15.137875629804546,-6.217026895932875e-18,-1.7632633752162836,2.8838828654032816e-18,96.79698063617329,71.0194122911229
22.58000000000073,2027.6207157044541,258.17824074016926,-1.6336157941151237e-16,6.225328458771425e-19,15.140519583457856,-6.1708288863013946e-18,-1.7738447473220806,2.8348371311509575e-18,96.74180203603447,71.01961929084746
22.59000000000073,2028.4107465012555,258.23785058769226,-1.634136773136061e-16,6.405063511542921e-19,15.143140282204225,-6.124491657741851e-18,-1.78433758308324,2.785717167072537e-18,96.68661891117249,71.01982499466583
22.600000000000733,2029.2006660974646,258.2970799958897,-1.634658176103708e-16,6.480670903725157e-19,15.145738153855914,-6.119097290730681e-18,-1.794741241987524,2.7442338186465374e-18,96.63143157917872,71.0200293986737
22.610000000000735,2029.9904758949906,258.355927850319,-1.6351746180537068e-16,6.558266380350986e-19,15.14831361454348,-6.113203590231752e-18,-1.8050550962828504,2.7335535069766995e-18,96.57624035890372,71.02023249899986
22.620000000000736,2030.780177298644,258.41439304623964,-1.6356913609611384e-16,6.745162406070849e-19,15.150867068920519,-6.065746279408923e-18,-1.8152785307261805,2.7147351721722234e-18,96.52104557048071,71.02043429180638
22.630000000000738,2031.5697717161106,258.47247448863357,-1.636203014476037e-16,6.935039357353026e-19,15.15339891036664,-6.0181865466603396e-18,-1.8254109423354201,2.6645912946495678e-18,96.46584753534918,71.02063477328866
22.64000000000074,2032.3592605579277,258.530171092225,-1.6367148297254211e-16,7.235133955760139e-19,15.155909521188548,-5.929462998383525e-18,-1.8354517401445491,2.6067612581018938e-18,96.41064657627777,71.0208339396754
22.65000000000074,2033.1486452374586,258.58748178149875,-1.637226786677262e-16,7.538977302656509e-19,15.15839927281926,-5.8410408384988496e-18,-1.845400344961853,2.51802033526432e-18,96.35544301738715,71.02103178722884
22.660000000000743,2033.9379271708697,258.6444054907182,-1.6377388654200274e-16,7.84632527676747e-19,15.160868526015342,-5.7529348727110224e-18,-1.85525618913131,2.4296914461227074e-18,96.30023718417242,71.02122831224466
22.670000000000744,2034.727107777106,258.7009411639415,-1.6382510461668439e-16,8.156939488801813e-19,15.163317631052312,-5.6651596494780276e-18,-1.8650187162972478,2.3417885582761013e-18,96.2450294035256,71.0214235110522
22.680000000000746,2035.5161884778686,258.7570877550372,-1.6387633092595276e-16,8.470587171901837e-19,15.165746927917938,-5.577729460375201e-18,-1.8746873811721276,2.2543253665510637e-18,96.18982000375756,71.02161738001436
22.690000000000747,2036.3051706975905,258.8128442276996,-1.6392756351724864e-16,8.787041074515491e-19,15.1681567465036,-5.49065834051352e-18,-1.8842616493075819,2.167315293773137e-18,96.13460931461962,71.02180991552783
22.70000000000075,2037.0940558634147,258.8682095554618,-1.6397880045164956e-16,9.106079355624082e-19,15.170547406793622,-5.403960069011005e-18,-1.8937409968686691,2.0807714915872805e-18,96.07939766732531,71.0220011140229
22.71000000000075,2037.8828454051722,258.9231827217092,-1.6403003980423501e-16,9.427485482261013e-19,15.172919219052517,-5.317648169516241e-18,-1.9031249104113779,1.9947068413264043e-18,96.02418539457136,71.02219097196377
22.720000000000752,2038.671540755359,258.97776271969144,-1.6408127966443936e-16,9.751048129258857e-19,15.175272484010213,-5.231735910782962e-18,-1.9124128866633314,1.909133954927103e-18,95.96897283055888,71.02237948584852
22.730000000000754,2039.4601433491152,259.03194855253355,-1.6413198170659884e-16,1.007656108116411e-18,15.17760749304516,-5.146236307294728e-18,-1.9216044323077868,1.8240651758916935e-18,95.913760311014,71.02256665220895
22.740000000000755,2040.2486546242035,259.0857392332465,-1.6418266907653297e-16,1.0511376397173702e-18,15.179924528365314,-5.02008484252792e-18,-1.9306990637708128,1.7319541299584395e-18,95.85854817320843,71.02275246761093
22.750000000000757,2041.0370760209873,259.1391337847369,-1.6423333909469366e-16,1.0948776955323854e-18,15.182223863187051,-4.894749349524989e-18,-1.9396963070117765,1.6093676773634012e-18,95.80333675597966,71.02293692865425
22.76000000000076,2041.8254089824113,259.1921312398155,-1.6428398910669443e-16,1.1388460969557158e-18,15.184505761911932,-4.7702459020244256e-18,-1.9485956973170109,1.4877333688783495e-18,95.74812639975104,71.02312003197267
22.77000000000076,2042.6136549539794,259.2447306412057,-1.6433461648372312e-16,1.183013448861265e-18,15.18677048030134,-4.646590193809877e-18,-1.9573967790967637,1.3670657724736983e-18,95.69291744655149,71.023301774234
22.78000000000076,2043.4018153837355,259.29693104155047,-1.643846828695293e-16,1.2273511242161427e-18,15.189018265648906,-4.523797540537059e-18,-1.966099105685353,1.2473790605011984e-18,95.63771024003508,71.0234821521401
22.790000000000763,2044.1898917222434,259.34873150341906,-1.6443524572542957e-16,1.2825950179838654e-18,15.191249356950893,-4.360803400416949e-18,-1.974702239144547,1.121181651949594e-18,95.58250512550035,71.02366116242693
22.800000000000765,2044.9778854225667,259.400131099313,-1.6448577738951074e-16,1.3272916678651536e-18,15.193463985074306,-4.2401580533605096e-18,-1.9832057500701614,9.724275750802646e-19,95.52730244990926,71.02383880186454
22.810000000000766,2045.7657979402497,259.45112891167105,-1.6453681070582355e-16,1.3720663390339091e-18,15.19566237292293,-4.1204236107392055e-18,-1.9916092174018742,8.561760905591877e-19,95.47210256190627,71.0240150672571
22.820000000000768,2046.5536307332982,259.5017240328737,-1.6458728390057663e-16,1.4061249342159985e-18,15.197844735601098,-4.042694535209555e-18,-1.9999122282362087,7.484347098998078e-19,95.4169058118367,71.02418995544298
22.83000000000077,2047.34138526216,259.55191556524704,-1.6463825437195124e-16,1.4508790825572034e-18,15.200011280575406,-3.924446917445689e-18,-2.008114377642742,6.653744220269229e-19,95.3617125517653,71.02436346329465
22.84000000000077,2048.129062989707,259.60170262106584,-1.6468973082127694e-16,1.484876005514911e-18,15.202162207834133,-3.848227656626926e-18,-2.016215268483417,5.593111067583052e-19,95.30652313549423,71.0245355877188
22.850000000000772,2048.9166653812167,259.6510843225561,-1.6474065309927694e-16,1.5079879546496753e-18,15.204297710044605,-3.813675298823072e-18,-2.024214511235058,4.928730036306057e-19,95.2513379185812,71.0247063256563
22.860000000000774,2049.7041939043534,259.7000598018968,-1.647915440417923e-16,1.5416489577954174e-18,15.206417972708289,-3.7382597024215936e-18,-2.0321117238150226,4.508053623302126e-19,95.19615725835706,71.02487567408224
22.870000000000775,2050.49165002915,259.7486282012215,-1.6484240208176088e-16,1.5751853467567565e-18,15.208523174313827,-3.6634417519518785e-18,-2.0399065314099616,3.7786695630056565e-19,95.14098151394336,71.0250436300059
22.880000000000777,2051.2790352279917,259.7967886726185,-1.6489322567146747e-16,1.608585377522555e-18,15.210613486487809,-3.589229676157052e-18,-2.0475985663076557,3.0561025670535794e-19,95.08581104626948,71.02521019047076
22.89000000000078,2052.066350975597,259.84454037813146,-1.6494347894552084e-16,1.6418376407860973e-18,15.212689074143409,-3.5156314732523876e-18,-2.055187467731987,2.3404235122272186e-19,95.03064621808996,71.02537535255456
22.90000000000078,2052.853598749001,259.8918824897586,-1.6499368354318744e-16,1.685712345158916e-18,15.214750095626938,-3.4015708521008704e-18,-2.0626728816809337,1.5578669411229347e-19,94.97548739400108,71.02553911336926
22.91000000000078,2053.640780027538,259.9388141894518,-1.6504383716019973e-16,1.7295194855208574e-18,15.2167967028622,-3.288511944003156e-18,-2.070054460767658,4.7045781749354627e-20,94.92033494045765,71.02570147006102
22.920000000000783,2054.427896292825,259.9853346691152,-1.650939375213895e-16,1.773237833870118e-18,15.218829041492697,-3.176465848003684e-18,-2.07733186406454,-6.057927789918757e-20,94.8651892257894,71.02586241981021
22.930000000000785,2055.214949028745,260.0314431306028,-1.6514451622817346e-16,1.8168467718171834e-18,15.220847251021723,-3.065443313438323e-18,-2.0845047569502904,-1.6707902933914028e-19,94.81005062021711,71.02602195983144
22.940000000000786,2056.0019397214296,260.07713878571604,-1.6519558207991792e-16,1.8495389495739524e-18,15.222851464950358,-2.9965403830838937e-18,-2.0915728109599905,-2.651071165477131e-19,94.75491949586875,71.02618008737352
22.950000000000788,2056.7888698592433,260.12242085620085,-1.652460774942174e-16,1.8711917007024114e-18,15.224841810913365,-2.969396348920862e-18,-2.098535703638121,-3.2343050325449375e-19,94.69979622679519,71.02633679971947
22.96000000000079,2057.5757409327675,260.1672885737438,-1.652965244349827e-16,1.9032743169659408e-18,15.226818410812909,-2.9014738969387785e-18,-2.1053931183944825,-3.5707382020123844e-19,94.64468118898574,71.02649209418651
22.97000000000079,2058.3625544347847,260.2117411799684,-1.6534638819247748e-16,1.935100959863256e-18,15.228781380950274,-2.8342318609164593e-18,-2.112144744363058,-4.2163290001936896e-19,94.5895747603836,71.02664596812599
22.980000000000793,2059.1493118602616,260.2557779264302,-1.6539565648269674e-16,1.977456952700704e-18,15.230730832155514,-2.7265886958316664e-18,-2.118790276263751,-4.927308712612372e-19,94.53447732090103,71.0267984189235
22.990000000000794,2059.936014706335,260.2993980746122,-1.6544431623834406e-16,2.03043757947282e-18,15.232666869914953,-2.5789192253762242e-18,-2.1253294142669366,-6.016368140324303e-19,94.47938925243423,71.02694944399875
23.000000000000796,2060.7226644722946,260.3426008959193,-1.6549288664094482e-16,2.0941276360409747e-18,15.234589594496734,-2.3916014889023137e-18,-2.1317618638609344,-7.479424657411278e-19,94.42431093887828,71.0270990408056
23.010000000000797,2061.5092626595697,260.38538567167245,-1.6554136401268104e-16,2.1578042285559777e-18,15.236499101074276,-2.2061049228774235e-18,-2.1380873357221515,-9.239826104216963e-19,94.3692427661415,71.02724720683202
23.0200000000008,2062.2958107717127,260.4277516931025,-1.655897447242771e-16,2.2214294263875435e-18,15.238395479847755,-2.0224452464984625e-18,-2.1443055455881503,-1.0980324985707094e-18,94.31418512215994,71.02739393960009
23.0300000000008,2063.082310314384,260.4696982613435,-1.6563749251235519e-16,2.2849664027103307e-18,15.240278816163551,-1.840637606640351e-18,-2.150416214133332,-1.270079013697447e-18,94.25913839691147,71.02753923666599
23.040000000000802,2063.8687627953377,260.5112246874258,-1.6568512552530265e-16,2.3591811304548494e-18,15.242149190631709,-1.6196071734561657e-18,-2.1564190668474277,-1.4473272956813384e-18,94.2041029824298,71.02768309561993
23.050000000000804,2064.6551697244076,260.5523302922684,-1.6573263946413216e-16,2.433338230226224e-18,15.244006679241473,-1.4008250971492193e-18,-2.1623138339166497,-1.6539092527079981e-18,94.14907927281823,71.02782551408622
23.060000000000805,2065.441532613491,260.5930144066714,-1.6577949773781575e-16,2.5073934812483356e-18,15.245851353474798,-1.1843085894072563e-18,-2.1681002501075044,-1.858049369170679e-18,94.09406766426315,71.02796648972307
23.070000000000807,2066.2278529765345,260.63327637130783,-1.6582621755255671e-16,2.5921098141675693e-18,15.247683280417984,-9.289836953754779e-19,-2.173778054653248,-2.0669141396366697e-18,94.03906855504744,71.02810602022281
23.08000000000081,2067.014132329522,260.673115536715,-1.658727939691855e-16,2.6767405590247993e-18,15.249502522871353,-6.763234712004327e-19,-2.1793469911429595,-2.304709989874212e-18,93.98408234556365,71.02824410331166
23.09000000000081,2067.8003721904583,260.7125312632858,-1.6591922211745276e-16,2.761234806930618e-18,15.251309139457046,-4.263468657443978e-19,-2.1848068074131706,-2.5396221196417125e-18,93.92910943832698,71.02838073674981
23.10000000000081,2068.586574079355,260.7515229212596,-1.659649652757445e-16,2.8455431646270455e-18,15.253103184724903,-1.7907204753955438e-19,-2.190157255442064,-2.771635199067245e-18,93.87415023798793,71.02851591833131
23.110000000000813,2069.372739518218,260.7900898907124,-1.6601053972249975e-16,2.9404289394800726e-18,15.25488470925653,1.0657548727125625e-19,-2.1953980912461506,-3.0078649842857846e-18,93.81920515134512,71.02864964588413
23.120000000000815,2070.1588700310326,260.8282315615474,-1.6605593997799268e-16,3.0351349872248514e-18,15.256653759767483,3.891218758674348e-19,-2.2005290747795465,-3.2726206402813936e-18,93.76427458735738,71.02878191727008
23.130000000000816,2070.94496714375,260.86594733348466,-1.6610169224945745e-16,3.129605811211627e-18,15.258410379207598,6.685475104309354e-19,-2.205549969835517,-3.5340356364681e-18,93.7093589571561,71.02891273038473
23.140000000000818,2071.731032384275,260.9032366160508,-1.66147801985366e-16,3.212972449272749e-18,15.260154606859585,9.03740727152472e-19,-2.210460543950691,-3.7850026162831755e-18,93.6544586740572,71.02904208315752
23.15000000000082,2072.5170672824497,260.9400988285681,-1.661932127143956e-16,3.2850811279039034e-18,15.261886478435756,1.0950476339670462e-18,-2.2152605683114532,-3.994026514293539e-18,93.59957415357292,71.02916997355155
23.16000000000082,2073.303073370044,260.9765334001439,-1.662384414644531e-16,3.3674256320794133e-18,15.263606026173036,1.3250058030282881e-18,-2.2199498176628767,-4.175624546236284e-18,93.54470581342332,71.02929639956366
23.170000000000822,2074.089052180739,261.01253976965876,-1.6628295274555011e-16,3.449259989791177e-18,15.265313278926165,1.552149177960679e-18,-2.2245280702198715,-4.386147980370122e-18,93.48985407354783,71.02942135922437
23.180000000000824,2074.875005250116,261.04811738575535,-1.6632726272654839e-16,3.541366634045978e-18,15.26700826225924,1.8175600875519623e-18,-2.2289951075807424,-4.600711769504938e-18,93.43501935611637,71.02954485059783
23.190000000000826,2075.6609341156413,261.0832657068265,-1.66370835437992e-16,3.632988764369001e-18,15.268690998535497,2.0797700772739446e-18,-2.2333507146429685,-4.843815979096694e-18,93.3802020855403,71.02966687178176
23.200000000000827,2076.446840316656,261.1179842010033,-1.6641418621124177e-16,3.734903429666348e-18,15.270361507005394,2.3798598318511247e-18,-2.237594679521255,-5.090520368754714e-18,93.32540268848338,71.02978742090747
23.21000000000083,2077.232725394361,261.15227234614247,-1.6645730942496582e-16,3.836343531144672e-18,15.272019803893071,2.676358721875482e-18,-2.241726793467799,-5.365377248039089e-18,93.27062159387233,71.02990649613974
23.22000000000083,2078.0185908918047,261.1861296298142,-1.6650019954811792e-16,3.937255954490122e-18,15.273665902481083,2.969250416311252e-18,-2.2457468507947533,-5.6364041485089024e-18,93.21585923290714,71.03002409567691
23.23000000000083,2078.804438353871,261.2195555492893,-1.6654285114022485e-16,4.037589284410428e-18,15.27529981319363,3.258519507114217e-18,-2.2496546487988693,-5.9035894473060795e-18,93.16111603907147,71.03014021775066
23.240000000000833,2079.590269327266,261.25254961152586,-1.6658578938274376e-16,4.1372937702254074e-18,15.276921543677966,3.544151500034739e-18,-2.2534499876882097,-6.166922469252326e-18,93.10639244814259,71.03025486062607
23.250000000000835,2080.376085360506,261.2851113331567,-1.6662848921356924e-16,4.225492436789093e-18,15.278531098884475,3.7850362774549024e-18,-2.257132670511064,-6.4194472324073205e-18,93.05168889820123,71.03036802260165
23.260000000000836,2081.161888003904,261.3172402404753,-1.666709462870631e-16,4.312868073537703e-18,15.280128481144953,4.0226182625730535e-18,-2.2607025030868373,-6.6364550916163654e-18,92.99700582964122,71.0304797020091
23.270000000000838,2081.947678809559,261.3489358694227,-1.6671262608286675e-16,4.399385984941082e-18,15.281713690249491,4.256889357503231e-18,-2.264159293939038,-6.849980337510923e-18,92.94234368517895,71.03058989721346
23.28000000000084,2082.7334593313412,261.3801977655733,-1.667540439895766e-16,4.495845139038861e-18,15.283286723521734,4.528939682670851e-18,-2.267502854230303,-7.066924463664999e-18,92.88770290986263,71.03069860661293
23.29000000000084,2083.519231124883,261.41102548412107,-1.6679625524659962e-16,4.5914802663005354e-18,15.284847575892684,4.7973056093691114e-18,-2.2707329976992994,-7.312068491945456e-18,92.83308395108125,71.03080582863888
23.300000000000843,2084.3049957475637,261.4414185898653,-1.6683821619086367e-16,4.664580706605159e-18,15.28639623997302,4.9797814456098395e-18,-2.2738495405997354,-7.539571014123029e-18,92.77848725857356,71.03091156175583
23.310000000000844,2085.090754758499,261.4713766571961,-1.6687992373115705e-16,4.7365777559690874e-18,15.287932706123911,5.1592724404392155e-18,-2.2768523016411706,-7.699745988141139e-18,92.72391328443666,71.03101580446135
23.320000000000846,2085.8765097185287,261.50089927008014,-1.6692031520938464e-16,4.807453461052418e-18,15.28945696252639,5.33577813163918e-18,-2.2797411019317835,-7.856815047341714e-18,92.66936248313448,71.03111855528601
23.330000000000847,2086.662262190205,261.5299860220456,-1.669604260762781e-16,4.898866999722758e-18,15.290968995249356,5.591496585651878e-18,-2.2825157649230228,-8.024452659966624e-18,92.61483531150598,71.03121981279337
23.34000000000085,2087.4480137377805,261.55863651616744,-1.67000251814854e-16,4.989323824568987e-18,15.292468788316095,5.843514792417949e-18,-2.2851761163560265,-8.252516541488633e-18,92.5603322287733,71.03131957557991
23.35000000000085,2088.2337659271943,261.5868503650523,-1.670397879989182e-16,5.078788208620764e-18,15.293956323769478,6.091826666497666e-18,-2.287721984209971,-8.47669968980851e-18,92.50585369654956,71.03141784227499
23.360000000000852,2089.0195203260632,261.6146271908234,-1.6708008927029765e-16,5.167225765627813e-18,15.29543158173573,6.336426927622367e-18,-2.2901531986520602,-8.697000851933397e-18,92.45140017884654,71.03151461154076
23.370000000000854,2089.8052785036684,261.6419666251049,-1.6712011355070925e-16,5.232918299761205e-18,15.29689454048692,6.495110834323341e-18,-2.2924695919894136,-8.899862702002573e-18,92.3969721420821,71.03160988207217
23.380000000000855,2090.5910420309433,261.6688683090067,-1.6716091699320139e-16,5.2973217027812815e-18,15.29834517650209,6.6507880699153906e-18,-2.2946709986226073,-9.035198791256638e-18,92.34257005508755,71.03170365259689
23.390000000000857,2091.376812480463,261.69533189310874,-1.6720040110154968e-16,5.338736181366211e-18,15.299783464527076,6.72126169379714e-18,-2.296757255000885,-9.153939972092378e-18,92.28819438911452,71.0317959218752
23.40000000000086,2092.162591426431,261.721357037445,-1.6724066094817224e-16,5.400335909806444e-18,15.301209377633057,6.871651823047859e-18,-2.298728199579147,-9.219359755913668e-18,92.23384561784202,71.03188668870007
23.41000000000086,2092.9483804446695,261.74694341148773,-1.6728065692560502e-16,5.438943826689921e-18,15.302622887273861,6.936855753814006e-18,-2.3005836727764977,-9.33277918193109e-18,92.17952421738295,71.03197595189697
23.42000000000086,2093.734181112606,261.7720906941315,-1.6732038845540848e-16,5.476047907358244e-18,15.304023963341953,6.99979225563061e-18,-2.3023235169364464,-9.379372005116208e-18,92.12523066629056,71.03206371032391
23.430000000000863,2094.5199950092638,261.7967985736768,-1.6735985501381865e-16,5.511660074406883e-18,15.305412574223274,7.060475001463032e-18,-2.3039475762887,-9.42369612679269e-18,92.07096544556474,71.0321499628713
23.440000000000865,2095.305823715248,261.821066747814,-1.6739799838586039e-16,5.545792374967883e-18,15.306788686850854,7.11891793844147e-18,-2.3054556969125275,-9.465768516545065e-18,92.016729038658,71.032234708462
23.450000000000866,2096.091668812736,261.84489492360655,-1.6743691256325573e-16,5.600158913578585e-18,15.308152266757206,7.25733995733322e-18,-2.3068477267016667,-9.518929003660264e-18,91.96252193148136,71.03231794605117
23.460000000000868,2096.8775318854646,261.8682828174749,-1.6747555883976855e-16,5.63156245039692e-18,15.309503278125597,7.310637846665427e-18,-2.308123515330754,-9.620468683677359e-18,91.90834461240993,71.03239967462629
23.47000000000087,2097.66341451872,261.8912301551796,-1.6751393692208744e-16,5.661503165177342e-18,15.310841683840136,7.361731345680083e-18,-2.309282914223176,-9.655108148763699e-18,91.85419757228829,71.03247989320705
23.48000000000087,2098.449318299325,261.91373667180454,-1.675531037467795e-16,5.689994058131415e-18,15.312167445534747,7.410635657101944e-18,-2.310325776520524,-9.687558921727874e-18,91.80008130443576,71.03255860084529
23.490000000000872,2099.2352448156294,261.9358021117403,-1.6759202278144248e-16,5.6953383283467025e-18,15.313480523641042,7.375159455378144e-18,-2.311251957053357,-9.70463707751128e-18,91.74599630465136,71.03263579662497
23.500000000000874,2100.021195657496,261.95742622866703,-1.6763069554431947e-16,5.699063228866844e-18,15.314780877435096,7.338230347217137e-18,-2.31206131231344,-9.655548470626095e-18,91.69194307121859,71.03271147966217
23.510000000000876,2100.807172416291,261.9786087855374,-1.676691235869869e-16,5.701201863718059e-18,15.316068465083116,7.299871562599624e-18,-2.3127537004273533,-9.605105118105577e-18,91.63792210490999,71.03278564910485
23.520000000000877,2101.593176684874,261.9993495545595,-1.6770625185016395e-16,5.7017869061780456e-18,15.317343243686123,7.260106326691462e-18,-2.313328981131519,-9.553332587403987e-18,91.5839339089915,71.03285830413304
23.53000000000088,2102.3792100575834,262.01964831717964,-1.6774311785956864e-16,5.722568162092452e-18,15.318605169323511,7.301166637798064e-18,-2.3137870157484555,-9.51333617143699e-18,91.52997898922665,71.03292944395855
23.54000000000088,2103.165274130228,262.039504864065,-1.67780777990363e-16,5.7420552119453295e-18,15.319854197095701,7.340164388179736e-18,-2.3141276671644855,-9.53620473704524e-18,91.4760578538804,71.0329990678251
23.550000000000882,2103.9513705000745,262.0589189950863,-1.6781819657009127e-16,5.738538493456993e-18,15.321090281165672,7.29490569282438e-18,-2.314350799808666,-9.54402668223749e-18,91.42217101372297,71.0330671750081
23.560000000000883,2104.7375007658356,262.0778905193001,-1.6785537534009248e-16,5.73355605102976e-18,15.322313374799581,7.248317601478477e-18,-2.3144562796329335,-9.485630272304325e-18,91.36831898203319,71.0331337648147
23.570000000000885,2105.52366652766,262.09641925493156,-1.6789126004869843e-16,5.7271394562471134e-18,15.323523430406425,7.200423686499237e-18,-2.314443974093645,-9.42601749083712e-18,91.31450227460195,71.03319883658371
23.580000000000886,2106.3098693871216,262.11450502935645,-1.6792794381413353e-16,5.741046569224878e-18,15.324720399576705,7.233458672573896e-18,-2.3143137521342134,-9.378137590376112e-18,91.26072140973515,71.03326238968553
23.590000000000888,2107.096110947206,262.1321476790837,-1.6796439147605918e-16,5.732047627112931e-18,15.325904233120209,7.182323969510959e-18,-2.31406548416899,-9.380507189380539e-18,91.2069769082565,71.03332442352203
23.60000000000089,2107.882392812301,262.14934704973746,-1.680016605792816e-16,5.72168736747604e-18,15.327074881102844,7.129945995575304e-18,-2.313699042068342,-9.316623987409728e-18,91.15326929351023,71.03338493752662
23.61000000000089,2108.6687165881863,262.1661029960393,-1.6803871787659093e-16,5.688264278972011e-18,15.328232292882609,6.994135811673444e-18,-2.3132142991448763,-9.238791025053535e-18,91.09959909136353,71.03344393116407
23.620000000000893,2109.4550838820196,262.18241538179024,-1.6807556695593392e-16,5.653346096889475e-18,15.329376417144626,6.857826856161179e-18,-2.3126111301407697,-9.095455677370832e-18,91.04596683020857,71.03350140393049
23.630000000000894,2110.2414963023284,262.19828407985284,-1.6811221141344853e-16,5.616981958200084e-18,15.33050720193543,6.721049925335076e-18,-2.3118894112162907,-8.951821482652842e-18,90.99237304096455,71.03355735535332
23.640000000000896,2111.027955458996,262.2137089721331,-1.6814865485251627e-16,5.579220112520229e-18,15.331624594696208,6.583835533091703e-18,-2.311049019939294,-8.807920346877574e-18,90.93881825707945,71.0336117849912
23.650000000000897,2111.8144629632525,262.2286899495621,-1.6818490088283173e-16,5.540107936926628e-18,15.33272854229546,6.4462139084676084e-18,-2.3100898352759436,-8.663783823869263e-18,90.88530301453146,71.03366469243389
23.6600000000009,2112.6010204276627,262.2432269120784,-1.6822200815652301e-16,5.49969195045079e-18,15.333818991060609,6.30821499327637e-18,-2.309011737582332,-8.519443113868311e-18,90.83182785183028,71.0337160773023
23.6700000000009,2113.387629466115,262.2573197686091,-1.6825789069783817e-16,5.436275906423999e-18,15.334895886808997,6.087653250753149e-18,-2.307814608597235,-8.362295179448472e-18,90.77839331001825,71.03376593924837
23.680000000000902,2114.1742916938106,262.2709684370521,-1.68293588383977e-16,5.39319659858493e-18,15.335959174877965,5.9496822406685395e-18,-2.3064983314358365,-8.152995606242031e-18,90.72499993267091,71.03381427795496
23.690000000000904,2114.9610087272513,262.28417284425745,-1.68329104823728e-16,5.348967217217012e-18,15.337008800154257,5.811429918554215e-18,-2.3050627905844583,-8.008996044766292e-18,90.67164826589796,71.03386109313597
23.700000000000905,2115.74778218423,262.2969329260091,-1.6836444362755582e-16,5.303630521551212e-18,15.338044707102565,5.672924839789528e-18,-2.3035078718962434,-7.86492065060622e-18,90.6183388583433,71.033906384536
23.710000000000907,2116.534613683817,262.30924862700635,-1.683996084067788e-16,5.257228488871472e-18,15.339066839793484,5.5341952632227315e-18,-2.3018334625877834,-7.72079859876259e-18,90.5650722611852,71.03395015193051
23.72000000000091,2117.3215048463526,262.3211199008454,-1.684346027727618e-16,5.209802327106711e-18,15.340075141930628,5.395269149398892e-18,-2.3000394512367834,-7.5766587056247e-18,90.51184902813641,71.0339923951257
23.73000000000091,2118.1084572934315,262.3325467100008,-1.6846943033612457e-16,5.1613924871608296e-18,15.34106955687705,5.2561741588769054e-18,-2.2981257277804397,-7.432529428156838e-18,90.45866971544352,71.03403311395837
23.74000000000091,2118.8954726478955,262.34352902580684,-1.6850409470596541e-16,5.112038674987826e-18,15.342050027681017,5.116937650634626e-18,-2.2960921835148924,-7.288438863165264e-18,90.40553488188652,71.034072308296
23.750000000000913,2119.6825525338195,262.3540668284389,-1.685385994890996e-16,5.06177986341875e-18,15.343016497101086,4.97758668056103e-18,-2.2939387110955067,-7.144414746644678e-18,90.35244508877798,71.03410997803653
23.760000000000915,2120.4696985765017,262.36416010689476,-1.6857189414130787e-16,5.010654303747134e-18,15.343968907630469,4.838148000034325e-18,-2.2916652045379555,-7.000484453203202e-18,90.29940089996194,71.03414612310839
23.770000000000916,2121.256912402452,262.37380885897596,-1.686060703507886e-16,4.980456451368778e-18,15.344907201520797,4.7808671844791745e-18,-2.2892715592202,-6.868973816282862e-18,90.24640288181261,71.03418074347043
23.780000000000918,2122.0441956393815,262.38301309126894,-1.6864115006585143e-16,4.927900153030691e-18,15.345831320805262,4.640644767433409e-18,-2.28675767188529,-6.790306348286136e-18,90.19345160323289,71.03421383911183
23.79000000000092,2122.8315499161895,262.3917728191263,-1.686761029788669e-16,4.8528090660028675e-18,15.34674120732105,4.418185350864401e-18,-2.2841234406449407,-6.633823017422617e-18,90.14054763565248,71.03424541005207
23.80000000000092,2123.6189768629542,262.4000880666478,-1.6871198822645197e-16,4.7767868166646874e-18,15.347636802731278,4.1964202271024155e-18,-2.281368764983923,-6.412500255772031e-18,90.08769155302592,71.03427545634075
23.810000000000922,2124.40647811092,262.4079588666618,-1.687477772468262e-16,4.6781253195379665e-18,15.348518048546207,3.8931614716303845e-18,-2.2784935457652264,-6.179997461723595e-18,90.03488393183034,71.03430397805778
23.820000000000924,2125.1940552924875,262.4153852607059,-1.687845306798835e-16,4.578448280454242e-18,15.34938488614398,3.591346172713541e-18,-2.275497685235952,-5.883403078279301e-18,89.98212535106283,71.03433097531303
23.830000000000926,2125.981710041201,262.4223672990084,-1.6882016800993785e-16,4.456061697106957e-18,15.350237256790715,3.2087918716463964e-18,-2.2723810870339687,-5.57652333335609e-18,89.9294163922378,71.03435644824638
23.840000000000927,2126.7694439917377,262.4289050404691,-1.688557314577e-16,4.354374486194266e-18,15.351075101660083,2.9106625556797283e-18,-2.2691436561952827,-5.21836521171698e-18,89.87675763938385,71.03438039702776
23.85000000000093,2127.5572587798965,262.43499855264025,-1.6889122780179163e-16,4.251898471607821e-18,15.351898361852285,2.6140986082254436e-18,-2.2657852991621192,-4.928061338247325e-18,89.82414967904062,71.03440282185693
23.86000000000093,2128.3451560425865,262.44064791170763,-1.689266637773448e-16,4.148699439307488e-18,15.352706978412574,2.3191363720987556e-18,-2.262305923791677,-4.639679869890922e-18,89.77159310025517,71.03442372296344
23.870000000000932,2129.133137417816,262.44585320247137,-1.6896309950139398e-16,4.044841679718713e-18,15.353500892349157,2.0258114565401626e-18,-2.2587054393655754,-4.35325545941575e-18,89.71908849457824,71.03444310060668
23.880000000000933,2129.921204544681,262.4506145183268,-1.6899950805381336e-16,3.918617041145663e-18,15.35428004465068,1.651935917737575e-18,-2.2549837565999784,-4.056907849353937e-18,89.66663645606032,71.03446095507563
23.890000000000935,2130.709359063353,262.4549319612455,-1.690358977226009e-16,3.7916670169926975e-18,15.35504437630312,1.2804467457931878e-18,-2.2511407876562877,-3.697221713764754e-18,89.61423758124717,71.03447728668901
23.900000000000936,2131.497602615069,262.4588056417558,-1.6907333000978638e-16,3.664070304176713e-18,15.355793828306282,9.113845358831566e-19,-2.2471764461525763,-3.3403497485586504e-18,89.56189246917555,71.03449209579502
23.910000000000938,2132.285936842118,262.46223567892395,-1.6911077958718658e-16,3.514129385693283e-18,15.356528341689739,4.625652401274871e-19,-2.2430906471755394,-2.974523710137686e-18,89.50960172136821,71.03450538277137
23.92000000000094,2133.074363387833,262.46522220033455,-1.6914720305347123e-16,3.3635031213899018e-18,15.357247857528327,1.6929434680614136e-20,-2.2388833072931105,-2.5461115403044506e-18,89.457365941829,71.03451714802523
23.93000000000094,2133.8628838965756,262.46776534207146,-1.6918364356388215e-16,3.2340598598031233e-18,15.357952316957256,-3.432536484277009e-19,-2.234554344567618,-2.1331145174598986e-18,89.40518573703746,71.03452739199312
23.940000000000943,2134.6515000137274,262.46986524869857,-1.6922010904738845e-16,3.104302982626586e-18,15.358641661186649,-7.008413389382253e-19,-2.2301036785695554,-1.789391573890525e-18,89.35306171594326,71.03453611514081
23.950000000000944,2135.440213385677,262.47152207324035,-1.692555542904121e-16,2.9743013112017124e-18,15.359315831515737,-1.055798085709819e-18,-2.2255312303918706,-1.4486761045559146e-18,89.30099448996054,71.03454331796337
23.960000000000946,2136.229025659809,262.4727359771626,-1.692910204913118e-16,2.8659015031056236e-18,15.359974769346644,-1.3258641812179478e-18,-2.2208369226648492,-1.122624045789135e-18,89.2489846729616,71.034549000985
23.970000000000947,2137.0179384844923,262.47350713035297,-1.693254606653593e-16,2.7575793748984193e-18,15.360618416197646,-1.5939059811926017e-18,-2.216020679571447,-8.653092487810262e-19,89.19703288127067,71.034553164759
23.98000000000095,2137.806953509069,262.4738357111018,-1.69359914171966e-16,2.671161669739146e-18,15.361246713716183,-1.7776722223149495e-18,-2.211082426863251,-6.218912751695826e-19,89.14513973365732,71.03455580986771
23.99000000000095,2138.5960723838416,262.4737219060825,-1.6939333227226463e-16,2.5851007385876716e-18,15.361859603691325,-1.9600372490608987e-18,-2.2060220918768625,-4.465868719068229e-19,89.09330585132948,71.0345569369224
24.000000000000952,2139.3852967600633,262.4731659103322,-1.6942780545192485e-16,2.5212043956075822e-18,15.362457028065975,-2.058757820488329e-18,-2.2008396035507714,-2.8439626249505177e-19,89.0415318579264,71.03455654656331
24.010000000000954,2140.174627726148,262.4721677723278,-1.6946230273719881e-16,2.4361185309241436e-18,15.36303892894864,-2.2389420809525683e-18,-2.1955348924428013,-1.782433939310611e-19,88.98981837951118,71.03455463945944
24.020000000000955,2140.9640654254727,262.4707272881736,-1.6949682816612802e-16,2.351442831059612e-18,15.363605248624813,-2.417682683028182e-18,-2.190109330151251,-7.145643960693925e-21,88.93810762029271,71.03455121577726
24.030000000000957,2141.7536100003954,262.4688442596869,-1.6953138572593417e-16,2.2672003451135352e-18,15.364155929671213,-2.594963624507731e-18,-2.184565206141833,1.6227751734836075e-19,88.88630215604155,71.03454627481771
24.04000000000096,2142.543261592263,262.4665184943901,-1.6956597935280685e-16,2.1834134916586362e-18,15.364690915133302,-2.7707693678822826e-18,-2.178902312925806,3.3001310461418395e-19,88.8344023561798,71.03453981590147
24.05000000000096,2143.3330203414152,262.46374980550274,-1.6960061293170686e-16,2.1001040684643883e-18,15.365210148519864,-2.945084837416096e-18,-2.1731204430281092,4.960486209185682e-19,88.78240859437618,71.03453183836896
24.06000000000096,2144.1228863871856,262.4605380119336,-1.6963529029618512e-16,2.0172932620830066e-18,15.365713573797693,-3.1178954161631837e-18,-2.167219389007558,6.603720537729482e-19,88.73032124855116,71.03452234158026
24.070000000000963,2144.91285986791,262.4568829382726,-1.6967001522821657e-16,1.9350016573007162e-18,15.36620113538618,-3.2891869429272555e-18,-2.161198943476948,8.229718710414818e-19,88.67814070088144,71.03451132491507
24.080000000000965,2145.702940920928,262.4527844147829,-1.6970479145804912e-16,1.8532492464571488e-18,15.366672778151996,-3.458945709166605e-18,-2.1550588991233313,9.838370168227315e-19,88.62586733780469,71.03449878777279
24.090000000000966,2146.4931296825894,262.44824227739264,-1.6973962266406723e-16,1.7720554386355696e-18,15.367128447403703,-3.627158455845423e-18,-2.14879904872821,1.1429569072914117e-18,88.57350155002369,71.03448472957241
24.100000000000968,2147.2834262882566,262.44325636768696,-1.697745124726699e-16,1.6914390687266245e-18,15.367568088886472,-3.793812370233073e-18,-2.142419185187867,1.3003214265016338e-18,88.52104373251052,71.03446914975247
24.11000000000097,2148.0738308723116,262.43782653289963,-1.6980946445816301e-16,1.6114184063681624e-18,15.367991648776728,-3.9588950826528e-18,-2.135919101533684,1.4559209221530826e-18,88.4684942845105,71.03445204777103
24.12000000000097,2148.8643435681597,262.43195262590496,-1.6984448214266536e-16,1.5320111647636585e-18,15.368399073676889,-4.122394663181371e-18,-2.129298590952495,1.6097462013215428e-18,88.41585360954582,71.03443342310577
24.130000000000972,2149.654964508233,262.4256345052095,-1.6987956899602865e-16,1.4532345093816687e-18,15.368790310610073,-4.284299618301115e-18,-2.122557446806984,1.7617885261551806e-18,88.36312211541907,71.03441327525377
24.140000000000974,2150.4456938239978,262.4188720349435,-1.6991472843577089e-16,1.3751050665386828e-18,15.369165307014885,-4.444598887505842e-18,-2.115695462656142,1.9120396095379773e-18,88.31030021421644,71.03439160373162
24.150000000000976,2151.2365316459573,262.41166508485276,-1.6994996382702296e-16,1.2976389318676705e-18,15.36952401074016,-4.603281839862055e-18,-2.1087124322756785,2.0604916107216865e-18,88.25738832231086,71.03436840807531
24.160000000000977,2152.0274781036574,262.4040135302901,-1.6998527848248836e-16,1.2208516786745628e-18,15.369866370039798,-4.760338270526934e-18,-2.1016081496785306,2.2071371309277044e-18,88.20438686036478,71.03434368784025
24.17000000000098,2152.818533325692,262.39591725220686,-1.7002067566241555e-16,1.1447583661848324e-18,15.370192333567612,-4.915758397224506e-18,-2.094382409135397,2.351969208920187e-18,88.15129625333283,71.03431744260126
24.18000000000098,2153.6096974397083,262.38737613714426,-1.70056158574583e-16,1.0693735476822779e-18,15.370501850372209,-5.069532856681416e-18,-2.0870350051952586,2.4949813165517743e-18,88.0981169304642,71.03428967195248
24.190000000000982,2154.400970572411,262.378390077225,-1.700917303742965e-16,9.9471127854206e-19,15.370794869891878,-5.22165270102369e-18,-2.0795657327059573,2.6361673542832475e-18,88.04484932530494,71.03426037550734
24.200000000000983,2155.192352849569,262.36895897014443,-1.7012739416439863e-16,9.207851241599786e-19,15.37107134194955,-5.3721093941359066e-18,-2.0719743868347535,2.775521646678441e-18,87.9914938756997,71.03422955289862
24.210000000000985,2155.9838443960193,262.35908271916196,-1.7016315299529003e-16,8.476081677799208e-19,15.37133121674783,-5.520894807984169e-18,-2.0642607630890266,2.913038937875701e-18,87.93805102379382,71.0341972037783
24.220000000000987,2156.775445335674,262.3487612330922,-1.7019900986496236e-16,7.751930182213472e-19,15.37157444486397,-5.668001218904173e-18,-2.056424657336841,3.048714387037209e-18,87.88452121603449,71.03416332781767
24.230000000000988,2157.5671557915234,262.3379944262963,-1.7023496771904276e-16,7.035518175086508e-19,15.37180097724499,-5.8134213038558216e-18,-2.048465865827655,3.1825435637774133e-18,87.83090490317237,71.03412792470712
24.24000000000099,2158.358975885645,262.3267822186729,-1.7027102945084948e-16,6.326962484041414e-19,15.37201076520276,-5.957148136645657e-18,-2.040384185212981,3.3145224435718733e-18,87.7772025402625,71.03409099415632
24.25000000000099,2159.150905739207,262.3151245356495,-1.703071979014585e-16,5.626375418463854e-19,15.372203760409192,-6.099175184118475e-18,-2.032179412567119,3.444647403147729e-18,87.72341458666524,71.03405253589395
24.260000000000993,2159.9429454724727,262.303021308173,-1.7034347585978097e-16,4.933864842955592e-19,15.372379914891445,-6.239496302319418e-18,-2.023851345407868,3.572915215857069e-18,87.66954150604683,71.03401254966793
24.270000000000994,2160.7350952048096,262.2904724727013,-1.7037986606265125e-16,4.249534249874461e-19,15.3725391810272,-6.3781057326278776e-18,-2.0153997817172993,3.699323047034383e-18,87.61558376637986,71.03397103524517
24.280000000000996,2161.527355054693,262.2774779711937,-1.7041637119492529e-16,3.573482830976375e-19,15.37268151153994,-6.514998097864449e-18,-2.006824519962525,3.8238684493393504e-18,87.56154183994347,71.03392799241168
24.290000000000997,2162.319725139713,262.2640377511021,-1.7045299388958915e-16,2.905805548174776e-19,15.372806859494343,-6.650168398372265e-18,-1.9981253591164865,3.94654935808613e-18,87.50741620332317,71.03388342097244
24.300000000001,2163.112205576579,262.25015176536147,-1.704897367278775e-16,2.2465932034322786e-19,15.372915178291684,-6.78361200807393e-18,-1.9893020986787726,4.067364086560327e-18,87.4532073374108,71.03383732075145
24.310000000001,2163.9047964811284,262.235819972381,-1.705266022394019e-16,1.595932507798982e-19,15.37300642166532,-6.9153246705053445e-18,-1.9803545386964658,4.186311321324856e-18,87.3989157274037,71.03378969159164
24.320000000001002,2164.69749796833,262.2210423360346,-1.7056359290228857e-16,9.539061496114123e-20,15.373080543676181,-7.045302494827596e-18,-1.9712824797849557,4.303390117515775e-18,87.34454186280426,71.0337405333549
24.330000000001004,2165.4903101522923,262.2058188256515,-1.7060071114332552e-16,3.20592861865692e-20,15.373137498708392,-7.173541951818232e-18,-1.9620857231489082,4.418599894129303e-18,87.29008623741875,71.03368984592194
24.340000000001005,2166.2832331462687,262.1901494160069,-1.706379593381188e-16,-3.0393251122181644e-20,15.373177241464878,-7.300039869842981e-18,-1.952764070603051,4.5319404293010916e-18,87.23554934935619,71.03363762919241
24.350000000001007,2167.0762670626636,262.17403408731246,-1.7067533981125775e-16,-9.195989484536208e-20,15.373199726963069,-7.42479343080928e-18,-1.9433173245931776,4.643411855578897e-18,87.18093170102688,71.03358388308473
24.36000000000101,2167.869412013041,262.157472825207,-1.70712854836489e-16,-1.526339186677436e-19,15.373204910530662,-7.547800166102652e-18,-1.9337452882170398,4.753014655189719e-18,87.12623379914072,71.03352860753616
24.37000000000101,2168.662668108128,262.14046562074645,-1.707505066368989e-16,-2.1240896565876944e-19,15.373192747801411,-7.669057952507169e-18,-1.924047765245327,4.860749655302514e-18,87.07145615470527,71.03347180250265
24.38000000000101,2169.456035457824,262.12301247039477,-1.7078829738510445e-16,-2.712790419290427e-19,15.373163194711019,-7.788565008111133e-18,-1.9142245601426529,4.966618023287521e-18,87.01659928302365,71.03341346795892
24.390000000001013,2170.2495141712056,262.1051133760138,-1.708262292034524e-16,-3.2923851036201085e-19,15.373116207493046,-7.90631988819911e-18,-1.9042754780885098,5.070621261973276e-18,86.96166370369203,71.03335360389839
24.400000000001015,2171.0431043565345,262.08676834485374,-1.708643041642262e-16,-3.8628208441973502e-19,15.373051742674951,-8.022321481131464e-18,-1.894200324998374,5.172761204902341e-18,86.90664994059703,71.03329221033316
24.410000000001016,2171.8368061212636,262.0679773895434,-1.7090252428986085e-16,-4.424048220216633e-19,15.372969757074067,-8.136569004212402e-18,-1.8839989075446621,5.273040011586755e-18,86.85155852191292,71.03322928729385
24.420000000001018,2172.6306195720445,262.0487405280801,-1.7094089155316534e-16,-4.976021194953665e-19,15.372870207793813,-8.249061999547817e-18,-1.8736710331778794,5.371460162764242e-18,86.79638998009835,71.03316483482983
24.43000000000102,2173.424544814734,262.02905778382,-1.7097940787755253e-16,-5.518697055982034e-19,15.372753052219787,-8.359800329893761e-18,-1.8632165101476506,5.468024455656146e-18,86.7411448518931,71.03309885300891
24.44000000000102,2174.218581954401,262.00892918546793,-1.7101807513727619e-16,-6.052036356089406e-19,15.37261824801608,-8.468784174496837e-18,-1.852635147523875,5.562735999228079e-18,86.68582367831438,71.03303134191749
24.450000000001022,2175.0127310953344,261.98835476706745,-1.710568951576752e-16,-6.576002854883516e-19,15.372465753121519,-8.576014024927395e-18,-1.8419267552178384,5.655598209454241e-18,86.63042700465299,71.03296230166042
24.460000000001024,2175.8069923410494,261.9673345679908,-1.710958697154246e-16,-7.0905634610786685e-19,15.372295525746104,-8.681490680906668e-18,-1.831091144003381,5.746614804586361e-18,86.57495538046923,71.03289173236101
24.470000000001026,2176.601365794296,261.94586863292864,-1.711350005387933e-16,-7.595688175453581e-19,15.372107524367388,-8.78521524612882e-18,-1.8201281255380932,5.8357898004281785e-18,86.51940935958861,71.03281963416102
24.480000000001027,2177.395851557064,261.9239570118799,-1.7117428930790839e-16,-8.091350034471775e-19,15.371901707727009,-8.887189124078933e-18,-1.8090375123845321,5.923127505616428e-18,86.46378950009701,71.03274600722055
24.49000000000103,2178.190449730593,261.9015997601416,-1.7121373765502575e-16,-8.57752505455585e-19,15.371678034827232,-8.987414013847889e-18,-1.7978191180314265,6.008632516909143e-18,86.4080963643361,71.03267085171815
24.50000000000103,2178.985160415379,261.87879693829836,-1.7125334716480697e-16,-9.054192177007335e-19,15.371436464927623,-9.085891905945197e-18,-1.7864727569149947,6.0923097144822694e-18,86.35233051889811,71.03259416785055
24.510000000001032,2179.779983711181,261.85554861221215,-1.712931193746021e-16,-9.521333213563911e-19,15.371176957541703,-9.18262507811062e-18,-1.774998244440198,6.174164257235377e-18,86.29649253462048,71.03251595583285
24.520000000001033,2180.5749197170294,261.8318548530118,-1.7133305577473835e-16,-9.97893279258605e-19,15.370899472433699,-9.277616091125641e-18,-1.7633953970020593,6.254201578107374e-18,86.2405829865802,71.0324362158984
24.530000000001035,2181.369968531234,261.8077157370826,-1.7137315780881455e-16,-1.042697830586553e-18,15.370603969615434,-9.370867784625675e-18,-1.7516640320070365,6.332427379403042e-18,86.18460245408806,71.03235494829869
24.540000000001037,2182.165130251391,261.78313134605565,-1.71413426874001e-16,-1.0865459856048044e-18,15.37029040934315,-9.4623832729139e-18,-1.7398039678943746,6.408847628131242e-18,86.12855152068248,71.03227215330342
24.550000000001038,2182.960404974391,261.75810176679727,-1.7145386432134471e-16,-1.1294370204662855e-18,15.369958752114522,-9.552165940777664e-18,-1.7278150241575427,6.483468551355581e-18,86.07243077412315,71.03218783120045
24.56000000000104,2183.7557927964276,261.7326270913984,-1.7149447145607996e-16,-1.1713704720752239e-18,15.369608958665646,-9.640219439308346e-18,-1.7156970213656444,6.5562966315583506e-18,86.01624080638437,71.03210198229571
24.57000000000104,2184.5512938130046,261.70670741716384,-1.715352495379437e-16,-1.2123461330093783e-18,15.369240989968151,-9.726547681725498e-18,-1.703449781184894,6.62733860201852e-18,85.95998221364825,71.03201460691321
24.580000000001043,2185.3469081189437,261.68034284660143,-1.7157619978149597e-16,-1.2523640465008864e-18,15.368854807226352,-9.811154839206196e-18,-1.6910731264001289,6.6966014422045475e-18,85.90365559629744,71.03192570539495
24.590000000001044,2186.142635808394,261.6535334874114,-1.7161732335644506e-16,-1.291424501475066e-18,15.368450371874452,-9.894045336720388e-18,-1.6785668809363214,6.7640923731827516e-18,85.84726155890795,71.03183527810096
24.600000000001046,2186.938476974839,261.6262794524752,-1.7165862138797716e-16,-1.3295280276465373e-18,15.368027645573877,-9.975223848873106e-18,-1.6659308698801718,6.829818853042024e-18,85.79080071024123,71.03174332540921
24.610000000001047,2187.734431711105,261.5985808598449,-1.7170009495709047e-16,-1.3666753906720253e-18,15.3675865902106,-1.0054695295754315e-17,-1.6531649195017046,6.893788572335547e-18,85.73427366323654,71.03164984771556
24.62000000000105,2188.5305001093693,261.5704378327319,-1.7174174510093358e-16,-1.4028675873592516e-18,15.367127167892544,-1.0132464838797235e-17,-1.6402688572758701,6.956009449540269e-18,85.67768103500251,71.03155484543376
24.63000000000105,2189.326682261169,261.541850499496,-1.7178357281314802e-16,-1.4381058409313142e-18,15.366649340947102,-1.0208537876645923e-17,-1.6272425119042646,7.01648962653483e-18,85.62102344680892,71.03145831899543
24.640000000001052,2190.1229782574096,261.51281899363426,-1.7182557904421473e-16,-1.4723915963459692e-18,15.366153071918703,-1.0282920041032845e-17,-1.6140857133368176,7.075237464096583e-18,85.56430152407789,71.03136026884991
24.650000000001054,2190.9193881883725,261.4833434537699,-1.7186776470180437e-16,-1.5057265156692556e-18,15.365638323566367,-1.0355617192667221e-17,-1.6007982927935296,7.132261537418424e-18,85.50751589637497,71.03126069546441
24.660000000001055,2191.7159121437244,261.4534240236411,-1.719101306511314e-16,-1.5381124735029185e-18,15.36510505886145,-1.0426635417134926e-17,-1.5873800827862639,7.187570631646043e-18,85.45066719739991,71.03115959932374
24.670000000001057,2192.512550212526,261.4230608520895,-1.719526777153116e-16,-1.5695515524650722e-18,15.36455324098536,-1.0495981020810558e-17,-1.573830917140571,7.241173737436256e-18,85.39375606497718,71.0310569809305
24.68000000000106,2193.3093024832397,261.3922540930492,-1.7199540667572308e-16,-1.600046038723598e-18,15.363982833327364,-1.056366052678253e-17,-1.5601506310175404,7.293080046537022e-18,85.33678314104624,71.03095284080484
24.69000000000106,2194.1061690437396,261.3610039055351,-1.7203831827237055e-16,-1.6295984175817462e-18,15.3633937994825,-1.0629680670791787e-17,-1.5463390609357193,7.343298947389791e-18,85.2797490716515,71.03084717948461
24.70000000000106,2194.9031499813195,261.3293104536316,-1.7208141320425266e-16,-1.6582113691154522e-18,15.362786103249473,-1.0694048397184837e-17,-1.5323960447930283,7.391840020754716e-18,85.22265450693203,71.03073999752516
24.710000000001063,2195.7002453827026,261.29717390648113,-1.7212469212973252e-16,-1.6858877638618635e-18,15.362159708628688,-1.0756770854881829e-17,-1.5183214218887708,7.438713035359357e-18,85.1655001011111,71.03063129549938
24.720000000001065,2196.4974553340494,261.2645944382726,-1.7216815566691093e-16,-1.7126306585586095e-18,15.361514579820334,-1.0817855393360272e-17,-1.5041150329456558,7.483927943571446e-18,85.10828651248534,71.03052107399766
24.730000000001066,2197.294779920967,261.2315722282296,-1.7221180439400236e-16,-1.7384432919333343e-18,15.360850681222463,-1.0877309558655065e-17,-1.4897767201318282,7.527494877096214e-18,85.05101440341357,71.03040933362783
24.740000000001068,2198.0922192285184,261.19810746059903,-1.7225563884971368e-16,-1.7633290805430364e-18,15.36016797742925,-1.0935141089375449e-17,-1.47530632708306,7.569424142698881e-18,84.99368444030564,71.0302960750151
24.75000000000107,2198.8897733412323,261.1642003246393,-1.722996595336252e-16,-1.7872916146627653e-18,15.359466433229185,-1.0991357912739524e-17,-1.4607036989248143,7.609726217952797e-18,84.93629729361064,71.0301812988021
24.76000000000107,2199.687442343111,261.12985101460845,-1.7234386690657428e-16,-1.810334654223235e-18,15.358746013603476,-1.1045968140626912e-17,-1.4459686822945406,7.64841174701374e-18,84.87885363780511,71.03006500564872
24.770000000001072,2200.48522631764,261.0950597297525,-1.7238826139104098e-16,-1.8324621247969163e-18,15.35800668372434,-1.1098980065650146e-17,-1.4311011253638521,7.685491536420885e-18,84.82135415138093,71.02994719623221
24.780000000001074,2201.2831253477984,261.0598266742935,-1.7243284337153592e-16,-1.8536781136321897e-18,15.357248408953508,-1.115040215724534e-17,-1.41610087786083,7.720976550924941e-18,84.76379951683282,71.02982787124698
24.790000000001076,2202.0811395160667,261.02415205741767,-1.7247761319499019e-16,-1.8739868657351513e-18,15.356471154840738,-1.120024305778282e-17,-1.4009677910924205,7.75487790934388e-18,84.70619042064565,71.02970703140471
24.800000000001077,2202.879268904438,260.98803609326336,-1.7252257117114704e-16,-1.8933927799986364e-18,15.35567488712233,-1.124851157869804e-17,-1.3857017179667455,7.787206880446753e-18,84.64852755328157,71.02958467743422
24.81000000000108,2203.6775135944254,260.95147900090916,-1.725677175729554e-16,-1.9119004053781008e-18,15.354859571719803,-1.1295216696643537e-17,-1.3703025130156097,7.817974878866027e-18,84.5908116091667,71.02946081008142
24.82000000000108,2204.475873667073,260.9144810043617,-1.7261305263696496e-16,-1.929514437113933e-18,15.354025174738569,-1.1340367549662327e-17,-1.354770032416935,7.847193461038873e-18,84.53304328667765,71.02933543010934
24.830000000001082,2205.274349202965,260.87704233254357,-1.7265857656372304e-16,-1.9462397129998246e-18,15.353171662466673,-1.1383973433383239e-17,-1.3391041340173357,7.874874321177813e-18,84.47522328812774,71.02920853829802
24.840000000001083,2206.072940282236,260.8391632192812,-1.7270428951817245e-16,-1.9620812096968306e-18,15.352299001373598,-1.1426043797238748e-17,-1.32330467735468,7.901029287271137e-18,84.41735231975298,71.02908013544453
24.850000000001085,2206.8716469845795,260.8008439032927,-1.7275019163005113e-16,-1.977044039092726e-18,15.351407158109165,-1.1466588240705749e-17,-1.3073715236807333,7.925670317113496e-18,84.3594310916977,71.02895022236282
24.860000000001087,2207.6704693892593,260.7620846281753,-1.7279628299429262e-16,-1.991133444706312e-18,15.350496099502415,-1.1505616509569706e-17,-1.2913045359838513,7.948809494367021e-18,84.30146031799998,71.02881879988382
24.870000000001088,2208.469407575118,260.7228856423934,-1.7284256367142792e-16,-2.004354798136297e-18,15.349565792560622,-1.1543138492212718e-17,-1.2751035790117204,7.97045902465334e-18,84.24344071657684,71.02868586885532
24.88000000000109,2209.2684616205875,260.6832471992661,-1.7288903368798812e-16,-2.016713595554404e-18,15.348616204468332,-1.1579164215925827e-17,-1.2587685192941374,7.990631231676897e-18,84.18537300920894,71.02855143014187
24.89000000000109,2210.0676316036984,260.64316955695455,-1.7293569303690812e-16,-2.0282154542423584e-18,15.34764730258645,-1.1613703843246098e-17,-1.2422992251658693,8.009338553379806e-18,84.12725792152537,71.0284154846249
24.900000000001093,2210.8669176020912,260.60265297844984,-1.7298254167793092e-16,-2.038866109172402e-18,15.346659054451402,-1.1646767668318835e-17,-1.2256955667895366,8.026593538128695e-18,84.06909618298776,71.02827803320248
24.910000000001094,2211.666319693025,260.5616977315603,-1.7302957953801286e-16,-2.048671409631009e-18,15.345651427774364,-1.1678366113285351e-17,-1.208957416178572,8.042408840933759e-18,84.01088852687442,71.02813907678943
24.920000000001096,2212.4658379533876,260.5203040888989,-1.730768065117292e-16,-2.0576373158854506e-18,15.344624390440492,-1.170850972469667e-17,-1.1920846472202205,8.05679721970038e-18,83.9526356902641,71.02799861631725
24.930000000001098,2213.2654724597073,260.4784723278709,-1.731242224616804e-16,-2.065769895892898e-18,15.343577910508301,-1.1737209169953555e-17,-1.1750771356986098,8.069771531513573e-18,83.89433841401946,71.02785665273396
24.9400000000011,2214.0652232881616,260.4362027306609,-1.7317182721889864e-16,-2.0730753220517166e-18,15.342511956208991,-1.1764475233773214e-17,-1.1579347593178488,8.081344728955579e-18,83.83599744277019,71.02771318700422
24.9500000000011,2214.865090514588,260.3934955842204,-1.732196205832548e-16,-2.0795598679946596e-18,15.341426495945923,-1.1790318814683065e-17,-1.1406573977251986,8.091529856456823e-18,83.77761352489608,71.02756822010919
24.960000000001102,2215.6650742144934,260.3503511802548,-1.732676023238655e-16,-2.085229905423603e-18,15.340321498294083,-1.1814750921541856e-17,-1.1232449325343048,8.100340046680544e-18,83.71918741250953,71.02742175304647
24.970000000001104,2216.465174463067,260.3067698152109,-1.7331577217950045e-16,-2.0900919009855548e-18,15.339196931999632,-1.1837782670088527e-17,-1.1056972473484683,8.107788516941299e-18,83.66071986143803,71.02727378683016
24.980000000001105,2217.2653913351874,260.2627517902639,-1.7336412985898965e-16,-2.0941524131895814e-18,15.338052765979505,-1.1859425279519056e-17,-1.0880142277839737,8.113888565657616e-18,83.6022116312061,71.02712432249069
24.990000000001107,2218.0657249054357,260.2182974113046,-1.7341267504163066e-16,-2.097418089364387e-18,15.336888969321055,-1.1879690069091717e-17,-1.0701957614934798,8.118653568838966e-18,83.54366348501742,71.02697336107488
25.00000000000111,2218.8661752481044,260.1734069889265,-1.7346140737759571e-16,-2.0998956626562086e-18,15.335705511281763,-1.189858845476091e-17,-1.052241738189505,8.122096976607352e-18,83.48507618973596,71.02682090364578
25.01000000000111,2219.6667424372085,260.12808083841276,-1.7351032648833857e-16,-2.1015919490667455e-18,15.33450236128897,-1.191613194583992e-17,-1.034152049667844,8.12423230975361e-18,83.42645051586756,71.02666695128276
25.02000000000111,2220.4674265464964,260.08231927972327,-1.735594319670011e-16,-2.1025138445308197e-18,15.333279488939699,-1.1932332141692887e-17,-1.015926589831194,8.125073156328688e-18,83.36778723754074,71.02651150508137
25.030000000001113,2221.2682276494597,260.03612263748164,-1.7360872337881955e-16,-2.1026683220334778e-18,15.332036864000514,-1.194720072845623e-17,-0.9975652547127565,8.124633168270062e-18,83.30908713248749,71.02635456615334
25.040000000001115,2222.0691458193455,259.989491240962,-1.7365820026153022e-16,-2.1020624287662254e-18,15.33077445640741,-1.1960749475789747e-17,-0.9790679424998983,8.122926058063433e-18,83.25035098202369,71.0261961356265
25.050000000001116,2222.8701811291653,259.94242542407613,-1.7370786212577465e-16,-2.1007032833221312e-18,15.329492236265782,-1.1972990233657695e-17,-0.96043455355788,8.119965595439935e-18,83.19157957102917,71.02603621464478
25.060000000001118,2223.671333651707,259.89492552535995,-1.7375770845550428e-16,-2.098598072929486e-18,15.328190173850416,-1.1983934929140007e-17,-0.9416649904536274,8.115765604108884e-18,83.13277368792764,71.02587480436804
25.07000000000112,2224.4726034595446,259.84699188796066,-1.7380773870838428e-16,-2.0957540507237533e-18,15.326868239605549,-1.1993595563273922e-17,-0.9227591579795745,8.110339958526319e-18,83.07393412466634,71.0257119059723
25.08000000000112,2225.2739906250513,259.7986248596232,-1.7385795231619677e-16,-2.092178533057519e-18,15.32552640414499,-1.2001984207926235e-17,-0.9037169631775889,8.103702580699403e-18,83.01506167669525,71.02554752064934
25.090000000001123,2226.0754952204074,259.74982479267726,-1.73908348685243e-16,-2.087878896848154e-18,15.32416463825223,-1.2009113002696285e-17,-0.8845383153628595,8.095867437026832e-18,82.95615714294613,71.02538164960693
25.100000000001124,2226.8771173176133,259.7005920440238,-1.7395892719674487e-16,-2.0828625769629283e-18,15.322782912880687,-1.2014994151850012e-17,-0.8652231261479841,8.086848535175296e-18,82.89722132581137,71.02521429406865
25.110000000001126,2227.6788569885,259.6509269751216,-1.7400968720724526e-16,-2.0771370636412757e-18,15.321381199153905,-1.201963992128507e-17,-0.8457713094669295,8.076659920992205e-18,82.83825503112233,71.02504545527387
25.120000000001127,2228.4807143047396,259.60082995197416,-1.7406062804900745e-16,-2.0707098999539597e-18,15.319959468365889,-1.2023062635527378e-17,-0.8261827815992476,8.065315675454636e-18,82.77925906812764,71.02487513447777
25.13000000000113,2229.282689337858,259.550301345116,-1.7411174903041337e-16,-2.0635886792988506e-18,15.318517691981414,-1.2025274674759094e-17,-0.8064574611941959,8.052829911654697e-18,82.72023424947102,71.02470333295113
25.14000000000113,2230.0847821592433,259.49934152959935,-1.7416304943636075e-16,-2.0557810429330313e-18,15.317055841636405,-1.20262884718782e-17,-0.7865952692949377,8.039216771821286e-18,82.661181391169,71.02453005198046
25.150000000001132,2230.88699284016,259.4479508849806,-1.7421452852865896e-16,-2.0472946775410048e-18,15.315573889138403,-1.2026116509589966e-17,-0.7665961293628979,8.02449042437836e-18,82.60210131258822,71.0243552928679
25.160000000001133,2231.689321451758,259.3961297953068,-1.7426618554642353e-16,-2.038137312838676e-18,15.314071806466988,-1.202477131753018e-17,-0.7464599673020226,8.008665061039766e-18,82.54299483642258,71.02417905693106
25.170000000001135,2232.491768065084,259.343878649102,-1.7431801970646942e-16,-2.028316719212883e-18,15.312549565774335,-1.2022265469420477e-17,-0.7261867114832152,7.991754893940635e-18,82.48386278866991,71.02400134550317
25.180000000001137,2233.2943327510948,259.2911978393538,-1.743700302037028e-16,-2.0178407053961996e-18,15.311007139385772,-1.2018611580255809e-17,-0.7057762927687677,7.973774152805408e-18,82.42470599860864,71.02382215993283
25.190000000001138,2234.097015580665,259.23808776349955,-1.7442221621151138e-16,-2.0067171161767258e-18,15.309444499800337,-1.2013822303524054e-17,-0.6852286445368191,7.954737082152528e-18,82.3655252987739,71.0236415015842
25.20000000000114,2234.8998166246015,259.18454882341285,-1.7447457688215314e-16,-1.9949538301426393e-18,15.307861619691499,-1.2007910328458062e-17,-0.6645437027059583,7.934657938535753e-18,82.30632152493362,71.02345937183664
25.21000000000114,2235.702735953654,259.1305814253897,-1.745271113471436e-16,-1.982558757461202e-18,15.306258471907796,-1.2000888377320024e-17,-0.64372140575976,7.913550987822214e-18,82.24709551606405,71.02327577208499
25.220000000001143,2236.505773638526,259.07618598013494,-1.7457981871764142e-16,-1.9695398376919896e-18,15.304635029473586,-1.1992769202718337e-17,-0.6227616947714828,7.891430502507052e-18,82.18784811432538,71.02309070373927
25.230000000001144,2237.308929749886,259.0213629027483,-1.7463269808483209e-16,-1.9559050376340747e-18,15.302991265589824,-1.1983565584957023e-17,-0.6016645134287526,7.868310759064813e-18,82.12858016503662,71.02290416822477
25.240000000001146,2238.112204358379,258.96611261271073,-1.746857485203103e-16,-1.941662349206891e-18,15.30132715363484,-1.1973290329417729e-17,-0.5804298080582679,7.844206035337433e-18,82.06929251665069,71.02271616698198
25.250000000001148,2238.9155975346393,258.9104355338706,-1.7473896907646007e-16,-1.9268197873645405e-18,15.299642667165264,-1.1961956263974392e-17,-0.5590575276506552,7.819130607958861e-18,82.00998602072879,71.02252670146646
25.26000000000115,2239.7191093492997,258.85433209442976,-1.7479235878683344e-16,-1.9113853880432613e-18,15.297937779916834,-1.1949576236440575e-17,-0.5375476238852687,7.793098749816307e-18,81.95066153191485,71.02233577314895
25.27000000000115,2240.522739873006,258.79780272692966,-1.7484591666652688e-16,-1.8953672061418217e-18,15.296212465805418,-1.1936163112049543e-17,-0.5159000511551138,7.766124727547991e-18,81.89131990790943,71.02214338351517
25.280000000001152,2241.3264891764247,258.74084786823755,-1.7489964171255612e-16,-1.8787733135345583e-18,15.294466698927918,-1.1921729770967042e-17,-0.4941147665917337,7.738222799077451e-18,81.83196200944359,71.02194953406581
25.290000000001154,2242.1303573302584,258.6834679595325,-1.7495353290422874e-16,-1.8616117971168213e-18,15.29270045356332,-1.1906289105836895e-17,-0.4721917300902394,7.709407211184285e-18,81.77258870025219,71.02175422631659
25.300000000001155,2242.9343444052556,258.62566344629136,-1.750075892035149e-16,-1.8438907568825542e-18,15.290913704173716,-1.188985401935929e-17,-0.45013090433429537,7.679692197111283e-18,81.71320084704722,71.02155746179801
25.310000000001157,2243.738450472222,258.56743477827484,-1.7506180955541596e-16,-1.8256183040337785e-18,15.289106425405434,-1.1872437421901943e-17,-0.4279322548212213,7.649091974207892e-18,81.65379931949064,71.0213592420555
25.32000000000116,2244.542675602034,258.5087824095136,-1.7511619288833097e-16,-1.8068025591216853e-18,15.28727859209014,-1.1854052229143898e-17,-0.4055957498870791,7.617620741609942e-18,81.59438499016711,71.02115956864927
25.33000000000116,2245.3470198656464,258.4497067982941,-1.7517073811442097e-16,-1.7874516502191196e-18,15.285430179245973,-1.1834711359752158e-17,-0.3831213607318006,7.585292677955528e-18,81.53495873455616,71.02095844315423
25.34000000000116,2246.15148333411,258.39020840714437,-1.7522544412997122e-16,-1.767573711124187e-18,15.28356116207881,-1.1814427733091043e-17,-0.3605090614444444,7.552121939136975e-18,81.47552143100452,71.02075586716006
25.350000000001163,2246.956066078578,258.3302877028204,-1.7528030981575116e-16,-1.7471768795947216e-18,15.281671515983437,-1.1793214266964183e-17,-0.3377588290283589,7.51812265608881e-18,81.41607396069774,71.02055184227105
25.360000000001165,2247.7607681703203,258.2699451562915,-1.753353340373721e-16,-1.7262692956133764e-18,15.279761216544857,-1.1771083875389244e-17,-0.31487064342646853,7.483308932611595e-18,81.35661720763184,71.02034637010608
25.370000000001166,2248.5655896807357,258.2091812427265,-1.7539051564564257e-16,-1.704859099683071e-18,15.277830239539588,-1.1748049466405233e-17,-0.2918444875465724,7.447694843231555e-18,81.29715205858456,71.02013945229861
25.380000000001168,2249.370530681362,258.14799644147956,-1.7544585347692145e-16,-1.6829544311525511e-18,15.275878560937006,-1.1724123939912386e-17,-0.2686803472866958,7.41129443109588e-18,81.23767940308629,71.01993109049658
25.39000000000117,2250.1755912438894,258.0863912360759,-1.7550134635346864e-16,-1.6605634265718087e-18,15.27390615690072,-1.1699320185544589e-17,-0.2453782115604342,7.374121705903547e-18,81.17820013339089,71.01972128636238
25.40000000000117,2250.9807714401704,258.02436611419756,-1.7555699308379344e-16,-1.6376942180770982e-18,15.271913003789983,-1.1673651080574209e-17,-0.22193807232238033,7.336190641871591e-18,81.11871514444609,71.01951004157286
25.410000000001173,2251.7860713422347,257.9619215676695,-1.756127924630004e-16,-1.614354931805321e-18,15.269899078161123,-1.1647129487849367e-17,-0.19835992459351282,7.297515175736656e-18,81.05922533386365,71.01929735781911
25.420000000001174,2252.5914910222973,257.899058092445,-1.7566874327313275e-16,-1.5905536863375002e-18,15.26786435676905,-1.161976825376349e-17,-0.17464376648670568,7.258109204791702e-18,80.99973160188932,71.01908323680664
25.430000000001176,2253.3970305527737,257.8357761885916,-1.7572484428351342e-16,-1.5662985911711158e-18,15.265808816568736,-1.1591580206257094e-17,-0.15078959923217733,7.217986584957726e-18,80.94023485137248,71.01886768025517
25.440000000001177,2254.2026900062897,257.77207636027674,-1.7578109425108348e-16,-1.541597745221036e-18,15.263732434716761,-1.1562578152851723e-17,-0.12679742720300366,7.177161128890347e-18,80.8807359877354,71.0186506898986
25.45000000000118,2255.0084694556945,257.70795911575357,-1.75837491920738e-16,-1.5164592353488088e-18,15.261635188572935,-1.1532774878715963e-17,-0.1026672579407032,7.135646604121101e-18,80.82123591894256,71.01843226748501
25.46000000000118,2255.8143689740714,257.6434249673466,-1.7589403602565952e-16,-1.4908911349200403e-18,15.259517055701812,-1.1502183144763331e-17,-0.07839910218069138,7.093456731233311e-18,80.76173555546923,71.01821241477663
25.470000000001182,2256.620388634751,257.57847443143737,-1.759507252876487e-16,-1.4649015023896446e-18,15.257378013874423,-1.1470815685782139e-17,-0.05399297387797816,7.050605182072315e-18,80.70223581027024,71.01799113354963
25.480000000001183,2257.426528511323,257.5131080284501,-1.760075584174526e-16,-1.4384983799146808e-18,15.255218041069888,-1.1438685208596983e-17,-0.029448890232676467,7.00710557798996e-18,80.6427375987482,71.0177684255943
25.490000000001185,2258.2327886776466,257.44732628283737,-1.7606453411509014e-16,-1.4116897919945511e-18,15.253037115477122,-1.1405804390261934e-17,-0.004766871715646385,6.962971488123123e-18,80.5832418387215,71.01754429271482
25.500000000001187,2259.0391692078642,257.3811297230657,-1.7612165107017503e-16,-1.384483744138304e-18,15.250835215496586,-1.13721858762852e-17,0.020053057905868782,6.9182164277061145e-18,80.52374945039222,71.01731873672932
25.510000000001188,2259.845670176413,257.3145188816014,-1.7617890796223592e-16,-1.3568882215587953e-18,15.24861231974202,-1.1337842278885205e-17,0.04501087154263207,6.872853856416797e-18,80.46426135631339,71.01709175946974
25.52000000000119,2260.6522916580366,257.2474942948957,-1.7623630346103397e-16,-1.3289111878934568e-18,15.246368407042263,-1.1302786175277894e-17,0.07010653875772475,6.8268971767561805e-18,80.40477848135654,71.01686336278185
25.53000000000119,2261.4590337277964,257.1800565033709,-1.7629383622687765e-16,-1.3005605839514252e-18,15.244103456443034,-1.1267030105995152e-17,0.09534002574092981,6.780359732461375e-18,80.34530175267842,71.01663354852518
25.540000000001193,2262.2658964610855,257.1122060514055,-1.763515049109348e-16,-1.2718443264867905e-18,15.241817447208804,-1.1230586573234251e-17,0.12071129528302765,6.733254806951639e-18,80.28583209968791,71.01640231857293
25.550000000001194,2263.0728799336384,257.0439434873201,-1.7640930815554193e-16,-1.2427703069977071e-18,15.239510358824667,-1.1193468039238077e-17,0.14622030675015396,6.6855956218073945e-18,80.2263704540123,71.01616967481202
25.560000000001196,2263.879984221545,256.9752693633627,-1.7646724459451084e-16,-1.2133463905511259e-18,15.237182170998224,-1.1155686924706076e-17,0.1718670160581106,6.637395335281925e-18,80.16691774946368,71.01593561914295
25.570000000001198,2264.687209401261,256.90618423569447,-1.7652531285343243e-16,-1.183580414632904e-18,15.234832863661552,-1.1117255607235726e-17,0.1976513756467088,6.588667040845641e-18,80.10747492200476,71.01570015347968
25.5800000000012,2265.4945555496206,256.83668866437506,-1.7658351154997758e-16,-1.1534801880230387e-18,15.232462416973114,-1.1078186419794402e-17,0.22357333445410157,6.539423765762617e-18,80.0480429097146,71.01546327974985
25.5900000000012,2266.302022743849,256.7667832133484,-1.7664183929419548e-16,-1.123053489695788e-18,15.230070811319784,-1.1038491649221432e-17,0.24963283789109086,6.489678469699278e-18,79.98862265275397,71.01522499989439
25.600000000001202,2267.1096110615736,256.69646845042803,-1.7670029468880895e-16,-1.0923080677444245e-18,15.227658027318835,-1.0998183534760207e-17,0.2758298278155136,6.4394440433649195e-18,79.92921509333067,71.0149853158677
25.610000000001204,2267.917320580836,256.6257449472826,-1.7675887632950697e-16,-1.0612516383303856e-18,15.22522404581998,-1.095727426662021e-17,0.3021642425065623,6.3887333071839355e-18,79.86982117566426,71.01474422963756
25.620000000001205,2268.7251513801043,256.5546132794216,-1.7681758280523442e-16,-1.0298918846565716e-18,15.222768847907458,-1.0915775984568714e-17,0.32863601663916575,6.337559009999457e-18,79.81044184595088,71.01450174318501
25.630000000001207,2269.5331035382856,256.48307402618053,-1.7687641269847894e-16,-9.982364559645448e-19,15.22029241490209,-1.0873700776552004e-17,0.35524508125835835,6.285933827808231e-18,79.75107805232756,71.01425785850437
25.64000000000121,2270.3411771347364,256.41112777070674,-1.769353645855549e-16,-9.662929665553912e-19,15.217794728363396,-1.0831060677345978e-17,0.3819913637537237,6.233870362526478e-18,79.69173074483643,71.01401257760308
25.65000000000121,2271.149372249277,256.33877509994466,-1.769944370368846e-16,-9.340689948340015e-19,15.215275770091765,-1.0787867667235929e-17,0.4088747878337181,6.181381140786507e-18,79.63240087538868,71.01376590250186
25.66000000000121,2271.957688962201,256.2660166046213,-1.7705362861727645e-16,-9.015720823765228e-19,15.212735522130586,-1.0744133670725232e-17,0.43589527350021784,6.128478612763849e-18,79.5730893977281,71.01351783523444
25.670000000001213,2272.7661273542885,256.192852879232,-1.7711293788620039e-16,-8.688097330207462e-19,15.21017396676846,-1.0699870555272918e-17,0.4630527370229169,6.07517515103469e-18,79.5137972673946,71.0132683778476
25.680000000001215,2273.5746875068185,256.1192845220256,-1.771723633980604e-16,-8.357894119791844e-19,15.207591086541417,-1.0655090130059747e-17,0.4903470909138426,6.021483049463333e-18,79.45452544168728,71.01301753240118
25.690000000001216,2274.3833695015796,256.0453121349901,-1.7723190370246408e-16,-8.025185449745912e-19,15.204986864235083,-1.0609804144782736e-17,0.5177782439018954,5.967414522119474e-18,79.39527487962748,71.01276530096786
25.700000000001218,2275.192173420883,255.970936323838,-1.7729155734448932e-16,-7.690045173977042e-19,15.20236128288705,-1.0564024288477877e-17,0.5453461009073863,5.912981702225033e-18,79.33604654192133,71.01251168563333
25.71000000000122,2276.0010993475744,255.8961576979918,-1.7735132286494813e-16,-7.35254673486941e-19,15.199714325789076,-1.0517762188370815e-17,0.5730505630166495,5.858196641130298e-18,79.27684139092233,71.01225668849605
25.72000000000122,2276.8101473650445,255.8209768705696,-1.7741119880064755e-16,-7.012763155298322e-19,15.197045976489408,-1.0471029408755349e-17,0.6008915274566939,5.803071307319133e-18,79.21766039059341,71.0120003116673
25.730000000001223,2277.6193175572434,255.74539445837044,-1.774711836846476e-16,-6.670767030859407e-19,15.194356218795134,-1.0423837449899485e-17,0.6288688875698408,5.7476175854430015e-18,79.15850450646896,71.0117425572711
25.740000000001224,2278.42861000869,255.66941108185975,-1.7753127604651638e-16,-6.326630522310317e-19,15.191645036774489,-1.0376197746978858e-17,0.656982532788521,5.691847275383545e-18,79.09937470561648,71.0114834274442
25.750000000001226,2279.2380248044856,255.59302736515494,-1.775914744125822e-16,-5.980425348222575e-19,15.188912414759294,-1.032812166903735e-17,0.6852323486099638,5.635772091343464e-18,79.04027195659823,71.01122292433593
25.760000000001227,2280.0475620303246,255.51624393601077,-1.7765177730618288e-16,-5.63222277784113e-19,15.186158337347255,-1.0279620517974538e-17,0.7136182165711242,5.579403660965454e-18,78.98119722943225,71.01096105010824
25.77000000000123,2280.8572217725073,255.43906142580485,-1.7771218324791208e-16,-5.282093624149331e-19,15.18338278940445,-1.0230705527559988e-17,0.7421400142235084,5.5227535244789255e-18,78.92215149555354,71.01069780693558
25.78000000000123,2281.667004117952,255.36148046952312,-1.7777269075586272e-16,-4.930108237136945e-19,15.180585756067758,-1.0181387862473962e-17,0.7707976151081097,5.46583313387425e-18,78.86313572777478,71.01043319700501
25.790000000001232,2282.4769091542043,255.2835017057453,-1.778332983458675e-16,-4.576336497268756e-19,15.177767222747264,-1.0131678617374391e-17,0.7995908887304923,5.408653852104292e-18,78.80415090024688,71.01016722251592
25.800000000001234,2283.286936969453,255.20512577663038,-1.7789400453173652e-16,-4.2208478091516073e-19,15.174927175128788,-1.0081588815989969e-17,0.8285197005357824,5.351226952312918e-18,78.7451979884193,71.00989988568007
25.810000000001235,2284.0970876525384,255.12635332790217,-1.77954807825492e-16,-3.8637110953973075e-19,15.172065599176358,-1.0031129410238993e-17,0.8575839118838615,5.293563617090263e-18,78.68627796900022,71.00963118872166
25.820000000001237,2284.907361292965,255.04718500883467,-1.7801570673760007e-16,-3.5049947906792557e-19,15.169182481134728,-9.980311279373831e-18,0.8867833800245666,5.235674937754483e-18,78.62739181991624,71.00936113387709
25.830000000001238,2285.7177579809145,254.96762147223765,-1.780766997771997e-16,-3.144766835980371e-19,15.166277807531914,-9.929145229150736e-18,0.916117958072998,5.177571913659682e-18,78.56854052027225,71.00908972339505
25.84000000000124,2286.528277807256,254.8876633744421,-1.7813778545232868e-16,-2.7830946730299947e-19,15.163351565181724,-9.8776419910248e-18,0.9455874949848967,5.11926545152982e-18,78.5097250503106,71.00881695953639
25.85000000000124,2287.338920863559,254.8073113752858,-1.781989622701468e-16,-2.420045238927516e-19,15.160403741186391,-9.825812221369795e-18,0.9751918355320681,5.060766364818252e-18,78.45094639137056,71.00854284457408
25.860000000001243,2288.1496872421035,254.72656613809872,-1.7826022873715603e-16,-2.0556849609503734e-19,15.157434322939084,-9.77366650072267e-18,1.0049308202779967,5.002085373092706e-18,78.39220552584709,71.00826738079323
25.870000000001244,2288.9605770358926,254.64542832968863,-1.7832158335941792e-16,-1.6900797515441554e-19,15.154443298126592,-9.721215333052476e-18,1.0348042855534179,4.943233101445366e-18,78.33350343714974,71.0079905704909
25.880000000001246,2289.7715903386643,254.5638986203266,-1.7838302464276809e-16,-1.3232950034924951e-19,15.151430654731918,-9.668469145053482e-18,1.0648120634320735,4.8842200799278276e-18,78.27484110966117,71.00771241597623
25.890000000001248,2290.582727244903,254.48197768373254,-1.7844455109302781e-16,-9.553955852644906e-20,15.1483963810369,-9.615438285462187e-18,1.0949539817065703,4.825056743010637e-18,78.21621952869545,71.00743291957018
25.90000000000125,2291.3939878498504,254.3996661970607,-1.785061612162128e-16,-5.864458365373926e-20,15.145340465624912,-9.562133024398108e-18,1.1252298638642892,4.765753429067142e-18,78.15763968045624,71.00715208360569
25.91000000000125,2292.205372249518,254.31696484088528,-1.785678535187392e-16,-2.165095638923108e-20,15.142262897383539,-9.508563552727964e-18,1.1556395290634314,4.706320379881399e-18,78.09910255199469,71.00686991042751
25.920000000001252,2293.0168805406975,254.23387429918594,-1.786296265076265e-16,1.5434996331937498e-20,15.139163665507258,-9.454739981453125e-18,1.18618279210917,4.646767740179824e-18,78.04060913116716,71.00658640239213
25.930000000001254,2293.8285128209736,254.1503952593334,-1.7869147869069788e-16,5.2607001694106854e-20,15.13604275950017,-9.40067234111998e-18,1.2168594634299283,4.587105557186366e-18,77.9821604065927,71.00630156186779
25.940000000001255,2294.6402691887347,254.06652841207503,-1.7875340857677766e-16,8.985884138097487e-20,15.132900169178692,-9.346370581253084e-18,1.2476693490537754,4.5273437802008745e-18,77.9237573676104,71.00601539123443
25.950000000001257,2295.4521497431842,253.9822744515204,-1.7881541467588575e-16,1.2718435193907088e-19,15.129735884674359,-9.291844569810764e-18,1.2786122505848991,4.46749226020043e-18,77.86540100423645,71.00572789288361
25.96000000000126,2296.2641545843517,253.89763407512692,-1.788774954994296e-16,1.6457742512504611e-19,15.12654989643656,-9.237104092662957e-18,1.3096879651802762,4.4075607494633364e-18,77.80709230712107,71.00543906921844
25.97000000000126,2297.076283813105,253.81260798368544,-1.789396495603931e-16,2.0203200823700113e-19,15.123342195235287,-9.182158853091043e-18,1.3408962855264495,4.347558901215509e-18,77.74883226750524,71.0051489226536
25.98000000000126,2297.8885375311615,253.7271968813059,-1.790018753735228e-16,2.395421044300676e-19,15.120112772163964,-9.127018471309411e-18,1.3722369998163986,4.287496269298991e-18,77.69062187717714,71.00485745561522
25.990000000001263,2298.700915841099,253.64140147540292,-1.7906417145551141e-16,2.7710177301646797e-19,15.116861618642254,-9.07169248400853e-18,1.4037098917266095,4.2273823078623004e-18,77.63246212842854,71.00456467054087
26.000000000001265,2299.5134188463658,253.5552224766815,-1.791265363251784e-16,3.1470512975026254e-19,15.11358872641888,-9.016190343919256e-18,1.435314740394236,4.167226371072362e-18,77.57435401401095,71.00427056987951
26.010000000001266,2300.3260466512947,253.46866059912273,-1.7918896850364798e-16,3.523463470970077e-19,15.11029408757442,-8.960521419398119e-18,1.4670513203944722,4.107037712847727e-18,77.51629852709151,71.00397515609139
26.020000000001268,2301.1387993611124,253.38171655996933,-1.7925146651452428e-16,3.9001965448853386e-19,15.106977694524222,-8.904694994033368e-18,1.4989194017180527,4.046825486612822e-18,77.45829666120876,71.00367843164807
26.03000000000127,2301.9516770819505,253.29439107971152,-1.7931402888406377e-16,4.2771933856306375e-19,15.103639540021238,-8.848720266271527e-18,1.5309187497488017,3.986598745072933e-18,77.40034941022822,71.00338039903232
26.04000000000127,2302.7646799208565,253.20668488207258,-1.793766541413451e-16,4.6543974339087595e-19,15.100279617158888,-8.792606349064147e-18,1.563049125241588,3.926366440009674e-18,77.3424577682978,71.00308106073811
26.050000000001273,2303.577807985806,253.1185986939947,-1.7943934081843607e-16,5.031752706857346e-19,15.09689791937398,-8.736362269534604e-18,1.5953102843001834,3.866137422096651e-18,77.28462272980308,71.0027804192705
26.060000000001274,2304.3910613857124,253.03013324562465,-1.7950208745055807e-16,5.409203800022869e-19,15.09349444044961,-8.6799969686646e-18,1.6277019783554643,3.805920440735052e-18,77.22684528932213,71.00247847714567
26.070000000001276,2305.204440230439,252.9412892702996,-1.7956489257624773e-16,5.78669588919644e-19,15.09006917451807,-8.623519301000192e-18,1.660223954143718,3.74572414390889e-18,77.16912644158073,71.00217523689079
26.080000000001277,2306.017944630809,252.85206750453278,-1.7962775473751596e-16,6.164174732113528e-19,15.08662211606378,-8.566938034377022e-18,1.6928759536851594,3.685557078059643e-18,77.1114671814067,71.00187070104404
26.09000000000128,2306.8315746986164,252.76246868799947,-1.7969067248000437e-16,6.541586670019611e-19,15.08315325992625,-8.510261849664594e-18,1.7256577142625746,3.62542768797997e-18,77.05386850368475,71.00156487215452
26.10000000000128,2307.645330546638,252.67249356352266,-1.7975364435313903e-16,6.918878629103887e-19,15.079662601303015,-8.453499340529229e-18,1.7585689684002657,3.5653443167263106e-18,76.99633140331062,71.00125775278218
26.110000000001282,2308.459212288643,252.5821428770589,-1.7981666891028166e-16,7.295998121803011e-19,15.076150135752606,-8.39665901321557e-18,1.7916094438430774,3.505315205550023e-18,76.93885687514543,71.0009493454978
26.120000000001284,2309.273220039403,252.49141737768423,-1.7987974470887815e-16,7.67289324797701e-19,15.072615859197542,-8.339749286346312e-18,1.8247788635356406,3.4453484938468348e-18,76.88144591396963,71.00063965288301
26.130000000001285,2310.0873539147055,252.40031781757992,-1.7994287031060456e-16,8.049512695959236e-19,15.069059767927309,-8.282778490739894e-18,1.8580769456019204,3.3854522191243255e-18,76.82409951443697,71.0003286775301
26.140000000001287,2310.9016140313615,252.30884495201852,-1.8000604428151053e-16,8.425805743482529e-19,15.06548185860137,-8.225754869245983e-18,1.8915034033248312,3.325634316987177e-18,76.7668186710281,71.00001642204202
26.150000000001288,2311.716000507218,252.21699953934962,-1.8006926519216013e-16,8.80172225848348e-19,15.061882128252172,-8.168686576598445e-18,1.9250579451261445,3.2659026211399108e-18,76.70960437800437,70.99970288903242
26.16000000000129,2312.5305134611667,252.1247823409859,-1.8013253161777025e-16,9.177212699786764e-19,15.05826057428816,-8.111581679285515e-18,1.9587402745466604,3.2062648634068724e-18,76.65245762936101,70.9993880811255
26.17000000000129,2313.345153013158,252.03219412138895,-1.8019584213834636e-16,9.552228117671658e-19,15.054617194496833,-8.054448155437053e-18,1.9925500902264497,3.146728673769171e-18,76.59537941878065,70.99907200095598
26.180000000001293,2314.1599192842064,251.9392356480554,-1.8025919533881582e-16,9.926720154322516e-19,15.050951987047773,-7.997293894728489e-18,2.026487085885478,3.0873015804183317e-18,76.53837073958628,70.99875465116908
26.190000000001294,2314.9748123964055,251.8459076915027,-1.8032258980915876e-16,1.030064104416523e-18,15.04726495049571,-7.940126698301287e-18,2.0605509503043997,3.0279910098263825e-18,76.4814325846944,70.99843603442044
26.200000000001296,2315.7898324729354,251.7522110252554,-1.803860241445364e-16,1.0673943614091648e-18,15.043556083783557,-7.882954278699701e-18,2.094741367305592,2.968804286832129e-18,76.4245659465678,70.9981161533761
26.210000000001298,2316.6049796380744,251.65814642583095,-1.80449496945417e-16,1.1046581283573795e-18,15.039825386245512,-7.825784259823513e-18,2.1290580157344174,2.9097486347433385e-18,76.36777181716828,70.99779501071242
26.2200000000013,2317.4202540172087,251.56371467272587,-1.8051300681769934e-16,1.1418508064669835e-18,15.036072857610142,-7.768624176896577e-18,2.163500569440758,2.850831175454594e-18,76.31105118790936,70.99747260911606
26.2300000000013,2318.2356557368425,251.4689165484018,-1.805765523728338e-16,1.1789678561923628e-18,15.03229849800344,-7.711481476450869e-18,2.198068697260823,2.792058929580544e-18,76.25440504960866,70.99714895128392
26.240000000001302,2319.0511849246086,251.37375283827168,-1.8064013222794102e-16,1.216004797215981e-18,15.028502307951946,-7.654363516325826e-18,2.232762062999134,2.7334388166043035e-18,76.19783439244027,70.99682403992304
26.250000000001304,2319.866841709277,251.2782243306857,-1.8070374500592824e-16,1.2529572084176253e-18,15.024684288385874,-7.597277565682764e-18,2.2675803254108757,2.674977655040739e-18,76.141340205887,70.9964978777507
26.260000000001305,2320.6826262207674,251.1823318169176,-1.807673893356032e-16,1.2898207278335634e-18,15.02084444064217,-7.540230805034039e-18,2.302523138184459,2.6166821626143957e-18,76.0849234786925,70.99617046749417
26.270000000001307,2321.498538590156,251.08607609115083,-1.8083106385178581e-16,1.3265910526058191e-18,15.016982766467711,-7.483230326286863e-18,2.337590149924331,2.5585589564518054e-18,76.02858519881325,70.99584181189081
26.28000000000131,2322.314578949688,250.98945795046464,-1.8089476719541735e-16,1.3632639389217156e-18,15.013099268022344,-7.42628313280136e-18,2.372781004134166,2.5006145532879315e-18,75.97232635337036,70.995511913688
26.29000000000131,2323.130747432787,250.89247819482046,-1.8095849801366748e-16,1.3998352019439006e-18,15.009193947882107,-7.369396139462759e-18,2.408095339200189,2.4428553696864883e-18,75.91614792860153,70.99518077564301
26.30000000000131,2323.9470441740623,250.79513762704798,-1.8102225496003901e-16,1.4363007157310077e-18,15.005266809042325,-7.312576172767442e-18,2.443532788374948,2.3852877222739036e-18,75.86005090981259,70.99484840052303
26.310000000001313,2324.7634693093223,250.6974370528316,-1.8108603669447022e-16,1.4726564131491421e-18,15.001317854920764,-7.255829970922587e-18,2.4790929797612673,2.327917827986666e-18,75.80403628132906,70.99451479110515
26.320000000001315,2325.580022975581,250.59937728069653,-1.8114984188343512e-16,1.508898285774367e-18,14.997347089360819,-7.199164183959231e-18,2.5147755362965283,2.270751804331813e-18,75.7481050264477,70.99417995017617
26.330000000001316,2326.3967053110687,250.5009591219953,-1.8121366920004135e-16,1.545022383786356e-18,14.99335451663464,-7.142585373858437e-18,2.550580075737326,2.2137956696603195e-18,75.69225812738786,70.99384388053271
26.340000000001318,2327.2135164552424,250.40218339089395,-1.81277517324126e-16,1.581024815853404e-18,14.989340141446304,-7.086100014690422e-18,2.5865062106443015,2.1570553434531453e-18,75.63649656524272,70.99350658498109
26.35000000000132,2328.030456548793,250.30305090435849,-1.8134138494234908e-16,1.616901749008944e-18,14.985303968935016,-7.029714492766346e-18,2.6225535483674305,2.1005366466196924e-18,75.58082131993059,70.99316806633726
26.36000000000132,2328.8475257336577,250.20356248214128,-1.8140527074828502e-16,1.6526494085197589e-18,14.981246004678265,-6.973435106802588e-18,2.6587216910315203,2.0442453018084486e-18,75.52523337014594,70.99282832742679
26.370000000001323,2329.664724153026,250.1037189467675,-1.814691734425118e-16,1.6882640777460495e-18,14.977166254695025,-6.917268068097231e-18,2.695010235522092,1.9881869337295627e-18,75.46973369331042,70.99248737108485
26.380000000001324,2330.4820519513505,250.00352112352144,-1.8153309173269817e-16,1.7237420979935223e-18,14.973064725448905,-6.861219500718544e-18,2.731418773471636,1.932367069489128e-18,75.41432326552393,70.99214520015607
26.390000000001326,2331.2995092743568,249.90296984043323,-1.8159702433368854e-16,1.759079868357672e-18,14.968941423851408,-6.8052954417052924e-18,2.7679468912460226,1.8767911389349373e-18,75.35900306151544,70.99180181749458
26.400000000001327,2332.117096269051,249.80206592826514,-1.8166096996758595e-16,1.7942738455604144e-18,14.964796357265072,-6.749501841278535e-18,2.8045941699315473,1.8214644750134748e-18,75.30377405459379,70.99145722596391
26.41000000000133,2332.93481308373,249.70081022049817,-1.8172492736383292e-16,1.8293205437792384e-18,14.960629533506692,-6.693844563064824e-18,2.841360185322019,1.7663923141379188e-18,75.24863721659838,70.991111428437
26.42000000000133,2333.752659867989,249.5992035533187,-1.8178889525929022e-16,1.864216534469031e-18,14.956440960850514,-6.638329384330455e-18,2.87824450790645,1.711579796566917e-18,75.19359351785009,70.99076442779607
26.430000000001332,2334.570636772732,249.4972467656049,-1.8185287239831362e-16,1.8989584461767453e-18,14.952230648031474,-6.5829619962266645e-18,2.9152467028568987,1.657031966793922e-18,75.13864392710165,70.99041622693265
26.440000000001334,2335.388743950179,249.39494069891353,-1.8191685753282865e-16,1.9335429643490622e-18,14.947998604248365,-6.5277480040454636e-18,2.9523663300168557,1.602753773946849e-18,75.08378941148838,70.99006682874749
26.450000000001335,2336.2069815538757,249.29228619746647,-1.8198084942240334e-16,1.9679668311331954e-18,14.943744839167078,-6.47269292748595e-18,2.98960294388987,1.5487500721978444e-18,75.02903093647865,70.98971623615053
26.460000000001337,2337.025349738702,249.18928410813743,-1.8204484683431895e-16,2.0022268451710196e-18,14.939469362923825,-6.417802200930862e-18,3.0269560936285957,1.4950256211829274e-18,74.9743694658244,70.98936445206085
26.47000000000134,2337.84384866088,249.08593528043863,-1.8210884854363892e-16,2.036319861386644e-18,14.935172186128327,-6.36308117373315e-18,3.0644253230242398,1.4415850864313025e-18,74.91980596151154,70.9890114794066
26.48000000000134,2338.6624784779833,248.98224056650756,-1.8217285333327566e-16,2.070242790767602e-18,14.93085331986705,-6.308535110512397e-18,3.1020101704963685,1.3884330398041162e-18,74.86534138371039,70.98865732112502
26.49000000000134,2339.4812393489447,248.87820082109369,-1.8223685999405557e-16,2.1039926001398125e-18,14.926512775706438,-6.254169191460807e-18,3.139710169083081,1.3355739599424377e-18,74.81097669072604,70.98830198016226
26.500000000001343,2340.3001314340645,248.77381690154533,-1.8230086732478213e-16,2.137566311936436e-18,14.922150565696109,-6.199988512658629e-18,3.1775248464316483,1.2830122327242651e-18,74.75671283894864,70.98794545947355
26.510000000001344,2341.119154895019,248.66908966779636,-1.8236487413229714e-16,2.170961003960805e-18,14.917766702372106,-6.1459980863987516e-18,3.2154537247894606,1.2307521517303238e-18,74.70255078280381,70.98758776202294
26.520000000001346,2341.9383098948697,248.5640199823531,-1.8242887923154004e-16,2.2041738091435524e-18,14.913361198760112,-6.092202841520303e-18,3.2534963209954655,1.1787979187184675e-18,74.64849147470285,70.98722889078331
26.530000000001348,2342.7575965980686,248.45860871028123,-1.8249288144560554e-16,2.2372019152940836e-18,14.90893406837864,-6.038607623751022e-18,3.291652146471979,1.127153644106459e-18,74.594535864993,70.98686884873645
26.54000000000135,2343.577015170469,248.35285671919263,-1.825568796057992e-16,2.2700425648465476e-18,14.904485325242291,-5.985217196058207e-18,3.329920707216931,1.0758233474629327e-18,74.54068490190782,70.98650763887284
26.55000000000135,2344.3965657793324,248.24676487923236,-1.826208725516915e-16,2.3026930546004433e-18,14.900014983865006,-5.932036239008085e-18,3.3683015037964252,1.0248109580063245e-18,74.48693953151728,70.9861452641917
26.560000000001352,2345.2162485933354,248.14033406306555,-1.8268485913116995e-16,2.3351507354559836e-18,14.895523059263208,-5.879069351133313e-18,3.4067940313379634,9.741203151115854e-19,74.43330069767812,70.98578172770098
26.570000000001354,2346.0360637825793,248.03356514586443,-1.8274883820048945e-16,2.3674130121443842e-18,14.8910095669591,-5.8263210493085044e-18,3.4453977795238284,9.237551688244517e-19,74.37976934198404,70.98541703241716
26.580000000001355,2346.8560115185956,247.92645900529538,-1.8281280862432107e-16,2.3994773429531935e-18,14.886474522983852,-5.773795769133533e-18,3.4841122325850997,8.73719180383101e-19,74.32634640371602,70.98505118136535
26.590000000001357,2347.6760919743556,247.81901652150594,-1.8287676927579886e-16,2.431341239446797e-18,14.881917943880806,-5.721497865324439e-18,3.5229368692960303,8.240159227469758e-19,74.27303281979249,70.98468417757923
26.60000000000136,2348.496305324277,247.71123857711189,-1.8294071903656532e-16,2.463002266182254e-18,14.877339846708708,-5.669431612111745e-18,3.561871162968875,7.74648881132592e-19,74.21982952471963,70.98431602410095
26.61000000000136,2349.3166517442305,247.60312605718434,-1.8300465679681483e-16,2.4944580404205627e-18,14.872740249044943,-5.617601203645998e-18,3.6009145814491643,7.256214535561298e-19,74.16673745054166,70.98394672398109
26.62000000000136,2350.137131411549,247.4946798492369,-1.8306858145533566e-16,2.5257062318335094e-18,14.868119168988713,-5.566010754410318e-18,3.6400665871115043,6.769369513826356e-19,74.11375752679125,70.98357628027864
26.630000000001363,2350.9577445050327,247.3859008432128,-1.8313249191955028e-16,2.556744562206228e-18,14.863476625164251,-5.514664299639829e-18,3.679326636855739,6.285985998816176e-19,74.06089068043963,70.98320469606094
26.640000000001365,2351.7784912049583,247.27678993147217,-1.8319638710555405e-16,2.5875708051355876e-18,14.858812636724046,-5.463565795747716e-18,3.718694182103637,5.806095387888737e-19,74.00813783584715,70.98283197440371
26.650000000001366,2352.5993716930843,247.1673480087792,-1.8326026593815233e-16,2.6181827857245364e-18,14.85412722335203,-5.412719120757787e-18,3.758168668796048,5.329728228743517e-19,73.95549991471364,70.98245811839084
26.660000000001368,2353.420386152659,247.05757597228933,-1.8332412735089603e-16,2.6485783802725324e-18,14.849420405266772,-5.362128074743313e-18,3.797749537390552,4.856914225158701e-19,73.90297783602882,70.98208313111446
26.67000000000137,2354.241534768427,246.94747472153668,-1.8338797028611552e-16,2.6787555159621803e-18,14.844692203224668,-5.311796380272006e-18,3.8374362228595116,4.387682242785037e-19,73.85057251602281,70.98170701567497
26.68000000000137,2355.0628177266362,246.83704515842126,-1.8345179369495311e-16,2.7087121705421955e-18,14.839942638523173,-5.261727682856928e-18,3.8772281546887206,3.922060314994726e-19,73.79828486811658,70.98132977518078
26.690000000001373,2355.8842352150446,246.72628818719636,-1.8351559653739399e-16,2.7384463720068047e-18,14.835171733003921,-5.211925551413174e-18,3.917124756876452,3.4600756487834634e-19,73.74611580287271,70.98095141274848
26.700000000001374,2356.7057874229263,246.61520471445587,-1.8357937778229558e-16,2.76795619827172e-18,14.83037950905592,-5.162393478720141e-18,3.9571254479331195,3.001754630723893e-19,73.69406622794587,70.98057193150265
26.710000000001376,2357.527474541079,246.50379564912177,-1.8364313640741553e-16,2.7972397768467935e-18,14.825565989618765,-5.1131348818892385e-18,3.9972296408812733,2.547122832968805e-19,73.64213704803367,70.98019133457589
26.720000000001377,2358.3492967618286,246.39206190243146,-1.8370687139943824e-16,2.8262952845054687e-18,14.820731198185763,-5.06415310283684e-18,4.037436743256232,2.0962050193022757e-19,73.5903291648273,70.97980962510874
26.73000000000138,2359.171254279038,246.28000438792532,-1.8377058175399978e-16,2.8551209469511287e-18,14.815875158807106,-5.0154514087623235e-18,4.077746157107193,1.649025151237155e-19,73.53864347696246,70.97942680624972
26.74000000000138,2359.993347288111,246.16762402143408,-1.8383426647571166e-16,2.8837150384804808e-18,14.810997896093022,-4.967032992631035e-18,4.118157278998854,1.2056063941572124e-19,73.48708087997036,70.97904288115508
26.750000000001382,2360.815575986001,246.05492172106648,-1.8389792457818293e-16,2.912075881644063e-18,14.806099435216915,-4.918900973662014e-18,4.1586695000135485,7.659711235021815e-20,73.43564226622853,70.97865785298904
26.760000000001384,2361.637940571214,245.9418984071967,-1.8396155508404108e-16,2.9402018469039997e-18,14.801179801918517,-4.871058397820315e-18,4.199282205753896,3.301409309942583e-20,73.38432852491212,70.97827172492353
26.770000000001385,2362.460441243817,245.828555002452,-1.840251570249515e-16,2.9680913522890976e-18,14.796239022507017,-4.82350823831376e-18,4.239994776346003,-1.0186336909574619e-20,73.33314054194497,70.9778845001382
26.780000000001387,2363.2830782054425,245.71489243170032,-1.840887294416356e-16,2.9957428630473947e-18,14.791277123864162,-4.776253396093967e-18,4.280806586443213,-5.3002173364399525e-20,73.282079199951,70.97749618182044
26.79000000000139,2364.105851659295,245.6009116220379,-1.8415227138388762e-16,3.023154891296281e-18,14.786294133447397,-4.72929670036152e-18,4.321717005230332,-9.543148843327219e-20,73.23114537820545,70.97710677316523
26.80000000000139,2364.9287618101553,245.48661350277695,-1.8421578191059008e-16,3.0503259956702682e-18,14.781290079292955,-4.6826409090750824e-18,4.362725396428452,-1.3747243012742742e-19,73.18033995258655,70.97671627737523
26.81000000000139,2365.751808864389,245.37199900543337,-1.8427926008972802e-16,3.077254780966525e-18,14.776264990018948,-4.636288709464342e-18,4.403831118300327,-1.7912322166015995e-19,73.12966379552697,70.97632469766059
26.820000000001393,2366.574993029949,245.25706906371443,-1.8434270499840185e-16,3.1039398977882807e-18,14.771218894828467,-4.5902427185466204e-18,4.445033523656234,-2.203821608026817e-19,73.07911777596566,70.97593203723903
26.830000000001395,2367.3983145163816,245.14182461350654,-1.8440611572283915e-16,3.1303800421861963e-18,14.766151823512644,-4.544505483646992e-18,4.486331959860444,-2.612476192369301e-19,73.02870275929965,70.97553829933575
26.840000000001396,2368.2217735348327,245.02626659286304,-1.844694913584049e-16,3.1565739552977757e-18,14.761063806453718,-4.499079482921783e-18,4.5277257688382555,-3.0171804190546435e-19,72.97841960733605,70.97514348718332
26.850000000001398,2369.0453702980517,244.910395941992,-1.845328310096109e-16,3.1825204229849518e-18,14.755954874628102,-4.453967125885282e-18,4.569214287083555,-3.4179194635861847e-19,72.92826917824408,70.97474760402176
26.8600000000014,2369.869105020398,244.79421360324403,-1.8459613379012362e-16,3.2082182754699185e-18,14.750825059609397,-4.40917075393955e-18,4.610796845666954,-3.814679220990322e-19,72.87825232650744,70.97435065309841
26.8700000000014,2370.6929779178445,244.67772052110018,-1.8465939882277107e-16,3.233666386969303e-18,14.74567439357146,-4.364692640907166e-18,4.652472770244506,-4.207446299237188e-19,72.82836990287653,70.97395263766796
26.880000000001402,2371.5169892079834,244.56091764215984,-1.847226252395485e-16,3.258863675326765e-18,14.74050290929138,-4.32053499356676e-18,4.694241381067017,-4.596208012637922e-19,72.77862275432122,70.97355356099229
26.890000000001404,2372.341139110031,244.4438059151286,-1.8478581218162282e-16,3.2838091016441426e-18,14.735310640152512,-4.2766999521912394e-18,4.736101992989875,-4.980952375220092e-19,72.72901172398325,70.97315342634055
26.900000000001405,2373.1654278448304,244.32638629080623,-1.8484895879933605e-16,3.3085016699111906e-18,14.730097620147477,-4.233189591088522e-18,4.778053915483503,-5.361668094082525e-19,72.6795376511293,70.97275223698904
26.910000000001407,2373.9898556348603,244.20865972207469,-1.8491206425220752e-16,3.332940426634025e-18,14.724863883881094,-4.190005919144671e-18,4.820096452644425,-5.738344562730868e-19,72.63020137110385,70.97234999622124
26.92000000000141,2374.814422704235,244.09062716388607,-1.8497512770893505e-16,3.3571244604623635e-18,14.719609466573406,-4.1471508803693044e-18,4.862228903206823,-6.110971854395301e-19,72.5810037152825,70.97194670732766
26.93000000000141,2375.6391292787102,243.97228957325066,-1.8503814834739506e-16,3.381052901815632e-18,14.714334404062589,-4.104626354443122e-18,4.904450560554797,-6.479540715331608e-19,72.53194551102514,70.97154237360591
26.94000000000141,2376.4639755856892,243.853647909225,-1.8510112535464148e-16,3.4047249225080226e-18,14.709038732807905,-4.062434157267463e-18,4.946760712735124,-6.844042558106987e-19,72.48302758162961,70.97113699836058
26.950000000001413,2377.288961854224,243.73470313289994,-1.8516405792690383e-16,3.4281397353725876e-18,14.70372248989261,-4.020576041515709e-18,4.989158642470704,-7.204469454871703e-19,72.43425074628531,70.97073058490325
26.960000000001415,2378.114088315021,243.61545620738875,-1.852269452695841e-16,3.451296593884465e-18,14.698385713026884,-3.979053697186483e-18,5.031643627174512,-7.5608141306181e-19,72.3856158200272,70.97032313655241
26.970000000001416,2378.9393552004453,243.4959080978153,-1.8528978659725266e-16,3.4741947917832815e-18,14.6930284405507,-3.937868752158449e-18,5.07421493896426,-7.913069956427915e-19,72.33712361368978,70.96991465663342
26.980000000001418,2379.7647627445235,243.3760597713021,-1.8535258113364319e-16,3.4968336626948475e-18,14.687650711436698,-3.897022772746651e-18,5.116871844677524,-8.261230942709345e-19,72.28877493386148,70.96950514847853
26.99000000000142,2380.590311182948,243.25591219695863,-1.8541532811164655e-16,3.519212579752187e-18,14.68225256529306,-3.85651726426022e-18,5.159613605887657,-8.605291732424876e-19,72.24057058283904,70.96909461542671
27.00000000000142,2381.4160007530795,243.1354663458695,-1.854780267733039e-16,3.541330955216008e-18,14.67683404236633,-3.816353671561386e-18,5.2024394789201365,-8.945247594311216e-19,72.19251135858232,70.9686830608238
27.010000000001423,2382.2418316939525,243.01472319108262,-1.8554067636979852e-16,3.563188240094661e-18,14.671395183544236,-3.776533379625623e-18,5.245348714869713,-9.28109441609233e-19,72.14459805466913,70.96827048802224
27.020000000001424,2383.0678042462764,242.89368370759755,-1.8560327616144704e-16,3.584783923763682e-18,14.665936030358509,-3.7370577141028716e-18,5.288340559617942,-9.612828697686939e-19,72.09683146025044,70.96785690038122
27.030000000001426,2383.893918652441,242.7723488723537,-1.8566582541768953e-16,3.60611753358498e-18,14.660456624987672,-3.6979279418796755e-18,5.331414253851563,-9.940447544411342e-19,72.04921236000563,70.96744230126654
27.040000000001427,2384.7201751565176,242.65071966421874,-1.8572832341707875e-16,3.627188634525715e-18,14.654957010259762,-3.6591452716421485e-18,5.374569033081398,-1.0263948660178833e-18,72.00174153409824,70.9670266940506
27.05000000000143,2385.546574004264,242.52879706397687,-1.8579076944726858e-16,3.6479968287769995e-18,14.649437229655149,-3.62071085443968e-18,5.4178041276618085,-1.0583330340696923e-18,71.95441975813164,70.96661008211234
27.06000000000143,2386.3731154431266,242.40658205431714,-1.8585316280500138e-16,3.668541755372414e-18,14.643897327309189,-3.582625784249224e-18,5.461118762810952,-1.0898591466663038e-18,71.90724780310518,70.96619246883724
27.070000000001432,2387.1997997222416,242.28407561982192,-1.8591550279609477e-16,3.688823089806463e-18,14.638337348014977,-3.544891098540111e-18,5.504512158631462,-1.1209731496960283e-18,71.86022643537052,70.96577385761724
27.080000000001434,2388.026627092441,242.16127874695528,-1.8597778873542732e-16,3.708840543653e-18,14.63275733722603,-3.507507778839268e-18,5.547983530131949,-1.1516750461853833e-18,71.8133564165881,70.96535425185067
27.090000000001435,2388.853597806252,242.03819242405135,-1.860400199469235e-16,3.728593864183712e-18,14.627157341058933,-3.4704767512967374e-18,5.5915320872489795,-1.1819648956189322e-18,71.76663850368404,70.96493365494227
27.100000000001437,2389.6807121179017,241.91481764130282,-1.8610219576353788e-16,3.7480828339866946e-18,14.62153740629599,-3.4337988872513875e-18,5.635157034869806,-1.2118428132594015e-18,71.72007344880721,70.96451207030319
27.11000000000144,2390.5079702833195,241.79115539074945,-1.8616431552723843e-16,3.767307270585218e-18,14.615897580387855,-3.3974750037967576e-18,5.678857572855609,-1.241308969468192e-18,71.67366199928657,70.96408950135081
27.12000000000144,2391.3353725601373,241.6672066662665,-1.8622637858898908e-16,3.7862670260567054e-18,14.610237911456103,-3.361505864346883e-18,5.722632896065527,-1.2703635890263662e-18,71.62740489758875,70.9636659515088
27.13000000000144,2392.162919207694,241.5429724635533,-1.862883843087315e-16,3.804961986652014e-18,14.604558448295839,-3.325892179202058e-18,5.766482194381194,-1.2990069504562207e-18,71.58130288127602,70.96324142420708
27.140000000001443,2392.9906104870356,241.4184537801217,-1.8635033205536612e-16,3.823392072415059e-18,14.598859240378228,-3.290634606114412e-18,5.810404652731945,-1.3272393853435355e-18,71.53535668296445,70.96281592288175
27.150000000001445,2393.8184466609196,241.2936516152847,-1.8641222120673238e-16,3.8415572368028356e-18,14.593140337853022,-3.2557337508532116e-18,5.854399451120762,-1.3550612776605797e-18,71.48956703028232,70.962389450975
27.160000000001446,2394.6464279938136,241.16856697014504,-1.8647405114958835e-16,3.859457466305912e-18,14.58740179155107,-3.2211901677698195e-18,5.898465764650709,-1.3824730630899916e-18,71.44393464582893,70.9619620119352
27.170000000001448,2395.4745547519005,241.04320084758376,-1.8653582127958947e-16,3.877092780069435e-18,14.581643652986791,-3.187004360362208e-18,5.942602763552077,-1.4094752283495962e-18,71.39846024713367,70.96153360921677
27.18000000000145,2396.3028272030774,240.91755425224883,-1.8659753100126672e-16,3.89446322951469e-18,14.575865974360637,-3.1531767818389154e-18,5.986809613210221,-1.436068310518258e-18,71.35314454661537,70.96110424628014
27.19000000000145,2397.131245616958,240.7916281905438,-1.8665917972800407e-16,3.911568897961299e-18,14.570068808561494,-3.1197078356824224e-18,6.031085474193979,-1.4622528963628681e-18,71.30798825154196,70.96067392659172
27.200000000001452,2397.9598102648742,240.66542367061646,-1.8672076688201518e-16,3.928409900250083e-18,14.564252209169116,-3.0865978762118093e-18,6.0754295022847025,-1.4880296216665343e-18,71.26299206399041,70.96024265362391
27.210000000001454,2398.7885214198777,240.53894170234747,-1.8678229189431953e-16,3.944986382366629e-18,14.558416230456446,-3.0538472091446263e-18,6.119840848506054,-1.5133991705580533e-18,71.21815668080717,70.95981043085494
27.220000000001455,2399.6173793567405,240.41218329733914,-1.8684375420471787e-16,3.961298521065663e-18,14.552560927392044,-3.0214560921579287e-18,6.164318659154308,-1.53836227484278e-18,71.17348279356864,70.95937726176898
27.230000000001457,2400.4463843519557,240.28514946890408,-1.86905153261767e-16,3.977346523496202e-18,14.546686355642295,-2.9894247354483466e-18,6.208862075829415,-1.5629197133349303e-18,71.12897108854222,70.95894314985601
27.24000000000146,2401.2755366837387,240.15784123205395,-1.8696648852275395e-16,3.9931306268276026e-18,14.540792571573816,-2.9577533022911634e-18,6.253470235466584,-1.5870723111914361e-18,71.08462224664756,70.95850809861176
27.25000000000146,2402.104836632029,240.03025960348822,-1.870277594536695e-16,4.0086510978764894e-18,14.534879632255603,-2.9264419095982844e-18,6.29814227036865,-1.6108209392473974e-18,71.0404369434182,70.95807211153775
27.26000000000146,2402.9342844784896,239.90240560158293,-1.8708896552918124e-16,4.023908232734667e-18,14.528947595461341,-2.895490628475057e-18,6.342877308238983,-1.6341665133532376e-18,70.99641584896355,70.95763519214121
27.270000000001463,2403.7638805065076,239.77428024637948,-1.8715010623260584e-16,4.038902356398007e-18,14.522996519671569,-2.8648994847758403e-18,6.387674472215091,-1.657109993713614e-18,70.9525596279312,70.95719734393501
27.280000000001465,2404.5936250011955,239.64588455957343,-1.8721118105588085e-16,4.053633822396402e-18,14.517026464075869,-2.8346684596582916e-18,6.432532880902797,-1.6796523842281707e-18,70.9088689394696,70.95675857043766
27.290000000001466,2405.423518249391,239.51721956450328,-1.87272189499536e-16,4.068103012424769e-18,14.511037488574967,-2.8047974901362477e-18,6.47745164841118,-1.7017947318342011e-18,70.86534443719113,70.95631887517328
27.300000000001468,2406.253560539657,239.3882862861394,-1.873331310726638e-16,4.0823103359752085e-18,14.505029653782884,-2.7752864696311915e-18,6.52242988438804,-1.723538125851293e-18,70.82198676913535,70.95587826167153
27.31000000000147,2407.083752162283,239.25908575107272,-1.8739400529288972e-16,4.0962562299703075e-18,14.499003021029,-2.7461352485221886e-18,6.567466694056049,-1.7448836973280213e-18,70.77879657773303,70.95543673346756
27.32000000000147,2407.914093409283,239.1296189875038,-1.8745481168634176e-16,4.109941158397645e-18,14.492957652360069,-2.717343634694261e-18,6.612561178249579,-1.765832618390763e-18,70.73577449977,70.95499429410205
27.330000000001473,2408.744584574397,238.9998870252315,-1.875155497876195e-16,4.123365611945548e-18,14.486893610542248,-2.688911394085124e-18,6.657712433452081,-1.7863861015946976e-18,70.69292116635192,70.95455094712105
27.340000000001474,2409.57522595309,238.869890895642,-1.875762191397627e-16,4.136530107640111e-18,14.480810959063087,-2.6608382512302147e-18,6.702919551834172,-1.8065453992770607e-18,70.65023720286898,70.95410669607602
27.350000000001476,2410.406017842553,238.73963163169768,-1.8763681929421944e-16,4.149435188483544e-18,14.474709762133454,-2.633123889805978e-18,6.748181621292337,-1.8263118029127144e-18,70.60772322896135,70.95366154452383
27.360000000001477,2411.2369605417,238.609110267926,-1.876973498108136e-16,4.162081423093839e-18,14.468590084689424,-2.605767953171309e-18,6.793497725488284,-1.845686642472088e-18,70.56537985848476,70.95321549602659
27.37000000000148,2412.068054351169,238.47832784040853,-1.8775781025771203e-16,4.174469405345859e-18,14.462451992394215,-2.578770044907154e-18,6.838866943888836,-1.8646712857815824e-18,70.52320769947663,70.95276855415176
27.38000000000148,2412.8992995733215,238.34728538676973,-1.8781820021139115e-16,4.1865997540137916e-18,14.45629555163994,-2.55212972935414e-18,6.8842883518065845,-1.883267137886448e-18,70.4812073541225,70.95232072247197
27.390000000001482,2413.7306965122416,238.21598394616603,-1.8787851925660322e-16,4.198473112415086e-18,14.45012082954945,-2.5258465321482456e-18,6.929761020441142,-1.9014756404162407e-18,70.43937941872306,70.9518720045651
27.400000000001484,2414.5622454737345,238.08442455927482,-1.8793876698634203e-16,4.210090148055862e-18,14.443927893978115,-2.4999199407544217e-18,6.975284016920883,-1.919298270952903e-18,70.39772448366124,70.9514224040142
27.410000000001485,2415.3939467653254,237.9526082682833,-1.879989430018082e-16,4.221451552277808e-18,14.437716813515518,-2.474349404998115e-18,7.020856404345494,-1.9367365424015026e-18,70.3562431333701,70.9509719244074
27.420000000001487,2416.225800696259,237.8205361168776,-1.880590469123741e-16,4.232558039906634e-18,14.43148765748717,-2.4491343375946525e-18,7.066477241829049,-1.9537920023637196e-18,70.3149359463009,70.95052056933794
27.43000000000149,2417.057807577497,237.68820915023167,-1.8811907833554836e-16,4.2434103489020795e-18,14.425240495956112,-2.4242741146764258e-18,7.112145584543701,-1.9704662325141053e-18,70.27380349489174,70.95006834240411
27.44000000000149,2417.8899677217187,237.5556284149964,-1.8817903689693986e-16,4.254009240009528e-18,14.418975399724586,-2.399768076317842e-18,7.157860483764017,-1.9867608479792034e-18,70.23284634553637,70.9496152472092
27.45000000000149,2418.722281443317,237.4227949592885,-1.8823892223022143e-16,4.264355496413232e-18,14.412692440335576,-2.3756155270579776e-18,7.203620986911882,-2.0026774967195373e-18,70.19206505855387,70.94916128736145
27.460000000001493,2419.554749058399,237.2897098326797,-1.8829873397709321e-16,4.274449923391178e-18,14.406391690074335,-2.3518157364208955e-18,7.249426137602085,-2.0182178589145585e-18,70.15146018815825,70.94870646647409
27.470000000001495,2420.3873708847827,237.15637408618568,-1.8835847178724546e-16,4.284293347971651e-18,14.400073221969901,-2.328367939433589e-18,7.295274975688424,-2.0333836463505824e-18,70.11103228242904,70.94825078816518
27.480000000001496,2421.2201472419956,237.02278877225507,-1.884181353183212e-16,4.293886618591463e-18,14.393737109796524,-2.305271337141498e-18,7.34116653731048,-2.0481766018117666e-18,70.07078188328177,70.94779425605766
27.490000000001498,2422.0530784512725,236.8889549447586,-1.8847772423587834e-16,4.303230604755922e-18,14.387383428075067,-2.2825250971215503e-18,7.387099854940971,-2.0625984984741732e-18,70.03070952643941,70.94733687377929
27.5000000000015,2422.886164835554,236.75487365897817,-1.8853723821335157e-16,4.3123261967005456e-18,14.381012252074415,-2.2601283539927167e-18,7.433073957433646,-2.0766511393029843e-18,69.99081574140392,70.94687864496261
27.5100000000015,2423.719406719484,236.62054597159576,-1.8859667693201382e-16,4.3211743050545244e-18,14.374623657812746,-2.2380802099239945e-18,7.479087870071889,-2.0903363564528764e-18,69.95110105142835,70.94641957324488
27.520000000001502,2424.552804429407,236.4859729406827,-1.8865604008093744e-16,4.329775860506002e-18,14.368217722058873,-2.2163797351398268e-18,7.525140614617743,-2.1036560106716434e-18,69.91156597348952,70.94595966226804
27.530000000001504,2425.3863582933645,236.35115562568865,-1.8871532735695513e-16,4.338131813469122e-18,14.361794522333406,-2.195025968422881e-18,7.571231209361745,-2.1166119907070705e-18,69.87221101826098,70.94549891567878
27.540000000001505,2426.2200686410956,236.21609508743063,-1.8877453846462035e-16,4.34624313375295e-18,14.35535413691003,-2.17401791761418e-18,7.617358669173055,-2.1292062127171385e-18,69.83303669008662,70.94503733712833
27.550000000001507,2427.0539358040314,236.08079238808227,-1.8883367311616767e-16,4.354110810232202e-18,14.348896644816582,-2.153354560110532e-18,7.6635220055504165,-2.1414406196835656e-18,69.79404348695458,70.94457493027251
27.56000000000151,2427.887960115293,235.94524859116274,-1.8889273103147264e-16,4.361735850519869e-18,14.342422125836189,-2.1330348433592277e-18,7.709720226673569,-2.1533171808287535e-18,69.75523190047183,70.94411169877175
27.57000000000151,2428.722141909689,235.80946476152593,-1.8895171193801143e-16,4.369119280641707e-18,14.33593066050832,-2.113057685349986e-18,7.755952337455174,-2.164837891036161e-18,69.71660241583909,70.94364764629093
27.58000000000151,2429.556481523712,235.67344196534958,-1.8901061557082027e-16,4.376262144712646e-18,14.329422330129809,-2.093421975104096e-18,7.802217339593412,-2.176004770274159e-18,69.67815551182628,70.94318277649943
27.590000000001513,2430.390979295535,235.53718127012428,-1.8906944167245448e-16,4.3831655046150934e-18,14.322897216755788,-2.074126573160733e-18,7.848514231625096,-2.186819863023383e-18,69.63989166074842,70.94271709307102
27.600000000001515,2431.2256355650093,235.40068374464266,-1.8912818999294732e-16,4.389830439679199e-18,14.316355403200637,-2.0551703120604277e-18,7.894842008979284,-2.197285237707637e-18,69.60181132844218,70.94225059968396
27.610000000001516,2432.0604506736595,235.26395045898852,-1.8918686028976858e-16,4.396258046365048e-18,14.309796973038836,-2.0365519968256395e-18,7.94119966403148,-2.207402986128379e-18,69.5639149742427,70.94178330002077
27.620000000001518,2432.8954249646813,235.12698248452585,-1.8924545232778284e-16,4.402449437946829e-18,14.303222010605793,-2.0182704054384267e-18,7.987586186158415,-2.2171752229028203e-18,69.52620305096117,70.94131519776833
27.63000000000152,2433.7305587829374,234.98978089388805,-1.8930396587920766e-16,4.408405744198969e-18,14.296630600998599,-2.0003242893151718e-18,8.034000561793254,-2.2266040849056775e-18,69.48867600486255,70.94084629661779
27.64000000000152,2434.5658524749533,234.85234676096698,-1.8936240072357135e-16,4.414128111084281e-18,14.290022830076778,-1.982712373778348e-18,8.080441774481447,-2.2356917307146005e-18,69.45133427564424,70.94037660026456
27.650000000001523,2435.401306388914,234.71468116090205,-1.894207566476706e-16,4.419617700444092e-18,14.283398784462937,-1.965433358525289e-18,8.126908804936964,-2.2444403400593213e-18,69.41417829641492,70.93990611240822
27.660000000001524,2436.2369208746586,234.5767851700694,-1.894790334455279e-16,4.424875689690392e-18,14.276758551543386,-1.9484859180939465e-18,8.17340063109926,-2.2528521132745385e-18,69.37720849367409,70.93943483675258
27.670000000001526,2437.072696283679,234.43865986607102,-1.895372309183487e-16,4.429903271500039e-18,14.270102219468734,-1.931868702325618e-18,8.219916228190463,-2.260929270756589e-18,69.34042528729198,70.93896277700551
27.680000000001527,2437.9086329691127,234.3003063277238,-1.8959534887447842e-16,4.434701653510947e-18,14.26342987715438,-1.9155803368246047e-18,8.266454568773339,-2.268674052423907e-18,69.30382909049018,70.93848993687901
27.69000000000153,2438.7447312857394,234.16172563504867,-1.8965338712935922e-16,4.439272058020383e-18,14.256741614280982,-1.8996194234148007e-18,8.313014622809563,-2.276088717181331e-18,69.26742030982263,70.9380163200891
27.70000000000153,2439.5809915899777,234.02291886925977,-1.8971134550548655e-16,4.443615721685275e-18,14.250037521294885,-1.883984540593169e-18,8.359595357718598,-2.2831755423882578e-18,69.23119934515712,70.93754193035586
27.710000000001532,2440.4174142398783,233.88388711275346,-1.8976922383236558e-16,4.447733895224629e-18,14.243317689408489,-1.8686742439801156e-18,8.406195738436947,-2.2899368233306915e-18,69.19516658965749,70.93706677140331
27.720000000001534,2441.2539995951215,233.7446314490975,-1.8982702194646746e-16,4.4516278431239754e-18,14.236582210600503,-1.8536870667667043e-18,8.45281472747804,-2.2963748726971915e-18,69.15932242976622,70.93659084695942
27.730000000001535,2442.090748017011,233.60515296302017,-1.8988473969118529e-16,4.455298843341957e-18,14.22983117761627,-1.8390215201587394e-18,8.49945128499238,-2.3024920200587695e-18,69.12366724518766,70.93611416075603
27.740000000001537,2442.9276598684683,233.46545274039926,-1.8994237691679003e-16,4.45874818701896e-18,14.22306468396792,-1.8246760938176576e-18,8.546104368828356,-2.3082906113527487e-18,69.0882014088715,70.93563671652895
27.75000000000154,2443.76473551403,233.3255318682513,-1.8999993348038627e-16,4.4619771781878646e-18,14.216282823934508,-1.8106492562982416e-18,8.592772934593393,-2.3137730083705815e-18,69.05292528699738,70.93515851801764
27.76000000000154,2444.6019753198398,233.18539143472054,-1.9005740924586766e-16,4.4649871334869185e-18,14.209485692562131,-1.7969394554831285e-18,8.639455935715535,-2.318941588249707e-18,69.01783923895938,70.93467956896549
27.77000000000154,2445.4393796536456,233.04503252906818,-1.9011480408387248e-16,4.467779381874691e-18,14.202673385663935,-1.783545119014102e-18,8.686152323505594,-2.3237987429694137e-18,68.98294361735147,70.9341998731196
27.780000000001543,2446.276948884793,232.9044562416613,-1.9017211787173882e-16,4.4703552643471654e-18,14.195845999820087,-1.7704646547201532e-18,8.732861047219568,-2.328346878850751e-18,68.94823876795344,70.93371943423074
27.790000000001545,2447.114683384219,232.76366366396203,-1.902293504934597e-16,4.472716133656955e-18,14.189003632377691,-1.757696451042296e-18,8.779581054121635,-2.3325884160605236e-18,68.91372502971726,70.9332382560534
27.800000000001546,2447.952583524447,232.62265588851662,-1.902865018396381e-16,4.474863354034645e-18,14.182146381450679,-1.745238877455138e-18,8.826311289547412,-2.3365257881193586e-18,68.87940273475405,70.93275634234563
27.810000000001548,2448.790649679582,232.48143400894443,-1.9034357180744185e-16,4.476798300912254e-18,14.175274345919558,-1.7330902848851712e-18,8.873050696967798,-2.340161441413886e-18,68.84527220832173,70.93227369686922
27.82000000000155,2449.628882225304,232.3399991199271,-1.9040056030055834e-16,4.47852236064886e-18,14.1683876254312,-1.7212490061257983e-18,8.919798218053005,-2.3434978347130415e-18,68.81133376881301,70.93179032338932
27.83000000000155,2450.4672815388603,232.19835231719753,-1.9045746722914915e-16,4.480036930258332e-18,14.161486320398467,-1.709713356249065e-18,8.966552792737254,-2.3465374386885082e-18,68.7775877277441,70.93130622567477
27.840000000001552,2451.3058479990623,232.05649469752893,-1.9051429250980466e-16,4.481343417139235e-18,14.154570531999887,-1.6984816330141047e-18,9.013313359283556,-2.3492827354393204e-18,68.74403438974396,70.93082140749782
27.850000000001554,2452.144581986277,231.91442735872388,-1.9057103606549835e-16,4.482443238806862e-18,14.147640362179187,-1.6875521172722772e-18,9.060078854349095,-2.351736218020637e-18,68.71067405254395,70.93033587263412
27.860000000001556,2452.983483882422,231.77215139960336,-1.906276978255412e-16,4.483337822627417e-18,14.140695913644796,-1.6769230733689971e-18,9.106848213050883,-2.3539003899767e-18,68.67750700696837,70.92984962486283
27.870000000001557,2453.8225540709586,231.62966791999577,-1.9068427772553592e-16,4.484028605554354e-18,14.133737289869279,-1.6665927495422474e-18,9.15362036903176,-2.3557777648780055e-18,68.64453353692518,70.92936266796637
27.88000000000156,2454.6617929368845,231.48697802072587,-1.90740775707331e-16,4.484517033866853e-18,14.126764595088734,-1.6565593783177705e-18,9.200394254526813,-2.3573708658626727e-18,68.61175391939767,70.92887500573055
27.89000000000156,2455.5012008667286,231.3440828036039,-1.9079719171897485e-16,4.4848045629104634e-18,14.119777934302089,-1.6468211769009291e-18,9.247168800430055,-2.3586822251820594e-18,68.57916842443635,70.92838664194444
27.90000000000156,2456.340778248543,231.20098337141445,-1.908535257146697e-16,4.484892656839886e-18,14.112777413270338,-1.6373763475652337e-18,9.293942936361512,-2.3597143837506063e-18,68.54677731515164,70.92789758040038
27.910000000001563,2457.1805254718956,231.05768082790559,-1.909097776547256e-16,4.484782788363914e-18,14.105763138515776,-1.628223078037541e-18,9.340715590734547,-2.3604698906999372e-18,68.5145808477071,70.92740782489392
27.920000000001565,2458.0204429278656,230.91417627777767,-1.9096594750551408e-16,4.4844764384925316e-18,14.098735217321085,-1.6193595418799034e-18,9.387485690823583,-2.3609513029372243e-18,68.48257927131304,70.92691737922375
27.930000000001566,2458.860531009033,230.7704708266724,-1.9102203523942202e-16,4.483975096286141e-18,14.091693757728397,-1.610783898868077e-18,9.43425216283207,-2.361161184707814e-18,68.45077282822112,70.92642624719177
27.940000000001568,2459.700790109474,230.6265655811618,-1.910780408348053e-16,4.483280258606971e-18,14.084638868538313,-1.6024942953666908e-18,9.48101393196079,-2.3611021071621567e-18,68.41916175371898,70.92593443260289
27.95000000000157,2460.541220624752,230.482461648737,-1.9113396427594245e-16,4.48239342987261e-18,14.077570659308808,-1.5944888647010608e-18,9.527769922476402,-2.360776647927001e-18,68.38774627612594,70.92544193926513
27.96000000000157,2461.381822951911,230.33816013779733,-1.9118980555298826e-16,4.481316121811702e-18,14.070489240354112,-1.5867657275256616e-18,9.574519057780298,-2.3601873906809156e-18,68.35652661678894,70.92494877098953
27.970000000001573,2462.222597489468,230.19366215763915,-1.9124556466192719e-16,4.4800498532217816e-18,14.063394722743508,-1.5793229921892504e-18,9.621260260477683,-2.3593369247340895e-18,68.32550299007927,70.92445493159006
27.980000000001574,2463.063544637405,230.04896881844476,-1.9130124160452698e-16,4.478596149729254e-18,14.056287218300058,-1.57215875509664e-18,9.667992452446965,-2.3582278446124685e-18,68.29467560338976,70.92396042488373
27.990000000001576,2463.9046647971604,229.90408123127128,-1.9135683638829204e-16,4.476956543551514e-18,14.04916683959927,-1.5652711010671225e-18,9.714714554909385,-2.3568627496461965e-18,68.26404465713259,70.92346525469037
28.000000000001577,2464.745958371623,229.75900050803952,-1.9141234902641685e-16,4.475132573261214e-18,14.042033699967709,-1.5586581036895552e-18,9.76142548849881,-2.3552442435623954e-18,68.23361034473758,70.92296942483269
28.01000000000158,2465.5874257651226,229.61372776152288,-1.9146777953773933e-16,4.473125783552648e-18,14.034887913481509,-1.5523178256740956e-18,9.808124173331825,-2.3533749340822635e-18,68.20337285265133,70.92247293913623
28.02000000000158,2466.429067383421,229.46826410533612,-1.9152312794669422e-16,4.4709377250102866e-18,14.027729594964852,-1.5462483192005935e-18,9.854809529078029,-2.351257432522514e-18,68.1733323603366,70.92197580142935
28.030000000001582,2467.270883633707,229.32261065392427,-1.9157839428326637e-16,4.468569953879434e-18,14.020558859988348,-1.540447626263647e-18,9.901480475030512,-2.3488943534011553e-18,68.14348904027256,70.92147801554314
28.040000000001584,2468.1128749245836,229.17676852255136,-1.9163357858294395e-16,4.466024031839003e-18,14.013375824867385,-1.5349137790143234e-18,9.948135930176566,-2.3462883140476103e-18,68.11384305795536,70.92097958531137
28.050000000001585,2468.9550416660636,229.0307388272893,-1.916886808866719e-16,4.4633015257764176e-18,14.00618060666035,-1.5296448000985441e-18,9.99477481326851,-2.3434419342171823e-18,68.08439457189955,70.9204805145705
28.060000000001587,2469.7973842695587,228.8845226850066,-1.9174370124080502e-16,4.4604040075646354e-18,13.998973323166844,-1.5246387029921432e-18,10.041396042894775,-2.340357835709867e-18,68.05514373363977,70.91998080715963
28.07000000000159,2470.639903147871,228.7381212133572,-1.9179863969706134e-16,4.457333053841267e-18,13.991754092925794,-1.519893492332606e-18,10.087998537551076,-2.337038641993512e-18,68.02609068773344,70.91948046692048
28.08000000000159,2471.482598715185,228.59153553076914,-1.9185349631247523e-16,4.454090245789814e-18,13.984523035213478,-1.5154071642474814e-18,10.134581215711831,-2.33348697783133e-18,67.99723557176354,70.91897949769726
28.09000000000159,2472.3254713870583,228.44476675643338,-1.9190827114935075e-16,4.450677168923006e-18,13.977280270041534,-1.5111777066794923e-18,10.181142995901586,-2.329705468913762e-18,67.96857851634232,70.91847790333674
28.100000000001593,2473.1685215804127,228.29781601029245,-1.9196296427521487e-16,4.447095412868234e-18,13.97002591815484,-1.5072030997083305e-18,10.227682796766706,-2.325696741494682e-18,67.94011964511556,70.91797568768816
28.110000000001595,2474.011749713525,228.15068441302924,-1.9201757576277057e-16,4.4433465711550654e-18,13.962760101029343,-1.503481315869156e-18,10.274199537147126,-2.3214634220319668e-18,67.91185907476714,70.91747285460316
28.120000000001596,2474.855156206018,228.00337308605555,-1.9207210568985028e-16,4.439432241004858e-18,13.955482940869844,-1.500010320467804e-18,10.320692136148185,-2.317008136832398e-18,67.88379691502456,70.91696940793585
28.130000000001598,2475.69874147885,227.8558831515009,-1.9212655413936896e-16,4.43535402312244e-18,13.948194560607668,-1.496788071892704e-18,10.367159513212622,-2.312333511700923e-18,67.85593326866477,70.91646535154263
28.1400000000016,2476.542505954307,227.7082157322011,-1.9218092119927743e-16,4.431113521489866e-18,13.940895083898267,-1.493812521923519e-18,10.413600588192624,-2.3074421715942506e-18,67.82826823152067,70.91596068928224
28.1500000000016,2477.3864500559935,227.56037195168685,-1.9223520696251566e-16,4.426712343162245e-18,13.933584635118809,-1.4910816160365218e-18,10.46001428142194,-2.302336740278799e-18,67.80080189248815,70.91545542501571
28.160000000001602,2478.23057420882,227.41235293417247,-1.9228941152696595e-16,4.4221520980656185e-18,13.926263339365585,-1.4885932937067024e-18,10.506399513788093,-2.297019839992969e-18,67.77353433353383,70.91494956260631
28.170000000001604,2479.0748788389974,227.2641598045444,-1.9234353499540643e-16,4.417434398796893e-18,13.918931322451453,-1.4863454887066267e-18,10.552755206804646,-2.2914940911137596e-18,67.74646562970325,70.91444310591947
28.180000000001606,2479.919364374023,227.11579368834973,-1.9239757747546416e-16,4.41256086042583e-18,13.911588710903155,-1.484336129402052e-18,10.599080282683458,-2.2857621118277235e-18,67.71959584912949,70.91393605882286
28.190000000001607,2480.764031242674,226.96725571178493,-1.9245153907956863e-16,4.407533100299048e-18,13.904235631958533,-1.482563139044306e-18,10.645373664407039,-2.2798265178062224e-18,67.69292505304277,70.91342842518618
28.20000000000161,2481.6088798749943,226.8185470016842,-1.9250541992490513e-16,4.402352737846092e-18,13.896872213563737,-1.481024436059445e-18,10.69163427580093,-2.2736899218850217e-18,67.66645329578027,70.91292020888125
28.21000000000161,2482.4539107022883,226.66966868550816,-1.9255922013336816e-16,4.397021394387483e-18,13.889498584370308,-1.4797179343341934e-18,10.737861041606008,-2.2673549337482017e-18,67.64018062479659,70.91241141378195
28.220000000001612,2483.2991241571067,226.52062189133218,-1.9261293983151482e-16,4.391540692944831e-18,13.882114873732204,-1.478641543498691e-18,10.784052887550917,-2.260824159616361e-18,67.61410708067486,70.91190204376417
28.230000000001613,2484.1445206732387,226.37140774783498,-1.9266657915051832e-16,4.385912258052915e-18,13.87472121170275,-1.4777931692060334e-18,10.830208740424336,-2.2541002019391332e-18,67.58823269713841,70.91139210270568
28.240000000001615,2484.9901006857012,226.22202738428703,-1.9272013822612157e-16,4.380137715573788e-18,13.86731772903151,-1.4771707134086424e-18,10.876327528147401,-2.247185659091994e-18,67.56255750106288,70.91088159448626
28.250000000001616,2485.835864630727,226.07248193053903,-1.9277361719859063e-16,4.374218692512862e-18,13.859904557161085,-1.4767720746314639e-18,10.92240817984593,-2.240083125077352e-18,67.53708151248901,70.91037052298752
28.260000000001618,2486.6818129457556,225.92277251701026,-1.9282701621266843e-16,4.368156816836988e-18,13.852481828223828,-1.4765951482420064e-18,10.9684496259227,-2.2327951892299228e-18,67.51180474463598,70.90985889209296
28.27000000000162,2487.5279460694214,225.77290027467706,-1.9288033541752833e-16,4.361953717294504e-18,13.845049675038513,-1.4766378267172347e-18,11.01445079812965,-2.225324435926366e-18,67.48672720391522,70.90934670568782
28.28000000000162,2488.3742644415443,225.62286633506113,-1.9293357496672785e-16,4.355611023237245e-18,13.83760823110686,-1.4768979999073312e-18,11.060410629640014,-2.217673444299183e-18,67.46184888994493,70.90883396765913
28.290000000001623,2489.220768503117,225.472671830218,-1.929867350181625e-16,4.3491303644445225e-18,13.830157630610067,-1.4773735552963381e-18,11.106328055120331,-2.2098447879548712e-18,67.43716979556494,70.90832068189566
28.300000000001624,2490.067458696296,225.32231789272518,-1.930398157340194e-16,4.342513370949064e-18,13.822698008405219,-1.4780623782596868e-18,11.152202010802432,-2.2018410346963152e-18,67.41268990685231,70.90780685228785
28.310000000001626,2490.9143354643884,225.17180565567068,-1.9309281728073136e-16,4.335761672864855e-18,13.815229500021609,-1.4789623523186391e-18,11.198031434555304,-2.1936647462494013e-18,67.38840920313737,70.90729248272771
28.320000000001627,2491.7613992518422,225.02113625264116,-1.9314573982893065e-16,4.328876900216956e-18,13.807752241656996,-1.4800713593916392e-18,11.243815265956837,-2.1853184779938565e-18,67.3643276570205,70.90677757710895
28.33000000000163,2492.608650504235,224.87031081771022,-1.93198583553403e-16,4.321860682773224e-18,13.800266370173825,-1.481387280042612e-18,11.289552446365404,-2.176804778698304e-18,67.34044523438895,70.90626213932681
28.34000000000163,2493.456089668261,224.71933048542672,-1.9325134863304167e-16,4.314714649877945e-18,13.79277202309529,-1.4829079937261884e-18,11.33524191899139,-2.16812619025949e-18,67.31676189443498,70.90574617327803
28.350000000001632,2494.3037171917217,224.56819639080294,-1.9330403525080156e-16,4.307440430287378e-18,13.785269338601395,-1.4846313790299097e-18,11.380882628968548,-2.1592852474457223e-18,67.29327758967375,70.9052296828608
28.360000000001634,2495.151533523513,224.41690966930278,-1.933566435936533e-16,4.300039652007201e-18,13.777758455524886,-1.4865553139133945e-18,11.426473523425125,-2.1502844776444557e-18,67.26999226596229,70.90471267197479
28.370000000001635,2495.9995391136144,224.26547145683,-1.9340917385253762e-16,4.292513942131828e-18,13.770239513347125,-1.488677675944501e-18,11.472013551554918,-2.1411264006140557e-18,67.24690586251874,70.90419514452108
28.380000000001637,2496.847734413076,224.11388288971636,-1.9346162622231948e-16,4.284864926685616e-18,13.762712652193887,-1.49099634253249e-18,11.517501664688124,-2.131813528239683e-18,67.22401831194222,70.90367710440205
28.39000000000164,2497.6961198740078,223.96214510470972,-1.9351400090174264e-16,4.277094230465933e-18,13.755178012831088,-1.4935091911582092e-18,11.562936816361944,-2.1223483642933294e-18,67.20132954023317,70.90315855552143
28.40000000000164,2498.544695949567,223.8102592389622,-1.9356629809338397e-16,4.2692034768881e-18,13.747635736660417,-1.4962140996013124e-18,11.608317962391045,-2.1127334041979585e-18,67.17883946681432,70.90263950178421
28.41000000000164,2499.3934630939475,223.65822643001826,-1.93618518003608e-16,4.261194287832149e-18,13.74008596571487,-1.4991089461645227e-18,11.653644060937818,-2.1029711347957453e-18,67.15654800455198,70.90211994709661
28.420000000001643,2500.2424217623657,223.50604781580276,-1.9367066084252157e-16,4.253068283491454e-18,13.732528842654272,-1.5021916098949667e-18,11.698914072582358,-2.0930640341204115e-18,67.13445505977802,70.90159989536605
28.430000000001645,2501.09157241105,223.35372453460906,-1.937227268239285e-16,4.2448270822231746e-18,13.724964510760662,-1.5054599708025888e-18,11.744126960392254,-2.0830145711736207e-18,67.11256053231237,70.90107935050109
28.440000000001646,2501.9409154972277,223.20125772508698,-1.9377471616528433e-16,4.236472300400521e-18,13.717393113933607,-1.508911910075656e-18,11.789281689992107,-2.072825205705435e-18,67.09086431548583,70.90055831641142
28.450000000001648,2502.7904514791126,223.04864852623086,-1.9382662908765116e-16,4.228005552266834e-18,13.709814796685475,-1.5125453102933844e-18,11.834377229632805,-2.0624983879988032e-18,67.06936629616368,70.90003679700776
28.46000000000165,2503.6401808158926,222.89589807736752,-1.9387846581565263e-16,4.2194284497914524e-18,13.702229704136574,-1.5163580556356841e-18,11.87941255026056,-2.052036558658077e-18,67.04806635476952,70.89951479620186
28.47000000000165,2504.4901039677184,222.74300751814417,-1.9393022657742888e-16,4.210742602527388e-18,13.694637982010263,-1.520348032090057e-18,11.92438662558557,-2.0414421484015278e-18,67.02696436530974,70.89899231790649
28.480000000001652,2505.3402213956892,222.58997798851647,-1.9398191160459172e-16,4.20194961747076e-18,13.687039776627936,-1.524513127655649e-18,11.969298432150563,-2.0307175778578445e-18,67.00606019539856,70.89846936603529
28.490000000001654,2506.190533561841,222.4368106287363,-1.9403352113217975e-16,4.193051098922026e-18,13.67943523490399,-1.5288512325444916e-18,12.01414694939884,-2.0198652573666177e-18,66.9853537062833,70.89794594450291
28.500000000001656,2507.041040929134,222.28350657933984,-1.9408505539861373e-16,4.184048648348947e-18,13.671824504340655,-1.5333602393799223e-18,12.058931159742157,-2.0088875867827524e-18,66.96484475287053,70.89742205722476
28.510000000001657,2507.8917439614384,222.1300669811352,-1.9413651464565186e-16,4.174943864251314e-18,13.664207733022767,-1.538038043392227e-18,12.103650048628255,-1.9977869552848275e-18,66.9445331837522,70.8968977081171
28.52000000000166,2508.742643123523,221.97649297519047,-1.9418789911834538e-16,4.165738342027416e-18,13.65658506961248,-1.5428825426115093e-18,12.148302604608018,-1.9865657411873645e-18,66.9244188412328,70.89637290109692
28.53000000000166,2509.5937388810416,221.82278570282145,-1.9423920906499398e-16,4.156433673842234e-18,13.648956663343858,-1.5478916380578024e-18,12.19288781940231,-1.9752263117569867e-18,66.90450156135658,70.89584764008207
28.540000000001662,2510.4450317005203,221.6689463055795,-1.9429044473710162e-16,4.147031448497362e-18,13.64132266401746,-1.5530632339284471e-18,12.237404687968478,-1.9637710230324645e-18,66.8847811739353,70.89532192899095
28.550000000001663,2511.296522049344,221.51497592523927,-1.943416063893322e-16,4.137533251302618e-18,13.633683221994742,-1.5583952377827422e-18,12.28185220856651,-1.952202219648595e-18,66.86525750257672,70.89479577174268
28.560000000001665,2512.148210395742,221.36087570378646,-1.9439269427946547e-16,4.127940663949386e-18,13.626038488192501,-1.5638855607239059e-18,12.326229382824756,-1.9405222346639367e-18,66.84593036471324,70.89426917225695
28.570000000001667,2513.000097208778,221.20664678340563,-1.9444370866835298e-16,4.118255264385612e-18,13.618388614077132,-1.5695321175783343e-18,12.370535215805333,-1.9287333893923424e-18,66.8267995716311,70.89374213445406
28.580000000001668,2513.852182958333,221.05229030646782,-1.9449464981987415e-16,4.1084786266925095e-18,13.610733751658888,-1.5753328270722087e-18,12.414768716069098,-1.9168379932382946e-18,66.80786492850007,70.89321466225479
28.59000000000167,2514.704468115094,220.89780741551834,-1.9454551800089245e-16,4.098612320962912e-18,13.60307405348601,-1.5812856120054395e-18,12.458928895740268,-1.9048383435360047e-18,66.78912623440358,70.89268675958041
28.60000000000167,2515.5569531505407,220.74319925326435,-1.9459631348121171e-16,4.088657913181296e-18,13.595409672638803,-1.587388399422987e-18,12.503014770570571,-1.8927367253922665e-18,66.7705832823693,70.89215843035264
28.610000000001673,2516.4096385369303,220.58846696256253,-1.946470365335325e-16,4.078616965105452e-18,13.58774076272366,-1.5936391207835624e-18,12.547025360003019,-1.880535411533036e-18,66.75223585940003,70.89162967849356
28.620000000001674,2517.262524747285,220.43361168640675,-1.9469768743340854e-16,4.068491034149788e-18,13.580067477866926,-1.6000357121257337e-18,12.590959687235202,-1.8682366621537207e-18,66.7340837465052,70.89110050792564
28.630000000001676,2518.1156122553784,220.27863456791565,-1.9474826645920345e-16,4.058281673270261e-18,13.572389972708779,-1.6065761142314523e-18,12.63481677928226,-1.855842724773139e-18,66.71612671873275,70.89057092257165
28.640000000001677,2518.9689015357208,220.1235367503202,-1.9479877389204738e-16,4.047990430850934e-18,13.564708402396983,-1.6132582727870187e-18,12.67859566703924,-1.843355834091157e-18,66.69836454520131,70.89004092635459
28.65000000000168,2519.822393063546,219.96831937695129,-1.948492100157939e-16,4.037618850592143e-18,13.55702292258059,-1.6200801385415089e-18,12.7222953853431,-1.8307782118499557e-18,66.68079698913303,70.88951052319774
28.66000000000168,2520.6760873147973,219.81298359122724,-1.948995751169769e-16,4.027168471400238e-18,13.549333689403515,-1.6270396674626675e-18,12.765914973034276,-1.818112066698901e-18,66.66342380788653,70.88897971702451
28.670000000001682,2521.5299847661136,219.6575305366414,-1.949498694847677e-16,4.016640827278942e-18,13.541640859498107,-1.6341348208903025e-18,12.809453473017669,-1.80535959406302e-18,66.64624475299055,70.88844851175847
28.680000000001684,2522.3840858948147,219.50196135674952,-1.9500009341093212e-16,4.0060374472222775e-18,13.5339445899786,-1.6413635656871923e-18,12.85290993232321,-1.7925229760150407e-18,66.62925957017782,70.88791691132329
28.690000000001685,2523.238391178888,219.34627719515734,-1.95050247189788e-16,3.995359855109036e-18,13.52624503843447,-1.6487238743875112e-18,12.896283402165976,-1.7796043811509574e-18,66.61246799941935,70.88738491964267
28.700000000001687,2524.092901096974,219.190479195508,-1.951003311181624e-16,3.984609569598851e-18,13.518542362923789,-1.6562137253428184e-18,12.93957293800567,-1.7666059644691356e-18,66.59586977495916,70.88685254064035
28.71000000000169,2524.9476161283515,219.03456850146947,-1.9515034549534924e-16,3.973788104029773e-18,13.510836721966418,-1.6638311028656016e-18,12.98277759960574,-1.753529867252896e-18,66.5794646253494,70.88631977824
28.72000000000169,2525.8025367529244,218.87854625672196,-1.9520029062306694e-16,3.962896966317415e-18,13.50312827453721,-1.6715739973704146e-18,13.025896451091862,-1.7403782169565682e-18,66.56325227348579,70.88578663636522
28.73000000000169,2526.657663451206,218.72241360494536,-1.9525016680541624e-16,3.951937658855594e-18,13.495417180059036,-1.679440405512606e-18,13.068928561009987,-1.7271531270949863e-18,66.54723243664351,70.88525311893949
28.740000000001693,2527.5129967043063,218.5661716898066,-1.9529997434883806e-16,3.9409116784185246e-18,13.487703598395845,-1.6874283303246838e-18,13.111873002383785,-1.7138566971364046e-18,66.5314048265134,70.88471922988616
28.750000000001695,2528.3685369939153,218.40982165494697,-1.9534971356207158e-16,3.929820516064486e-18,13.479987689845581,-1.6955357813503088e-18,13.15472885277157,-1.7004910123988e-18,66.51576914923854,70.8841849731283
28.760000000001696,2529.22428480229,218.2533646439695,-1.9539938475611235e-16,3.918665657041015e-18,13.472269615133067,-1.703760774775955e-18,13.19749519432267,-1.6870581439495407e-18,66.50032510545125,70.88365035258879
28.770000000001698,2530.08024061224,218.09680180042622,-1.9544898824417061e-16,3.907448580691558e-18,13.464549535402753,-1.7121013335602361e-18,13.240171113833275,-1.6735601485083942e-18,66.48507239031032,70.88311537219016
28.7800000000017,2530.9364049071105,217.94013426780558,-1.9549852434162975e-16,3.896170760363628e-18,13.456827612211487,-1.7205554875609386e-18,13.282755702801634,-1.6599990683538467e-18,66.4700106935387,70.88258003585469
28.7900000000017,2531.7927781707713,217.78336318951955,-1.9554799336600476e-16,3.8848336633183995e-18,13.449104007521123,-1.729121273659763e-18,13.325248057482767,-1.6463769312327023e-18,66.45513969946153,70.88204434750415
28.800000000001702,2532.649360887599,217.62648970889106,-1.95597395636901e-16,3.873438750641792e-18,13.441378883691119,-1.7377967358847933e-18,13.367647278942535,-1.632695750272953e-18,66.44045908704439,70.88150831106
28.810000000001704,2533.5061535424634,217.46951496914113,-1.9564673147597296e-16,3.8619874771569785e-18,13.433652403471035,-1.746579925530728e-18,13.409952473111149,-1.6189575238998669e-18,66.42596852993206,70.88097193044315
28.820000000001706,2534.363156620712,217.3124401133761,-1.9569600120688324e-16,3.850481291338341e-18,13.425924729992971,-1.7554689012768705e-18,13.452162750836056,-1.6051642357552897e-18,66.41166769648736,70.88043520957405
28.830000000001707,2535.2203706081555,217.15526628457496,-1.957452051552616e-16,3.8389216352268445e-18,13.418196026763916,-1.764461729302907e-18,13.494277227934278,-1.5913178546201095e-18,66.39755624983066,70.87989815237253
28.84000000000171,2536.077795991054,216.99799462557635,-1.9579434364866421e-16,3.827309944346853e-18,13.410466457658075,-1.7735564834025006e-18,13.536295025244058,-1.577420334339889e-18,66.3836338478793,70.87936076275788
28.85000000000171,2536.935433256099,216.84062627906587,-1.9584341701653298e-16,3.8156476476243204e-18,13.402736186909044,-1.7827512450946947e-18,13.57821526867598,-1.5634736137536002e-18,66.36990014338761,70.87882304464873
28.860000000001712,2537.7932828904004,216.6831623875632,-1.9589242559015505e-16,3.803936167306413e-18,13.395005379102027,-1.7920441037331744e-18,13.62003708926336,-1.5494796166254621e-18,66.35635478398717,70.87828500196295
28.870000000001713,2538.6513453814723,216.52560409340916,-1.9594136970262242e-16,3.7921769188824995e-18,13.387274199165875,-1.8014331566133767e-18,13.66175962321213,-1.535440251579833e-18,66.34299741222732,70.87774663861777
28.880000000001715,2539.509621217215,216.36795253875303,-1.9599024968879177e-16,3.7803713110065305e-18,13.379542812365132,-1.8109165090774854e-18,13.703382011949985,-1.52135741203915e-18,66.32982766561588,70.87720795852958
28.890000000001717,2540.3681108859028,216.21020886553947,-1.960390658852443e-16,3.768520745420788e-18,13.371811384291991,-1.820492274617329e-18,13.744903402174927,-1.5072329761648692e-18,66.31684517666031,70.87666896561397
28.900000000001718,2541.2268148761655,216.0523742154957,-1.960878186302458e-16,3.756626616880993e-18,13.36408008085817,-1.8301585749751816e-18,13.786322945903171,-1.493068806801374e-18,66.30404957290914,70.87612966378569
28.91000000000172,2542.0857336769764,215.8944497301185,-1.961365082637069e-16,3.744690313082768e-18,13.356349068286743,-1.8399135402425096e-18,13.827639800516364,-1.4788667514228516e-18,66.29144047699351,70.87559005695852
28.92000000000172,2542.9448677776345,215.73643655066138,-1.9618513512714335e-16,3.732713214589442e-18,13.348618513103906,-1.8497553089566705e-18,13.868853128808187,-1.4646286420830698e-18,66.27901750666922,70.87505014904531
28.930000000001723,2543.8042176677504,215.57833581812153,-1.9623369956363657e-16,3.72069669476118e-18,13.340888582130647,-1.8596820281955752e-18,13.909962099030265,-1.4503562953680622e-18,66.26678027485866,70.87450994395789
28.940000000001724,2544.6637838372303,215.42014867322692,-1.9628220191779423e-16,3.7086421196854534e-18,13.333159442474397,-1.869691853670345e-18,13.950965884937387,-1.436051512351652e-18,66.25472838969357,70.87396944560709
28.950000000001726,2545.5235667762604,215.26187625642328,-1.9633064253571103e-16,3.696550848108806e-18,13.32543126152059,-1.879782949815974e-18,13.991863665832119,-1.4217160785538312e-18,66.24286145455734,70.87342865790261
28.960000000001727,2546.3835669752925,215.10351970786112,-1.9637902176492967e-16,3.684424231369937e-18,13.317704206924159,-1.889953489880022e-18,14.032654626608643,-1.407351763901924e-18,66.23117906812818,70.87288758475304
28.97000000000173,2547.243784925027,214.9450801673827,-1.9642733995440195e-16,3.672263613334079e-18,13.309978446601,-1.90020165600934e-18,14.073337957795994,-1.392960322694524e-18,66.21968082442221,70.87234623006577
28.98000000000173,2548.1042211163976,214.78655877450907,-1.9647559745444988e-16,3.66007033032866e-18,13.302254148719333,-1.9105256393348703e-18,14.113912855600548,-1.378543493568181e-18,66.20836631283674,70.87180459774699
28.990000000001732,2548.964876040557,214.62795666842695,-1.9652379461672721e-16,3.647845711080242e-18,13.294531481691013,-1.9209236400545103e-18,14.154378521947859,-1.3641029994667909e-18,66.19723511819393,70.87126269170157
29.000000000001734,2549.82575018886,214.4692749879757,-1.965719317941809e-16,3.635591076652735e-18,13.286810614162835,-1.931393867514094e-18,14.194734164523771,-1.349640547613668e-18,66.18628682078462,70.87072051583314
29.010000000001735,2550.686844052848,214.31051487163435,-1.966200093410128e-16,3.6233077403868704e-18,13.279091715007693,-1.941934540286471e-18,14.23497899681481,-1.3351578294862735e-18,66.17552099641227,70.87017807404393
29.020000000001737,2551.5481581242325,214.15167745750847,-1.9666802761264146e-16,3.610997007840912e-18,13.271374953315751,-1.9525438862487253e-18,14.27511223814792,-1.320656520793556e-18,66.16493721643728,70.86963537023477
29.03000000000174,2552.4096928948816,213.99276388331702,-1.9671598696566423e-16,3.598660176732625e-18,13.263660498385503,-1.9632201426575467e-18,14.315133113729448,-1.3061382814558886e-18,66.15453504782127,70.86909240830504
29.04000000000174,2553.271448856802,213.83377528637942,-1.9676388775781935e-16,3.586298536882483e-18,13.255948519714854,-1.9739615562227703e-18,14.355040854683402,-1.2916047555875616e-18,66.14431405317183,70.86854919215261
29.05000000000174,2554.133426502125,213.6747128036023,-1.9681173034794825e-16,3.5739133701580774e-18,13.248239186992036,-1.9847663831791e-18,14.39483469808907,-1.2770575714818042e-18,66.13427379078716,70.86800572567388
29.060000000001743,2554.9956263230883,213.51557757146645,-1.9685951509595805e-16,3.561505950419758e-18,13.240532670086562,-1.995632889356037e-18,14.434513887017774,-1.262498341598302e-18,66.12441381470123,70.86746201276361
29.070000000001745,2555.858048812023,213.35637072601375,-1.969072423627842e-16,3.5490775434674824e-18,13.232829139040085,-2.0065593502460284e-18,14.474077670569077,-1.2479286625531891e-18,66.1147336747287,70.86691805731493
29.080000000001746,2556.720694461335,213.19709340283393,-1.9695491251035326e-16,3.536629406988865e-18,13.225128764057231,-2.0175440510708646e-18,14.513525303906059,-1.233350115111465e-18,66.1052329165104,70.86637386321932
29.090000000001748,2557.583563763491,213.03774673705158,-1.9700252590154583e-16,3.524162790508402e-18,13.217431715496316,-2.0285852868463147e-18,14.552856048290089,-1.2187642641818245e-18,66.09591108155868,70.86582943436655
29.10000000000175,2558.4466572110023,212.87833186331284,-1.970500829001597e-16,3.511678935337894e-18,13.209738163860102,-2.039681362445054e-18,14.592069171114659,-1.2041726588138565e-18,66.08676770730305,70.8652847746446
29.11000000000175,2559.3099752964076,212.71884991577238,-1.9709758387087317e-16,3.4991790745280285e-18,13.202048279786418,-2.0508305926578694e-18,14.631163945938589,-1.1895768321975878e-18,66.07780232713604,70.86473988793966
29.120000000001752,2560.173518512259,212.55930202808022,-1.9714502917920834e-16,3.486664432821151e-18,13.194362234038799,-2.0620313022531846e-18,14.67013965251849,-1.1749783016653433e-18,66.0690144704589,70.86419477813608
29.130000000001754,2561.0372873511037,212.39968933336849,-1.9719241919149492e-16,3.474136226605157e-18,13.18668019749703,-2.0732818260348988e-18,14.708995576840431,-1.1603785686958755e-18,66.06040366272781,70.86364944911627
29.140000000001756,2561.90128230547,212.24001296423833,-1.972397542748339e-16,3.461595663868565e-18,13.179002341147665,-2.0845805088985798e-18,14.747731011150947,-1.1457791189207531e-18,66.05196942549995,70.86310390476075
29.150000000001757,2562.7655038678504,212.08027405274672,-1.9728703479706143e-16,3.4490439441567106e-18,13.171328836074494,-2.0959257058860087e-18,14.786345253987182,-1.1311814221329658e-18,66.04371127647984,70.86255814894801
29.16000000000176,2563.629952530685,211.92047373039324,-1.973342611267131e-16,3.4364822585290816e-18,13.163659853448962,-2.1073157822381063e-18,14.824837610206401,-1.1165869322977116e-18,66.03562872956566,70.86201218555455
29.17000000000176,2564.4946287863468,211.76061312810694,-1.9738143363298814e-16,3.423911789517766e-18,13.155995564520541,-2.1187491134462444e-18,14.863207391014718,-1.1019970875653426e-18,66.02772129489584,70.86146601845476
29.180000000001762,2565.359533127125,211.60069337623312,-1.9742855268571376e-16,3.4113337110870267e-18,13.148336140607057,-2.1302240853019817e-18,14.901453913995018,-1.087413310286438e-18,66.0199884788956,70.8609196515209
29.190000000001763,2566.224666045208,211.44071560452014,-1.9747561865530997e-16,3.3987491885939795e-18,13.140681753085003,-2.1417390939452173e-18,14.939576503134205,-1.0728370070289664e-18,66.01242978432366,70.8603730886231
29.200000000001765,2567.0900280326687,211.28068094210624,-1.9752263191275426e-16,3.386159378750375e-18,13.133032573379761,-2.1532925459107865e-18,14.977574488849642,-1.0582695685975113e-18,66.00504471031905,70.85982633362924
29.210000000001767,2567.9556196156805,211.12058925856405,-1.9756959290612872e-16,3.3735654295854488e-18,13.125388772955809,-2.16488285817352e-18,15.015447208014873,-1.043712370054524e-18,65.99783275244805,70.85927939040495
29.220000000001768,2568.821441367355,210.9604385955585,-1.976165021939212e-16,3.3609687478300073e-18,13.117751498633732,-2.176508399376593e-18,15.05330412283563,-1.0291668372463519e-18,65.9908010760951,70.85873225851104
29.23000000000177,2569.687493858237,210.8002269849111,-1.9766336033388267e-16,3.3483711009611655e-18,13.110123298188633,-2.1881674652579638e-18,15.091305408611719,-1.0146343589011304e-18,65.98396049109392,70.8581849312613
29.24000000000177,2570.5537776562487,210.63995244838367,-1.977101678829925e-16,3.3357742192209708e-18,13.102506688532074,-2.1998583657424244e-18,15.129453613381243,-1.0001161459097865e-18,65.9773110081309,70.85763740193624
29.250000000001773,2571.420293326636,210.47961299745924,-1.9775692539742427e-16,3.3231797961002255e-18,13.09490415656165,-2.2115794248820694e-18,15.16775127497012,-9.8561339986166e-19,65.97085263429987,70.85708966378225
29.260000000001774,2572.2870414319113,210.31920663312064,-1.9780363343251254e-16,3.3105894888157586e-18,13.087318160011563,-2.223328980796221e-18,15.20620092209183,-9.711273130342451e-19,65.96458537314653,70.85654171001093
29.270000000001776,2573.154022531797,210.1587313456264,-1.9785029254271992e-16,3.2980049187812385e-18,13.079751128304261,-2.235105385610832e-18,15.244805075453753,-9.566590683838386e-19,65.95850922471304,70.85599353379833
29.280000000001777,2574.0212371831685,209.99818511428393,-1.9789690328160515e-16,3.285427672071676e-18,13.072205463403574,-2.24690700539743e-18,15.283566248870184,-9.42209839537093e-19,65.95262418558255,70.85544512828409
29.29000000000178,2574.8886859399945,209.83756590722007,-1.9794346620179156e-16,3.2728592998816784e-18,13.064683540669227,-2.258732220111605e-18,15.322486950382633,-9.277807907834944e-19,65.94693024892396,70.85489648657085
29.30000000000178,2575.7563693532798,209.67687168114867,-1.979899818549363e-16,3.2603013189776013e-18,13.057187709713244,-2.2705794235310995e-18,15.361569683387637,-9.133730770687714e-19,65.94142740453665,70.85434760172328
29.310000000001782,2576.6242879710026,209.5161003811353,-1.9803645079170015e-16,3.2477552121436738e-18,13.049720295258266,-2.2824470231935164e-18,15.400816947772542,-8.989878439892358e-19,65.93611563889532,70.85379846676739
29.320000000001784,2577.4924423380553,209.355249940359,-1.98082873561718e-16,3.2352224286221933e-18,13.042283597998019,-2.294333440333675e-18,15.44023124105964,-8.846262277870609e-19,65.93099493519499,70.85324907468969
29.330000000001785,2578.360832996181,209.1943182798709,-1.981292507135698e-16,3.2227043845479096e-18,13.034879895460302,-2.3062371098206563e-18,15.479815059559051,-8.702893553465173e-19,65.92606527339588,70.85269941843646
29.340000000001787,2579.229460483913,209.03330330834982,-1.981755827947523e-16,3.2102024633766564e-18,13.027511442872559,-2.3181564800945316e-18,15.519570899530864,-8.559783441911513e-19,65.92132663026864,70.8521494909128
29.35000000000179,2580.0983253365075,208.87220292185427,-1.982218703516513e-16,3.1977180163083434e-18,13.020180474030393,-2.3300900131028293e-18,15.559501258356867,-8.416943024819213e-19,65.91677897943944,70.85159928498186
29.36000000000179,2580.9674280858803,208.71101500357162,-1.9826811392951433e-16,3.1852523627043843e-18,13.01288920216928,-2.3420361842367446e-18,15.599608635722449,-8.274383290162958e-19,65.91242229143532,70.85104879346403
29.37000000000179,2581.8367692605416,208.54973742356339,-1.9831431407242421e-16,3.1728067904996593e-18,13.005639820839681,-2.3539934822671153e-18,15.639895534808987,-8.132115132283166e-19,65.90825653372936,70.85049800913605
29.380000000001793,2582.706349385526,208.38836803850725,-1.9836047132327295e-16,3.16038255660906e-18,12.998434504785934,-2.3659604092801774e-18,15.68036446349746,-7.990149351896193e-19,65.90428167078636,70.84994692473012
29.390000000001795,2583.5761689823275,208.22690469143535,-1.9840658622373623e-16,3.1479808873287373e-18,12.991275410829132,-2.377935480613126e-18,15.72101793558352,-7.8484966561143685e-19,65.90049766410812,70.84939553293309
29.400000000001796,2584.4462285688273,208.06534521146887,-1.984526593142485e-16,3.1356029787320983e-18,12.984164678754334,-2.3899172247894915e-18,15.76185847200474,-7.707167658475596e-19,65.89690447227918,70.84884382638545
29.410000000001798,2585.316528659225,207.90368741354882,-1.9849869113397866e-16,3.1232499970606252e-18,12.977104432202381,-2.4019041834543354e-18,15.802888602080532,-7.566172878982702e-19,65.89350205101253,70.84829179768059
29.4200000000018,2586.187069763965,207.74192909816284,-1.985446822208061e-16,3.110923079109622e-18,12.970096779566735,-2.4138949113092964e-18,15.844110864765254,-7.425522744152666e-19,65.89029035319525,70.84773943936372
29.4300000000018,2587.057852389665,207.58006805106805,-1.985906331112974e-16,3.0986233326089135e-18,12.963143814895583,-2.4258879760474835e-18,15.88552780991517,-7.285227587075416e-19,65.8872693289345,70.84718674393109
29.440000000001803,2587.9288770390403,207.41810204300958,-1.986365443406837e-16,3.086351836598578e-18,12.95624761879956,-2.437881958288222e-18,15.927141999569809,-7.14529764748249e-19,65.8844389256033,70.84663370382889
29.450000000001804,2588.8001442108284,207.256028829435,-1.9868241644283812e-16,3.0741096417997993e-18,12.949410259365562,-2.4498754515116695e-18,15.968956009248343,-7.005743071825441e-19,65.88179908788685,70.84608031145243
29.460000000001806,2589.6716543997118,207.09384615020426,-1.9872824995025426e-16,3.061897770980876e-18,12.942633793076883,-2.4618670619933086e-18,16.010972429261734,-6.866573913364049e-19,65.87934975782832,70.84552655914509
29.470000000001807,2590.5434080962386,206.93155172929517,-1.9877404539402472e-16,3.0497172193184504e-18,12.935920265740203,-2.4738554087383083e-18,16.053193866041138,-6.727800132264324e-19,65.87709087487524,70.84497243919735
29.48000000000181,2591.415405786744,206.76914327450424,-1.9881980330382042e-16,3.0375689547540277e-18,12.929271713419723,-2.485839123415769e-18,16.09562294348347,-6.589431595706247e-19,65.87502237592574,70.84441794384583
29.49000000000181,2592.2876479532674,206.60661847714272,-1.988655242078703e-16,3.0254539183458327e-18,12.92269016337896,-2.4978168502928506e-18,16.13826230431469,-6.451478078001404e-19,65.87314419537486,70.84386306527216
29.500000000001812,2593.160135073469,206.44397501172773,-1.9891120863294146e-16,3.013373024616044e-18,12.916177635030554,-2.5097872461687687e-18,16.18111461147165,-6.313949260720304e-19,65.87145626516116,70.84330779560209
29.510000000001813,2594.0328676205463,206.2812105356684,-1.989568571043198e-16,3.0013271618935073e-18,12.909736140894665,-2.5217489803086977e-18,16.224182549503208,-6.176854732829695e-19,65.86995851481306,70.84275212690429
29.520000000001815,2594.9058460631454,206.1183226889469,-1.990024701457912e-16,2.989317192651902e-18,12.903367687566295,-2.5337007343775275e-18,16.267468825991504,-6.040203990839532e-19,65.86865087149556,70.84219605118943
29.530000000001817,2595.7790708652756,205.95530909379397,-1.9904804827962308e-16,2.9773439538434804e-18,12.897074276692127,-2.545641202373505e-18,16.31097617299411,-5.90400643895983e-19,65.86753326005694,70.84163956040899
29.540000000001818,2596.652542486217,205.7921673543591,-1.9909359202654636e-16,2.9654082572283913e-18,12.890857905957377,-2.5575690905617537e-18,16.35470734850804,-5.768271389267492e-19,65.8666056030754,70.84108264645421
29.55000000000182,2597.5262613804307,205.62889505637514,-1.9913910190573802e-16,2.9535108896996214e-18,12.884720570083116,-2.569483117407638e-18,16.39866513795636,-5.633008061882736e-19,65.86586782090616,70.8405253011549
29.56000000000182,2598.400227997463,205.46548976681706,-1.9918457843480402e-16,2.941652613603635e-18,12.878664261834754,-2.581382013510006e-18,16.44285235569856,-5.498225585155666e-19,65.86531983172812,70.83996751627838
29.570000000001823,2599.274442781852,205.30194903355468,-1.9923002212976259e-16,2.9298341670567207e-18,12.872690973042104,-2.5932645215342694e-18,16.487271846565342,-5.363932995862559e-19,65.864961551591,70.83940928352828
29.580000000001824,2600.148906173029,205.1382703849995,-1.9927543350502806e-16,2.9180562642570955e-18,12.866802695631742,-2.605129396145321e-18,16.531926487419128,-5.23013923941212e-19,65.86479289446238,70.83885059454333
29.590000000001826,2601.023618605219,204.97445132974505,-1.9932081307339504e-16,2.906319595792808e-18,12.861001422672203,-2.6169754039402813e-18,16.576819188741084,-5.096853170061667e-19,65.86481377227484,70.83829144089627
29.600000000001828,2601.8985805073385,204.810489356201,-1.9936616134602308e-16,2.894624828945473e-18,12.855289149432723,-2.628801323381069e-18,16.621952896245865,-4.964083551143297e-19,65.86502409497317,70.83773181409241
29.61000000000183,2602.7737923028926,204.64638193222035,-1.9941147883242167e-16,2.8829726079898656e-18,12.849667874456117,-2.6406059447267553e-18,16.667330592525143,-4.831839055300013e-19,65.86542377056159,70.83717170556866
29.62000000000183,2603.6492544098687,204.4821265047201,-1.9945676604043566e-16,2.871363554489429e-18,12.844139600646587,-2.6523880699657276e-18,16.712955298721106,-4.700128264731913e-19,65.86601270515115,70.83661110669202
29.630000000001832,2604.5249672406276,204.3177204992946,-1.995020234762311e-16,2.859798267587685e-18,12.838706336373042,-2.6641465127475978e-18,16.758830076231103,-4.568959671452371e-19,65.86679080300709,70.83605000875845
29.640000000001834,2605.4009312017924,204.15316131982198,-1.9954725164428152e-16,2.848277324295643e-18,12.833370096588869,-2.675880098314892e-18,16.804958028444684,-4.438341677554476e-19,65.86775796659627,70.83548840299144
29.650000000001835,2606.2771466941363,203.98844634806284,-1.9959245104735448e-16,2.836801279775156e-18,12.828132903968728,-2.6875876634344503e-18,16.851342302514293,-4.308282595487444e-19,65.86891409663473,70.83492628054078
29.660000000001837,2607.1536141124657,203.82357294325163,-1.9963762218649858e-16,2.82537066761832e-18,12.822996790063351,-2.6992680563285607e-18,16.89798609116109,-4.1787906483434147e-19,65.87025909213511,70.83436363248114
29.67000000000184,2608.0303338455024,203.65853844167992,-1.9968276556103082e-16,2.813986000122899e-18,12.817963796473085,-2.7109201366057713e-18,16.9448926345171,-4.049873970154426e-19,65.87179285045441,70.83380044981062
29.68000000000184,2608.9073062757625,203.49334015627164,-1.9972788166852437e-16,2.8026477685638194e-18,12.813035976041128,-2.7225427751913862e-18,16.992065222005305,-3.921540606199758e-19,65.8735152673415,70.83323672344943
29.69000000000184,2609.784531779432,203.32797537615016,-1.9977297100479664e-16,2.791356443460742e-18,12.808215394067297,-2.734134854257602e-18,17.039507194259098,-3.7937985133237304e-19,65.87542623698478,70.8326724442384
29.700000000001843,2610.662010726241,203.16244136619656,-1.9981803406389773e-16,2.780112474841743e-18,12.803504129543317,-2.745695267153263e-18,17.087221945082707,-3.666655560263912e-19,65.87752565205999,70.83210760293755
29.710000000001845,2611.5397434793326,202.99673536659935,-1.998630713380993e-16,2.7689162925031243e-18,12.798904276410688,-2.7572229183332243e-18,17.13521292345415,-3.540119527990046e-19,65.87981340377779,70.83154219022447
29.720000000001846,2612.417730395131,202.8308545923949,-1.9990808331788362e-16,2.7577683062653532e-18,12.794417944841978,-2.7687167232872678e-18,17.183483635572557,-3.4141981100535176e-19,65.88228938193161,70.83097619669293
29.730000000001848,2613.2959718232046,202.66479623299878,-1.999530704919332e-16,2.7466689062251698e-18,12.790047262546825,-2.780175608468565e-18,17.232037646951383,-3.2888989129477434e-19,65.88495347494539,70.83040961285126
29.74000000000185,2614.1744681061286,202.4985574517273,-1.9999803334712048e-16,2.735618463003862e-18,12.7857943761036,-2.791598511221647e-18,17.280878584559638,-3.16422945647934e-19,65.8878055699213,70.82984242912069
29.75000000000185,2615.0532195793403,202.3321353853093,-2.000429723684981e-16,2.7246173279917274e-18,12.781661452318,-2.802984379709844e-18,17.33001013901276,-3.0401971741504217e-19,65.89084555268754,70.82927463583383
29.760000000001853,2615.9322265709943,202.16552714338772,-2.0008788803928932e-16,2.7136658335887317e-18,12.777650679609703,-2.814332172842171e-18,17.379436066815305,-2.916809413551985e-19,65.89407330784604,70.82870622323297
29.770000000001854,2616.811489401813,201.9987298080107,-2.0013278084087886e-16,2.7027642934413657e-18,12.773764269428389,-2.8256408601996117e-18,17.429160192657406,-2.794073436768599e-19,65.89748871882037,70.82813718146834
29.780000000001856,2617.691008384932,201.83174043311195,-2.00177651252804e-16,2.6919130026757304e-18,12.770004457700454,-2.8369094219607777e-18,17.479186411767213,-2.671996420794564e-19,65.9010916679032,70.82756750059642
29.790000000001857,2618.5707838257435,201.66455604398,-2.0022249975274592e-16,2.6811122381268346e-18,12.766373506307714,-2.8481368488268934e-18,17.529518692321528,-2.5505854579616563e-19,65.9048820363043,70.82699717057817
29.80000000000186,2619.450816021736,201.497173636716,-2.0026732681652153e-16,2.6703622585641193e-18,12.762873704599636,-2.859322141946069e-18,17.580161077916916,-2.4298475563786713e-19,65.90885970419792,70.82642618127724
29.81000000000186,2620.331105262328,201.32959017767973,-2.0031213291807545e-16,2.6596633049132197e-18,12.759507370940451,-2.8704643128368163e-18,17.63111769010379,-2.30978964038294e-19,65.91302455077059,70.82585452245807
29.820000000001862,2621.211651828699,201.16180260292353,-2.0035691852947224e-16,2.649015600473951e-18,12.756276854292848,-2.881562383310774e-18,17.68239273098595,-2.190418551003973e-19,65.91737645426852,70.8252821837841
29.830000000001863,2622.092455993615,200.99380781761374,-2.00401684120889e-16,2.638419351134539e-18,12.75318453583973,-2.8926153853945836e-18,17.733990485888253,-2.071741046439551e-19,65.92191529204523,70.82470915481568
29.840000000001865,2622.9735180212515,200.82560269543933,-2.004464301606083e-16,2.6278747455820747e-18,12.750232830645805,-2.90362236125087e-18,17.785915326095058,-1.9537638025443372e-19,65.92664094060882,70.82413542500832
29.850000000001867,2623.854838167009,200.65718407800702,-2.0049115711501117e-16,2.617381955509198e-18,12.747424189360748,-2.914582363098286e-18,17.838171711662405,-1.8364934133313919e-19,65.93155327566932,70.82356098371052
29.860000000001868,2624.736416677326,200.4885487742231,-2.005358654485706e-16,2.606941135817024e-18,12.744761099965785,-2.925494453130557e-18,17.890764194306893,-1.7199363914867833e-19,65.9366521721859,70.82298582016173
29.87000000000187,2625.6182537894865,200.31969355966083,-2.0058055562384505e-16,2.5965524248142697e-18,12.74224608956559,-2.9363577034344743e-18,17.94369742037426,-1.6040991688975058e-19,65.94193750441393,70.82240992349033
29.88000000000187,2626.500349731421,200.15061517591357,-2.0062522810147248e-16,2.5862159444126047e-18,12.73988172622752,-2.9471711959067895e-18,17.99697613389114,-1.4889880971931084e-19,65.9474091459519,70.82183328271134
29.890000000001873,2627.382704721504,199.98131032993274,-2.0066988334016434e-16,2.5759318003182045e-18,12.737670620870297,-2.9579340221699287e-18,18.05060517970307,-1.374609448301236e-19,65.9530669697883,70.82125588672439
29.900000000001874,2628.2653189683456,199.81177569335054,-2.007145217967e-16,2.5657000822194983e-18,12.735615429204305,-2.9686452834865006e-18,18.104589506702574,-1.2609694150174868e-19,65.9589108483481,70.82067772431134
29.910000000001876,2629.1481926705746,199.64200790178654,-2.0075914392592132e-16,2.5555208639710886e-18,12.733718853725746,-2.9793040906724836e-18,18.15893417115077,-1.1480741115898238e-19,65.9649406535394,70.82009878413399
29.920000000001878,2630.0313260166217,199.47200355413807,-2.0080375018072749e-16,2.5453942037738507e-18,12.731983645767158,-2.9899095640090796e-18,18.21364434009653,-1.0359295743180036e-19,65.97115625679956,70.81951905473183
29.93000000000188,2630.9147191844895,199.30175921185352,-2.0084834101206996e-16,2.535320144351174e-18,12.730412607606699,-3.0004608331531295e-18,18.268725294897155,-9.245417621683737e-20,65.97755752914117,70.81893852451942
29.94000000000188,2631.798372341522,199.13127139818823,-2.008929168689478e-16,2.525298713121327e-18,12.729008594638783,-3.0109570370460122e-18,18.324182434844673,-8.139165574043259e-20,65.98414434119802,70.81835718178417
29.950000000001882,2632.6822856441636,198.96053659744237,-2.0093747819840302e-16,2.515329922365947e-18,12.727774517608914,-3.021397323820983e-18,18.380021280902287,-7.040597662329981e-20,65.99091656327047,70.81777501468358
29.960000000001884,2633.5664592377143,198.7895512541801,-2.009820254455162e-16,2.505413769394609e-18,12.726713344915495,-3.031780850708847e-18,18.43624747955549,-5.949771194685995e-20,65.99787406537084,70.8171920112428
29.970000000001885,2634.4508932560743,198.61831177242976,-2.0102655905340233e-16,2.4955502367054682e-18,12.72582810498161,-3.042106783941892e-18,18.492866806782615,-4.866742732127759e-20,66.00501671726828,70.8166081593519
29.980000000001887,2635.335587821486,198.44681451486395,-2.0107107946320676e-16,2.4857392921419213e-18,12.725121888699913,-3.05237429865598e-18,18.54988517214994,-3.7915680955256237e-20,66.01234438853346,70.81602344676317
29.99000000000189,2636.220543044264,198.2750558019594,-2.0111558711410128e-16,2.4759808890453037e-18,12.724597851953943,-3.0625825787907484e-18,18.607308623036452,-2.7243023727649316e-20,66.01985694858278,70.81543786108837
30.00000000000189,2637.10575902252,198.10303191113556,-2.0116008244328052e-16,2.4662749664035384e-18,12.724259218219233,-3.072730816987768e-18,18.6651433489939,-1.664999926093043e-20,66.0275542667223,70.81485138979576
30.01000000000189,2637.991235841878,197.93073907587132,-2.0120456588595826e-16,2.4566214489957567e-18,12.724109281247877,-3.082818214486612e-18,18.723395686247716,-6.137143996587937e-21,66.03543621219121,70.81426402020732
30.020000000001893,2638.8769735751825,197.75817348479936,-2.0124903787536407e-16,2.447020247532801e-18,12.724151407840253,-3.092843981018695e-18,18.78207212234505,4.2950127274920134e-21,66.04350265420487,70.81367573949561
30.030000000001895,2639.7629722821976,197.58533128077707,-2.0129349884274004e-16,2.4374712587936202e-18,12.724389040707916,-3.102807334698799e-18,18.8411793009559,1.4645948597598713e-20,66.05175346199748,70.81308653468078
30.040000000001896,2640.649232009296,197.41220855993342,-2.013379492173375e-16,2.427974365757493e-18,12.724825701431795,-3.112707501914166e-18,18.900724026834276,2.4915148242648643e-20,66.06018850486396,70.81249639262737
30.050000000001898,2641.5357527891397,197.23880137069088,-2.0138238942641403e-16,2.4185294377320257e-18,12.72546499351998,-3.1225437172110276e-18,18.960713270946012,3.510210315045648e-20,66.06880765220164,70.81190530004106
30.0600000000019,2642.4225346403505,197.06510571276178,-2.0142681989523045e-16,2.409136330476916e-18,12.726310605569742,-3.132315223178472e-18,19.02115417577068,4.520631158173597e-20,66.07761077355116,70.8113132434654
30.0700000000019,2643.309577567171,196.89111753611795,-2.0147124104704788e-16,2.399794886323387e-18,12.72736631453849,-3.142021270329502e-18,19.08205406078503,5.522727848176509e-20,66.08659773863677,70.81072020927832
30.080000000001903,2644.1968815591135,196.7168327399329,-2.0151565330312495e-16,2.390504934289283e-18,12.72863598912877,-3.1516611169791545e-18,19.143420428136025,6.516451538962116e-20,66.09576841740605,70.81012618368864
30.090000000001904,2645.0844465906016,196.5422471714955,-2.0156005708271502e-16,2.3812662901897423e-18,12.730123593292467,-3.1612340291195355e-18,19.20526096851181,7.501754034491117e-20,66.10512268006889,70.80953115273255
30.100000000001906,2645.9722726205955,196.36735662509432,-2.0160445280306345e-16,2.3720787567434082e-18,12.731833189859888,-3.170739280291642e-18,19.26758356721927,8.478587779188878e-20,66.11466039713568,70.8089351022698
30.110000000001907,2646.8603595922095,196.1921568408715,-2.0164884087940492e-16,2.362942123674106e-18,12.733768944299378,-3.1801761514537865e-18,19.33039631047754,9.446905848087966e-20,66.12438143945475,70.80833801798
30.12000000000191,2647.7487074323158,196.01664350364496,-2.0169322172496077e-16,2.353856167807923e-18,12.735935128613717,-3.1895439308464855e-18,19.393707491936937,1.0406661936689937e-19,66.13428567824903,70.80773988535867
30.13000000000191,2648.6373160511353,195.84081224169825,-2.0173759575093628e-16,2.344820653165648e-18,12.738336125379691,-3.1988419138536406e-18,19.457525619433564,1.1357810350535707e-19,66.1443729851516,70.80714068971324
30.140000000001912,2649.526185341816,195.6646586255364,-2.0178196336651801e-16,2.335835331050449e-18,12.74097643193751,-3.2080694028598054e-18,19.521859421990182,1.230030599447468e-19,66.15464323224059,70.80654041615897
30.150000000001913,2650.4153151799983,195.48817816660684,-2.0182632497887114e-16,2.3268999401307728e-18,12.743860664737314,-3.217225707103403e-18,19.58671785707459,1.3234104361618674e-19,66.16509629207272,70.80593904961462
30.160000000001915,2651.3047054233634,195.31136631598426,-2.0187068099313662e-16,2.3180142065183435e-18,12.746993563850136,-3.226310142525644e-18,19.652110118127126,1.4159161521969766e-19,66.1757320377161,70.8053365747982
30.170000000001917,2652.1943559111705,195.13421846301762,-2.0191503181242846e-16,2.3091778438412005e-18,12.750379997651226,-3.2353220316149713e-18,19.718045642369923,1.5075434110708362e-19,66.18655034278164,70.80473297622255
30.180000000001918,2653.0842664637757,194.95672993393856,-2.0195937783783076e-16,2.3003905533116892e-18,12.754024967684101,-3.2442607032468146e-18,19.784534118910518,1.5982879316126625e-19,66.19755108145337,70.8041282381905
30.19000000000192,2653.9744368821366,194.77889599042928,-2.0200371946839475e-16,2.291652023789299e-18,12.757933613713885,-3.2531254925184057e-18,19.85158549715396,1.6881454867195195e-19,66.20873412851739,70.8035223447904
30.20000000000192,2654.8648669472987,194.6007118281488,-2.0204805710113564e-16,2.2829619318382683e-18,12.76211121897928,-3.2619157405784358e-18,19.9192099955374,1.777111902074477e-19,66.22009935938969,70.80291527989107
30.210000000001923,2655.7555564198665,194.42217257521568,-2.020923911310294e-16,2.2743199417798513e-18,12.766563215652823,-3.270630794451296e-18,19.98741811060262,1.865183054824849e-19,66.23164665014211,70.8023070271369
30.220000000001924,2656.646505039455,194.243273290646,-2.0213672195100935e-16,2.2657257057391496e-18,12.77129519051962,-3.2792700068556434e-18,20.05622062642223,1.9523548722187097e-19,66.24337587752719,70.80169756994263
30.230000000001926,2657.537712524122,194.06400896274442,-2.0218104995196248e-16,2.2571788636863714e-18,12.776312890885285,-3.2878327360169922e-18,20.12562862439659,2.0386233301979925e-19,66.2552869190013,70.80108689148803
30.240000000001928,2658.429178569783,193.88437450744723,-2.0222537552272572e-16,2.248679043472457e-18,12.781622230724649,-3.2963183454740765e-18,20.195653493438957,2.1239844519460504e-19,66.26737965274582,70.80047497471246
30.25000000000193,2659.320902849602,193.70436476661465,-2.0226969905008176e-16,2.240225860858883e-18,12.787229297082957,-3.304726203878623e-18,20.266306940567688,2.2084343063880114e-19,66.27965395768693,70.7998618023092
30.26000000000193,2660.2128850133663,193.52397450627146,-2.0231402091875486e-16,2.231818919541587e-18,12.793140356742462,-3.313055684788263e-18,20.337601001925197,2.291969006641516e-19,66.29210971351318,70.79924735671972
30.270000000001932,2661.1051246868333,193.3431984147931,-2.0235834151140612e-16,2.2234578111688277e-18,12.799361863167654,-3.321306166452205e-18,20.40954805424436,2.374584708415773e-19,66.30474680069118,70.79863162012758
30.280000000001934,2661.9976214710578,193.16203110103578,-2.0240266120862864e-16,2.2151421153528766e-18,12.805900463743313,-3.329477031589318e-18,20.4821608267844,2.45627760835654e-19,66.31756510047913,70.79801457445231
30.290000000001935,2662.890374941695,192.98046709240774,-2.024469803889421e-16,2.206871399675379e-18,12.812763007320289,-3.3375676671582368e-18,20.555452413759475,2.537043942334669e-19,66.33056449493822,70.79739620134309
30.300000000001937,2663.7833846482763,192.7985008328802,-2.024912994287871e-16,2.19864521968625e-18,12.81995655208485,-3.345577464119106e-18,20.629436287284246,2.6168799836753465e-19,66.34374486694159,70.79677648217215
30.31000000000194,2664.6766501134603,192.61612668093474,-2.025356187025191e-16,2.1904631188959385e-18,12.827488373768295,-3.3535058171865227e-18,20.7041263108625,2.6957820413255436e-19,66.3571061001807,70.79615539802799
30.32000000000194,2665.5701708322563,192.43333890744523,-2.0257993858240178e-16,2.182324628760881e-18,12.835365974214376,-3.3613521245732133e-18,20.77953675344608,2.773746457956665e-19,66.37064807916937,70.79553292970843
30.33000000000194,2666.4639462712184,192.25013169349123,-2.026242594385999e-16,2.1742292686620177e-18,12.843597090323494,-3.369115787724014e-18,20.855682304092895,2.8507696079991917e-19,66.38437068924478,70.79490905771337
30.340000000001943,2667.3579758676105,192.06649912810042,-2.0266858163917167e-16,2.1661765458761405e-18,12.852189703393217,-3.3767962110396123e-18,20.932578087254825,2.926847895606316e-19,66.39827381656568,70.79428376223741
30.350000000001945,2668.252259028539,191.88243520591695,-2.0271290555006062e-16,2.1581659555399248e-18,12.86115204887628,-3.384392801589537e-18,21.010239678727665,3.0019777525429165e-19,66.4123573481076,70.79365702316215
30.360000000001946,2669.1467951300533,191.69793382479273,-2.0275723153508656e-16,2.150196980606424e-18,12.870492626578189,-3.3919049688138354e-18,21.088683122297507,3.0761556359963596e-19,66.42662117165477,70.79302882004815
30.370000000001948,2670.041583516213,191.51298878329845,-2.0280155995593608e-16,2.1422690917938397e-18,12.880220211318106,-3.3993321242128374e-18,21.167924947119673,3.1493780263051984e-19,66.44106517578868,70.79239913212692
30.38000000000195,2670.9366234981167,191.3275937781511,-2.0284589117215223e-16,2.134381747526356e-18,12.890343864077952,-3.4066736810243966e-18,21.247982185868814,3.2216414246017585e-19,66.45568924987305,70.79176793829232
30.39000000000195,2671.8319143528956,191.14174240155427,-2.0289022554112337e-16,2.126534393866799e-18,12.900872943666267,-3.4139290538879117e-18,21.328872393700824,3.292942350364321e-19,66.47049328403519,70.79113521709189
30.400000000001953,2672.727455322668,190.9554281384476,-2.029345634180712e-16,2.118726464440904e-18,12.911817118924995,-3.4210976584944313e-18,21.41061366806975,3.363277338874306e-19,66.48547716914332,70.79050094671771
30.410000000001954,2673.6232456134508,190.76864436366168,-2.029789051560379e-16,2.110957380352954e-18,12.923186381509145,-3.428178911222132e-18,21.49322466944561,3.4326429385735475e-19,66.50064079677985,70.78986510499715
30.420000000001956,2674.5192843940295,190.5813843389741,-2.0302325110587203e-16,2.103226550092521e-18,12.934991059271006,-3.4351722287563095e-18,21.57672464298173,3.5010357083166935e-19,66.51598405921033,70.7892276693831
30.430000000001957,2675.415570794783,190.3936412100624,-2.0306760161621381e-16,2.09553336943207e-18,12.94724183028281,-3.4420770276930927e-18,21.6611334411832,3.5684522145132126e-19,66.53150684934785,70.78858861694398
30.44000000000196,2676.3121039064604,190.20540800334956,-2.0311195703347883e-16,2.0878772213151276e-18,12.959949737533625,-3.4488927241259546e-18,21.746471547631483,3.634889028153229e-19,66.54720906071287,70.7879479243535
30.45000000000196,2677.2088827789094,190.01667762273703,-2.0315631770184074e-16,2.0802574757347537e-18,12.9731262043388,-3.4556187332140946e-18,21.832760101823364,3.700342721711111e-19,66.56309058738788,70.78730556787971
30.460000000001962,2678.1059064197516,189.82744284622058,-2.032006839632126e-16,2.0726734896020086e-18,12.98678305050253,-3.462254468731643e-18,21.920020925186314,3.7648098659203545e-19,66.57915132396705,70.78666152337402
30.470000000001964,2679.003173793005,189.63769632238342,-2.0324505615722678e-16,2.065124606604106e-18,13.000932509276899,-3.468799342596662e-18,22.008276548336216,3.8282870264127825e-19,66.59539116550049,70.78601576625968
30.480000000001965,2679.900683817646,189.44743056676145,-2.032894346212135e-16,2.0576101570519417e-18,13.015587245163513,-3.4752527643787525e-18,22.097550239647745,3.890770760214841e-19,66.6118100074328,70.78536827151984
30.490000000001967,2680.7984353661163,189.25663795807424,-2.0333381969017754e-16,2.050129457716653e-18,13.030760372606865,-3.481614140784081e-18,22.187866035212114,3.9522576120931183e-19,66.62840774553574,70.78471901368516
30.500000000001968,2681.6964272627615,189.06531073431603,-2.0337821169677339e-16,2.0426818116548692e-18,13.046465475631898,-3.487882875116512e-18,22.279248770261866,4.012744110740901e-19,66.64518427583492,70.78406796682104
30.51000000000197,2682.594658282207,188.87344098870017,-2.0342261097127856e-16,2.0352665080222867e-18,13.06271662848164,-3.494058366713472e-18,22.371724112147643,4.0722267647969244e-19,66.66213949453005,70.78341510451426
30.52000000000197,2683.4931271476635,188.6810206654499,-2.0346701784156484e-16,2.027882821875208e-18,13.079528417314673,-3.500140010355064e-18,22.465318594957445,4.1307020586869407e-19,66.67927329790854,70.78276039985921
30.530000000001973,2684.391832529157,188.48804155542845,-2.035114326330675e-16,2.020530013959636e-18,13.096915963026188,-3.506127195644873e-18,22.560059655875087,4.1881664482781274e-19,66.69658558225241,70.78210382544363
30.540000000001974,2685.2907730416855,188.29449529160078,-2.0355585566875228e-16,2.0132073304875403e-18,13.114894945260717,-3.512019306360775e-18,22.65597567338089,4.24461635633577e-19,66.71407624373803,70.78144535333365
30.550000000001976,2686.189947243291,188.10037334431877,-2.0360028726908e-16,2.005914002899867e-18,13.133481627689443,-3.517815719773955e-18,22.75309600740494,4.300048167770793e-19,66.73174517832858,70.7807849550584
30.560000000001978,2687.089353633049,187.9056670164213,-2.0364472775196844e-16,1.9986492476158656e-18,13.152692884629944,-3.523515805934232e-18,22.851451041550536,4.35445822466617e-19,66.74959228165896,70.78012260159396
30.57000000000198,2687.9889906489652,187.7103674381403,-2.036891774327517e-16,1.9914122657682793e-18,13.172546229091814,-3.5291189269196314e-18,22.95107222751376,4.407842821069229e-19,66.76761744891307,70.7794582633467
30.58000000000198,2688.888857328884,187.5144710099612,-2.0373363649235724e-16,1.984202242923944e-18,13.19305984233742,-3.5346244360480356e-18,23.051992131833966,4.460198197536141e-19,66.78582057469299,70.77879191013595
30.590000000001982,2689.788953318108,187.31797925842798,-2.0377810498479996e-16,1.977018695154343e-18,13.21424332308243,-3.5400320064533385e-18,23.153765129295483,4.511519819648061e-19,66.80417282593625,70.77812352976447
30.600000000001984,2690.689278255811,187.12089371892094,-2.0382258296230163e-16,1.9698614715814085e-18,13.236097651183975,-3.545341628130479e-18,23.255949683431826,4.561805487386538e-19,66.82264565797085,70.7774531275252
30.610000000001985,2691.5898317749798,186.92321593562613,-2.0386707047528698e-16,1.9627304305514185e-18,13.258623817817345,-3.5505532995896665e-18,23.358545973600272,4.611056031078624e-19,66.84123696699494,70.77678070874119
30.620000000001987,2692.4906135023516,186.7249474615044,-2.0391156757237955e-16,1.9556254395285547e-18,13.281822825392883,-3.555667027822896e-18,23.46155420725788,4.659272419452397e-19,66.85994464288133,70.77610627876551
30.63000000000199,2693.391623058353,186.52608985825987,-2.0395607430039768e-16,1.9485463749885334e-18,13.305695687473227,-3.560682828269014e-18,23.56497461987324,4.706455758901994e-19,66.87876656924445,70.77542984298113
30.64000000000199,2694.292860057039,186.32664469630805,-2.0400059070435059e-16,1.9414931223122955e-18,13.33024342869072,-3.565600724777311e-18,23.668807474838438,4.75260729273713e-19,66.89770062350722,70.77475140680077
30.65000000000199,2695.194324106028,186.12661355474341,-2.040451168274344e-16,1.9344655756797533e-18,13.355467084665051,-3.570420749569666e-18,23.773053063380967,4.79772840041725e-19,66.91674467696781,70.77407097566686
30.660000000001993,2696.09601480644,185.9259980213064,-2.0408965271102832e-16,1.927463637963618e-18,13.381367701921194,-3.5751429432012546e-18,23.877711704475697,4.841820596770168e-19,66.93589659486621,70.77338855505134
30.670000000001995,2696.997931752832,185.72479969234996,-2.041341983946908e-16,1.9204872206232663e-18,13.407946337807433,-3.579767354519816e-18,23.982783744756993,4.884885531195382e-19,66.95515423645092,70.77270415045562
30.680000000001996,2697.900074533132,185.52302017280547,-2.0417875391615573e-16,1.9135362435986787e-18,13.43520406041361,-3.584294040623465e-18,24.088269558430845,4.926924986852091e-19,66.97451545504533,70.77201776741042
30.690000000001998,2698.802442728575,185.3206610761482,-2.0422331931132878e-16,1.90661063520444e-18,13.463141948489591,-3.5887230668171145e-18,24.194169547187148,4.967940879831841e-19,66.99397809811424,70.77132941147563
30.700000000002,2699.7050359136365,185.1177240243622,-2.0426789461428365e-16,1.899710332023795e-18,13.491761091363792,-3.593054506567456e-18,24.30048414011196,5.0079352583159485e-19,67.01354000733008,70.77063908824026
30.710000000002,2700.607853655965,184.91421064790438,-2.043124798572585e-16,1.8928352788027644e-18,13.52106258886184,-3.597288441456518e-18,24.407213793600015,5.046910301717894e-19,67.03319901863932,70.76994680332226
30.720000000002003,2701.510895516315,184.71012258566844,-2.043570750706524e-16,1.8859854283443346e-18,13.551047551225466,-3.601424961133855e-18,24.514358991267184,5.084868319810286e-19,67.05295296232866,70.76925256236838
30.730000000002004,2702.41416104848,184.50546148494772,-2.0440168028302172e-16,1.8791607414026983e-18,13.581717099031293,-3.605464163267291e-18,24.62192024386313,5.121811751837105e-19,67.0727996630913,70.76855637105407
30.740000000002006,2703.317649799221,184.30022900139767,-2.0444629552107677e-16,1.872361186577575e-18,13.613072363109898,-3.6094061534923175e-18,24.729898089184076,5.157743165610694e-19,67.09273694009306,70.76785823508335
30.750000000002007,2704.2213613081994,184.0944267989977,-2.0449092080967833e-16,1.8655867402085947e-18,13.64511448446481,-3.6132510453600736e-18,24.838293091985612,5.192665256593985e-19,67.11276260703859,70.76715816018874
30.76000000000201,2705.125295107907,183.88805655001224,-2.045355561718343e-16,1.858837386269758e-18,13.677844614191624,-3.61699896028397e-18,24.94710584389575,5.226580846967772e-19,67.13287447223749,70.76645615213094
30.77000000000201,2706.029450723593,183.68111993495128,-2.0458020162869638e-16,1.8521131162639686e-18,13.711263913397083,-3.620650027484934e-18,25.05633696332798,5.25949288468335e-19,67.1530703386705,70.76575221669889
30.780000000002012,2706.933827673196,183.4736186425301,-2.046248571995569e-16,1.845413929117654e-18,13.745373553118235,-3.6242043839353e-18,25.16598709539454,5.291404442500319e-19,67.17334800405575,70.76504635970953
30.790000000002014,2707.838425467269,183.2655543696284,-2.0466952290184554e-16,1.8387398310754703e-18,13.780174714241564,-3.62766217430135e-18,25.276056911819826,5.322318717009888e-19,67.19370526091485,70.76433858700766
30.800000000002015,2708.743243608909,183.0569288212486,-2.0471419875112628e-16,1.832090835595094e-18,13.815668587422083,-3.631023550884505e-18,25.38654711085387,5.352239027643686e-19,67.21413989663918,70.7636289044659
30.810000000002017,2709.648281593682,182.84774371047354,-2.0475888476109427e-16,1.825466963242108e-18,13.851856373002395,-3.634288673561184e-18,25.49745841718608,5.381168815668116e-19,67.23464969355621,70.76291731798439
30.82000000000202,2710.5535389095508,182.63800075842343,-2.0480358094357281e-16,1.8188682415850028e-18,13.888739280931743,-3.6374577097213295e-18,25.60879158185903,5.409111643164444e-19,67.25523242899584,70.76220383349067
30.83000000000202,2711.4590150367994,182.42770169421192,-2.0484828730851045e-16,1.8122947050902687e-18,13.92631853068493,-3.640530834205635e-18,25.720547382182477,5.436071191994632e-19,67.27588587535683,70.76148845693969
30.84000000000202,2712.364709447959,182.21684825490155,-2.0489300386397806e-16,1.805746395017616e-18,13.964595351181202,-3.6435082292414436e-18,25.83272662164751,5.462051262753157e-19,67.29660780017342,70.76077119431343
30.850000000002023,2713.27062160773,182.00544218545826,-2.0493773061616604e-16,1.799223359315309e-18,14.003570980702998,-3.646390084377348e-18,25.94533012984085,5.487055773704768e-19,67.31739596618182,70.76005205162092
30.860000000002024,2714.176750972909,181.79348523870533,-2.0498246756938145e-16,1.7927256525156368e-18,14.043246666814612,-3.649176596416522e-18,26.058358762359408,5.511088759708421e-19,67.33824813138706,70.75933103489797
30.870000000002026,2715.083096992309,181.58097917527618,-2.0502721472604545e-16,1.7862533356305157e-18,14.083623666280689,-3.651867969348743e-18,26.171813400724893,5.534154371127427e-19,67.3591620491299,70.75860815020705
30.880000000002028,2715.989659106684,181.36792576356666,-2.0507197208669054e-16,1.7798064760472384e-18,14.124703244984588,-3.65446441428117e-18,26.285694952298712,5.556256872725994e-19,67.38013546815378,70.75788340363718
30.89000000000203,2716.8964367486496,181.15432677968627,-2.0511673964995805e-16,1.773385147424379e-18,14.16648667784656,-3.656966149367832e-18,26.400004350196983,5.577400642552294e-19,67.40116613267216,70.75715680130361
30.90000000000203,2717.803429342604,180.94018400740862,-2.0516151741259558e-16,1.7669894295878672e-18,14.20897524874179,-3.659373399737897e-18,26.514742553205775,5.597590170808068e-19,67.42225178243577,70.75642834934784
30.910000000002032,2718.710636304649,180.725499238121,-2.0520630536945458e-16,1.7606194084272217e-18,14.252170250418178,-3.661686397422682e-18,26.62991054569653,5.616830058705067e-19,67.44339015280029,70.75569805393731
30.920000000002034,2719.618057042512,180.51027427077298,-2.0525110351348802e-16,1.754275175791982e-18,14.29607298441393,-3.6639053812814295e-18,26.74550933754166,5.635125017308393e-19,67.46457897479414,70.75496592126524
30.930000000002035,2720.5256909554623,180.29451091182432,-2.0529591183574798e-16,1.7479568293883228e-18,14.340684760974936,-3.666030596925881e-18,26.861539964030396,5.652479866366791e-19,67.48581597518648,70.75423195755054
30.940000000002037,2721.433537434232,180.07821097519164,-2.0534073032538352e-16,1.741664472675879e-18,14.386006898971855,-3.6680622966436244e-18,26.978003485784768,5.668899533130218e-19,67.50709887655559,70.75349616903752
30.95000000000204,2722.3415958609344,179.86137628219439,-2.053855589696384e-16,1.7353982147647867e-18,14.432040725816995,-3.670000739320261e-18,27.09490098867582,5.6843890511546695e-19,67.52842539735728,70.75275856199576
30.96000000000204,2723.24986560898,179.64400866149973,-2.054303977538491e-16,1.7291581703129412e-18,14.47878757738082,-3.671846190360368e-18,27.212233583740094,5.698953559094518e-19,67.54979325199386,70.75201914271993
30.97000000000204,2724.158346042997,179.42610994906656,-2.0547524666144266e-16,1.7229444594235081e-18,14.526248797908282,-3.6735989216073034e-18,27.330002407096195,5.712598299482443e-19,67.57120015088326,70.75127791752953
30.980000000002043,2725.0670365187443,179.20768198808844,-2.0552010567393486e-16,1.7167572075426747e-18,14.574425739934721,-3.675259211261836e-18,27.44820861986169,5.725328617497206e-19,67.59264380052842,70.7505348927688
30.990000000002045,2725.97593638303,178.98872662893558,-2.0556497477092823e-16,1.7105965453576674e-18,14.623319764201483,-3.676827343799625e-18,27.566853408070124,5.737149959719305e-19,67.61412190358725,70.74979007480641
31.000000000002046,2726.885044973626,178.76924572909576,-2.0560985393011033e-16,1.7044626086950503e-18,14.672932239571223,-3.678303609887565e-18,27.685937982588356,5.748067872874759e-19,67.63563215894266,70.74904347003539
31.010000000002048,2727.7943616191833,178.54924115311428,-2.0565474312725196e-16,1.6983555384193052e-18,14.723264542942795,-3.679688306298992e-18,27.80546357903399,5.758088002567231e-19,67.65717226177325,70.74829508487275
31.02000000000205,2728.703885639147,178.32871477253275,-2.0569964233620554e-16,1.6922754803317223e-18,14.77431805916577,-3.6809817358277895e-18,27.925431457693122,5.767216091998484e-19,67.67873990362426,70.74754492575941
31.03000000000205,2729.613616343668,178.10766846582695,-2.057445515289035e-16,1.6862225850696042e-18,14.826094180954554,-3.682184207201373e-18,28.045842903438245,5.775457980677562e-19,67.70033277247889,70.74679299916
31.040000000002053,2730.523553033521,177.88610411834344,-2.0578947067535682e-16,1.6801970080058058e-18,14.878594308802166,-3.683296034992603e-18,28.166699225646422,5.782819603118653e-19,67.72194855283024,70.74603931156248
31.050000000002054,2731.433695000011,177.6640236222352,-2.058343997436536e-16,1.674198909148615e-18,14.93181985089345,-3.6843175395306e-18,28.28800175811761,5.78930698752807e-19,67.74358492575355,70.74528386947811
31.060000000002056,2732.344041524892,177.4414288763961,-2.058793386999577e-16,1.6682284530419987e-18,14.985772223017959,-3.6852490468105056e-18,28.409751858993296,5.794926254480247e-19,67.76523956897914,70.74452667944112
31.070000000002057,2733.2545918802743,177.21832178639417,-2.0592428750850751e-16,1.662285808666225e-18,15.040452848482312,-3.686090888402185e-18,28.531950910675274,5.799683615583204e-19,67.78691015696555,70.74376774800851
31.08000000000206,2734.1653453285385,176.99470426440394,-2.059692461316148e-16,1.6563711493388803e-18,15.095863158022121,-3.686843401357895e-18,28.65460031974464,5.803585372133404e-19,67.80859436097356,70.7430070817598
31.09000000000206,2735.0763011222452,176.77057822913721,-2.0601421452966353e-16,1.650484652616291e-18,15.152004589713377,-3.68750692811893e-18,28.7777015168811,5.806637913760453e-19,67.83028984914054,70.74224468729682
31.100000000002062,2735.9874585040466,176.54594560577308,-2.0605919266110898e-16,1.6446265001953706e-18,15.208878588883334,-3.688081816421228e-18,28.901255956782343,5.808847717061673e-19,67.85199428655547,70.74148057124347
31.110000000002064,2736.898816706594,176.32080832588647,-2.0610418048247672e-16,1.6387968778159117e-18,15.266486608020891,-3.688568419200018e-18,29.02526511808378,5.810221344226769e-19,67.87370533533458,70.74071474024547
31.120000000002065,2737.8103749524503,176.09516832737552,-2.0614917794836182e-16,1.6329959751633356e-18,15.324830106686417,-3.688967094493445e-18,29.149730503278406,5.81076544165282e-19,67.89542065469759,70.73994720097006
31.130000000002067,2738.7221324539973,175.86902755438774,-2.0619418501142814e-16,1.6272239857719146e-18,15.383910551420993,-3.689278205345245e-18,29.27465363863685,5.810486738549812e-19,67.91713790104457,70.73917796010589
31.14000000000207,2739.634088413344,175.64238795724492,-2.062392016224076e-16,1.6214811069284893e-18,15.44372941565508,-3.689502119706445e-18,29.40003607412776,5.809392045536884e-19,67.93885472803368,70.73840702436257
31.15000000000207,2740.546242022236,175.41525149236676,-2.0628422773009963e-16,1.6157675395767034e-18,15.504288179616669,-3.689639210336137e-18,29.525879383338246,5.807488253229428e-19,67.96056878665928,70.73763440047058
31.16000000000207,2741.4585924619623,175.18762012219318,-2.0632926328137077e-16,1.610083488221754e-18,15.565588330238674,-3.6896898547013014e-18,29.6521851633946,5.804782330817507e-19,67.98227772533117,70.73686009518094
31.170000000002073,2742.371138903263,174.9594958151054,-2.0637430822115418e-16,1.6044291608357045e-18,15.62763136106584,-3.689654434875726e-18,29.778955034883232,5.801281324635436e-19,68.00397918995421,70.73608411526489
31.180000000002075,2743.283880506235,174.7308805453456,-2.0641936249244942e-16,1.5988047687633576e-18,15.69041877216095,-3.68953333743803e-18,29.906190641771758,5.796992356723027e-19,68.02567082400897,70.7353064675137
31.190000000002076,2744.196816420241,174.5017762929353,-2.064644260363222e-16,1.593210526628706e-18,15.753952070010323,-3.689326953368767e-18,30.033893651330285,5.791922623378692e-19,68.04735026863325,70.73452715873836
31.200000000002078,2745.1099457838122,174.2721850435923,-2.0650949879190436e-16,1.5876466522420078e-18,15.818232767428736,-3.689035677946702e-18,30.162065754052886,5.786079393704407e-19,68.06901516270415,70.73374619576927
31.21000000000208,2746.0232677245576,174.0421087886464,-2.0655458069639377e-16,1.582113366507463e-18,15.883262383463581,-3.6886599106441866e-18,30.290708663579295,5.779470008143042e-19,68.09066314292127,70.73296358545602
31.22000000000208,2746.936781359066,173.81154952495362,-2.0659967168505448e-16,1.5766108933315517e-18,15.949042443298314,-3.6882000550217155e-18,30.419824116616724,5.772101877008115e-19,68.11229184389073,70.73217933466702
31.230000000002082,2747.8504857928137,173.58050925480893,-2.0664477169121688e-16,1.5711394595320265e-18,16.01557447815523,-3.6876565186216445e-18,30.549413872861845,5.763982479006231e-19,68.1338988982101,70.73139345028926
31.240000000002084,2748.7643801200666,173.34898998585774,-2.06689880646278e-16,1.5656992947475949e-18,16.08286002519746,-3.6870297128610905e-18,30.679479714923,5.755119359752434e-19,68.15548193655427,70.730605939228
31.250000000002085,2749.6784634237865,173.11699373100578,-2.0673499847970198e-16,1.5602906313483025e-18,16.150900627430172,-3.6863200529240376e-18,30.810023448242504,5.745520130278784e-19,68.17703858776233,70.72981680840643
31.260000000002087,2750.592734775534,172.88452250832762,-2.0678012511902043e-16,1.5549137043466422e-18,16.219697833601067,-3.685527957652646e-18,30.941046901019135,5.735192465536302e-19,68.19856647892547,70.72902606476538
31.27000000000209,2751.507193235373,172.65157834097366,-2.068252604898331e-16,1.5495687513094136e-18,16.28925319810005,-3.684653849437807e-18,31.072551924130728,5.724144102890502e-19,68.22006323547599,70.72823371526304
31.28000000000209,2752.4218378517726,172.4181632570756,-2.0687040451580864e-16,1.5442560122703484e-18,16.359568280858113,-3.683698154108931e-18,31.204540391056966,5.7123828406108555e-19,68.24152648127708,70.72743976687455
31.29000000000209,2753.336667661511,172.18427928965048,-2.0691555711868528e-16,1.5389757296435202e-18,16.430644647245312,-3.6826613008229806e-18,31.337014197802247,5.699916536354415e-19,68.26295383871415,70.72664422659186
31.300000000002093,2754.2516816895786,171.9499284765031,-2.0696071821827184e-16,1.5337281481375742e-18,16.502483867968028,-3.6815437219528115e-18,31.469975262818657,5.686753105643718e-19,68.28434292878703,70.7258471014231
31.310000000002095,2755.16687894908,171.7151128601269,-2.0700588773244875e-16,1.528513514670781e-18,16.57508751896528,-3.680345852974767e-18,31.603425526929108,5.672900520339364e-19,68.30569137120318,70.7250483983925
31.320000000002096,2756.0822584411358,171.4798344876034,-2.0705106557716916e-16,1.523332078286954e-18,16.648457181304202,-3.6790681323556005e-18,31.73736695325054,5.658366807107451e-19,68.32699678447256,70.72424812454001
31.330000000002098,2756.9978191547857,171.24409541049977,-2.070962516664602e-16,1.518184090072233e-18,16.722594441074595,-3.677711001438692e-18,31.871801527117192,5.643160045882146e-19,68.34825678600326,70.72344628692082
31.3400000000021,2757.913560066889,171.00789768476514,-2.071414459124243e-16,1.5130698030727781e-18,16.79750088928262,-3.676274904329623e-18,32.00673125600403,5.627288368323568e-19,68.3694689921986,70.72264289260512
31.3500000000021,2758.8294801420284,170.77124337062503,-2.0718664822524073e-16,1.5079894722133818e-18,16.873178121743525,-3.67476028778108e-18,32.1421581694501,5.610759956271409e-19,68.39063101855561,70.72183794867776
31.360000000002103,2759.7455783324076,170.5341345324743,-2.0723185851316717e-16,1.5029433542170212e-18,16.94962773897346,-3.673167601077127e-18,32.278084318982124,5.593583040194319e-19,68.41174047976455,70.72103146223778
31.370000000002104,2760.6618535777566,170.29657323876833,-2.0727707668254135e-16,1.4979317075253895e-18,17.02685134608032,-3.6714972959168526e-18,32.41451177803798,5.5757658976355655e-19,68.43279498981009,70.72022344039813
31.380000000002106,2761.57830480523,170.05856156191263,-2.0732230263778295e-16,1.4929547922204053e-18,17.104850552653602,-3.669749826297409e-18,32.55144264189032,5.557316851655004e-19,68.45379216207364,70.71941389028532
31.390000000002107,2762.4949309293083,169.82010157815066,-2.073675362813955e-16,1.4880128699467538e-18,17.18362697265332,-3.667925648396463e-18,32.68887902757008,5.538244269267757e-19,68.47472960943726,70.7186028190389
31.40000000000211,2763.4117308517,169.58119536745008,-2.074127775139685e-16,1.4831062038354489e-18,17.263182224297875,-3.666025220454052e-18,32.82682307379019,5.518556559879882e-19,68.49560494438892,70.71779023381123
31.41000000000211,2764.3287034612417,169.34184501338714,-2.0745802623417948e-16,1.4782350584284675e-18,17.343517929950874,-3.66404900265389e-18,32.96527694086907,5.498262173721174e-19,68.51641577912929,70.71697614176703
31.420000000002112,2765.2458476337965,169.10205260302936,-2.0750328233879642e-16,1.4733996996044719e-18,17.424635716007018,-3.66199745700411e-18,33.10424281065429,5.477369600275479e-19,68.53715972568007,70.71616055008292
31.430000000002114,2766.163162232158,168.86182022681655,-2.0754854572268012e-16,1.4686003945056348e-18,17.5065372127768,-3.659871047217484e-18,33.243722886446015,5.4558873667087855e-19,68.55783439599381,70.71534346594714
31.440000000002115,2767.080646105948,168.62114997843992,-2.0759381627878678e-16,1.4638374114656047e-18,17.589224054370245,-3.657670238591102e-18,33.38371939292053,5.4338240362952695e-19,68.57843740206533,70.71452489655904
31.450000000002117,2767.998298091518,168.38004395471955,-2.076390938981707e-16,1.4591110199386304e-18,17.672697878579484,-3.655395497885551e-18,33.52423457605367,5.411188206841696e-19,68.59896635604487,70.71370484912869
31.46000000000212,2768.916117011849,168.13850425547992,-2.0768437846998702e-16,1.4544214904298629e-18,17.756960326760264,-3.653047293203598e-18,33.66527070304409,5.38798850911038e-19,68.61941887035275,70.71288333087651
31.47000000000212,2769.8341016764534,167.89653298342364,-2.0772966988149474e-16,1.449769094426876e-18,17.84201304371236,-3.650626093868396e-18,33.80683006223651,5.364233605240946e-19,68.63979255779574,70.71206034903277
31.48000000000212,2770.7522508812726,167.65413224400345,-2.0777496801805976e-16,1.4451541043324077e-18,17.927857677558766,-3.6481323703012025e-18,33.94891496304488,5.339932187171283e-19,68.66008503168531,70.71123591083723
31.490000000002123,2771.6705634085793,167.41130414529223,-2.0782027276315807e-16,1.4405767933983721e-18,18.01449587962385,-3.645566593898665e-18,34.09152773587523,5.315092975057831e-19,68.68029390595743,70.71041002353856
31.500000000002125,2772.5890380268775,167.1680507978512,-2.078655839983791e-16,1.4360374356611458e-18,18.101929304310268,-3.642929236909645e-18,34.234670732048606,5.289724715695635e-19,68.70041679529425,70.70958269439416
31.510000000002126,2773.507673490803,166.92437431459626,-2.0791090160342918e-16,1.4315363058781653e-18,18.190159608974657,-3.6402207723116245e-18,34.37834632372361,5.263836180938292e-19,68.72045131524776,70.70875393066936
31.520000000002128,2774.4264685410235,166.68027681066238,-2.0795622545613522e-16,1.4270736794658609e-18,18.27918845380225,-3.6374416736866834e-18,34.522556903818916,5.237436166118183e-19,68.74039508236498,70.70792373963731
31.53000000000213,2775.34542190414,166.43576040326604,-2.0800155543244837e-16,1.4226498324389446e-18,18.369017501680155,-3.634592415097081e-18,34.667304885935415,5.210533488467249e-19,68.7602457143155,70.70709212857821
31.54000000000213,2776.2645322925873,166.19082721156587,-2.0804689140644792e-16,1.4182650413510952e-18,18.459648418069506,-3.631673470960442e-18,34.81259270427827,5.183136985538527e-19,68.7800008300204,70.70625910477911
31.550000000002132,2777.1837984045346,165.94547935652122,-2.0809223325034542e-16,1.4139195832370355e-18,18.551082870876254,-3.628685315924552e-18,34.958422813578636,5.155255513628885e-19,68.79965804978373,70.70542467553317
31.560000000002134,2778.1032189237876,165.69971896074878,-2.0813758083448875e-16,1.4096137355560649e-18,18.643322530320788,-3.625628424741795e-18,35.104797689015115,5.126897946203059e-19,68.81921499542563,70.70458884813938
31.570000000002135,2779.0227925196887,165.45354814837725,-2.0818293402736648e-16,1.405347776137047e-18,18.736369068806265,-3.6225032721432225e-18,35.25171982613487,5.098073172319426e-19,68.83866929041746,70.70375162990202
31.580000000002137,2779.9425178470187,165.20696904490006,-2.0822829269561235e-16,1.401121983124882e-18,18.830224160785566,-3.6193103327122705e-18,35.399191740774484,5.068790095057727e-19,68.8580185600194,70.70291302813008
31.59000000000214,2780.8623935459,164.95998377702594,-2.0827365670400988e-16,1.3969366349285062e-18,18.92488948262707,-3.616050080758158e-18,35.547215968980446,5.0390576299490305e-19,68.8772604314197,70.70207305013685
31.60000000000214,2781.782418241697,164.71259447252766,-2.0831902591549705e-16,1.3927920101704236e-18,19.020366712478992,-3.61272299018893e-18,35.6957950669292,5.008884703408261e-19,68.89639253387638,70.70123170323932
31.61000000000214,2782.7025905449195,164.46480326008853,-2.0836440019117134e-16,1.3886883876378108e-18,19.116657530132418,-3.609329534384198e-18,35.844931610846906,4.978280251169605e-19,68.91541249886107,70.70038899475779
31.620000000002143,2783.622909051125,164.21661226914702,-2.084097793902947e-16,1.3846260462352189e-18,19.21376361688305,-3.6058701860675796e-18,35.99462819692867,4.947253216724903e-19,68.93431796020495,70.6995449320152
31.630000000002145,2784.5433723408223,163.96802362973926,-2.0845516337029879e-16,1.3806052649388927e-18,19.311686655391444,-3.602345417178814e-18,36.14488744125743,4.9158125497656605e-19,68.95310655424711,70.69869952233672
31.640000000002146,2785.463978979373,163.7190394723394,-2.0850055198679038e-16,1.3766263227527426e-18,19.410428329541983,-3.598755698745604e-18,36.29571197972221,4.883967204628642e-19,68.9717759199852,70.69785277304912
31.650000000002148,2786.3847275168987,163.46966192769796,-2.085459450935568e-16,1.3726894986659934e-18,19.509990324300393,-3.595101500755173e-18,36.447104467936065,4.851726138745455e-19,68.9903236992283,70.6970046914803
31.66000000000215,2787.305616488182,163.21989312667802,-2.0859134254257175e-16,1.3687950716125375e-18,19.61037432556988,-3.591383292025539e-18,36.59906758115329,4.819098311096484e-19,69.00874753675222,70.69615528495866
31.67000000000215,2788.2266444125726,162.96973520008933,-2.0863674418400102e-16,1.3649433204320146e-18,19.711582020045746,-3.5876015400765215e-18,36.751604014186235,4.786092680669463e-19,69.02704508045731,70.69530456081262
31.680000000002153,2789.1478097938925,162.71919027852036,-2.0868214986620855e-16,1.3611345238326538e-18,19.813615095068695,-3.583756711000497e-18,36.904716481321394,4.752718204922764e-19,69.04521398152855,70.69445252636993
31.690000000002154,2790.069111120342,162.468260492168,-2.0872755943576261e-16,1.3573689603559049e-18,19.916475238476572,-3.579849269332885e-18,37.05840771623502,4.718983838254024e-19,69.06325189459827,70.69359918895731
31.700000000002156,2790.9905468644047,162.21694797066536,-2.0877297273744212e-16,1.3536469083428782e-18,20.020164138454675,-3.575879677922389e-18,37.212680471907845,4.684898530474135e-19,69.08115647791126,70.69274455589962
31.710000000002157,2791.9121154827553,161.96525484290717,-2.0881838961424315e-16,1.3499686459026271e-18,20.12468348338455,-3.571848397801e-18,37.36753752053945,4.650471225287054e-19,69.09892539349256,70.69188863451949
31.72000000000216,2792.833815416167,161.71318323687328,-2.0886380990738555e-16,1.346334450882307e-18,20.230034961691306,-3.567755888053741e-18,37.52298165346154,4.615710858775621e-19,69.11655630731777,70.69103143213648
31.73000000000216,2793.755645089418,161.46073527944966,-2.0890923345631985e-16,1.3427446008392265e-18,20.336220261689423,-3.563602605688203e-18,37.679015681050814,4.580626357893725e-19,69.13404688948596,70.69017295606679
31.740000000002162,2794.6776029112025,161.2079130962475,-2.0895466009873422e-16,1.3391993730148312e-18,20.443241071427007,-3.55938900550382e-18,37.835642432640775,4.545226638965117e-19,69.15139481439536,70.68931321362236
31.750000000002164,2795.599687274038,160.95471881141987,-2.0900008967056166e-16,1.3356990443106362e-18,20.55109907852846,-3.555115539960932e-18,37.992864756432866,4.509520606189152e-19,69.16859776092163,70.68845221211039
31.760000000002165,2796.5218965541762,160.7011545474763,-2.0904552200598733e-16,1.332243891266154e-18,20.65979597003571,-3.550782659049617e-18,38.15068551940675,4.473517150153708e-19,69.18565341259887,70.68758995883272
31.770000000002167,2797.4442291115142,160.4472224250952,-2.0909095693745613e-16,1.3288341900388248e-18,20.769333432247723,-3.546390810158292e-18,38.309107607229635,4.437225146355648e-19,69.20255945780357,70.68672646108519
31.78000000000217,2798.3666832895046,160.19292456293377,-2.0913639429568032e-16,1.3254702163859963e-18,20.879713150558523,-3.541940437942083e-18,38.46813392416466,4.400653453729081e-19,69.21931358994115,70.6858617261569
31.79000000000217,2799.289257415069,159.938263077436,-2.091818339096475e-16,1.3221522456489816e-18,20.99093680929362,-3.537431984190991e-18,38.62776739297841,4.363810913181642e-19,69.23591350763542,70.68499576132972
31.80000000000217,2800.2119497985113,159.6832400826382,-2.0922727560662859e-16,1.3188805527392025e-18,21.103006091544728,-3.532865887697808e-18,38.78801095484733,4.3267063461392384e-19,69.25235691492097,70.68412857387756
31.810000000002173,2801.134758733431,159.42785768997243,-2.0927271921218606e-16,1.3156554121264871e-18,21.215922679002997,-3.528242584125822e-18,38.94886756926312,4.2893485530993474e-19,69.2686415214384,70.6832601710656
31.820000000002175,2802.0576824966392,159.17211800806746,-2.0931816455018247e-16,1.31247709782951e-18,21.32968825179047,-3.523562505876276e-18,39.110340213937064,4.251746312193349e-19,69.28476504263259,70.6823905601499
31.830000000002176,2802.980719348073,158.9160231425477,-2.093636114427889e-16,1.3093458834084389e-18,21.444304488289983,-3.518826081955612e-18,39.272431884703245,4.213908377758041e-19,69.30072519995376,70.68151974837636
31.840000000002178,2803.9038675307133,158.65957519582966,-2.0940905971049397e-16,1.306262041959797e-18,21.559773064973346,-3.514033737842462e-18,39.435145595420494,4.175843478916657e-19,69.3165197210618,70.68064774298037
31.85000000000218,2804.8271252705035,158.40277626691636,-2.0945450917211258e-16,1.303225846113587e-18,21.676095656227933,-3.509185895354417e-18,39.598484377873284,4.137560318169681e-19,69.33214634003336,70.67977455118586
31.86000000000218,2805.7504907762677,158.1456284511891,-2.0949995964479527e-16,1.3002375680326916e-18,21.793273934181407,-3.504282972514516e-18,39.762451281671204,4.099067569995801e-19,69.34760279757236,70.67890018020476
31.870000000002182,2806.67396223963,157.88813384019736,-2.0954541094403747e-16,1.2972974794146031e-18,21.91130956852499,-3.499325383417526e-18,39.92704937414733,4.0603738794630923e-19,69.36288684122324,70.67802463723623
31.880000000002184,2807.5975378349362,157.63029452144596,-2.0959086288368914e-16,1.294405851495494e-18,22.030204226334817,-3.4943135380959215e-18,40.09228174025501,4.0214878608509314e-19,69.37799622558762,70.67714792946593
31.890000000002185,2808.5212157191772,157.37211257818038,-2.0963631527596441e-16,1.2915629550566705e-18,22.149959571891632,-3.489247842385612e-18,40.2581514824635,3.982418096282819e-19,69.39292871254403,70.67627006406533
31.900000000002187,2809.4449940319114,157.11359008916946,-2.0968176793145166e-16,1.2887690604334462e-18,22.27057726649883,-3.484128697791398e-18,40.42466172065196,3.943173134370308e-19,69.40768207147086,70.67539104819096
31.91000000000219,2810.368870895189,156.85472912848593,-2.0972722065912353e-16,1.2860244375264548e-18,22.392058968298592,-3.47895650135211e-18,40.59181559200219,3.9037614888684747e-19,69.42225407947257,70.67451088898366
31.92000000000219,2811.292844413479,156.59553176528453,-2.0977267326634732e-16,1.2833293558154529e-18,22.51440633208645,-3.473731645505483e-18,40.75961625088957,3.8641916373430533e-19,69.4366425216091,70.67362959356788
31.93000000000219,2812.216912673597,156.336000063578,-2.0981812555889554e-16,1.280684084375627e-18,22.6376210091239,-3.4684545179526857e-18,40.928066868772675,3.824472019849628e-19,69.45084519112866,70.67274716905082
31.940000000002193,2813.141073744632,156.07613608201063,-2.0986357734095661e-16,1.2780888918964652e-18,22.761704646949408,-3.4631255015225427e-18,41.097170634081046,3.784611037625027e-19,69.46485988970385,70.67186362252183
31.950000000002195,2814.0653256778783,155.8159418736295,-2.0990902841514582e-16,1.2755440467031956e-18,22.886658889187515,-3.4577449740354034e-18,41.26693075210144,3.7446170517912923e-19,69.47868442767096,70.67097896105149
31.960000000002196,2814.989666506766,155.5554194856535,-2.099544785825165e-16,1.2730498167808574e-18,23.012485375356146,-3.4523133081666533e-18,41.4373504448623,3.7044983820724526e-19,69.49231662427289,70.67009319169085
31.970000000002198,2815.914094246794,155.29457095924002,-2.0999992764257127e-16,1.2706064698010203e-18,23.13918574067223,-3.4468308713098556e-18,41.60843295101636,3.664263305524285e-19,69.50575430790533,70.6692063214708
31.9800000000022,2816.8386068954655,155.0333983292493,-2.1004537539327379e-16,1.2682142731512e-18,23.266761615855334,-3.441298025439492e-18,41.780181525721524,3.6239200552774587e-19,69.51899531636649,70.668318357401
31.9900000000022,2817.763202432223,154.77190362400657,-2.100908216310603e-16,1.2658734939669978e-18,23.395214626929608,-3.43571512697329e-18,41.952599440519805,3.5834768192942412e-19,69.5320374971101,70.66742930646939
32.0000000000022,2818.687878818386,154.51008886506176,-2.1013626615085178e-16,1.2635843991670137e-18,23.524546395023854,-3.4300825266341193e-18,42.125689983214244,3.5429417391389666e-19,69.54487870750205,70.66653917564112
32.0100000000022,2819.6126339970906,154.247956066947,-2.10181708746066e-16,1.2613472554905547e-18,23.654758536169695,-3.424400569311414e-18,42.29945645774399,3.502322908762677e-19,69.55751681508062,70.66564797185787
32.0200000000022,2820.5374658932305,153.985507236932,-2.1022714920863006e-16,1.2591623295381982e-18,23.78585266109801,-3.418669593922144e-18,42.47390218405716,3.4616283733019793e-19,69.56994969781995,70.66475570203701
32.0300000000022,2821.4623724134,153.72274437477674,-2.1027258732899282e-16,1.257029887815228e-18,23.91783037503341,-3.4128899332712337e-18,42.64903049798163,3.420866127892557e-19,69.5821752443974,70.66386237307071
32.040000000002195,2822.387351445837,153.45966947248237,-2.103180228961379e-16,1.2549501967780011e-18,24.050693277486847,-3.4070619139114806e-18,42.824844751093686,3.380044116497475e-19,69.59419135446426,70.66296799182521
32.05000000000219,2823.312400860371,153.19628451403955,-2.1036345569759663e-16,1.2529235228832802e-18,24.184442962046493,-3.4011858560029023e-18,43.00134831058437,3.3391702307504814e-19,69.60599593892013,70.66207256513984
32.06000000000219,2824.2375185083697,152.93259147517452,-2.1040888551946134e-16,1.2509501326405678e-18,24.319081016166525,-3.3952620731714693e-18,43.178544559123566,3.298252308814663e-19,69.61758692019094,70.66117609982625
32.07000000000219,2825.1627022226908,152.66859232309315,-2.1045431214639885e-16,1.2490302926674956e-18,24.45460902095418,-3.3892908723672393e-18,43.35643689472172,3.2572981342566093e-19,69.62896223251067,70.66027860266753
32.08000000000219,2826.0879498176323,152.40428901622255,-2.1049973536166415e-16,1.2471642697483088e-18,24.591028550954885,-3.3832725537218096e-18,43.535028730589104,3.2163154349363013e-19,69.64011982220647,70.65938008041732
32.090000000002185,2827.0132590888875,152.13968350395055,-2.1054515494711432e-16,1.2453523308954833e-18,24.72834117393543,-3.377207410405084e-18,43.71432349499265,3.175311881913e-19,69.65105764798788,70.65848053979896
32.10000000000218,2827.9386278135,151.87477772636296,-2.1059057068322272e-16,1.2435947434145365e-18,24.8665484506653,-3.3710957284813053e-18,43.89432463111009,3.134295088367357e-19,69.66177368123927,70.65757998750459
32.11000000000218,2828.8640537498222,151.6095736139786,-2.106359823490933e-16,1.2418917749720638e-18,25.00565193469608,-3.3649377867643087e-18,44.07503559688169,3.0932726085399155e-19,69.67226590631637,70.65667843019428
32.12000000000218,2829.7895346374767,151.34407308748214,-2.106813897224752e-16,1.2402436936670593e-18,25.145653172138946,-3.3587338566719754e-18,44.25645986485911,3.052251936686255e-19,69.68253232084628,70.65577587449505
32.13000000000218,2830.7150681973167,151.07827805745487,-2.1072679257977766e-16,1.238650768105562e-18,25.286553701440226,-3.3524842020798162e-18,44.438600922051535,3.011240506049029e-19,69.69257093603134,70.65487232700006
32.140000000002175,2831.640652131391,150.8121904241032,-2.1077219069608494e-16,1.2371132674786863e-18,25.428355053155016,-3.3461890791736553e-18,44.62146226976913,2.970245687847038e-19,69.70237977695669,70.65396779426767
32.15000000000217,2832.5662841229127,150.54581207698507,-2.1081758384517166e-16,1.2356314616440837e-18,25.571058749718965,-3.339848736301377e-18,44.8050474234634,2.9292747902815537e-19,69.71195688290155,70.65306228282051
32.16000000000217,2833.491961836226,150.27914489473423,-2.1086297179951833e-16,1.2342056212108874e-18,25.714666305217992,-3.333463413823658e-18,44.989359912564666,2.8883350575601727e-19,69.72130030765436,70.65215579914448
32.17000000000217,2834.4176829167786,150.01219074478243,-2.1090835433032701e-16,1.2328360176281975e-18,25.859179225156186,-3.3270333439636572e-18,45.174403280316525,2.847433668938295e-19,69.73040811983161,70.65124834968795
32.18000000000217,2835.3434449910965,149.74495148307952,-2.1095373120753734e-16,1.2315229232771676e-18,26.00459900622173,-3.320558750655612e-18,45.360181083607216,2.8065777377784343e-19,69.73927840320044,70.65033994086072
32.190000000002165,2836.269245666759,149.4774289538115,-2.109991021998427e-16,1.2302666115667346e-18,26.150927136050832,-3.3140398493922437e-18,45.54669689279769,2.7657743106277216e-19,69.74790925700516,70.6494305790331
32.20000000000216,2837.1950825323797,149.20962498911658,-2.110444670747067e-16,1.2290673570330733e-18,26.298165092989834,-3.3074768470709796e-18,45.73395429154656,2.7250303663134583e-19,69.75629879629732,70.64852027053492
32.21000000000216,2838.1209531575846,148.94154140879903,-2.1108982559837977e-16,1.2279254354428164e-18,26.446314345855274,-3.3008699418388696e-18,45.92195687663155,2.6843528150572576e-19,69.76444515226974,70.64760902165465
32.22000000000216,2839.046855093,148.67318002004126,-2.1113517753591604e-16,1.2268411239001174e-18,26.59537635369205,-3.294219322936165e-18,46.11070825776773,2.643748497607681e-19,69.77234647259436,70.64669683863832
32.23000000000216,2839.9727858702363,148.40454261711386,-2.1118052265119063e-16,1.225814700957616e-18,26.745352565529686,-3.2875251705384925e-18,46.30021205742207,2.6032241843916706e-19,69.78000092176366,70.64578372768867
32.240000000002155,2840.8987430018797,148.1356309810837,-2.1122586070691686e-16,1.2248464467313641e-18,26.896244420136522,-3.2807876555975306e-18,46.49047191062452,2.562786574684977e-19,69.78740668143612,70.644869694964
32.25000000000215,2841.8247239814823,147.86644687952,-2.1127119146466388e-16,1.2239366430198046e-18,27.04805334577219,-3.274006939680156e-18,46.68149146477545,2.522442295801585e-19,69.79456195078528,70.64395474657736
32.26000000000215,2842.7507262835593,147.5969920661987,-2.1131651468487458e-16,1.2230855734268403e-18,27.200780759937814,-3.267183174805923e-18,46.873274379449285,2.482197902302541e-19,69.80146494685268,70.64303888859541
32.27000000000215,2843.676747363585,147.3272682808049,-2.1136183012688368e-16,1.2222935234891063e-18,27.354428069124697,-3.2603165032828873e-18,47.06582432619438,2.44205987522404e-19,69.80811390490449,70.64212212703752
32.28000000000215,2844.602784657995,147.0572772486334,-2.1140713754893592e-16,1.221560780807482e-18,27.508996668560684,-3.2534070575415914e-18,47.25914498832896,2.4020346213252115e-19,69.81450707879189,70.64120446787464
32.290000000002145,2845.528835584189,146.78702068028755,-2.1145243670820477e-16,1.2208876351829502e-18,27.66448794195481,-3.246454959967197e-18,47.45324006073314,2.362128472355565e-19,69.82064274131537,70.64028591702848
32.30000000000214,2846.4548975405382,146.5165002713763,-2.1149772736081116e-16,1.2202743787568701e-18,27.820903261239987,-3.2394603227296626e-18,47.64811324963676,2.322347684342255e-19,69.82651918459241,70.63936648037024
32.31000000000214,2847.380967906395,146.24571770220945,-2.1154300926184255e-16,1.2197213061557518e-18,27.978243986313686,-3.2324232476118454e-18,47.84376827240321,2.2826984368974036e-19,69.83213472042932,70.6384461637198
32.32000000000214,2848.307044042106,145.9746746374914,-2.1158828216537212e-16,1.2192287146406183e-18,28.13651146477681,-3.2253438258354617e-18,48.04020885730886,2.2431868325454894e-19,69.83748768069641,70.63752497284457
32.33000000000214,2849.233123289028,145.70337272601307,-2.1163354582447842e-16,1.2187969042610402e-18,28.295707031670517,-3.2182221378848004e-18,48.23743874331826,2.203818896071015e-19,69.84257641770702,70.63660291345849
32.340000000002135,2850.159202969546,145.43181360034225,-2.1167879999126506e-16,1.2184261780139488e-18,28.455832009211292,-3.211058253328081e-18,48.43546167985493,2.1646005738864807e-19,69.84739930460016,70.63567999122097
32.35000000000213,2851.0852803870994,145.15999887651236,-2.1172404441688068e-16,1.2181168420073037e-18,28.616887706523936,-3.2038522306363415e-18,48.63428142656751,2.125537733420898e-19,69.85195473572678,70.63475621173582
32.36000000000213,2852.011352826204,144.88793015370976,-2.1176927885153929e-16,1.2178692056287324e-18,28.778875419372795,-3.196604116999766e-18,48.833901753091475,2.086636162528862e-19,69.85624112703977,70.63383158055031
32.37000000000213,2852.9374175524836,144.61560901395947,-2.1181450304454066e-16,1.2176835817192317e-18,28.941796429891046,-3.1893139481413127e-18,49.034326438806,2.047901568920295e-19,69.8602569164873,70.6329061031539
32.38000000000213,2853.863471812702,144.34303702180947,-2.118597167442911e-16,1.2175602867520488e-18,29.10565200630804,-3.1819817481275417e-18,49.23555927258617,2.0093395796110284e-19,69.86400056440995,70.63197978497743
32.390000000002125,2854.7895128347986,144.07021572401362,-2.119049196983244e-16,1.2174996410168385e-18,29.270443402674882,-3.1746075291764957e-18,49.43760405255018,1.9709557403942113e-19,69.86747055394127,70.63105263139182
32.40000000000212,2855.71553782793,143.79714664921318,-2.1195011165332309e-16,1.2175019688092264e-18,29.436171858588015,-3.1671912914625315e-18,49.64046458580165,1.9327555153327385e-19,69.87066539141179,70.63012464770718
32.41000000000212,2856.64154398251,143.52383130761706,-2.1199529235513977e-16,1.2175675986258849e-18,29.602838598911116,-3.1597330229179426e-18,49.84414468816684,1.8947442862726676e-19,69.87358360675647,70.62919583917157
32.42000000000212,2857.5675284702606,143.25027119068076,-2.1204046154881894e-16,1.217696863365251e-18,29.77044483349486,-3.1522326990312373e-18,50.0486481839266,1.8569273523778713e-19,69.87622375392577,70.62826621097004
32.43000000000212,2858.4934884442587,142.97646777078415,-2.120856189786188e-16,1.2178901005340145e-18,29.93899175689521,-3.14469028264195e-18,50.25397890554322,1.8193099296857653e-19,69.87858441129977,70.6273357682235
32.440000000002115,2859.419421038993,142.702422500908,-2.1213076438803358e-16,1.2181476524595016e-18,30.108480548089524,-3.1371057237317873e-18,50.4601406933817,1.7818971506843958e-19,69.88066418210586,70.62640451598762
32.45000000000211,2860.34532337042,142.4281368143095,-2.1217589751981574e-16,1.2184698665081045e-18,30.278912370191065,-3.1294789592120113e-18,50.66713739542577,1.7446940639108104e-19,69.88246169483966,70.62547245925175
32.46000000000211,2861.2711925360286,142.1536121241967,-2.1222101811599886e-16,1.2188570953098896e-18,30.450288370161726,-3.1218099127068512e-18,50.87497286698813,1.7077056335708085e-19,69.88397560368898,70.6245396029378
32.47000000000211,2862.197025614903,141.87884982340194,-2.122661259179203e-16,1.219309696989536e-18,30.62260967852274,-3.1140984943327826e-18,51.08365097041519,1.670936739180133e-19,69.88520458896133,70.62360595189921
32.48000000000211,2863.1228196677935,141.60385128405423,-2.1231122066624445e-16,1.2198280354037576e-18,30.79587740906382,-3.106344600473522e-18,51.293175574785835,1.6343921752271482e-19,69.8861473575142,70.62267151091969
32.490000000002105,2864.048571737191,141.328617857251,-2.123563021009861e-16,1.220412480385379e-18,30.970092658550517,-3.098548113550525e-18,51.503550555604484,1.5980766508569815e-19,69.88680264318862,70.62173628471231
32.5000000000021,2864.9742788474036,141.0531508727288,-2.12401369961534e-16,1.2210634079942144e-18,31.145256506429693,-3.0907089017888236e-18,51.714779794488116,1.5619947895772234e-19,69.88716920724556,70.62080027791824
32.5100000000021,2865.8999380046375,140.7774516385333,-2.1244642398667465e-16,1.2217812007749353e-18,31.321370014533375,-3.082826818977971e-18,51.92686717884708,1.5261511289852442e-19,69.88724583880557,70.61986349510569
32.5200000000021,2866.825546197085,140.50152144068872,-2.1249146391461647e-16,1.2225662480221122e-18,31.498434226780887,-3.074901704227946e-18,52.13981660155992,1.4905501205169754e-19,69.88703135529089,70.61892594076882
32.5300000000021,2867.7511003950126,140.22536154286635,-2.1253648948301405e-16,1.223418946052601e-18,31.676450168879246,-3.0669333817197444e-18,52.35363196064169,1.4551961292174051e-19,69.88652460287068,70.61798761932657
32.540000000002095,2868.676597550857,139.9489731860528,-2.1258150042899266e-16,1.2243396984854804e-18,31.855418848021838,-3.058921660450468e-18,52.568317158905955,1.420093433532618e-19,69.8857244569089,70.61704853512158
32.55000000000209,2869.602034599321,139.67235758821758,-2.126264964891731e-16,1.2253289165297508e-18,32.03534125258554,-3.050866333972696e-18,52.78387610362025,1.3852462251234383e-19,69.88462982241481,70.61610869241903
32.56000000000209,2870.527408457479,139.3955159439803,-2.1267147739969655e-16,1.2263870192799863e-18,32.21621835182615,-3.0427671801278613e-18,53.000312706154915,1.3506586087006715e-19,69.88323963449609,70.61516809540556
32.57000000000209,2871.452716024882,139.1184494242775,-2.1271644289625e-16,1.2275144340201774e-18,32.39805109557204,-3.0346239607734145e-18,53.21763088162516,1.3163346018820045e-19,69.88155285881456,70.61422674818813
32.58000000000209,2872.3779541836707,138.84115917602912,-2.127613927140915e-16,1.2287115965359843e-18,32.580840413916455,-3.0264364215035226e-18,53.435834548526294,1.2822781350703431e-19,69.87956849204404,70.61328465479288
32.590000000002085,2873.3031197986893,138.56364632180498,-2.1280632658807598e-16,1.2299789514356475e-18,32.76458721690809,-3.0182042913630122e-18,53.654927628361975,1.248493051353823e-19,69.87728556233091,70.61234181916396
32.60000000000208,2874.2282097176085,138.28591195949082,-2.1285124425268107e-16,1.231316952479789e-18,32.949292394240096,-3.009927282554288e-18,53.87491404526537,1.2149831064272965e-19,69.87470312975661,70.61139824516255
32.61000000000208,2875.1532207710484,138.00795716195452,-2.128961454420333e-16,1.232726062920383e-18,33.13495681493757,-3.0016050901369697e-18,54.09579772561323,1.1817519685352616e-19,69.87182028680246,70.61045393656559
32.62000000000208,2876.078149772709,137.7297829767122,-2.1294102988993438e-16,1.2342067558491487e-18,33.321581327043525,-2.993237391719882e-18,54.31758259763242,1.148803218436335e-19,69.8686361588165,70.6095088970647
32.63000000000208,2877.002993519504,137.4513904255944,-2.1298589732988778e-16,1.2357595145556583e-18,33.50916675730339,-2.984823847145169e-18,54.540272590999336,1.1161403493890215e-19,69.86514990448225,70.60856313026504
32.640000000002075,2877.9277487916997,137.17278050441269,-2.1303074749512555e-16,1.237384832895439e-18,33.69771391084798,-2.9763640981641363e-18,54.76387163643153,1.0837667671589037e-19,69.86136071628933,70.60761663968422
32.65000000000207,2878.852412353058,136.8939541826261,-2.1307558011863527e-16,1.239083215668396e-18,33.88722357087515,-2.9678577681045342e-18,54.988383665271876,1.0516857900470587e-19,69.85726782100579,70.60666942875113
32.66000000000207,2879.776980950985,136.61491240300828,-2.1312039493318733e-16,1.2408551790078472e-18,34.07769649832979,-2.959304461528898e-18,55.21381260906482,1.0199006489397792e-19,69.8528704801522,70.60572150080489
32.67000000000207,2880.7014513166837,136.33565608131488,-2.1316519167136224e-16,1.2427012507805292e-18,34.26913343158276,-2.9507037638836146e-18,55.44016239912487,9.884144873793416e-20,69.84816799047704,70.60477285909359
32.68000000000207,2881.6258201653122,136.05618610595155,-2.1320997006557833e-16,1.2446219709978945e-18,34.461535086108185,-2.9420552411383124e-18,55.667436966097085,9.572303616559364e-20,69.84315968443366,70.6038235067733
32.690000000002065,2882.5500841961452,135.77650333764248,-2.1325472984811962e-16,1.2466178922390834e-18,34.65490215415953,-2.933358439415187e-18,55.895640239509326,9.263512409205445e-20,69.83784493065852,70.60287344690688
32.70000000000206,2883.474240092743,135.49660860909964,-2.1329947075116381e-16,1.2486895800859307e-18,34.84923530444435,-2.9246128846078554e-18,56.12477614731651,8.957800073187625e-20,69.8322231344504,70.60192268246293
32.71000000000206,2884.398284523122,135.21650272469284,-2.1334419250681052e-16,1.2508376135704078e-18,35.044535181797826,-2.915818081989319e-18,56.354848615436275,8.655194561453683e-20,69.82629373825084,70.6009712163145
32.72000000000206,2885.322214139934,134.93618646012064,-2.1338889484710971e-16,1.2530625856349103e-18,35.240802406854975,-2.9069735158085813e-18,56.58586156727641,8.35572296019672e-20,69.82005622212534,70.60001905123826
32.73000000000206,2886.246025580647,134.65566056208226,-2.1343357750409039e-16,1.2553651036058116e-18,35.43803757572166,-2.898078648875457e-18,56.817818923253505,8.059411490814239e-20,69.8135101042454,70.59906618991316
32.740000000002055,2887.169715467732,134.3749257479505,-2.1347824020978934e-16,1.2577457896807403e-18,35.63624125964449,-2.889132922133108e-18,57.050724600303155,7.766285512072246e-20,69.80665494137105,70.59811263491937
32.75000000000205,2888.093280408859,134.0939827054459,-2.1352288269628022e-16,1.2602052814300371e-18,35.83541400467943,-2.880135754217782e-18,57.28458251138113,7.476369522473296e-20,69.799490329334,70.59715838873726
32.76000000000205,2889.016716997088,133.8128320923122,-2.135675046957027e-16,1.2627442323128851e-18,36.03555633135951,-2.8710865410052577e-18,57.519396564955755,7.189687162826856e-20,69.792015903521,70.5962034537462
32.77000000000205,2889.940021811079,133.53147453599286,-2.136121059402919e-16,1.2653633122086144e-18,36.236668734361245,-2.8619846551434262e-18,57.75517066449121,6.906261219021047e-20,69.78423133935742,70.59524783222354
32.78000000000205,2890.8631914152934,133.24991063330958,-2.1365668616240793e-16,1.2680632079637229e-18,36.438751682170164,-2.8528294455704663e-18,57.99190870792172,6.626113624994066e-20,69.77613635279074,70.5942915263435
32.790000000002046,2891.7862223602096,132.96814095014193,-2.1370124509456561e-16,1.2708446239551572e-18,36.641805616745245,-2.8436202370180044e-18,58.22961458711646,6.349265465904541e-20,69.76773070077415,70.59333453817608
32.80000000000204,2892.709111182541,132.6861660211088,-2.1374578246946442e-16,1.273708282670437e-18,36.84583095318234,-2.8343563294986525e-18,58.468292187334995,6.075736981498452e-20,69.75901418174952,70.59237686968596
32.81000000000204,2893.631854405459,132.4039863492517,-2.1379029802001853e-16,1.2766549253052345e-18,37.0508280793769,-2.825036997777288e-18,58.70794538667341,5.80554756967177e-20,69.7499866361301,70.5914185227315
32.82000000000204,2894.55444853882,132.12160240571995,-2.1383479147938713e-16,1.27968531237903e-18,37.25679735568547,-2.8156614908253846e-18,58.948578055500654,5.538715790227474e-20,69.74064794678257,70.59045949906354
32.83000000000204,2895.4768900794015,131.83901462945767,-2.1387926258100475e-16,1.2828002243695243e-18,37.46373911458662,-2.8062290312577292e-18,59.190194055885286,5.275259368824017e-20,69.73099803950812,70.58949980032452
32.840000000002036,2896.399175511139,131.55622342689307,-2.139237110586119e-16,1.286000462366473e-18,37.671653660340866,-2.7967388147507507e-18,59.43279724101227,5.015195201115649e-20,69.72103688352271,70.58853942804727
32.850000000002034,2897.321301305371,131.27322917162996,-2.1396813664628572e-16,1.2892868487456966e-18,37.88054126864995,-2.7871900094417483e-18,59.67639145459,4.7585393570806806e-20,69.71076449193599,70.58757838365405
32.86000000000203,2898.243263921088,130.99003220414147,-2.1401253907847094e-16,1.2926602278640058e-18,38.0904021863153,-2.7775817553081844e-18,59.92098053024706,4.5053070855377193e-20,69.70018092222897,70.58661666845549
32.87000000000203,2899.165059805187,130.7066328314662,-2.140569180900108e-16,1.2961214667758304e-18,38.301236630895836,-2.7679131635262403e-18,60.16656829091902,4.255512818846989e-20,69.68928627673007,70.58565428364953
32.88000000000203,2900.086685392733,130.42303132690714,-2.1410127341617828e-16,1.299671455972407e-18,38.51304479036517,-2.7581833158077564e-18,60.413158548224786,4.0091701777949516e-20,69.67808070308939,70.58469123032047
32.890000000002026,2901.008137107224,130.13922792973295,-2.1414560479270734e-16,1.3033111101443555e-18,38.7258268227681,-2.7483912637146415e-18,60.660755101832734,3.7662919766611145e-20,69.66656439475105,70.58372750943792
32.900000000002024,2901.929411360859,129.8552228448823,-2.1418991195582437e-16,1.3070413689685895e-18,38.93958285587664,-2.7385360279498313e-18,60.90936173881626,3.526890228464191e-20,69.65473759142346,70.58276312185573
32.91000000000202,2902.850504554818,129.57101624267094,-2.1423419464227977e-16,1.3108631979204896e-18,39.154312986845504,-2.7286165976237833e-18,61.15898223299872,3.29097615038552e-20,69.64260057954695,70.58179806831113
32.92000000000202,2903.7714130795425,129.28660825850184,-2.1427845258937955e-16,1.3147775891123415e-18,39.370017281867106,-2.71863192949548e-18,61.409620344287774,3.0585601693692125e-20,69.63015369275927,70.58083234942363
32.93000000000202,2904.6921333150203,129.0019989925786,-2.143226855350172e-16,1.3187855621590914e-18,39.586695775826236,-2.7085809471868756e-18,61.66127981799888,2.8296519278940565e-20,69.61739731235775,70.57986596569411
32.940000000002016,2905.6126616310794,128.71718850962182,-2.1436689321770554e-16,1.3228881650724946e-18,39.804348471954114,-2.698462540369616e-18,61.91396438416787,2.6042602899187578e-20,69.60433186775896,70.57889891750384
32.950000000002014,2906.532994387685,128.43217683858927,-2.1441107537660875e-16,1.3270864751848319e-18,40.02297534148253,-2.6882755639229104e-18,62.167677756852655,2.382393346994528e-20,69.59095783695479,70.57793120511352
32.96000000000201,2907.453127935243,128.14696397239913,-2.1445523175157449e-16,1.3313816001033592e-18,40.24257632329723,-2.678018837061234e-18,62.422423633423655,2.164058424545864e-20,69.57727574696517,70.57696282866236
32.97000000000201,2908.3730586149086,127.86154986765722,-2.1449936208316612e-16,1.3357746786967841e-18,40.46315132359153,-2.667691142430648e-18,62.67820569384324,1.949262088315474e-20,69.56328617428726,70.57599378816715
32.98000000000201,2909.2927827588974,127.5759344443878,-2.1454346611269496e-16,1.3402668821150704e-18,40.6847002155194,-2.6572912251723157e-18,62.93502759993376,1.7380101509715193e-20,69.54898974534039,70.57502408352133
32.990000000002006,2910.2122966908078,127.29011758576831,-2.1458754358225272e-16,1.3448594148439665e-18,40.90722283884866,-2.6468177919518223e-18,63.19289299463433,1.5303076788751164e-20,69.53438713690711,70.57405371449408
33.000000000002004,2911.131596725943,127.0040991378681,-2.1463159423474397e-16,1.3495535157957058e-18,41.13071899961394,-2.6362695099528017e-18,63.45180550124605,1.3261589990051923e-20,69.51947907656972,70.57308268072947
33.010000000002,2912.0506791716416,126.71787890939126,-2.1467561781391864e-16,1.3543504594374107e-18,41.355188469769764,-2.6256450058332995e-18,63.71176872266584,1.1255677060384567e-20,69.50426634314218,70.57211098174552
33.020000000002,2912.9695403276123,126.43145667142383,-2.1471961406440467e-16,1.3592515569588012e-18,41.58063098684357,-2.614942864643248e-18,63.97278624060849,9.285366695828511e-21,69.48874976709702,70.57113861693345
33.030000000002,2913.888176486274,126.14483215718528,-2.1476358273174067e-16,1.3642581574808882e-18,41.807046253588865,-2.604161628701313e-18,64.23486161481719,7.350680415601524e-21,69.47293023098733,70.57016558555672
33.040000000001996,2914.806583933102,125.85800506178451,-2.1480752356240867e-16,1.3693716493074209e-18,42.03443393763847,-2.593299796429333e-18,64.4979983822622,5.451632637372617e-21,69.45680866986302,70.56919188675025
33.050000000001994,2915.724758946978,125.57097504198063,-2.1485143630386687e-16,1.3745934612209452e-18,42.26279367115804,-2.582355821142435e-18,64.76220005632766,3.5882307540197765e-21,69.44038607168163,70.56821751951959
33.06000000000199,2916.6426978005466,125.28374171594837,-2.1489532070458251e-16,1.3799250638254222e-18,42.49212505049979,-2.5713281097928582e-18,65.02747012598653,1.760475211819976e-21,69.42366347771318,70.56724248274016
33.07000000000199,2917.5603967605766,124.99630466304843,-2.149391765140647e-16,1.385367970937464e-18,42.722427635856526,-2.5602150216654e-18,65.29381205496367,-3.164040996756268e-23,69.40664198293865,70.56626677515638
33.08000000000199,2918.477852088328,124.708663423603,-2.1498300348289731e-16,1.3909237410283271e-18,42.95370095091605,-2.549014867022263e-18,65.56122928088664,-1.7881293181386613e-21,69.38932273644228,70.56529039538103
33.090000000001986,2919.395060039921,124.4208174986762,-2.1502680136277196e-16,1.3965939787189523e-18,43.18594448251609,-2.537725905695051e-18,65.8297252144246,-3.509011423239492e-21,69.3717069417968,70.56431334189438
33.100000000001984,2920.312016866718,124.13276634986009,-2.1507056990652088e-16,1.402380336330418e-18,43.41915768029946,-2.5263463456214402e-18,66.09930323841503,-5.194313255936598e-21,69.35379585744184,70.56333561304352
33.11000000000198,2921.2287188156993,123.8445093990659,-2.151143088681499e-16,1.4082845154923273e-18,43.65333995637005,-2.514874341324022e-18,66.36996670697816,-6.844067882099486e-21,69.33559079705492,70.56235720704164
33.12000000000198,2922.1451621298547,123.55604602832094,-2.1515801800287138e-16,1.414308268811774e-18,43.888490684949254,-2.5033079923286246e-18,66.64171894461931,-8.458314816614455e-21,69.31709312991495,70.56137812196734
33.13000000000198,2923.0613430485732,123.26737557957115,-2.1520169706713727e-16,1.4204534016056563e-18,44.124609202033085,-2.4916453415192855e-18,66.91456324531875,-1.0037099935960295e-20,69.29830428125776,70.5603983557639
33.140000000001976,2923.977257808041,122.97849735448955,-2.152453458186719e-16,1.426721773699283e-18,44.36169480505007,-2.4798843734269385e-18,67.18850287160946,-1.1580475389575599e-20,69.27922573262346,70.55941790623874
33.150000000001974,2924.892902641643,122.6894106142905,-2.1528896401650508e-16,1.4331153012943516e-18,44.59974675251981,-2.4680230124486648e-18,67.46354105364233,-1.3088499510039512e-20,69.25985902219543,70.55843677106263
33.16000000000197,2925.8082737803693,122.40011457955022,-2.1533255142100485e-16,1.439635958909555e-18,44.83876426371247,-2.45605912099424e-18,67.73968098823907,-1.456123672210056e-20,69.24020574513047,70.55745494776922
33.17000000000197,2926.723367453227,122.11060843003341,-2.153761077939105e-16,1.446285781397252e-18,45.07874651830927,-2.443990497556524e-18,68.01692583793276,-1.5998757450582245e-20,69.2202675538798,70.55647243375434
33.18000000000197,2927.638179887658,121.82089130452628,-2.154196328983653e-16,1.4530668660398045e-18,45.319692656063765,-2.4318148747020023e-18,68.29527872999591,-1.740113802718262e-20,69.20004615850098,70.55548922627548
33.190000000001966,2928.5527073099584,121.53096230067602,-2.1546312649894937e-16,1.4599813747294157e-18,45.56160177646413,-2.4195299169776746e-18,68.57474275545609,-1.876846059620727e-20,69.1795433269599,70.55450532245122
33.200000000001964,2929.466945945705,121.2408204748369,-2.1550658836171245e-16,1.467031536235489e-18,45.804472938396806,-2.407133218730214e-18,68.85532096809906,-2.010081301926312e-20,69.15876088542295,70.5535207192607
33.21000000000196,2930.3808920201864,120.95046484192312,-2.155500182542065e-16,1.4742196485637576e-18,46.04830515981108,-2.3946223018331087e-18,69.13701638345971,-2.139828877893599e-20,69.13770071853881,70.55253541354315
33.22000000000196,2931.294541758838,120.65989437526855,-2.1559341594551845e-16,1.4815480814116775e-18,46.293097417384935,-2.3819946133172734e-18,69.41983197780026,-2.266098688148432e-20,69.11636476970973,70.5515494019973
33.23000000000196,2932.207891387682,120.36910800649339,-2.1563678120630256e-16,1.4890192787248333e-18,46.53884864619225,-2.3692475229003555e-18,69.70377068707612,-2.388901175857422e-20,69.09475504135197,70.55056268118105
33.240000000001956,2933.120937133771,120.07810462537805,-2.1568011380881307e-16,1.4966357613593515e-18,46.785557739371235,-2.3563783204096875e-18,69.98883540588953,-2.5082473168090758e-20,69.07287359514486,70.54957524751093
33.250000000001954,2934.0336752256358,119.78688307974419,-2.1572341352693647e-16,1.5044001298556455e-18,47.03322354779441,-2.3433842130935707e-18,70.27502898643064,-2.6241486094045846e-20,69.05072255226847,70.54858709726174
33.26000000000195,2934.946101893741,119.49544217534324,-2.1576668013622386e-16,1.5123150673290786e-18,47.28184487974,-2.3302623228152398e-18,70.5623542374062,-2.736617064561544e-20,69.02830409362943,70.54759822656617
33.27000000000195,2935.858213370939,119.2037806757524,-2.15809913413923e-16,1.5203833424834802e-18,47.531420500564955,-2.3170096831235687e-18,70.85081392295615,-2.845665195533909e-20,69.00562046007455,70.54660863141437
33.28000000000195,2936.770005892934,118.91189730227818,-2.1585311313901052e-16,1.5286078127537914e-18,47.781949132379445,-2.3036232361941946e-18,71.14041076155779,-2.951306007649656e-20,68.98267395259197,70.54561830765371
33.290000000001946,2937.681475698745,118.61979073386782,-2.1589627909222368e-16,1.5369914275844847e-18,48.03342945372316,-2.2900998296344094e-18,71.43114742491774,-3.05355298797041e-20,68.95946693249947,70.54462725098837
33.300000000001944,2938.5926190311775,118.32745960702852,-2.1593941105609237e-16,1.54553723185079e-18,48.28586009924334,-2.2764362131447368e-18,71.72302653685192,-3.152420094874989e-20,68.93600182161983,70.54363545697913
33.31000000000194,2939.5034321372955,118.03490251575468,-2.159825088149706e-16,1.5542483694301956e-18,48.53923965937455,-2.262629035029722e-18,72.01605067215323,-3.247921747569985e-20,68.91228110244252,70.54264292104305
33.32000000000194,2940.413911268899,117.74211801146329,-2.1602557215506822e-16,1.5631280869321197e-18,48.793566680020525,-2.248674838549999e-18,72.3102223554474,-3.340072815530096e-20,68.88830731827177,70.54164963845334
33.33000000000194,2941.3240526830054,117.44910460293748,-2.1606860086448208e-16,1.5721797375941335e-18,49.04883966223766,-2.234570058107227e-18,72.60554406003688,-3.4288886078704616e-20,68.86408307336055,70.54065560433898
33.340000000001936,2942.233852642334,117.15586075627854,-2.161115947332274e-16,1.5814067853536469e-18,49.30505706192084,-2.2203110152529773e-18,72.90201820673286,-3.5143848626550345e-20,68.83961103303002,70.5396608136847
33.350000000001934,2943.1433074157944,116.86238489486631,-2.161545535532687e-16,1.5908128091044783e-18,49.562217289491144,-2.2058939145121065e-18,73.19964716267569,-3.5965777361419435e-20,68.81489392377449,70.53866526133085
33.36000000000193,2944.052413278978,116.5686753993282,-2.1619747711855077e-16,1.6004015071483448e-18,49.820318709585855,-2.1913148390105646e-18,73.49843324014363,-3.675483791970015e-20,68.789934533351,70.53766894197308
33.37000000000193,2944.9611665146535,116.27473060751694,-2.1624036522502925e-16,1.6101767018519248e-18,50.079359640750546,-2.1765697458969674e-18,73.79837869535007,-3.751119990288225e-20,68.76473571085387,70.53667185016252
33.38000000000193,2945.869563413266,115.98054881449708,-2.1628321767070117e-16,1.620142344520795e-18,50.33933835513349,-2.161654461546587e-18,74.0994857272295,-3.823503676830762e-20,68.73930036677326,70.53567398030548
33.390000000001926,2946.7776002734367,115.68612827254043,-2.1632603425563514e-16,1.6303025205023047e-18,50.60025307818258,-2.146564676535719e-18,74.40175647621231,-3.8926525719409706e-20,68.71363147303792,70.5346753266636
33.400000000001924,2947.6852734024706,115.39146719113054,-2.1636881478200156e-16,1.6406614545301672e-18,50.86210198834456,-2.1312959403735733e-18,74.70519302298835,-3.9585847595457777e-20,68.6877320630415,70.53367588335371
33.41000000000192,2948.5925791168615,115.09656373697635,-2.1641155905410232e-16,1.6512235163244062e-18,51.12488321676662,-2.1158436559780663e-18,75.00979738725975,-4.021318676083599e-20,68.6616052316522,70.53267564434799
33.42000000000192,2949.4995137428045,114.80141603403496,-2.1645426687840048e-16,1.6619932264611713e-18,51.388594847000846,-2.1002030738809756e-18,75.31557152648301,-4.0808730993882526e-20,68.63525413520553,70.53167460347396
33.43000000000192,2950.406073616709,114.50602216354386,-2.1649693806354964e-16,1.6729752625278687e-18,51.653234914711085,-2.0843692861469628e-18,75.62251733460046,-4.1372671375308936e-20,68.60868199147971,70.53067275441451
33.440000000001916,2951.312255085714,114.21038016406254,-2.1653957242042308e-16,1.6841744655800957e-18,51.91880140738267,-2.0683372199900004e-18,75.93063664076145,-4.190520217622656e-20,68.58189207965354,70.52967009070821
33.450000000001914,2952.2180545082074,113.9144880315236,-2.1658216976214267e-16,1.6955958469179478e-18,52.18529226403458,-2.0521016310695815e-18,76.23993120803337,-4.240652074579958e-20,68.55488774024627,70.52866660574924
33.46000000000191,2953.1234682543477,113.61834371929359,-2.1662472990410742e-16,1.7072445952004471e-18,52.45270537493498,-2.0356570964479597e-18,76.55040273210273,-4.287682739855442e-20,68.52767237503933,70.52766229278781
33.47000000000191,2954.028492706586,113.32194513824342,-2.1666725266402186e-16,1.7191260839181046e-18,52.721038581319235,-2.0189980071883976e-18,76.86205283996648,-4.3316325301356934e-20,68.50024944697957,70.5266571449302
33.48000000000191,2954.933124260192,113.02529015682873,-2.1670973786192418e-16,1.7312458792449911e-18,52.99028967511099,-2.0021185605730006e-18,77.17488308861397,-4.3725220360085766e-20,68.47262248006352,70.52565115513912
33.490000000001906,2955.8373593237825,112.72837660118005,-2.167521853202139e-16,1.7436097482931715e-18,53.26045639864642,-1.985012751917304e-18,77.48889496369966,-4.4103721106017146e-20,68.44479505920282,70.52464431623389
33.500000000001904,2956.741194319849,112.43120225520296,-2.1679459486367942e-16,1.7562236677939224e-18,53.53153644440132,-1.967674365957149e-18,77.80408987820675,-4.445203858194794e-20,68.4167708300699,70.52363662089093
33.5100000000019,2957.6446256852905,112.13376486068837,-2.1683696631952521e-16,1.769093833231881e-18,53.803527454721895,-1.950096967781722e-18,78.12046917110227,-4.477038622807232e-20,68.38855349892408,70.52262806164397
33.5200000000019,2958.5476498719463,111.83606211743283,-2.1687929951739868e-16,1.7822266684600717e-18,54.076427021558054,-1.93227389328472e-18,78.43803410598369,-4.5058979767620446e-20,68.360146832418,70.5216186308845
33.5300000000019,2959.4502633471293,111.53809168336913,-2.1692159428941674e-16,1.795628835825817e-18,54.3502326862007,-1.9141982391037188e-18,78.75678586971743,-4.531803709229627e-20,68.33155465738308,70.52060832086222
33.540000000001896,2960.3524625941636,111.23985117470718,-2.1696385047019201e-16,1.8093072468396218e-18,54.62494193902186,-1.8958628520155694e-18,79.07672557106962,-4.554777814751028e-20,68.3027808605952,70.51959712368536
33.550000000001894,2961.2542441129203,110.94133816608519,-2.1700606789685873e-16,1.8232690734214807e-18,54.90055221921875,-1.8772603177533986e-18,79.39785423932929,-4.574842481744051e-20,68.27382938851898,70.51858503132145
33.56000000000189,2962.1556044203558,110.64255019073133,-2.1704824640909832e-16,1.8375217597615576e-18,55.17706091456084,-1.8583829492082164e-18,79.7201728229246,-4.5920200809918585e-20,68.24470424703117,70.51757203559754
33.57000000000189,2963.056540051052,110.34348474063586,-2.1709038584916456e-16,1.852073034834938e-18,55.45446536114103,-1.8392227739754777e-18,80.043682188032,-4.6063331541168457e-20,68.21540950112285,70.51655812820096
33.58000000000189,2963.9570475577543,110.04413926673377,-2.1713248606190843e-16,1.866930925613045e-18,55.73276284312981,-1.8197715212039022e-18,80.36838311717925,-4.617804402040092e-20,68.18594927457971,70.51554330067987
33.590000000001886,2964.8571235119152,109.744511179098,-2.1717454689480258e-16,1.8821037710176133e-18,56.011950592533864,-1.8000206077007743e-18,80.69427630784229,-4.626456673428106e-20,68.1563277496407,70.51452754444388
33.600000000001884,2965.756764504233,109.44459784714343,-2.1721656819796548e-16,1.8976002366664612e-18,56.292025788957744,-1.779961123244331e-18,81.0213623710363,-4.6323129531269104e-20,68.12654916663443,70.51351085076472
33.61000000000188,2966.6559671451946,109.14439659984137,-2.1725854982418504e-16,1.9134293304641973e-18,56.57298555936988,-1.7595838150502145e-18,81.3496418299018,-4.635396350585411e-20,68.09661782359349,70.51249321077701
33.62000000000188,2967.554728065617,108.84390472594502,-2.17300491628942e-16,1.929600419095011e-18,56.85482697787234,-1.7388790713347614e-18,81.67911511828562,-4.635730088267999e-20,68.06653807584566,70.51147461547893
33.63000000000188,2968.4530439171895,108.5431194742255,-2.1734239347043286e-16,1.946123245479196e-18,57.137547065474344,-1.7178369039134783e-18,82.00978257931766,-4.633337490056863e-20,68.03631433558297,70.510455055733
33.640000000001876,2969.3509113730156,108.24203805371884,-2.1738425520959237e-16,1.963007947259907e-18,57.42114278987002,-1.696446929768224e-18,82.34164446398356,-4.6282419696446506e-20,68.00595107140735,70.50943452226697
33.650000000001874,2970.2483271281544,107.9406576339838,-2.1742607671011565e-16,1.98026507639194e-18,57.70561106522017,-1.6746983515112637e-18,82.67470092969397,-4.6204670189175855e-20,67.97545280785313,70.5084130056746
33.66000000000187,2971.1452879001613,107.63897534537053,-2.1746785783847988e-16,1.9979056199100847e-18,57.990948751938205,-1.6525799366686776e-18,83.00895203885074,-4.610036196329408e-20,67.94482412488622,70.5073904964166
33.67000000000187,2972.04179042963,107.33698827930017,-2.1750959846396555e-16,2.0159410219609052e-18,58.27715265648026,-1.6300799956992253e-18,83.34439775741052,-4.596973115264932e-20,67.91406965737963,70.50636698482151
33.68000000000187,2972.9378314807323,107.03469348855542,-2.1755129845867733e-16,2.0343832071886703e-18,58.5642195311394,-1.607186358657951e-18,83.6810379534464,-4.581301432393784e-20,67.88319409456517,70.50534246108674
33.69000000000187,2973.8334078417556,106.73208798758196,-2.1759295769756443e-16,2.0532446055736993e-18,58.85214607384466,-1.5838863504062954e-18,84.01887239570804,-4.5630448360140384e-20,67.85220217946123,70.50431691527949
33.700000000001864,2974.728516325644,106.42916875280099,-2.1763457605844052e-16,2.072538178829537e-18,59.140928927963714,-1.5601667642622025e-18,84.35790075218065,-4.5422270343831104e-20,67.8210987082765,70.50329033733783
33.71000000000186,2975.623153770531,106.12593272293255,-2.1767615342200322e-16,2.0922774484744963e-18,59.43056468211067,-1.5360138339747903e-18,84.69812258864378,-4.5188717440373165e-20,67.78988852978927,70.50226271707177
33.72000000000186,2976.517317040281,105.82237679932999,-2.1771768967185315e-16,2.112476525702865e-18,59.72104986995797,-1.511413203898201e-18,85.03953736722993,-4.4930026780964983e-20,67.75857654470254,70.50123404416435
33.73000000000186,2977.4110030250167,105.51849784632535,-2.177591846945125e-16,2.1331501431919712e-18,60.012380970052845,-1.4863498972284589e-18,85.3821444449841,-4.464643534553987e-20,67.72716770497433,70.50020430817288
33.74000000000186,2978.304208641657,105.21429269158565,-2.1780063837944303e-16,2.1543136889931977e-18,60.30455440563882,-1.4608082821552795e-18,85.72594307242454,-4.433817984548908e-20,67.6956670131235,70.49917349853001
33.750000000001855,2979.196930834445,104.90975812648031,-2.1784205061906378e-16,2.1759832426680405e-18,60.59756654448093,-1.4347720357676243e-18,86.0709323921052,-4.400549660618093e-20,67.6640795215108,70.49814160454501
33.76000000000185,2980.089166575477,104.60489090645935,-2.178834213087681e-16,2.1981756138448494e-18,60.891413698696915,-1.4082241055375185e-18,86.41711143718108,-4.364862144927671e-20,67.63241033159488,70.497108615405
33.77000000000185,2980.980912865228,104.29968775144263,-2.1792475034694032e-16,2.220908383387545e-18,61.18609212459218,-1.3811466681906802e-18,86.7644791299762,-4.3267789574778766e-20,67.60066459316361,70.49607452017632
33.78000000000185,2981.872166733078,103.99414534622005,-2.179660376349719e-16,2.2441999473852718e-18,61.48159802250002,-1.3535210857550962e-18,87.11303428055582,-4.286323544280959e-20,67.56884750354007,70.49503930780584
33.79000000000185,2982.76292523783,103.68826034086248,-2.1800728307727698e-16,2.2680695641911223e-18,61.7779275366265,-1.3253278585593582e-18,87.46277558530284,-4.243519265506247e-20,67.53696430676368,70.49400296712226
33.800000000001845,2983.6531854682335,103.38202935114374,-2.1804848658130754e-16,2.292537404759476e-18,62.07507675490062,-1.2965465749312562e-18,87.81370162549929,-4.198389383590056e-20,67.50502029274608,70.49296548683758
33.81000000000184,2984.5429445434957,103.07544895897323,-2.1808964805756805e-16,2.3176246065550315e-18,62.37304170882912,-1.2671558573235e-18,88.16581086591383,-4.1509570513046216e-20,67.47302079640181,70.49192685554857
33.82000000000184,2985.4321996137974,102.76851571283947,-2.1813076741962946e-16,2.343353331332812e-18,62.67181837335648,-1.2371333045673293e-18,88.5191016533955,-4.10124529978171e-20,67.44097119675389,70.4908870617382
33.83000000000184,2986.320947860802,102.4612261282644,-2.1817184458414287e-16,2.369746827117357e-18,62.97140266672998,-1.2064554299257663e-18,88.87357221547492,-4.049277026484885e-20,67.40887691601407,70.48984609377722
33.84000000000184,2987.2091864981608,102.1535766882682,-2.1821287947085244e-16,2.3968294947415164e-18,63.27179045036966,-1.1750975945860984e-18,89.22922065897329,-3.99507498312468e-20,67.37674341863793,70.4888039399256
33.850000000001835,2988.0969127720177,101.84556384384496,-2.18253872002608e-16,2.4246269593411002e-18,63.572977528743955,-1.1430339361953782e-18,89.58604496862013,-3.93866176350954e-20,67.34457621035483,70.48776058833431
33.86000000000183,2988.984123961507,101.53718401444875,-2.1829482210537695e-16,2.4531661472413396e-18,63.87495964925012,-1.1102372920029143e-18,89.94404300568051,-3.8800597913255556e-20,67.31238083717261,70.48671602704671
33.87000000000183,2989.870817379249,101.22843358849038,-2.1833572970825576e-16,2.482475368715607e-18,64.17773250209994,-1.0766791161293423e-18,90.30321250659239,-3.8192913078360966e-20,67.28016288435725,70.48567024400046
33.88000000000183,2990.7569903718395,100.91930892384438,-2.1837659474348076e-16,2.51258440714635e-18,64.48129172021125,-1.042329390432355e-18,90.6635510816151,-3.756378359493234e-20,67.2479279753874,70.484623227029
33.89000000000183,2991.6426403203404,100.60980634836663,-2.184174171464385e-16,2.5435246151734864e-18,64.78563287910393,-1.0071565283837407e-18,91.02505621348948,-3.6913427854502394e-20,67.21568177088417,70.48357496386346
33.900000000001825,2992.527764640759,100.29992216042203,-2.1845819685567565e-16,2.5753290184775442e-18,65.09075149680224,-9.711272713105598e-19,91.38772525611071,-3.6242062049655713e-20,67.1834299675157,70.48252544213433
33.91000000000182,2993.4123607845263,99.98965262942255,-2.1849893381290803e-16,2.6080324279141703e-18,65.39664303374194,-9.342065762837614e-19,91.75155543321453,-3.5549900046852684e-20,67.15117829687726,70.48147464937325
33.92000000000182,2994.2964262389714,99.67899399637533,-2.1853962796302942e-16,2.6416715607945556e-18,65.7033028926833,-8.963574948597115e-19,92.11654383707761,-3.483715325792464e-20,67.11893252434645,70.48042257301495
33.93000000000182,2995.1799585277895,99.36794247444081,-2.1858027925411966e-16,2.676285172193893e-18,66.01072641862926,-8.575410417925047e-19,92.4826874272332,-3.4104030510083686e-20,67.08669844791422,70.479369200399
33.94000000000182,2996.0629552115047,99.05649424950087,-2.1862088763745219e-16,2.711914197268538e-18,66.3189088987495,-8.177160527364062e-19,92.8499830292024,-3.33507379143097e-20,67.05448189699125,70.4783145187718
33.950000000001815,2996.9454138879273,98.74464548073668,-2.1866145306750103e-16,2.7486019056736747e-18,66.62784556230997,-7.768390298466122e-19,93.21842733324266,-3.257747873194011e-20,67.02228873119027,70.47725851528848
33.96000000000181,2997.827332192608,98.43239230121638,-2.1870197550194726e-16,2.7863940692987638e-18,66.93753158060821,-7.348639740610258e-19,93.58801689311338,-3.178445323928091e-20,66.99012483908449,70.47620117701494
33.97000000000181,2998.7087077992837,98.11973081849233,-2.1874245490168481e-16,2.825339144680028e-18,67.24796206691381,-6.917422027038008e-19,93.95874812486053,-3.097185859003462e-20,66.95799613694206,70.47514249092976
33.98000000000181,2999.5895384203186,97.80665711520786,-2.187828912308258e-16,2.8654884716101264e-18,67.55913207641555,-6.474221508905382e-19,94.33061730562041,-3.013988867534551e-20,66.9259085674372,70.47408244392624
33.99000000000181,3000.4698218071403,97.4931672497134,-2.1882328445670528e-16,2.9068964896476244e-18,67.87103660617336,-6.0184915503243525e-19,94.70362057244381,-2.928873398119956e-20,66.89386809833782,70.4730210228146
34.000000000001805,3001.3495557506685,97.17925725669184,-2.1886363454988542e-16,2.9496209744366914e-18,68.18367059507663,-5.549652165290443e-19,95.07775392114138,-2.841858144293805e-20,66.86188072117028,70.47195821432395
34.0100000000018,3002.2287380817384,96.86492314779309,-2.1890394148415899e-16,2.9937232959838553e-18,68.49702892380814,-5.06708743502721e-19,95.45301320515104,-2.752961429659144e-20,66.82995244986122,70.47089400510446
34.0200000000018,3003.107366671517,96.55016091227748,-2.1894420523655256e-16,3.0392687013087658e-18,68.81110641481398,-4.570142681578688e-19,95.82939413442861,-2.6622011926722052e-20,66.79808931935708,70.46982838172954
34.0300000000018,3003.9854394319127,96.2349665176681,-2.189844257873289e-16,3.0863266241947454e-18,69.12589783227905,-4.058121370391388e-19,96.20689227436212,-2.569594971043411e-20,66.7662973842212,70.46876133069803
34.0400000000018,3004.86295431598,95.9193359104119,-2.1902460311998883e-16,3.1349710251188355e-18,69.44139788210903,-3.5302817110890307e-19,96.58550304471125,-2.4751598857178666e-20,66.73458271720953,70.4676928384364
34.050000000001795,3005.739909318314,95.6032650165492,-2.1906473722127268e-16,3.1852807648476273e-18,69.75760121191773,-2.9858329215767624e-19,96.96522171857241,-2.3789126243934046e-20,66.7029514078243,70.4666228913011
34.06000000000179,3006.616302475442,95.28674974239166,-2.1910482808116102e-16,3.237340015652977e-18,70.07450241102079,-2.423931115933697e-19,97.3460434213707,-2.2808694245313726e-20,66.67140956084701,70.4655514755806
34.07000000000179,3007.492131866204,94.9697859752085,-2.1914487569287493e-16,3.291238714641528e-18,70.39209601043531,-1.8436747711546683e-19,97.72796312987933,-2.181046055810176e-20,66.63996329485052,70.46447857749804
34.08000000000179,3008.367395612129,94.65236958392079,-2.1918488005287567e-16,3.3470730643159272e-18,70.71037648288548,-1.2440997215616649e-19,98.11097567126791,-2.0794578019661668e-20,66.60861874069079,70.46340418321327
34.09000000000179,3009.2420918778002,94.33449641980366,-2.192248411608639e-16,3.4049460862089655e-18,71.02933824281443,-6.241736224729714e-20,98.49507572218013,-1.9761194419618706e-20,66.57738203997877,70.46232827882544
34.100000000001785,3010.1162188712183,94.01616231719619,-2.1926475901977824e-16,3.4649682342720415e-18,71.34897564640187,1.721018368487621e-21,98.88025780784191,-1.8710452304132756e-20,66.54625934353287,70.46125085037515
34.11000000000178,3010.98977484415,93.69736309421894,-2.1930463363579341e-16,3.52725807567826e-18,71.66928299158815,6.812394754249499e-20,99.26651630120111,-1.7642488772031066e-20,66.51525680981223,70.46017188384714
34.12000000000178,3011.8627580924745,93.37809455349881,-2.1934446501831774e-16,3.5919430478433854e-18,71.99025451810436,1.3691907224408037e-19,99.65384542209954,-1.6557435261971944e-20,66.48438060333172,70.45909136517251
34.13000000000178,3012.7351669565182,93.05835248290111,-2.1938425317999029e-16,3.6591603018065405e-18,72.31188440750888,2.0824375194592037e-19,100.04223923647821,-1.5455417329723145e-20,66.45363689305864,70.45800928023132
34.14000000000178,3013.6069998213834,92.73813265626865,-2.194239981366774e-16,3.729057643684431e-18,72.63416678322953,2.822460000843028e-19,100.43169165561696,-1.4336554414541083e-20,66.42303185079221,70.45692561485501
34.150000000001775,3014.4782551172666,92.41743083416762,-2.1946369990746876e-16,3.801794587764341e-18,72.95709571061244,3.5908553715974807e-19,100.82219643540917,-1.3200959593517513e-20,66.39257164952564,70.45584035482898
34.16000000000177,3015.348931319771,92.09624276464017,-2.1950335851467296e-16,3.877543536988469e-18,73.2806651969771,4.389349712305168e-19,101.21374717567258,-1.2048739322631876e-20,66.36226246179223,70.45475348589501
34.17000000000177,3016.2190269502075,91.77456418396329,-2.1954297398381277e-16,3.956491109174234e-18,73.60486919167782,5.219811241437536e-19,101.60633731949719,-1.0879993163091223e-20,66.3321104579952,70.453664993754
34.18000000000177,3017.088540575889,91.45239081741403,-2.1958254634361972e-16,4.038839630397227e-18,73.92970158617082,6.084265249310163e-19,101.999960152631,-9.69481349137188e-21,66.30212180472256,70.4525748640684
34.19000000000177,3017.957470810415,91.12971838004063,-2.1962207562602843e-16,4.1248088206407305e-18,74.25515621408876,6.984910954720678e-19,102.39460880290466,-8.493285191197997e-21,66.27230266304694,70.45148308246483
34.200000000001765,3018.825816313947,90.80654257743956,-2.196615618661705e-16,4.214637701217766e-18,74.58122685132027,7.924140579331499e-19,102.79027623969591,-7.275485325427695e-21,66.24265918681172,70.4503896345368
34.21000000000176,3019.6935757934757,90.48285910653802,-2.19701005102368e-16,4.308586758762435e-18,74.90790721609719,8.904560987764237e-19,103.18695527343449,-6.04148278561905e-21,66.21319752090342,70.44929450584726
34.22000000000176,3020.560748003078,90.15866365638192,-2.1974040537612676e-16,4.4069404069688225e-18,75.23519096908723,9.929018305190407e-19,103.58463855514873,-4.791337916694661e-21,66.18392379951156,70.44819768193129
34.23000000000176,3021.4273317441643,89.83395190892897,-2.1977976273212911e-16,4.510009794985345e-18,75.56307171349351,1.1000626001498457e-18,103.98331857605447,-3.525102113824526e-21,66.15484414437623,70.44709914829876
34.24000000000176,3022.293325865718,89.50871953984664,-2.1981907721822658e-16,4.618136020773091e-18,75.89154299516049,1.2122797025123018e-18,104.3829876671872,-2.2428173882254752e-21,66.12596466302433,70.44599889043707
34.250000000001755,3023.1587292645236,89.18296221931492,-2.1985834888543227e-16,4.731693819219945e-18,76.22059830268576,1.3299280684457229e-18,104.78363799907822,-9.445158981246763e-22,66.09729144699526,70.4448968938138
34.26000000000175,3024.023540885386,88.85667561283346,-2.1989757778791308e-16,4.851095808894247e-18,76.55023106753929,1.4534205115685359e-18,105.18526158147597,3.6978055940049237e-22,66.06883057005625,70.44379314387953
34.27000000000175,3024.88775972134,88.52985538203296,-2.1993676398298186e-16,4.976797398696477e-18,76.8804346641886,1.58321263496241e-18,105.58785026311263,1.700061100635802e-21,66.04058808640883,70.44268762607045
34.28000000000175,3025.7513848138497,88.20249718549061,-2.1997590753108945e-16,5.1093024771990284e-18,77.2112024102301,1.7198085205474638e-18,105.99139573151776,3.0463263571595e-21,66.0125700288866,70.44158032581124
34.29000000000175,3026.614415252997,87.87459667954919,-2.200150084958169e-16,5.24917003428631e-18,77.54252756652792,1.8637673507609914e-18,106.39588951287884,4.408589134024565e-21,65.98478240714533,70.4404712285178
34.300000000001745,3027.4768501776607,87.54614951913977,-2.2005406694386763e-16,5.397021898305259e-18,77.87440333735796,2.0157111457501666e-18,106.80132297195007,5.786875131771269e-21,65.95723120584617,70.43936031959993
34.31000000000174,3028.338688775688,87.21715135860767,-2.200930829450601e-16,5.55355181426765e-18,78.20682287056005,2.17633384162027e-18,107.20768731200997,7.18122374108322e-21,65.9299223828326,70.43824758446432
34.32000000000174,3029.1999302840486,86.88759785254135,-2.201320565723206e-16,5.7195361423053216e-18,78.53977925769499,2.346411988940082e-18,107.61497357486837,8.591688920372854e-21,65.90286186730224,70.43713300851724
34.33000000000174,3030.0605739889875,86.55748465660423,-2.201709879016768e-16,5.8958465240422936e-18,78.87326553420996,2.5268174191686677e-18,108.02317264092382,1.0018340168350175e-20,65.87605555797398,70.43601657716727
34.34000000000174,3030.9206192261586,86.2268074283689,-2.20209877012252e-16,6.0834649524910016e-18,79.2072746796085,2.7185323146114147e-18,108.43227522927168,1.146126360578628e-20,65.8495093212516,70.43489827582832
34.350000000001735,3031.780065380755,85.89556182815365,-2.2024872398626008e-16,6.283501794866617e-18,79.54179961762928,2.9226672312996448e-18,108.84227189786402,1.292056318325506e-20,65.82322898938455,70.43377808992227
34.36000000000173,3032.6389118876227,85.56374351986102,-2.2028752890900214e-16,6.497217466062729e-18,79.87683321642984,3.140482772537881e-18,109.25315304372144,1.4396362034831804e-20,65.79722035862669,70.43265600488199
34.37000000000173,3033.4971582313688,85.23134817181811,-2.2032629186886426e-16,6.726048645519112e-18,80.21236828877771,3.373415805850135e-18,109.66490890319781,1.5888804001602185e-20,65.77148918739421,70.431532006154
34.38000000000173,3034.3548039464536,84.89837145761837,-2.2036501295731749e-16,6.971640188714407e-18,80.54839759224843,3.6231113745588966e-18,110.07752955229842,1.7398055353648243e-20,65.74604119442309,70.43040607920149
34.39000000000173,3035.211848617276,84.5648090569646,-2.2040369226892008e-16,7.235884230385709e-18,80.88491382942892,3.89146180109997e-18,110.4910049070518,1.8924306745163485e-20,65.72088205692766,70.42927820950702
34.400000000001725,3036.068291878246,84.23065665651303,-2.20442329901323e-16,7.520968443900601e-18,81.22190964812965,4.180654946499592e-18,110.90532472393625,2.0467775444811526e-20,65.69601740876047,70.4281483825755
34.41000000000172,3036.924133413847,83.89590995071795,-2.2048092595527902e-16,7.829436059292065e-18,81.55937764160181,4.4932342285260706e-18,111.32047860036103,2.2028707892929545e-20,65.67145283857487,70.42701658393705
34.42000000000172,3037.7793729586856,83.56056464267695,-2.2051948053465674e-16,8.164261123579687e-18,81.89731034876186,4.8321738821407256e-18,111.73645597520307,2.3607382649160355e-20,65.64719388799126,70.42588279914972
34.43000000000172,3038.634010297532,83.22461644497623,-2.2055799374646055e-16,8.528943718521933e-18,82.235700254423,5.200974177395133e-18,112.15324612939935,2.5204113809531415e-20,65.62324604976749,70.42474701380252
34.44000000000172,3039.488045265347,82.88806108053586,-2.2059646570085804e-16,8.927631594867512e-18,82.57453978953251,5.603783053845144e-18,112.57083818659552,2.6819254991981162e-20,65.5996147659749,70.42360921351823
34.450000000001715,3040.341477747301,82.55089428345467,-2.206348965112171e-16,9.365277186854716e-18,82.91382133141748,6.045553135233453e-18,112.98922111385104,2.8453204015427765e-20,65.57630542618061,70.42246938395624
34.46000000000171,3041.1943076787775,82.21311179985454,-2.2067328629415503e-16,9.84784262365377e-18,83.25353720403544,6.5322467411396434e-18,113.4083837224011,3.010640843206685e-20,65.55332336563707,70.42132751081544
34.47000000000171,3042.0465350453696,81.87470938872382,-2.2071163516960358e-16,1.038257077194464e-17,83.59367967823343,7.071106929794585e-18,113.82831466847584,3.1779372118768987e-20,65.53067386348015,70.42018357983707
34.48000000000171,3042.8981598828614,81.53568282275947,-2.2074994326089426e-16,1.0978348526614587e-17,83.93424097201301,7.671020789049329e-18,114.2490024541767,3.347266319611739e-20,65.5083621409361,70.41903757680757
34.49000000000171,3043.7491822771995,81.19602788920793,-2.2078821069487058e-16,1.1646201177230475e-17,84.27521325080141,8.343013803160814e-18,114.67043542841064,3.5186923629716084e-20,65.4863933595392,70.41788948756144
34.500000000001705,3044.5996023644543,80.85574039070413,-2.208264376020363e-16,1.239997654893553e-17,84.61658862773211,9.100933994053252e-18,115.09260178788196,3.692288098851783e-20,65.46477261936028,70.41673929798412
34.5100000000017,3045.4494203307668,80.51481614610866,-2.2086462411675224e-16,1.3257309709388648e-17,84.95835916392886,9.962416628685672e-18,115.51548957814201,3.868136300545154e-20,65.44350495724763,70.41558699401476
34.5200000000017,3046.298636412286,80.1732509913426,-2.2090277037750026e-16,1.424101231327582e-17,85.30051686879948,1.0950273564070923e-17,115.93908669469705,4.046331583213067e-20,65.42259534508113,70.41443256164912
34.5300000000017,3047.1472508950956,79.83104078021985,-2.2094087652724195e-16,1.538112189362393e-17,85.64305370033456,1.2094542539197917e-17,116.36338088417396,4.2269827243428954e-20,65.40204868804058,70.4132759869424
34.5400000000017,3047.9952641151253,79.48818138527673,-2.2097894271391352e-16,1.6718008233096958e-17,85.98596156541447,1.3435593547066192e-17,116.78835974554421,4.410215659775745e-20,65.38186982288913,70.41211725601195
34.550000000001695,3048.8426764580554,79.14466869859841,-2.2101696909112307e-16,1.8307232739796112e-17,86.32923232012254,1.5028988211394994e-17,117.21401073140579,4.596177421233403e-20,65.362063516273,70.41095635504024
34.56000000000169,3049.689488359206,78.80049863264215,-2.210549558191573e-16,2.022743468747801e-17,86.67285777006498,1.6953366027978815e-17,117.64032114932297,4.785041417724144e-20,65.34263446303848,70.40979327027756
34.57000000000169,3050.535700303415,78.45566712105682,-2.210929030664811e-16,2.2593698577664578e-17,87.01682967069891,1.93238117282479e-17,118.06727816322424,4.977014689010712e-20,65.32358728456688,70.40862798804476
34.58000000000169,3051.3813128249076,78.11017011949865,-2.2113081101205922e-16,2.5581428940254052e-17,87.36113972766516,2.2315730081771972e-17,118.49486879485755,5.172348148261155e-20,65.30492652712891,70.40746049473616
34.59000000000169,3052.22632650715,77.76400360644274,-2.2116867984913099e-16,2.947182039934578e-17,87.70577959713219,2.6210315964621935e-17,118.92307992530343,5.3713515332269896e-20,65.286656660259,70.40629077682217
34.600000000001685,3053.0707419826945,77.41716358399033,-2.2120650979174953e-16,3.474575530822277e-17,88.05074088614018,3.1488451997868595e-17,119.35189829654503,5.57441612659829e-20,65.26878207515101,70.40511882085215
34.61000000000168,3053.914559933011,77.06964607867123,-2.2124430108711507e-16,4.229928361956643e-17,88.39601515296178,3.904618842287654e-17,119.78131051309536,5.782051049909562e-20,65.25130708307587,70.40394461345707
34.62000000000168,3054.7577810883076,76.72144714224139,-2.2128205404178571e-16,5.4014879059745894e-17,88.74159390745702,5.076599928333716e-17,120.21130304368114,5.994945048404932e-20,65.23423591382256,70.40276814135218
34.63000000000168,3055.6004062273414,76.37256285247537,-2.2131976908843968e-16,7.463390092530996e-17,89.08746861145036,7.138924423444895e-17,120.64186222298275,6.214080882469441e-20,65.21757271416283,70.40158939133985
34.64000000000168,3056.442436177214,76.02298931395316,-2.2135744701863254e-16,1.2050360302203748e-16,89.4336306791018,1.172631775050063e-16,121.07297425343016,6.440973170247079e-20,65.2013215463414,70.40040835031215
34.650000000001675,3057.2838718131584,75.6727226588415,-2.2139509070241544e-16,3.1105607511338006e-16,89.780071477288,3.0781988939484464e-16,121.50462520705418,6.678254546691384e-20,65.18548638659188,70.39922500525347
34.66000000000167,3058.1247140583127,75.32175904766902,-7.293134698020671e-08,180.0,89.87321767398339,180.0,121.9368010273925,6.931520948217011e-20,65.1700711236796,70.39803934324325
34.67000000000167,3058.964963883484,74.97009467009535,-2.174348240760605e-07,179.99857790026311,89.52624550108327,179.99857788725328,122.36948753145029,-1.4813025662159705e-07,65.15507955747273,70.39685135145855
34.68000000000167,3059.804622306898,74.61772574567354,-4.322256192737736e-07,179.9975426391468,89.17902077627241,179.997542591687,122.80267041171408,6.192916945870112e-06,65.1405153975421,70.39566101717669
34.69000000000167,3060.643690393942,74.26464852460589,-7.160949951334633e-07,179.99655313363732,88.83155231752151,179.99655302241504,123.23633523821681,1.9122668400126064e-05,65.1263822617908,70.39446832777776
34.700000000001666,3061.48216925689,73.91085928849274,-1.0679118492029502e-06,179.99558074680968,88.48384898806182,179.99558053518578,123.67046746065616,3.873915684974778e-05,65.11268367511371,70.39327327074719
34.71000000000166,3062.3200600546206,73.55635435107403,-1.486624165278123e-06,179.99461813000934,88.13591969595427,179.9946177745512,124.10505241056558,6.513894236588651e-05,65.0994230680892,70.39207583367835
34.72000000000166,3063.1573639923254,73.20113005896336,-1.9712603572874366e-06,179.99366250132215,87.78777339366134,179.99366195232435,124.54007530353637,9.841713400533685e-05,65.08660377570303,70.39087600427492
34.73000000000166,3063.9940823212,72.84518279237436,-2.520930507426806e-06,179.99271254539877,87.4394190776045,179.9927117473915,124.9755212414894,0.00013866741173760035,65.07422903610575,70.3896737703535
34.74000000000166,3064.8302163381295,72.48850896583906,-3.1348275002393786e-06,179.99176753680482,87.09086578771596,179.99176642904936,125.41137521499644,0.00018598204862844647,65.06230198940406,70.388469119846
34.750000000001656,3065.66576738536,72.13110502891806,-3.8122280544010286e-06,179.99082702499453,86.7421226069856,179.9908255419663,125.84762210564926,0.00024045193326755444,65.0508256764873,70.38726204080204
34.760000000001654,3066.5007368501597,71.77296746690229,-4.552493654036773e-06,179.98989070163714,86.39319866099544,179.9898887734961,126.28424668847636,0.0003021665924278827,65.03980303788954,70.38605252139138
34.77000000000165,3067.3351261644684,71.41409280150602,-5.3550713814556716e-06,179.98895833798568,86.04410311745319,179.98895589103404,126.72123363440569,0.00037121421394447696,65.0292369126884,70.38484054990627
34.78000000000165,3068.168936804538,71.05447759155105,-6.219494653252058e-06,179.9880297526383,85.69484518571208,179.98802670976536,127.1585675127729,0.00044768166980050283,65.0191300374412,70.38362611476383
34.79000000000165,3069.002170290559,70.69411843364172,-7.14538386177917e-06,179.987104793774,85.34543411629038,179.98710107488844,127.59623279387348,0.0005316545394083614,65.00948504515911,70.38240920450822
34.800000000001646,3069.8348281862795,70.33301196283058,-8.132446924057168e-06,179.9861833288102,84.99587920037719,179.9861788512594,128.03421385155804,0.0006232171330738301,65.0003044643204,70.38118980781317
34.810000000001644,3070.6669120986107,69.97115485327447,-9.180479740231432e-06,179.98526523810074,84.64618976933403,179.98525991707743,128.47249496586954,0.0007224525156312549,64.99159071792309,70.37996791348391
34.82000000000164,3071.4984236772234,69.60854381888082,-1.028936656374851e-05,179.98435041094595,84.29637519419067,179.98434415988189,128.911060325721,0.0008294425302379128,64.98334612257787,70.37874351045959
34.83000000000164,3072.3293646141333,69.24517561394394,-1.1459080285466395e-05,179.98343874298314,83.94644488513028,179.98343147392995,129.34989403161302,0.000944267822315752,64.97557288764214,70.37751658781544
34.84000000000164,3073.1597366432766,68.88104703377113,-1.268968263396272e-05,179.9825301344307,83.59640829096912,179.98252175842805,129.78898009838906,0.0010670078636288243,64.96827311439549,70.37628713476482
34.850000000001636,3073.9895415400742,68.51615491529827,-1.3981324294349065e-05,179.981624488878,83.24627489862822,179.9816149163085,130.22830245802785,0.0011977409764848182,64.96144879525748,70.37505514066137
34.860000000001634,3074.8187811209873,68.15049613769493,-1.5334244947941737e-05,179.98072171243288,82.89605423259995,179.98071085336443,130.66784496247138,0.0013365443580492203,64.95510181304832,70.37382059500113
34.87000000000163,3075.64745724306,67.7840676229585,-1.674877323517911e-05,179.97982171310952,82.5457558544031,179.97980947762457,131.10759138648677,0.0014834941047607247,64.94923394029288,70.37258348742452
34.88000000000163,3076.4755718034558,67.41686633649743,-1.8225326644213118e-05,179.97892440038203,82.19538936203485,179.9789106988938,131.5475254305613,0.0016386652368366513,64.94384683856873,70.3713438077183
34.89000000000163,3077.3031267389792,67.0488892877032,-1.976441132763713e-05,179.97802968485328,81.84496438941254,179.9780144284093,131.98763072382837,0.001802131722857229,64.93894205789864,70.37010154581766
34.900000000001626,3078.130124025594,66.6801335305109,-2.1366621849844955e-05,179.9771374780064,81.49449060581001,179.97712057857888,132.42789082702367,0.001973966504417734,64.9345210361881,70.36885669180798
34.910000000001624,3078.956565677925,66.31059616394823,-2.3032640867545622e-05,179.97624769201596,81.1439777152845,179.97622906277923,132.86828923546946,0.0021542415208376047,64.93058509870832,70.36760923592685
34.92000000000162,3079.782453748756,65.94027433267279,-2.476323874598582e-05,179.97536023960274,80.79343545609919,179.97533979519784,133.308809382086,0.002343027733915769,64.92713545762514,70.36635916856582
34.93000000000162,3080.607790328514,65.56916522749734,-2.6559273113456907e-05,179.97447503392124,80.44287360013554,179.97445269070744,133.7494346404278,0.0025403951527215715,64.92417321157423,70.36510648027226
34.94000000000162,3081.4325775447483,65.1972660859031,-2.8421688356685628e-05,179.97359198847172,80.09230195229952,179.97356766476508,134.19014832774442,0.002746412858410813,64.92169934528305,70.3638511617511
34.950000000001616,3082.256817561595,64.82457419254064,-3.0351515059727417e-05,179.97271101703066,79.74173034992162,179.97268463332958,134.6309337080625,0.002961149029056563,64.91971472923979,70.36259320386654
34.960000000001614,3083.08051257924,64.45108687971846,-3.234986938899851e-05,179.97183203359583,79.39116866214685,179.97180351279366,135.07177399528916,0.0031846709644845297,64.9182201194099,70.36133259764374
34.97000000000161,3083.903664833364,64.07680152787893,-3.441795242709775e-05,179.97095495234214,79.04062678932087,179.97092421992681,135.51265235633375,0.0034170451111029698,64.91721615699998,70.36006933427045
34.98000000000161,3084.726276594588,63.70171556606148,-3.655704945808131e-05,179.97007968758655,78.69011466236533,179.97004667182716,135.9535519142473,0.003658337086717182,64.91670336827003,70.35880340509866
34.99000000000161,3085.548350167904,63.325826472353,-3.8768529206862846e-05,179.96920615375933,78.33964224214915,179.96917078587987,136.39445575137745,0.003908611705318894,64.91668216439341,70.357534801646
35.000000000001606,3086.3698878921,62.94913177432512,-4.105384303541923e-05,179.96833426538134,77.98921951885,179.96829647972118,136.83534691253712,0.004167933001840887,64.9171528413656,70.35626351559743
35.010000000001604,3087.190892139175,62.57162904945838,-4.341452409848648e-05,179.96746393704504,77.6388565113102,179.96742367120677,137.27620840818597,0.004436364256867483,64.91811557996122,70.35498953880659
35.0200000000016,3088.011365313749,62.19331592555314,-4.585218646143248e-05,179.9665950833995,77.28856326638494,179.9665522783834,137.7170232176218,0.004713968021291549,64.91957044573988,70.35371286329726
35.0300000000016,3088.8313098524623,61.81419008112699,-4.8368524182993095e-05,179.9657276191379,76.9383498582827,179.96568221946364,138.15777429218144,0.005000806140908974,64.9215173891007,70.35243348126467
35.0400000000016,3089.6507282233674,61.43424924579872,-5.096531036555564e-05,179.96486145898734,76.58822638789955,179.96481341280278,138.5984445584484,0.005296939780941619,64.9239562453858,70.35115138507695
35.050000000001596,3090.469622925316,61.05349120065857,-5.364439617566801e-05,179.9639965177007,76.23820298214572,179.9639457768775,139.03901692146607,0.005602429450479988,64.92688673503251,70.34986656727622
35.060000000001594,3091.287996487335,60.671913778624734,-5.640770983744501e-05,179.96313271004996,75.8882897932648,179.9630792302661,139.47947426795477,0.005917335026837007,64.93030846377464,70.34857902058002
35.07000000000159,3092.105851467998,60.28951486478601,-5.9257255601532695e-05,179.96226995082054,75.53849699814656,179.96221369163013,139.9197994695307,0.00624171577980445,64.9342209228925,70.34728873788242
35.08000000000159,3092.923190454789,59.90629239673043,-6.219511269228012e-05,179.96140815480706,75.18883479763247,179.961349079697,140.359975385925,0.006575630395803802,64.93862348951163,70.34599571225509
35.09000000000159,3093.7400160634593,59.5222443648599,-6.522343423575301e-05,179.9605472368096,74.83931341581386,179.96048531324317,140.79998486820196,0.0069191370019234056,64.94351542695041,70.34469993694846
35.100000000001586,3094.5563309373774,59.13736881269062,-6.834444617120687e-05,179.95968711163096,74.48994309932357,179.9596223110785,141.2398107619734,0.007272293189834035,64.94889588511612,70.3434014053928
35.110000000001584,3095.372137746874,58.75166383713925,-7.156044614861863e-05,179.95882769407433,74.1407341166203,179.95875999203085,141.67943591060836,0.007635156039575142,64.9547639009493,70.34210011119914
35.12000000000158,3096.18743918858,58.36512758879483,-7.48738024148542e-05,179.95796889894143,73.79169675726673,179.9578982749313,142.11884315843693,0.008007782143204238,64.96111839891643,70.34079604816024
35.13000000000158,3097.002237984757,57.97775827217623,-7.828695269102671e-05,179.95711064103125,73.44284133120006,179.95703707859963,142.55801535394457,0.008390227628302037,64.96795819155054,70.33948921025149
35.14000000000158,3097.8165368826253,57.58955414597518,-8.180240304357371e-05,179.9562528351389,73.09417816799622,179.95617632183038,142.99693535295762,0.008782548181326172,64.97528198003944,70.33817959163181
35.150000000001576,3098.6303386536842,57.20051352328474,-8.542272675155582e-05,179.955395396055,72.74571761612714,179.955315923379,143.43558602181662,0.009184799070806526,64.98308835486138,70.33686718664438
35.160000000001574,3099.443646093027,56.81063477181323,-8.915056317264816e-05,179.95453823856485,72.39747004221151,179.95445580194828,143.8739502405365,0.009597035170375306,64.9913757964678,70.33555198981738
35.17000000000157,3100.2564620186513,56.41991631408347,-9.298861661026558e-05,179.95368127744848,72.049445830259,179.9535958761749,144.3120109059517,0.01001931098162531,65.00014267601266,70.33423399586478
35.18000000000157,3101.068789270765,56.028356627617434,-9.693965518422977e-05,179.95282442748018,71.70165538090775,179.95273606461626,144.74975093484528,0.010451680656789879,65.0093872561281,70.33291319968689
35.19000000000157,3101.8806307110885,55.63595424510605,-0.0001010065097073499,179.95196760342859,71.35410911065527,179.9518762857373,145.18715326705913,0.010894198021238342,65.01910769174606,70.33158959637105
35.200000000001566,3102.691989222148,55.242707754564364,-0.00010519207257025318,179.9511107200568,71.00681745108363,179.95101645789757,145.624200868585,0.011346916595780897,65.02930203096514,70.33026318119212
35.210000000001564,3103.502867706572,54.84861579947188,-0.0001094992966367618,179.95025369212237,70.65979084807738,179.95015649933814,146.06087673463412,0.011809889618777037,65.03996821596235,70.32893394961302
35.22000000000156,3104.3132690863763,54.45367707889807,-0.00011393119415207355,179.94939643437777,70.31303976103581,179.94929632816886,146.49716389268383,0.012283170068041851,65.05110408394938,70.3276018972851
35.23000000000156,3105.1231963022506,54.05789034761311,-0.00011849083566596098,179.94853886157054,69.966574662079,179.94843586235538,146.93304540550014,0.01276681068254475,65.06270736817258,70.32626702004872
35.24000000000156,3105.9326523128398,53.661254416183766,-0.00012318134897316058,179.9476808884436,69.62040603524746,179.94757501970648,147.36850437413403,0.0132608639838953,65.07477569895612,70.32492931393337
35.250000000001556,3106.7416400940224,53.26376815105442,-0.00012800591807307887,179.94682242973576,69.27454437569646,179.94671371786112,147.80352394089104,0.013765382297611093,65.08730660478777,70.32358877515814
35.260000000001554,3107.5501626381847,52.865430474613305,-0.00013296778215089624,179.94596340018205,68.92900018888321,179.94585187427575,148.23808729227162,0.01428041777416269,65.10029751344683,70.32224540013193
35.27000000000155,3108.3582229534945,52.46624036524387,-0.00013807023458210085,179.94510371451412,68.58378398974992,179.94498940621145,148.6721776618815,0.01480602240979105,65.11374575317292,70.32089918545361
35.28000000000155,3109.1658240631705,52.06619685736136,-0.0001433166219624371,179.94424328746067,68.2389063018996,179.9441262307212,149.10577833331084,0.015342248067092718,65.12764855387586,70.31955012791215
35.29000000000155,3109.97296900475,51.665299041434594,-0.00014871034316520226,179.94338203374807,67.89437765676708,179.94326226463707,149.53887264298,0.01588914649536874,65.14200304838491,70.31819822448686
35.300000000001546,3110.779660829357,51.26354606399294,-0.00015425484842777415,179.94251986810065,67.55020859278427,179.94239742455724,149.97144398295183,0.016446769350732828,65.15680627373749,70.31684347234727
35.310000000001544,3111.585902600964,50.8609371276186,-0.00015995363846919988,179.94165670524114,67.20640965454034,179.9415316268334,150.4034758037079,0.017015168215975176,65.17205517250585,70.31548586885319
35.32000000000154,3112.3916973956552,50.45747149092414,-0.00016581026364062258,179.94079245989136,66.86299139193595,179.94066478755764,150.8349516168886,0.01759439462017786,65.1877465941615,70.31412541155473
35.33000000000154,3113.1970483008904,50.0531484685154,-0.00017182832311026913,179.9399270467724,66.51996435933322,179.93979682254957,151.26585499799523,0.018184500058078507,65.20387729647616,70.31276209819208
35.34000000000154,3114.001958414763,49.64796743093977,-0.00017801146408466534,179.93906038060524,66.17733911469966,179.93892764734355,151.69616958905306,0.018785536009178733,65.2204439469585,70.31139592669544
35.350000000001536,3114.806430845263,49.24192780461988,-0.00018436338106769077,179.93819237611126,65.83512621874802,179.93805717717544,152.1258791012342,0.0193975539565942,65.23744312432574,70.3100268951848
35.360000000001534,3115.6104687095344,48.835029071772816,-0.0001908878151590274,179.93732294801245,65.49333623407094,179.93718532696977,152.55496731743975,0.020020605405643314,65.2548713200094,70.3086550019697
35.37000000000153,3116.4140751331365,48.42727077031495,-0.00019758855339349868,179.93645201103206,65.15197972427109,179.9363120113266,152.98341809483907,0.020654741902171758,65.27272493969387,70.30728024554884
35.38000000000153,3117.2172532493028,48.018652493752285,-0.00020446942812273926,179.93557947989504,64.81106725308643,179.93543714450848,153.4112153673664,0.021300015050610202,65.29100030488742,70.30590262460991
35.39000000000153,3118.0200061982027,47.60917389105664,-0.00021153431644057455,179.9347052693283,64.47060938351188,179.93456064042707,153.8383431481732,0.021956476531762855,65.30969365452394,70.30452213802903
35.400000000001526,3118.822337126201,47.19883466652755,-0.0002187871396534318,179.93382929406127,64.13061667691576,179.93368241263025,154.264785532035,0.022624178120324474,65.32880114659524,70.3031387848704
35.410000000001524,3119.6242491851212,46.7876345796401,-0.0002262318627970447,179.93295146882625,63.79109969215299,179.9328023742886,154.69052669771298,0.023303171702123975,65.34831885981221,70.30175256438572
35.42000000000152,3120.425745531508,46.37557344487868,-0.00023387249420065367,179.9320717083588,63.452068984673716,179.93192043818237,155.1155509102683,0.023993509291092466,65.36824279529428,70.30036347601379
35.43000000000152,3121.2268293258912,45.962651131556925,-0.0002417130850998425,179.9311899273982,63.11353510562873,179.93103651668787,155.53984252332913,0.024695243045954392,65.38856887828574,70.29897151937976
35.44000000000152,3122.0275037320553,45.54886756362372,-0.00024975772929909385,179.93030604068784,62.77550860097072,179.93015052176418,155.9633859813093,0.02540842528663987,65.40929295989837,70.29757669429463
35.450000000001516,3122.827771916304,45.13422271945562,-0.0002580105628850845,179.92941996297543,62.43800001055244,179.92926236493986,156.38616582157803,0.026133108510417242,65.43041081887876,70.29617900075445
35.460000000001514,3123.627637046734,44.71871663163559,-0.0002664757639916801,179.9285316090137,62.101019867221375,179.92837195729916,156.80816667658002,0.026869345407744407,65.45191816339961,70.2947784389397
35.47000000000151,3124.4271022925072,44.30234938671833,-0.00027515755261753,179.92764089356044,61.76457869591143,179.92747920946874,157.22937327590543,0.027617188877838095,65.47381063287376,70.29337500921443
35.48000000000151,3125.2261708231276,43.88512112498231,-0.0002840601904971002,179.9267477313791,61.42868701273163,179.92658403160397,157.6497704483089,0.028376692043960226,65.4960837997899,70.29196871212551
35.49000000000151,3126.02484580772,43.467032040168505,-0.00029318798102592395,179.92585203723908,61.09335532405177,179.92568633337518,158.0693431236776,0.029147908268420782,65.51873317156873,70.29055954840172
35.500000000001506,3126.823130414313,43.04808237920614,-0.00030254526924078883,179.92495372591608,60.758594125585866,179.9247860239542,158.48807633494715,0.029930891167296567,65.54175419243857,70.28914751895283
35.510000000001504,3127.6210278091257,42.62827244192553,-0.0003121364418555172,179.92405271219246,60.42441390147323,179.92388301200043,158.90595521996568,0.030725694624865747,65.56514224532926,70.28773262486874
35.5200000000015,3128.4185411558587,42.207602580758106,-0.00032196592735293946,179.92314891085772,60.0908251233566,179.92297720564704,159.32296502330524,0.031532372807757926,65.58889265378302,70.28631486741831
35.5300000000015,3129.2156736149864,41.78607320042385,-0.0003320381961335989,179.92224223670866,59.75783824945917,179.9220685124873,159.73909109802048,0.03235098017881972,65.61300068388148,70.28489424804852
35.5400000000015,3130.012428343058,41.36368475760631,-0.00034235776072166806,179.9213326045499,59.42546372365919,179.92115683956047,160.1543189073537,0.03318157151069631,65.63746154618725,70.2834707683832
35.550000000001496,3130.808808492001,40.940437760615254,-0.0003529291760284975,179.9204199291942,59.093711974563014,179.92024209333795,160.56863402638726,0.034024201899128914,65.66227039769937,70.28204443022209
35.560000000001494,3131.6048172084274,40.516332769037305,-0.0003637570396741597,179.91950412546282,58.7625934145769,179.91932417970932,160.98202214364173,0.034878926775969106,65.68742234382097,70.28061523553951
35.57000000000149,3132.4004576329507,40.09137039337453,-0.00037484599236729506,179.91858510818594,58.43211843897715,179.91840300396825,161.39446906262052,0.03574580192191035,65.71291244033839,70.27918318648327
35.58000000000149,3133.1957328995027,39.66555129467135,-0.0003862007183435056,179.91766279220292,58.10229742497958,179.91747847079827,161.8059607033008,0.03662488347893771,65.73873569541036,70.27774828537332
35.59000000000149,3133.9906461346595,39.23887618412982,-0.0003978259458624908,179.9167370923628,57.77314073080823,179.91655048425895,162.21648310357025,0.03751622796249679,65.76488707156605,70.27631053470057
35.60000000000149,3134.785200456972,38.811345822713534,-0.00040972644776405973,179.9158079235246,57.44465869476288,179.91561894777138,162.6260224206099,0.038419892273382786,65.79136148771103,70.27486993712549
35.610000000001484,3135.5793989763024,38.382961020740325,-0.0004219070420831031,179.91487520055776,57.11686163428672,179.9146837641041,163.03456493222302,0.039335933709351234,65.81815382113965,70.27342649547676
35.62000000000148,3136.373244793169,37.95372263746398,-0.00043437259272354953,179.91393883834252,56.78975984503337,179.91374483535873,163.44209703811018,0.04026440997645161,65.84525890955295,70.27198021274988
35.63000000000148,3137.166740998094,37.52363158064515,-0.00044712801019128096,179.9129987517702,56.463363599934446,179.91280206295568,163.84860526109043,0.04120537920008556,65.87267155308089,70.27053109210574
35.64000000000148,3137.959890670964,37.092688806111624,-0.0004601782523859285,179.91205485574386,56.13768314826672,179.91185534761982,164.25407624826883,0.04215889993579133,65.90038651630748,70.26907913686918
35.65000000000148,3138.75269688039,36.66089531730829,-0.0004735283254514182,179.91110706517844,55.81272871472022,179.9109045893659,164.6584967721503,0.043125031179756315,65.92839853029798,70.2676243505273
35.660000000001475,3139.5451626830823,36.22825216483686,-0.00048718328468508397,179.91015529500137,55.4885104984668,179.90994968748421,165.06185373170052,0.0441038323790596,65.95670229462698,70.26616673672818
35.67000000000147,3140.3372911232273,35.7947604459857,-0.0005011482355051182,179.90919946015282,55.165038672229535,179.90899054052593,165.46413415335343,0.045095363441646885,65.98529247940591,70.26470629927906
35.68000000000147,3141.1290852318757,35.36042130424988,-0.0005154283344760798,179.9082394755863,54.842323381353346,179.90802704628874,165.865325191966,0.046099684746039614,66.01416372730927,70.26324304214491
35.69000000000147,3141.9205480263367,34.92523592884174,-0.0005300287903921326,179.90727525626897,54.520374742877095,179.90705910180205,166.26541413172092,0.04711685715078114,66.04331065559806,70.26177696944667
35.70000000000147,3142.711682509582,34.48920555419213,-0.0005449548654176388,179.90630671718216,54.199202844606845,179.90608660331245,166.66438838697647,0.048146942003622115,66.07272785813974,70.26030808545958
35.710000000001465,3143.5024916696557,34.052331459442726,-0.0005602118762846891,179.90533377332176,53.87881774419134,179.90510944626894,167.0622355030654,0.049190001150447776,66.1024099074231,70.25883639461159
35.72000000000146,3144.2929784790963,33.614614967929356,-0.0005758051955471058,179.90435633969872,53.55922946819945,179.90412752530827,167.45894315704197,0.05024609694395008,66.13235135656737,70.2573619014814
35.73000000000146,3145.0831458943644,33.176057446656905,-0.0005917402528904095,179.90337433133945,53.24044801119951,179.9031407342401,167.85449915837827,0.051315292252047374,66.16254674132429,70.25588461079693
35.74000000000146,3145.8729968552816,32.736660305765795,-0.0006080225364972013,179.9023876632863,52.92248333484182,179.90214896603229,168.24889144961037,0.052397650466054484,66.19299058207216,70.25440452743331
35.75000000000146,3146.6625342844773,32.29642499799041,-0.000624657594467373,179.90139625059817,52.605345366943126,179.90115211279584,168.64210810693405,0.053493235508606664,66.22367738580064,70.25292165641127
35.760000000001455,3147.451761086845,31.85535301810964,-0.0006416510362925086,179.90040000835074,52.28904400057463,179.90015006577025,169.03413734075178,0.05460211184134027,66.25460164808565,70.25143600289508
35.77000000000145,3148.2406801490106,31.41344590238989,-0.0006590085343838151,179.89939885163713,51.97358909315315,179.89914271530841,169.42496749617058,0.055724344472333785,66.28575785505281,70.24994757219076
35.78000000000145,3149.0292943388054,30.97070522802067,-0.0006767358256528743,179.89839269556828,51.65899046553525,179.89812995086174,169.81458705345156,0.05685999896331221,66.3171404853289,70.24845636974428
35.79000000000145,3149.8176065047537,30.527132612543145,-0.0006948387131444744,179.89738145527355,51.34525790111564,179.8971116609651,170.2029846284121,0.05800914143661882,66.34874401198019,70.24696240113938
35.80000000000145,3150.6056194755697,30.082729713271817,-0.0007133230677207439,179.89636504590098,51.032401144929004,179.89608773322186,170.59014897278092,0.059171838581957625,66.38056290443646,70.2454656720959
35.810000000001445,3151.393336059661,29.637498226709635,-0.000732194829795781,179.89534338261814,50.720429902756344,179.89505805428868,170.97606897450706,0.060348157662910226,66.41259163040012,70.24396618846758
35.82000000000144,3152.1807590446488,29.191439887956783,-0.0007514600111199343,179.89431638061222,50.409353840235426,179.8940225098607,171.36073365802284,0.06153816652323122,66.44482465773923,70.24246395624017
35.83000000000144,3152.9678911968913,28.7445564701134,-0.000771124696612864,179.8932839550908,50.099182581975846,179.89298098465596,171.74413218446222,0.06274193359292565,66.47725645636363,70.24095898152945
35.84000000000144,3153.7547352610245,28.29684978367651,-0.0007911950462444806,179.8922460212821,49.78992571067923,179.89193336240075,172.12625385183492,0.0639595278941127,66.50988150008334,70.23945127057902
35.85000000000144,3154.54129395951,27.848321675931384,-0.0008116772969628327,179.89120249443567,49.48159276626402,179.89087952581397,172.50708809515686,0.06519101904667998,66.54269426844812,70.23794082975849
35.860000000001435,3155.327569992193,27.398974030337676,-0.0008325777646679862,179.89015328982276,49.17419324499604,179.88981935659226,172.88662448653812,0.06643647727373199,66.57568924856763,70.23642766556115
35.87000000000143,3156.113566035875,26.948808765910503,-0.0008539028462309127,179.88909832273674,48.86773659862426,179.88875273539455,173.2648527352288,0.06769597340683756,66.60886093691133,70.23491178460209
35.88000000000143,3156.8992847438954,26.4978278365968,-0.0008756590215563833,179.88803750849362,48.56223223352244,179.88767954182683,173.64176268762387,0.06896957889108045,66.64220384108705,70.23339319361592
35.89000000000143,3157.684728745723,26.04603323064721,-0.0008978528556888342,179.8869707624325,48.25768950983689,179.88659965442687,174.01734432722756,0.07025736578991745,66.67571248159767,70.23187189945476
35.90000000000143,3158.469900646562,25.593426969983746,-0.000920491000960159,179.88589799991595,47.95411774064009,179.88551295064903,174.39158777457817,0.07155940678984851,66.7093813935753,70.23034790908602
35.910000000001425,3159.254803026967,25.140011109563506,-0.0009435801991783545,179.88481913633038,47.651526191091165,179.88441930684866,174.76448328713428,0.0728757752049035,66.74320512849177,70.22882122959032
35.92000000000142,3160.03943844247,24.685787736738735,-0.0009671272838559326,179.88373408708665,47.349924077602665,179.883318598267,175.136021259123,0.07420654498095011,66.77717825584537,70.22729186815928
35.93000000000142,3160.823809423222,24.23075897061346,-0.0009911391824769882,179.88264276762018,47.0493205670145,179.88221069901564,175.50619222135126,0.07555179069982809,66.81129536482237,70.22575983209329
35.94000000000142,3161.6079184736404,23.774926961396986,-0.0010156229188018062,179.8815450933915,46.7497247757748,179.88109548206123,175.87498684098074,0.07691158758331365,66.84555106593339,70.22422512879946
35.95000000000142,3162.3917680720747,23.318293889754518,-0.0010405856152078678,179.88044097988654,46.451145769128125,179.8799728192099,176.24239592126787,0.07828601149691992,66.87993999262355,70.22268776578923
35.960000000001415,3163.1753606704788,22.86086196615518,-0.0010660344950661016,179.87933034261692,46.15359256031119,179.8788425810922,176.60841040126886,0.07967513895353763,66.91445680285598,70.22114775067635
35.97000000000141,3163.9586986940976,22.402633430217683,-0.0010919768851512237,179.8782130971203,45.8570741097564,179.87770463714713,176.97302135551155,0.08107904711692114,66.94909618066805,70.21960509117447
35.98000000000141,3164.741784541167,21.943610550053922,-0.001118420218084989,179.87708915896044,45.56159932430324,179.8765588556072,177.3362199936345,0.08249781380502505,66.98385283769971,70.21805979509513
35.99000000000141,3165.524620582622,21.483795621610756,-0.0011453720348111698,179.87595844372782,45.26717705641789,179.87540510348262,177.69799765999412,0.08393151749319615,67.01872151469351,70.2165118703453
36.00000000000141,3166.307209161821,21.023190968010226,-0.0011728399871010734,179.87482086703935,44.97381610342104,179.8742432465461,178.05834583324102,0.08538023731722606,67.05369698296575,70.21496132492533
36.010000000001405,3167.0895525942788,20.561798938888504,-0.0012008318400883971,179.87367634453886,44.68152520672456,179.87307314931707,178.41725612586632,0.08684405307626931,67.08877404584833,70.21340816692654
36.0200000000014,3167.8716531674136,20.0996219097338,-0.0012293554748322184,179.87252479189718,44.39031305107652,179.87189467504646,178.77472028371866,0.08832304523563278,67.12394754010076,70.21185240452917
36.0300000000014,3168.6535131403057,19.63666228122348,-0.0012584188909069104,179.87136612481203,44.10018826381539,179.87070768570115,179.13073018549326,0.08981729492944085,67.15921233729195,70.2102940459999
36.0400000000014,3169.4351347434686,19.172922478560707,-0.0012880302090177696,179.8702002590082,43.81115941413346,179.86951204194835,179.48527784219334,0.09132688396318225,67.19456334515141,70.20873309968978
36.0500000000014,3170.2165201786306,18.708404950810788,-0.0013181976736411434,179.8690271102374,43.52323501234936,179.86830760314024,179.83835539656505,0.0928518948161438,67.2299955088894,70.20716957403188
36.060000000001395,3170.9976716185315,18.243112170237524,-0.001348929655687841,179.86784659427835,43.236423509190026,179.86709422729848,-179.81004487749283,0.09439241064373576,67.26550381248596,70.2056034775391
36.07000000000139,3171.778591206728,17.7770466316398,-0.0013802346551886114,179.86665862693644,42.950733295082635,179.86587177109863,-179.45993057554432,0.09594851527971528,67.30108327994796,70.2040348188018
36.08000000000139,3172.5592810574135,17.310210851688677,-0.001412121304000477,179.8654631240437,42.6661726994562,179.86464008985476,-179.11130916325533,0.09752029323831234,67.33672897653446,70.20246360648574
36.09000000000139,3173.33974325525,16.842607368265202,-0.0014445983685327085,179.8642600014584,42.38274999005303,179.86339903750388,-178.7641879770556,0.09910782971626414,67.37243600994987,70.20088984932957
36.10000000000139,3174.119979855211,16.374238739799214,-0.0014776747524912345,179.86304917506484,42.1004733722508,179.8621484665906,-178.4185742248228,0.10071121059476362,67.4081995315044,70.19931355614281
36.110000000001385,3174.8999928824364,15.905107544609345,-0.001511359499640284,179.8618305607729,41.81935098839446,179.8608882282515,-178.07447498658806,0.10233052244132683,67.44401473724216,70.19773473580352
36.12000000000138,3175.679784332099,15.43521638024451,-0.0015456617965800626,179.86060407451743,41.539390917138995,179.8596181721997,-177.7318972152614,0.10396585251158533,67.47987686903627,70.19615339725601
36.13000000000138,3176.4593561692864,14.964567862827062,-0.001580590975539268,179.8593696322579,41.260601172802694,179.85833814670963,-177.39084773737713,0.10561728875100923,67.51578121565092,70.1945695495087
36.14000000000138,3177.238710328889,14.493164626397881,-0.001616156517181269,179.8581271499778,40.98298970473132,179.8570479986013,-177.05133325385762,0.10728491979656586,67.55172311377022,70.19298320163179
36.15000000000138,3178.017848715504,14.021009322263609,-0.0016523680534227686,179.85687654368357,40.706564396673066,179.8557475732251,-176.71336034079508,0.10896883497831987,67.58769794899409,70.19139436275513
36.160000000001375,3178.7967732033517,13.548104618346262,-0.0016892353702637843,179.85561772940414,40.43133306616468,179.85443671444622,-176.37693545025022,0.11066912432098068,67.62370115680038,70.18980304206595
36.17000000000137,3179.5754856361987,13.074453198535437,-0.001726768410627798,179.85435062318993,40.15730346392888,179.85311526462954,-176.0420649110672,0.11238587854540237,67.6597282234739,70.18820924880667
36.18000000000137,3180.3539878272977,12.600057762043331,-0.001764977277210927,179.85307514111173,39.88448327328305,179.85178306462393,-175.7087549297038,0.11411918907004208,67.69577468700167,70.18661299227266
36.19000000000137,3181.132281559337,12.124921022762793,-0.0018038722353389879,179.85179119925962,39.612880109559285,179.85043995374716,-175.3770115910765,0.1158691480123818,67.73183613793512,70.18501428181018
36.20000000000137,3181.9103685844007,11.649045708628602,-0.0018434637158313365,179.85049871374196,39.342501519536235,179.84908576977048,-175.04684085941898,0.11763584819032026,67.76790822021836,70.18341312681405
36.210000000001365,3182.688250623941,11.172434560982204,-0.0018837623178703826,179.84919760068368,39.07335498088252,179.8477203489034,-174.71824857915394,0.11941938312353935,67.80398663198328,70.18180953672557
36.22000000000136,3183.4659293687614,10.695090333940076,-0.0019247788118756867,179.84788777622518,38.80544790161211,179.84634352577837,-174.39124047577695,0.12121984703485145,67.84006712631124,70.18020352103032
36.23000000000136,3184.2434064790123,10.217015793765952,-0.0019665241423815726,179.84656915652056,38.53878761955126,179.84495513343546,-174.06582215675206,0.12303733485153324,67.87614551196131,70.17859508925613
36.24000000000136,3185.0206835841955,9.738213718247076,-0.0020090094309171977,179.84524165773598,38.27338140181798,179.8435550033074,-173.74199911241806,0.1248719422066509,67.91221765406547,70.17698425097076
36.25000000000136,3185.7977622831813,9.258686896074677,-0.0020522459788880395,179.84390519604779,38.00923644431319,179.84214296520412,-173.41977671690455,0.1267237654403833,67.94827947479054,70.17537101578
36.260000000001355,3186.574644144236,8.778438126228867,-0.0020962452704577856,179.8425596876407,37.74635987122425,179.84071884729775,-173.09916022905796,0.12859290160134815,67.98432695396718,70.17375539332538
36.27000000000135,3187.35133070506,8.29747021736813,-0.0021410189754296188,179.8412050487054,37.48475873454077,179.83928247610763,-172.78015479337537,0.13047944844793638,68.02035612968625,70.17213739328226
36.28000000000135,3188.1278234728343,7.815785987223569,-0.002186578952125918,179.8398411954367,37.22444001358281,179.83783367648493,-172.46276544094718,0.1323835044496615,68.05636309886226,70.1705170253576
36.29000000000135,3188.9041239242842,7.333388261998107,-0.002232937250265412,179.83846804403063,36.965410614541334,179.83637227159795,-172.14699709040622,0.13430516878852783,68.09234401776465,70.16889429928801
36.30000000000135,3189.680233505744,6.850279875770791,-0.0022801061138368445,179.83708551068244,36.70767737003142,179.8348980829169,-171.83285454888403,0.136244541360425,68.12829510251663,70.16726922483774
36.310000000001345,3190.456153633239,6.3664636699063575,-0.0023280979839682323,179.83569351158337,36.45124703865787,179.83341093019894,-171.52034251297283,0.13820172277655238,68.16421262956231,70.16564181179658
36.32000000000134,3191.2318856925745,5.881942492470242,-0.0023769255017908127,179.83429196291806,36.196126304593406,179.8319106314735,-171.20946556969304,0.14017681436488036,68.20009293610183,70.16401206997786
36.33000000000134,3192.0074310394352,5.396719197649154,-0.0024266015112968083,179.83288078086142,35.94232177716973,179.83039700302714,-170.90022819746522,0.1421699181716531,68.23593242049519,70.1623800092166
36.34000000000134,3192.782790999495,4.910796645177388,-0.0024771390621901542,179.83145988157534,35.68983999048103,179.8288698593889,-170.59263476708634,0.14418113696293905,68.27172754263493,70.16074563936738
36.35000000000134,3193.557966868534,4.4241776997690065,-0.002528551412729355,179.83002918120533,35.43868740300054,179.82732901331542,-170.28668954270955,0.1462105742262333,68.30747482428788,70.15910897030253
36.360000000001335,3194.3329599125695,3.936865230556025,-0.00258085203256167,179.8285885958769,35.188870397209584,179.82577427577627,-169.98239668282682,0.1482583341721189,68.3431708494063,70.15747001191008
36.37000000000133,3195.1077713679906,3.4488621105327506,-0.0026340546055478365,179.82713804169174,34.940395279239695,179.82420545593925,-169.67976024125403,0.15032452173599098,68.37881226440913,70.15582877409209
36.38000000000133,3195.882402441706,2.9601712160063838,-0.002688173032576582,179.8256774347237,34.69326827852742,179.82262236115574,-169.37878416811785,0.15240924257984986,68.41439577843296,70.15418526676243
36.39000000000133,3196.6568543112994,2.470795426054018,-0.002743221434368184,179.8242066910146,34.44749554748211,179.82102479694618,-169.0794723108439,0.1545126030941682,68.44991816355382,70.15253949984526
36.40000000000133,3197.431128125195,1.980737621986151,-0.002799214154266375,179.8227257265699,34.20308316116643,179.81941256698545,-168.78182841514595,0.15663471039983784,68.48537625497974,70.15089148327299
36.410000000001325,3198.2052250028273,1.4900006868168212,-0.002856165761017907,179.82123445735388,33.96003711699,179.8177854730884,-168.48585612601502,0.1587756723502008,68.52076695121455,70.14924122698454
36.42000000000132,3198.979146034826,0.9985875047404813,-0.0029140910515391247,179.819732799285,33.71836333441561,179.8161433151956,-168.19155898870855,0.16093559753317038,68.5560872141935,70.1475887409235
36.43000000000132,3199.752892283203,0.5065009606157049,-0.0029730050536689056,179.8182206682306,33.478067654678554,179.81448589135871,-167.8989404497389,0.1631145952734473,68.59133406939081,70.14593403503646
36.44000000000132,3200.52646478155,0.0137439394558308,-0.003032923028907378,179.8166979800018,33.23915584051885,179.81281299772633,-167.60800385786052,0.1653127756348355,68.62650460589988,70.14427711927114
36.45000000000132,3201.299864535247,-0.4796806740733648,-0.00309386047513983,179.8151646503478,33.001633575926164,179.81112442852978,-167.31875246505598,0.16753024942266387,68.66159597648644,70.14261800357477
36.460000000001315,3202.073092517973,-0.9737700031904177,-0.003155833045248915,179.8136205949502,32.76550646589773,179.8094199760687,-167.0311894275194,0.16976712818631776,68.69660539761493,70.14257172847928
